image,label,score,x1,y1,x2,y2,gemini_3_single_q1,gemini_3_single_q2,gemini_3_single_q3,gemini_3_couple_q1,gemini_3_couple_q2,gemini_3_couple_q3,gemini_3_group_q1,gemini_3_group_q2,gemini_3_group_q3
image_2_jpg.rf.8df448081dde58fa8af07a416bdd84b3.jpg,hairdryer,0.1266508996486663,82.90086364746094,68.41072082519531,532.421875,613.5489501953125,The handle appears to have a hinge; does it fold up compactly to save space on a small bathroom counter?,Is this compact dryer powerful enough to dry my hair quickly before I head out for the day?,"Looking at the cord bundle, is the cable long enough to reach from the outlet to the mirror comfortably?","Since the motor housing looks quite small, is it quiet enough to use without waking my partner in the morning?",Does this dryer have adjustable heat settings to accommodate different hair types for both of us?,"Is it sturdy enough to help us style our hair for a nice dinner, or is it just for basic drying?",Will this small unit overheat if three or four family members need to use it back-to-back?,Is the airflow strong enough to get the whole group ready quickly during the morning rush?,"The body looks lightweight, but does the plastic casing stay cool enough for children to handle safely?"
image_213_jpg.rf.7f391b31c32428bb89678b1648b2fe93.jpg,hairdryer,0.1107390150427818,9.37875747680664,78.19174194335938,646.2325439453125,518.2324829101562,"I see this is an ""ionity"" model; does that feature actually help reduce frizz so I don't need to pack my own styling tools?","Since the handle folds up and it looks travel-sized, is the ""Turbo"" setting powerful enough to dry thick hair quickly?",Is this Panasonic dryer lightweight enough to hold comfortably for a full styling session without my arm getting tired?,"Since we often get ready at different times, is the noise level on the lower ""Set"" mode quiet enough to not wake my partner?",We have very different hair types; do the visible heat settings allow enough control for both delicate and thick hair?,"With two of us needing to use the bathroom, does the cord look long enough to step out and use the dryer near the bedroom mirror?","If our whole family needs to get ready in the morning, does this compact unit overheat when used back-to-back for multiple people?","Is the ""Cold"" shot setting shown on the handle effective enough to cool the dryer down quickly so we can pack it up safely before checking out?","Looking at the cord bundled in the basket, is it long enough to reach a chair or low stool so I can easily dry my child's hair?"
image_3_jpg.rf.b0aa366ebbf555c57aa9d25b11c62508.jpg,hairdryer,0.4496848285198211,78.98811340332031,9.918651580810549,591.8076171875,632.7880859375,I see a seam on the handle; does this dryer fold up so I can easily tuck it away in a drawer and maximize my counter space?,"Since I have a tight schedule, does the ""Turbo"" setting shown on the handle provide enough power to dry my hair quickly?",Is that clear plastic nozzle removable or adjustable for when I need to style my hair precisely?,"Is the ""Normal"" setting quiet enough that I can dry my hair in the morning without waking my partner sleeping in the next room?",Does the cord attached to the hanging loop extend far enough to let me dry my hair near the bedroom mirror while my partner uses the bathroom?,"With the ""Turbo"" mode available, is this dryer efficient enough to get both of us ready for a dinner reservation without overheating?","With a whole family needing to get ready, is this dryer heavy-duty enough to handle back-to-back use without shutting off?",Does the plastic concentrator nozzle at the front get dangerously hot to the touch after multiple people have used it?,Is the drying speed on this compact unit fast enough to keep the bathroom line moving when we have kids with wet hair?
image_113_jpg.rf.8fe60c21b8e1d39aeac00c7caf2ec323.jpg,hairdryer,0.3518679440021515,366.5673522949219,175.99684143066406,576.7930297851562,643.19140625,Is this Salonia dryer powerful enough to dry my hair quickly so I don't waste my limited time getting ready?,"Does the handle fold down as it appears to, allowing me to stash it in a drawer to keep the small vanity clutter-free?",Is that beige storage bag included so I can keep the cord organized and out of the way when I'm not using it?,Is the motor on this compact model quiet enough that I can style my hair without waking my partner in the morning?,Does the sliding switch offer multiple heat settings so we can both adjust it to suit our different hair types?,Is the cord long enough to reach a mirror outside the bathroom so one of us can dry our hair while the other showers?,"Can we use the loop on the cord base to hang the dryer up on a hook, saving precious counter space for everyone's toiletries?",Is this smaller unit robust enough to handle back-to-back use by four people without overheating and shutting off?,Is the matte finish easy to grip and cool to the touch so it is safe for the kids to use on their own?
image_120_jpg.rf.e4b2ddad1fc0c6291c75e29b800c7cb2.jpg,hairdryer,0.2015177458524704,40.22274017333984,7.414264678955078,557.0294189453125,638.7670288085938,"Is this GOCART model powerful enough to dry thick hair quickly, or should I save space in my suitcase and rely on it?",The coiled cord looks quite tight in the photo; does it stretch far enough to comfortably reach the mirror while I'm styling?,"Since it's a fixed wall-mounted unit, does it have adjustable heat settings, or is it just a?","Is this wall-mounted dryer very loud when running, or can I use it early in the morning without waking my partner?","Since the base is mounted right next to the outlets, does it take up valuable counter space where we both need to put our toiletries?",We have dinner reservations to catch—is the wattage on this small unit high enough to dry hair efficiently so we aren't late?,"With a family of four needing to get ready, does this unit tend to overheat and shut off if used back-to-back?","Is the coiled cord long enough to dry a child's hair if they are standing next to me, or do they have to stand directly under the wall mount?","The plastic casing looks lightweight; is it durable enough to handle heavy use by teenagers, or does it feel flimsy?"
image_187_jpg.rf.0f544c0522e09095abbde905d8d987e0.jpg,hairdryer,0.1964432150125503,18.78276824951172,53.331031799316406,643.475830078125,636.804931640625,"Since the body shows ""2400W,"" is this dryer powerful enough to dry thick hair quickly before I head out for meetings?",It looks like a full-sized professional model; is it too heavy or bulky to maneuver easily for a solo styling session?,"Do the separate switches on the handle allow for a ""cool shot"" to set my style, or is it always hot air?","With those multiple control switches, does it offer enough heat and speed variety to suit two people with very different hair types?",Is the cord reinforced at the base long enough so one of us can dry our hair while the other still uses the bathroom sink?,"Since it's a high-power unit, is it loud enough to wake up my partner if I'm getting ready early in the morning?","If four of us need to get ready back-to-back, does the body get too hot to handle or overheat after prolonged use?",Is that hanging loop at the base sturdy enough to keep the dryer off the counter and out of the way when the bathroom is crowded?,"Does the concentrator nozzle stay significantly cool, or is it a burn risk for children if they accidentally touch it?"
image_208_jpg.rf.7f5f7997086cc940882df9a3c38c9c8e.jpg,hairdryer,0.1264452934265136,43.50858688354492,153.9801025390625,477.8877258300781,638.2564697265625,Is the airflow strong enough to dry thick hair quickly despite the dryer's compact wall-mounted size?,Can I use those USB ports on the base unit to charge my phone while I'm getting ready?,Does the coiled cord stretch far enough to let me stand comfortably in front of the mirror?,Is the motor quiet enough that I won't wake my partner if I need to dry my hair early in the morning?,"Since the text mentions voltage safety, does that base unit allow us to plug in our own straightener or curling iron?",Is the drying speed fast enough so we aren't waiting on each other to finish getting ready for dinner?,"With four of us showering back-to-back, does this unit tend to overheat and shut off after prolonged use?",Does the dryer have lower heat settings that are gentle enough for drying young children's hair?,Is the wall mount sturdy enough to handle frequent handling by the whole family throughout the trip?
image_223_jpg.rf.a8468978715313d3034110ecfe3a71be.jpg,hairdryer,0.2926410436630249,104.02711486816406,27.13644027709961,545.8306884765625,638.8361206054688,"Since this is a 2000W dryer, is it powerful enough that I can leave my own hairdryer at home to save space in my carry-on?","Is the coiled cord long enough for me to stand comfortably in front of the mirror, or will I be tethered tightly to the wall mount?","Does the ""Ion"" technology listed on the side actually help with styling, or is this just a basic dryer that might leave my hair frizzy?",Is this wall-mounted unit quiet enough to use early in the morning without waking up my partner sleeping in the next room?,Does the 2000W power allow for very fast drying so we don't hold each other up when getting ready for dinner?,"Since it's mounted to the wall, does it take up a lot of elbow room if we are both trying to use the vanity at the same time?",Will this dryer overheat or shut off automatically if we use it back-to-back to dry the whole family's hair after swimming?,Does the coiled cord stretch far enough to safely dry a child's hair if they aren't tall enough to stand right next to the wall unit?,Is the airflow strong enough to quickly handle multiple people with long hair so we aren't late for our group excursions?
image_182_jpg.rf.3f7a9330c603e926eb91fc8e48ca1fa6.jpg,hairdryer,0.2220486998558044,7.472438812255859,126.13531494140624,632.6736450195312,581.0186157226562,"Since it's labeled ""Pocket dry,"" is the airflow strong enough to dry my hair quickly, or should I bring my own full-sized dryer?","Is the folding handle mechanism sturdy when locked in place, or does it feel flimsy while trying to style hair?",The unit looks very compact; does it offer multiple heat settings or just a?,Is this travel-sized dryer quiet enough to use in the bathroom without waking up my partner sleeping in the main room?,"With the cord wrapped tightly like that, does it extend long enough for one person to dry their hair while the other uses the sink?","Since we both need to get ready for dinner, is this small model powerful enough to cut down drying time so we aren't waiting on each other?",Will this compact dryer overheat or automatically shut off if three or four family members use it back-to-back?,Is the plastic body durable enough to handle being passed around between kids and adults during the morning rush?,"Given it's a ""Pocket"" version, is it practical for a family with long hair, or will getting everyone ready take too long?"
image_121_jpg.rf.c97725f3cda2e24d214b1299a23e3ba6.jpg,hairdryer,0.35145103931427,78.37478637695312,58.93199920654297,549.39111328125,638.6539916992188,"Since this looks like a smaller travel-sized dryer, does it have enough power to dry thick hair quickly, or should I pack my own full-sized one?",I see two buttons on the handle; does this model offer adjustable heat settings so I don't damage my hair while styling?,"Is that matte finish easy to grip, or does the dryer feel heavy to hold if I'm taking my time getting ready?",Is the cord bundled in the basket long enough for us to move around if we are trying to share the mirror space while getting ready?,Does this modern-looking dryer operate quietly so I won't wake my partner if I need to use it early in the morning?,"If we both need to use it back-to-back before a night out, does the unit get too hot to handle or overheat?","With a family of four needing to dry off after swimming, can this compact unit run for 30 minutes straight without shutting down?","Since it is stored in a fabric basket, does the nozzle cool down fast enough for us to pack it away safely after everyone is done?",Do the controls allow for a low-heat or gentle setting that is safe to use on my children's sensitive scalps?
image_212_jpg.rf.513d3d8d3c589989790f5bd712037b9e.jpg,hairdryer,0.1061221286654472,27.05760955810547,32.38670349121094,628.3426513671875,640.2198486328125,"Is the blue dryer powerful enough for a quick morning routine, or is it a low-wattage travel model that takes forever?",Does the room actually include the styling wand shown on the left so I can save luggage space by leaving mine at home?,Is the hairdryer lightweight and easy to handle for someone styling their own hair without assistance?,Is that modern-looking hairdryer quiet enough to use in the morning without waking my partner sleeping in the same room?,"Since there are two hair tools provided, are there enough outlets near the mirror for us to get ready for dinner at the same time?",Does the curling iron on the left heat up quickly so we don't waste time waiting around before our date night?,Is the hairdryer durable enough to handle drying hair for three or four people back-to-back without overheating?,How long are the cords on these devices—do they reach far enough to dry a child's hair if they aren't standing right at the sink?,"With a crowded bathroom, is there a heat-resistant pouch or mat provided to safely set down the hot curling iron?"
image_212_jpg.rf.513d3d8d3c589989790f5bd712037b9e.jpg,hairdryer,0.2478472739458084,280.10028076171875,103.83689880371094,630.3875732421875,621.4309692382812,Does the handle fold at the visible hinge point to save counter space on the vanity?,Is this a high-velocity style dryer that will dry my hair significantly faster than standard hotel wall units?,"Since I see a curling iron next to it, is this provided as a complete styling set for guests?","Is this modern ""hammer-style"" dryer quieter than older models so I won't wake my partner while getting ready?",Is the cord reinforced at the base long enough to reach a mirror if two people are trying to use the bathroom at once?,Does the dryer offer variable heat settings on that handle switch to accommodate different hair types for both of us?,Is the mesh intake on the back safe enough to prevent children's long hair from getting sucked into the motor?,Is this dryer durable enough to handle back-to-back use for a whole family without overheating?,Is the body of the dryer compact enough for kids to hold and use easily on their own?
image_81_jpg.rf.96b8fcb55da1561f40269a4587f5fad4.jpg,hairdryer,0.1145657300949096,29.609642028808597,82.99999237060547,609.0653076171875,646.8658447265625,"Since this is a compact wall-mounted unit, is the airflow strong enough to dry thick hair quickly, or should I pack my own travel dryer?","I see a socket on the mount; can I use that to charge my phone or toothbrush, or is the voltage strictly limited to shavers?","Does the handle have a ""hold-to-run"" button that I have to keep pressed the entire time, or does it stay on by itself?",Is the motor quiet enough that I can dry my hair without waking my partner if they are sleeping in the adjoining room?,Does the coiled cord stretch far enough to let me stand in front of the mirror while my partner uses the sink?,Can the integrated shaver socket be used simultaneously while the hairdryer is running so we can both get ready at once?,"If three or four of us use this back-to-back, does the unit tend to overheat and automatically shut off?","Is the nozzle area safe and cool to the touch after use, so I don't have to worry about the kids burning themselves?","Is this ""Dolphy"" model powerful enough to handle drying hair for a whole family quickly, or will we be waiting on the bathroom for hours?"
image_180_jpg.rf.f203059aebd70a3d03b0a78518772eed.jpg,hairdryer,0.1291121244430542,88.29063415527344,219.1285400390625,561.5563354492188,419.0301513671875,"Is this compact Linka dryer powerful enough to dry my hair quickly, or should I save space in my suitcase and leave my full-sized one at home?","Does the concentrator nozzle stay firmly attached during styling, or does it tend to fall off when the dryer gets hot?",Is the cord long enough to reach the mirror easily once I unwrap it from the body?,Is the motor quiet enough that I can dry my hair without waking my partner if we have different morning schedules?,"Since the dryer folds up so small, does it have variable heat settings that will work for both of our different hair types?",Does the unit cool down quickly so we can put it back in the velvet pouch immediately before checking out?,Can this small dryer handle being used by multiple people back-to-back without overheating and shutting off automatically?,Is the folding hinge sturdy enough to withstand being opened and closed by kids and adults multiple times a day?,Is the drawstring bag large enough to easily stuff the dryer and cord back in to keep the bathroom counter clutter-free for the whole family?
image_24_jpg.rf.32f4a380b1ea6a5e5578cd59b7bcacbf.jpg,hairdryer,0.1013985872268676,346.9708557128906,336.51202392578125,627.1022338867188,640.426025390625,"Since this Clatronic dryer looks quite compact, is it powerful enough to dry thick hair quickly before a business meeting?","Does this small model offer different heat settings, or is it just a standard on/off switch?","The cord is visible, but is it long enough to reach the mirror comfortably if the outlet is far away?",Is this hairdryer quiet enough to use in the bathroom without waking my partner sleeping in the main room?,"Since it looks like a smaller travel unit, will it overheat if we both need to use it back-to-back before dinner?",Does the dryer put out enough airflow to dry hair fast so we aren't fighting for bathroom time?,Can this small hairdryer handle the demand of a family of four using it consecutively without shutting down?,"Is the exterior of the dryer safe and cool to the touch, or does the plastic barrel get hot enough to burn a child's hand?","Given the small size, will it take too long to dry everyone's hair after a trip to the hotel pool?"
image_66_jpg.rf.af050c556c5cd20d9219cdc2b457eca1.jpg,hairdryer,0.1574482172727584,56.8543815612793,41.04860305786133,520.214111328125,635.8487548828125,"Since this TIMCO dryer is wall-mounted, is the cord long enough for me to stand comfortably in front of the mirror while styling my hair?","Does this compact unit actually have enough power to dry thick hair quickly, or should I plan to pack my own travel dryer to save time?","looking at the switch on the handle, does this model offer variable heat settings or just a?",Is this older-style wall unit quiet enough to use in the morning without waking my partner sleeping in the adjacent room?,Does the dryer tend to overheat or shut off if we use it back-to-back when we are both trying to get ready for dinner?,"Since the dryer is fixed to the wall, is it positioned in a spot where one person can dry their hair while the other uses the sink?","With a family of four needing to get ready, is the airflow on this small model strong enough to get everyone dried and out the door quickly?",Is the wall mount installed at a height that is accessible for older children to use safely on their own?,Does the plastic casing get dangerously hot to the touch after prolonged use by multiple family members?
image_17_jpg.rf.b673ad741572ab3396f75b58362cdd14.jpg,hairdryer,0.4457606673240661,81.87567138671875,6.897239685058594,591.38134765625,631.85888671875,Does the concentrator nozzle shown on the front stay securely attached for precise styling?,"Looking at the switches on the handle, does this model offer a ""cool shot"" setting or just high heat?",Is the unit lightweight enough to hold comfortably for a full blow-dry session without arm fatigue?,"Does the ""Turbo"" setting labeled on the handle dry hair fast enough so we aren't fighting over bathroom time?","Since there is a hanging loop on the cord base, is there a hook in the bathroom to keep the counter clear for both our toiletries?",Is the motor quiet enough that I can use it early in the morning without waking up my partner?,Will this dryer overheat or automatically shut off if three or four family members use it back-to-back?,Is the rear mesh grill fine enough to prevent long hair from getting sucked into the motor?,Does the cord look long enough to reach comfortably if I'm drying a child's hair away from the outlet?
image_210_jpg.rf.53404c2712d1be8c2f6dccd8974d4639.jpg,hairdryer,0.1040564477443695,7.405128479003906,320.3544616699219,564.0821533203125,640.6688232421875,"Since I'm trying to pack light, is this Philips dryer powerful enough that I can leave my own at home?",The cord looks wrapped pretty tight around the handle; is the wiring still in good shape without any shorts?,Does that pink concentrator nozzle come off easily so I can dry my hair faster when I'm in a rush?,My partner has thick hair; does this model have multiple heat settings to dry hair quickly so we aren't late for dinner?,"Seeing the laundry detergent next to it, is this stored in a utility area or actually in the bathroom where we can use the mirror?",Is the cord long enough for one of us to move around comfortably if the other person is using the sink?,We have four people needing to get ready; does this dryer have a cool-down feature or will it overheat after multiple uses?,"Is this the only hairdryer provided for the whole accommodation, or are there others since this one isn't wall-mounted?",The nozzle looks like standard plastic; does the outside stay cool enough that it's safe for my kids to use unsupervised?
image_27_jpg.rf.f8c616f9bad5a0fbc302976a32b6bae8.jpg,hairdryer,0.4043797254562378,71.12432861328125,103.80722045898438,504.8543701171875,636.9561157226562,"Since this looks like a compact premium dryer, is it powerful enough that I can leave my bulky one at home to save luggage space?",Are the heat controls on that sleek handle easy to adjust with one hand while I'm styling my hair?,"Does the dryer feel lightweight to hold for a long session, or is it heavier than it looks?",This looks like a high-end ReFa model; does it provide a salon-quality finish for our dinner dates?,Does the clear stand keep the dryer neatly out of the way so we have enough counter space for both our toiletries?,Is the motor quiet enough that I can dry my hair early in the morning without waking my partner?,Is the airflow strong enough to dry hair quickly so we can get the whole family ready and out the door on time?,"Is the cord bundled at the bottom long enough to reach a child sitting on a chair, or do they need to stand right by the outlet?",Is that plastic stand sturdy enough to keep the dryer from getting knocked over if the kids are running around the bathroom?
image_56_jpg.rf.40336d66e18a46f793f1ae1c6dbbd6ca.jpg,hairdryer,0.1232956647872924,43.20644378662109,96.47886657714844,631.7115478515625,478.4485473632813,"I see the switch has a ""TURBO"" setting; is it powerful enough to dry thick hair quickly so I don't waste my vacation time getting ready?",Is the Panasonic handle comfortable to grip and lightweight for a long styling session on my own?,"Does the ""SET"" function work well for precise styling if I want to look my best for solo dining photos?","Since we share the bathroom, is the hairdryer quiet enough on the lower ""SET"" mode to avoid waking my partner up?",It looks like a high-end Panasonic model; does it leave hair smooth and frizz-free for our romantic dinner dates?,"With two of us needing to get ready, does the dryer cool down quickly after use so we can pack it away safely?","Is the ""SET"" or low-heat mode gentle enough to use safely on my young children's fine hair?",Is this dryer heavy-duty enough to run back-to-back for a family of four without overheating or shutting off?,"Given the compact nozzle size, is the airflow wide enough to dry multiple people's hair efficiently?"
image_124_jpg.rf.bc4213e7f09001692f89e708b6f3ae9a.jpg,hairdryer,0.2873489558696747,116.33195495605467,30.33590316772461,427.29400634765625,444.1443481445313,Is this modern-looking black dryer powerful enough to dry my hair quickly before a morning meeting?,"Since the dryer looks quite compact on the towel, is it lightweight enough to hold for a long styling session without arm fatigue?","Does the narrow nozzle attachment stay firmly in place for precise straightening, or does it fall off easily?","With the air intake located on the handle like newer quiet models, is this silent enough to use without waking my partner?",Does this high-end looking dryer have strong enough heat settings so we can both get ready quickly for a dinner reservation?,"That smooth matte finish looks nice, but does it get too hot to the touch after being used by two people back-to-back?","Since the air vent is at the bottom of the handle, is it safe for my kids to use without their long hair getting sucked in?",It looks like a smaller travel-sized unit; will it overheat if our whole family needs to use it one after another?,"I see a ""Hair Brush"" packet next to the dryer; does the hotel stock enough of those amenities for everyone in our group?"
image_197_jpg.rf.b010a4e9c4cf7b558546634e17678d6b.jpg,hairdryer,0.2878447473049164,165.26876831054688,100.70387268066406,633.3292236328125,620.8050537109375,"I see the ""Turbo"" setting on the handle; is this powerful enough to dry thick hair quickly before a morning meeting?","Since this is a Panasonic ""ionity"" model, does it actually reduce frizz so I can get away with not packing my own styling tools?",The nozzle looks quite specific—does it concentrate the airflow well enough for precise styling when I'm getting ready on my own?,"We like to get ready at the same time—is the motor quiet enough on the ""Set"" mode that it won't annoy my partner while they're watching TV?","My partner and I have different hair types; do the variable heat settings like ""Cold"" and ""Turbo"" provide enough versatility for both of us?",Is this dryer robust enough to handle two people using it back-to-back without the device getting too hot to hold?,"With a family of four needing to shower, is this dryer heavy-duty enough to run continuously without overheating or shutting off?","I see a ""Cold"" setting on the switch; is the temperature control reliable enough to safely dry my young children's hair?",We need to get the whole group out the door fast—is the airflow strong enough to significantly cut down the bathroom wait time?
image_127_jpg.rf.86c4f679c51a99dfa01e58959a5439a6.jpg,hairdryer,0.1267069578170776,65.66788482666016,143.0221710205078,333.21539306640625,324.8775634765625,"Since this is a professional GA.MA dryer with ""active oil technology,"" is it high quality enough that I can leave my own dryer at home to save luggage space?","Does the ""ceramic ion"" feature mentioned on the box actually work to reduce frizz quickly so I can spend less time getting ready and more time exploring?",The box shows a concentrator nozzle; is this attached firmly enough to help me style my hair efficiently on my own?,"With the high 2200W power listed at the bottom, is this dryer fast enough so we aren't keeping each other waiting for the bathroom?","Does the ""Coconut & Almond"" technology actually make hair smooth enough for a nice dinner out, or should we still pack our straightener?",The image shows a professional AC motor—is it quiet enough that one of us can dry our hair without waking the other person up?,"I see the ""Motor AC"" badge; does this mean the dryer can handle running for a long time without overheating if four of us need to use it back-to-back?","Is the dryer sturdy and safe enough for teenagers to handle, or is it a heavy, delicate piece of equipment?","Given the 2200W power, does it dry hair fast enough to get the whole family ready quickly in the morning?"
image_127_jpg.rf.86c4f679c51a99dfa01e58959a5439a6.jpg,hairdryer,0.1741879880428314,149.13180541992188,343.8333740234375,572.4720458984375,637.5872802734375,Is this 2000W dryer powerful enough to dry my hair quickly so I can get out and explore the city?,"Since it looks like a full-sized model with an AC motor, is it too heavy to hold comfortably for a long styling session?","Does the concentrator nozzle attachment stay firmly in place for precise styling, or does it fall off easily?",Is the motor loud enough that it would wake my partner up if I use it early in the morning?,Is the power cord long enough to allow me to step back so my partner can still use the sink while I dry my hair?,Does the ceramic technology mentioned on the box actually help reduce frizz for a nice dinner date look?,Can this dryer handle running back-to-back for a family of four without overheating and shutting off?,Is the plastic body sturdy enough to survive if the kids accidentally drop it on the bathroom floor?,Is the airflow strong enough to dry thick hair fast so we aren't all waiting in line for the bathroom?
image_138_jpg.rf.99873109fb946a5a17cd2206ddca1387.jpg,hairdryer,0.2522768974304199,99.31967163085938,-0.3460502624511719,504.43994140625,615.1588134765625,I see this is a Panasonic Ionity model; is it powerful enough to dry my hair quickly before a morning meeting?,"Since the cord is bundled up, is the plug located near a mirror, or will I be tethered to an awkward spot?",The handle looks like it folds; can I easily stow this away in a drawer to keep my limited counter space organized?,Is the cord long enough once untied so I can dry my hair while my partner uses the sink?,"Does this dryer offer multiple heat settings suitable for styling hair for a date night, or is it just a basic warm air blower?",Is this unit quiet enough that I won't wake up my partner if I need to get ready early in the morning?,"With a family of four needing to get ready, does this compact dryer overheat if we use it back-to-back?",Does the folding design help save space on the bathroom vanity for all our toiletries?,Is the exterior durable and safe for older children to handle on their own?
image_134_jpg.rf.1c9e6a38c6483660e2049e24293a3e89.jpg,hairdryer,0.1377188265323639,15.39104461669922,204.56771850585935,562.4326782226562,639.673828125,"Since I'm packing light, is the blue ""ione"" dryer powerful enough that I can leave my own travel dryer at home?",Does the handle on the blue dryer fold up so I can keep the limited counter space tidy during my stay?,"Is the beige dryer actually heavy to hold, or is it lightweight enough for a quick morning styling routine?","Does the room actually come stocked with two hairdryers like in the picture, so we can both get ready for dinner at the same time?",Is the blue dryer quiet enough that I can use it early in the morning without waking my partner?,Which of these two models offers faster drying speed so we aren't stuck in the bathroom too long before our date?,"With a family of four needing to get ready, do these compact dryers tend to overheat if used back-to-back?",Is the cord on the blue dryer long enough to reach a plug outside the bathroom if someone else is using the shower?,"Does the blue dryer with the nozzle attachment have a ""cool"" setting so it's safe to use on my children's fine hair?"
image_217_jpg.rf.9ff102abfffe891a26c5fc9db2ea8d93.jpg,hairdryer,0.2968415021896362,41.35017395019531,6.170463562011719,632.6305541992188,634.3482666015625,"Since this looks like a standard low-wattage wall unit, should I pack my own hair tool if I need to dry thick hair quickly?",That coiled cord looks tight; is it stretchy enough to actually stand in front of the mirror comfortably while drying my hair?,The coils and handle look a bit aged—is the device thoroughly cleaned and free of grime between guests?,Is this older model particularly noisy? I'm worried about waking my partner up if I need to get ready early in the morning.?,"Does the handle switch offer multiple heat settings so we can both use it comfortably, or is it just one?",Is the cord long enough for both partners to use comfortably?,"If three or four of us need to shower back-to-back, is this small unit prone to overheating and shutting off after prolonged use?",Is the wall mount located at a height that children can safely reach and use without pulling too hard on the cord?,"Since it's wall-mounted, does this mean we are forced to dry hair in the bathroom, or is there a way to use it in the main room to relieve bathroom congestion?"
image_1_jpg.rf.fc586b3362ea1b4318966a9da87af261.jpg,hairdryer,0.1206367686390876,64.68544006347656,274.299560546875,594.724609375,602.9570922851562,Is this high-end style hairdryer powerful enough to dry my hair quickly so I can maximize my sightseeing time?,I see universal travel adapters provided in the basket; are those available for me to use to charge my phone as well?,Is the hairdryer lightweight and easy to maneuver for a quick styling session on my own?,"Since there are two universal adapters shown, will we be able to charge both our phones simultaneously while getting ready?",Is this modern hairdryer model quiet to operate so I won't disturb my partner if I wake up earlier to get ready?,That looks like a salon-quality tool; is it effective enough that we can save luggage space by not packing our own hairdryer?,"With a whole family getting ready, is the cord long enough to reach outside the bathroom if someone else needs to use the shower?",Can this compact dryer handle being used by multiple people back-to-back without overheating or shutting off?,Are the provided travel adapters sturdy enough to support charging multiple family devices like tablets and cameras safely?
image_64_jpg.rf.48a348ac43124b3e109635b3a0e538d6.jpg,hairdryer,0.1128061488270759,20.424461364746094,45.777587890625,540.9917602539062,636.015625,"Since I need to get ready quickly in the mornings, does this Salonia model offer high enough airflow for a fast blowout?",The handle looks like it folds; is the dryer lightweight enough to hold comfortably for a full styling session without my arm getting tired?,Does the cord have enough length for me to move around freely if the outlet isn't right next to the mirror?,"If one of us is sleeping in, is this dryer quiet enough to use without waking the other person?","Since the handle folds down compactly, does it fit easily inside a drawer so we can keep the limited counter space free for both our toiletries?","If we use it back-to-back, does the body or nozzle stay cool enough to handle, or does it need time to cool down between uses?","With four of us needing to get ready, is this dryer robust enough to run for 30+ minutes straight without overheating or shutting off?",Is that loop on the cord sturdy enough to hang the dryer up on a hook so it stays out of the way of wet surfaces when the bathroom is crowded?,Is the matte surface easy to grip so kids or teenagers won't accidentally drop it while rushing to get ready?
image_50_jpg.rf.d3f60e1317c3b5d84880ddb7e7012572.jpg,hairdryer,0.2315301597118377,277.6809387207031,98.57292938232422,576.0201416015625,393.3492431640625,"I see it's a Conair 1875 model; does it have enough power to dry thick hair quickly so I can get out and explore, or is it pretty weak?","Since the cord is wrapped tightly around the handle, is it actually long enough to reach the bathroom mirror easily?","Does this compact dryer have variable heat settings and a cool shot button, or is it just a basic on/off travel unit?","Does this Conair dryer come with any styling attachments like a concentrator nozzle, or will we need to bring our own for date nights?",Is the dryer loud enough to wake up my partner if I'm getting ready early in the morning while they're still sleeping?,"Since it's stored loosely on the shelf next to the lotion, is there actually enough dedicated counter space for two people's toiletry bags?",Will this small handheld dryer overheat or shut down if three or four family members need to use it back-to-back after the beach?,"Is the cord durable and safe for kids to handle, considering how tightly it's been wrapped around the unit?","Since the dryer is tucked away on a shelf with other supplies, is it easy to locate, or will we spend time hunting for it in the cabinets?"
image_108_jpg.rf.737e2cf438196c741d4a9d69b8496da8.jpg,hairdryer,0.3104321360588074,103.14102172851562,213.99435424804688,423.8611450195313,638.5455322265625,"Since I see specific 'Hot', 'Warm', and 'Cool' settings on the handle, is this Revlon dryer powerful enough to style my hair quickly before a morning meeting?","Does the nozzle size look standard enough that I could attach my own travel diffuser, or should I rely solely on this provided amenity?","Is this a lightweight compact model, or is it heavy to hold for a long time if I'm doing a full blowout by myself?","Seeing that there is a 'Low' speed setting, is the motor quiet enough to use in the bathroom without waking my partner sleeping in the main room?",We have a fancy dinner planned; does this older-style Revlon model actually get hot enough to smooth out frizz for a date night look?,Is the unit reliable enough for two people to use back-to-back without the motor overheating or shutting off?,"With a family of four needing to get ready, does the 'High' speed setting offer enough airflow to dry everyone's hair rapidly and clear up the bathroom?",I see a 'Cool' switch on the handle; does that setting work instantly to prevent burning my children's sensitive scalps?,"Is this dryer hardwired into the bathroom wall, or can I unplug it and move it to the bedroom so someone else can use the sink?"
image_145_jpg.rf.26f88d83b1a434eb960e586bf2a9f378.jpg,hairdryer,0.1083201393485069,98.55241394042967,28.812150955200195,504.0646362304688,332.494873046875,"I see a ""Turbo"" switch on the handle; is the airflow actually powerful enough to dry thick hair quickly so I don't need to pack my own dryer?","Since the handle is foldable, does it lock firmly into place during use, or does it feel flimsy when you're trying to style your hair?","Does the ""Cool"" setting visible on the switch provide a true blast of cold air to set a style, or does it just blow lukewarm air?",Is the cord shown in the picture long enough for one of us to use the dryer comfortably while the other person is using the sink?,"If my partner is still sleeping, is the motor loud when running on the ""Normal"" setting, or is it quiet enough for early morning use?","With the specific Naturam model shown, is the heat adjustable enough to suit two people with very different hair textures?","If our whole family needs to dry our hair back-to-back, does this compact dryer tend to overheat and shut off?","Does the transparent concentrator nozzle stay attached securely, or does it fall off if multiple people are handling the device?","Is the drying speed on ""Turbo"" mode fast enough to get a group of four ready without taking up the bathroom for hours?"
image_29_jpg.rf.a90c20a79c680ed1754cdfa9b9219bd1.jpg,hairdryer,0.105060875415802,3.69649887084961,121.44142150878906,627.5863037109375,635.788818359375,"Is this compact hairdryer powerful enough to dry thick hair quickly before a business meeting, or is it fairly weak?",I see the cord is bundled up; is it long enough to reach comfortably if the outlet isn't right next to the mirror?,"Since the handle looks sleek and smooth, is it lightweight enough to hold comfortably while styling my own hair?",Is the motor quiet enough that I won't wake my partner if I use it early in the morning?,"Does the dryer come with a concentrator nozzle attachment for styling hair for our dinner dates, or is it just the open barrel shown here?",We both need to get ready at the same time; does this model tend to overheat if used for two drying sessions back-to-back?,Is the white outer casing heat-resistant so it's safe to use on squirmy children without risking accidental burns?,"With a family of four getting ready, is this small unit robust enough to handle 30+ minutes of continuous use without cutting out?","Since counter space looks limited with the amenity tray there, is the dryer compact enough to store easily to make room for everyone's toiletries?"
image_60_jpg.rf.b29966f56913c52432bc50b3f4ae6ed5.jpg,hairdryer,0.1913195848464965,73.69190216064453,202.17459106445312,561.70068359375,571.3823852539062,"Since I have curly hair, is that separate diffuser attachment actually kept in the room so I don't have to pack my own?",Does the folding handle make it compact enough to fit easily in a small bathroom drawer to keep things tidy?,Is the power cord long enough to comfortably reach the mirror if the outlet isn't right next to the sink?,Is this hair dryer quiet enough that I can use it in the morning without waking up my partner?,"Since my partner and I have different styling needs, does the room definitely include both the concentrator nozzle and the diffuser shown?",Is the airflow powerful enough to dry thick hair quickly so we don't spend all evening getting ready for dinner?,Can this dryer handle running back-to-back for a family of four without overheating or shutting off?,"With a crowded bathroom, is that loop on the cord strong enough to hang the dryer up and keep the counter space free for our toiletries?",Is the cord long enough so one person can dry their hair while stepping aside to let someone else use the sink?
image_194_jpg.rf.abd2c9fe075135aceeb7b815da254d40.jpg,hairdryer,0.2093429118394851,89.38163757324219,129.7724151611328,430.6404418945313,544.27685546875,"Since this looks like a smaller, foldable travel dryer, is the airflow strong enough to dry thick hair quickly before I head out?","I see ""minus ion"" printed on the side; does this feature actually work to keep hair smooth, or should I plan on packing my own styling tools?",The cord looks wrapped quite tightly around the handle; is it actually long enough to reach the mirror comfortably for solo styling?,This unit looks a bit older and basic; is the motor loud enough to wake my partner up if I'm getting ready early while they sleep?,"Considering its compact size, does it overheat or shut off if we both need to dry our hair back-to-back before a dinner reservation?","Is the wall holster securely mounted, or does it rattle against the wall when taking the dryer in and out while the other person is using the sink?","With warning labels posted right above the unit, does the exterior get too hot for children to handle safely?","Since this is a small dryer, is it durable enough to handle drying hair for a whole family of four consecutively without burning out?",The cord storage looks a bit messy and exposed; is the mount high enough to keep the plug and wire away from toddlers' grabbing hands?
image_94_jpg.rf.22a14d6573487d9a3d749d33fdfcfefa.jpg,hairdryer,0.1515324562788009,441.1275634765625,92.98326110839844,581.3917236328125,523.5765991210938,"Since a curling iron is already provided in the drawer, can I save luggage space by leaving my own styling tools at home?","Is the pink hairdryer visible on the left a powerful full-size model, or a compact travel version that might take longer to use?",The cord looks tightly wrapped around the handle; is it long enough to reach the mirror comfortably if the outlet isn't right next to the drawer?,"It’s great to see both a dryer and curling iron provided, but is there enough counter space for both of us to get ready for dinner simultaneously?",Does the curling iron have an automatic shut-off feature so we don't have to worry about safety after we've left for the evening?,Does the curling iron handle have adjustable heat settings so it can accommodate both of our different hair textures?,"With a whole family needing to get ready, is the provided hairdryer robust enough to handle back-to-back use without overheating?","Since hot tools like this curling iron are stored in a low drawer, is there a child-safety lock or a high shelf we can move them to?",Are there enough outlets in the bathroom to plug in the hairdryer and our own devices while the curling iron is also in use?
image_94_jpg.rf.22a14d6573487d9a3d749d33fdfcfefa.jpg,hairdryer,0.1429375559091568,22.00977325439453,88.45386505126953,467.9646606445313,511.60943603515625,"Since there is a full-sized Revlon dryer and a curling iron provided, can I safely leave my own heavy styling tools at home to save luggage space?",I see a nozzle attachment still in the plastic bag; does it fit securely on the dryer for a smooth blowout before my meetings?,"Is the hair dryer powerful enough to dry thick hair quickly, or is it a lower-wattage travel version?",It's a nice surprise to see a curling iron included; does it have adjustable heat settings so we can get ready for a nice dinner out?,Are the cords on the dryer and iron long enough to reach the mirror comfortably if two people are moving around the bathroom?,Is the pink dryer relatively quiet so I don't wake my partner up while getting ready early in the morning?,"With several of us needing to get ready, does this dryer handle continuous use well without overheating or shutting off?",The safety plug on the dryer looks quite large; will it fit into the bathroom outlet without blocking the other socket we need for charging phones?,"Since we have different hair types in our family, is the attachment in the bag a concentrator nozzle or a diffuser?"
image_139_jpg.rf.a96316d65f400e9496df26b8b7affe97.jpg,hairdryer,0.1470745652914047,252.66070556640625,317.568603515625,639.5829467773438,642.710693359375,That looks like a high-tech dryer; does it offer variable heat settings via those silver buttons so I don't damage my hair?,Is the airflow from this compact design powerful enough to dry long hair quickly before I head out for the day?,"Since the intake filter is located on the handle, is the grip comfortable to hold for a full styling session?","Since we're sharing a room, is this modern-looking dryer quiet enough to use in the morning without waking my partner?",Is the cord attached to the base long enough so I can dry my hair without blocking the sink for my spouse?,"Does this premium-style dryer provide a smooth, salon-quality finish so we look our best for dinner dates?","If our whole family uses this back-to-back, will the black casing get too hot to hold safely?",Is the motor strong enough to dry several people's hair rapidly during the morning rush to get out the door?,Is that mesh filter at the bottom durable enough to handle daily use by multiple people without clogging?
image_199_jpg.rf.9651f094f30b33a7366a8b9e76484d83.jpg,hairdryer,0.1495230048894882,48.340919494628906,93.45343017578124,212.71807861328125,562.1181640625,"Is this compact KHIND dryer powerful enough for daily use, or should I save suitcase space and rely on it instead of bringing my own?","Seeing that it has a UK-style plug, will I need to request an adapter from the front desk if my devices use a different voltage?","Does the switch on the handle allow for different speed settings, or is it just a?",Is the power cord long enough to reach a mirror outside the bathroom so one of us can dry our hair while the other uses the sink?,Is this model quiet enough to use for an early morning touch-up without waking my partner sleeping in the same room?,Does the dryer have a high-heat setting to help us get ready quickly for a dinner reservation?,"With a family of four getting ready, is this dryer robust enough to handle back-to-back use without overheating and shutting off?","Is the unit hardwired into the cupboard, or can we unplug it and take it to the main room to relieve bathroom congestion?","Does the control slider offer a lower heat or ""cool"" setting that is safe to use on young children's sensitive scalps?"
image_230_jpg.rf.83ddb0a3e6b12aeb2af1182cbc71fe2c.jpg,hairdryer,0.2286833375692367,2.4332046508789062,327.9578857421875,474.4054565429688,635.5347290039062,"Since I'm traveling light, can I rely on this 2200W dryer to be powerful enough for a quick blowout, or should I bring my own travel dryer?","Does the booking actually include both the dryer and the black hair straightener shown, so I can save luggage space?",That pink cord looks fairly thick; is the unit heavy to hold for a full styling session on my own?,Is the pink cord long enough to reach a mirror outside the bathroom so I can dry my hair while my partner showers?,"Since it's a high-powered 2200W model, is it quiet enough to use in the morning without waking my partner up?","The ""Nano Tourmaline"" text suggests high quality, but is it good enough for a date night look, or is it an older model?","With multiple people needing to get ready, does this dryer overheat or shut off if we use it back-to-back for the whole family?",Does it dry hair fast enough with that 2200W motor so we aren't all waiting in line for the bathroom?,"I see the straightener is included, but are there any diffuser attachments for the dryer for family members with curly hair?"
image_200_jpg.rf.e9759f8e0aab5b79dc861d6639fd67d6.jpg,hairdryer,0.2496098130941391,127.1405029296875,124.84022521972656,608.328369140625,568.201416015625,"Since it's a compact SALONIA model, is it powerful enough to dry my hair quickly before a morning meeting?",Is the cord tied with that velcro strap long enough to reach the mirror comfortably if the outlet is far away?,"Does the foldable handle feel sturdy and high-quality, or does it feel like a cheap travel dryer?",Is this dryer quiet enough to use in the morning without waking my partner sleeping in the same room?,Does the handle have adjustable heat settings so we can both customize it for our different hair types?,Does the exterior cool down fast enough so we can fold it and toss it back in the basket immediately before heading out?,Is this dryer durable enough to handle back-to-back use for a family of four without overheating and shutting off?,"Is the matte finish easy to grip, so it won't slip out of children's hands if they are drying their own hair?","Since it looks small in the basket, does it have enough airflow to dry everyone's hair efficiently so we aren't fighting over bathroom time?"
image_219_jpg.rf.b7b1c2e5da0f5a0819b9579699b51ec1.jpg,hairdryer,0.1678290069103241,357.4338073730469,229.0345916748047,641.5277709960938,551.4095458984375,It looks like a full-sized model with a styling nozzle; is it powerful enough that I can save luggage space by leaving my own dryer at home?,I see distinct red switches on the handle—does this dryer offer multiple heat and speed settings for precise styling?,"Since it's loose and not wall-mounted, is the cord long enough to reach the mirror comfortably while I'm getting ready?",That looks like a professional-grade dryer; is it fast enough to dry long hair quickly so we don't spend our whole evening getting ready?,"Since the dryer is sitting on the open shelf, is there a designated drawer or hook to store it so we have counter space for two toiletry bags?",Is this unit quiet enough that I can use it in the morning without waking my partner who is still sleeping?,"With a whole family needing to get ready, does this heavy-duty looking dryer handle back-to-back usage without overheating?",Can this dryer be unplugged and moved to a bedroom outlet so one person can dry their hair while someone else uses the bathroom?,"The concentrator nozzle is great for straight styles, but does the front desk have a diffuser attachment available for the curly hair in our group?"
image_123_jpg.rf.76b71486020fecaf299b8d2f5d8a0ebd.jpg,hairdryer,0.1460482776165008,0.6543159484863281,95.80814361572266,429.6221923828125,647.42236328125,"Is this ""Switch On"" dryer powerful enough that I can leave my own bulky hairdryer at home to save luggage space?",I see buttons on the handle; does this model offer adjustable heat and speed settings for precise styling?,"Since this unit has a concentrator nozzle attached, is the airflow precise enough to smooth out my hair quickly before a meeting?","Because this isn't a wall-mounted unit, is the cord long enough for me to move around if my partner is using the sink at the same time?",Is this handheld dryer quiet enough to use without waking my partner if I get up early?,Does this dryer provide professional-quality results so we can look our best for a date night without struggling with a weak hotel dryer?,"With several of us needing to shower and get ready, does this dryer overheat if used back-to-back for multiple people?","Is the plastic nozzle attachment secure, or does it get too hot to touch when we are rushing to get the kids dry?","Since this is a full-sized handheld unit, is it durable enough to handle drying everyone's hair after a trip to the pool?"
image_266_fp_jpg.rf.995760b59cf42bdb91c4af0f2abfdaa8.jpg,hairdryer,0.2412084341049194,96.12332153320312,144.58322143554688,367.6031188964844,556.0972900390625,Is the water tank capacity at the base sufficient to de-wrinkle a?,Can I easily style my hair with one hand?,Does it have the specific settings I need for my hair type?,"Will the water reservoir at the bottom last long enough to steam evening wear for both of us, or will we need to stop and refill it?",Is the power cord visible on the right side long enough to reach from the outlet to where we can hang two sets of clothes?,Does this steamer heat up fast enough so we don't waste time waiting while getting ready for our dinner reservation?,That yellow warning label suggests the nozzle gets very hot; is the exterior safe to leave cooling down if we have children in the room?,Is the separate filling cup shown next to the device included to make it easier to refill the tank repeatedly for a whole family's laundry?,"Is this handheld unit robust enough to handle the volume of clothing required for a group vacation, or is it only for light touch-ups?"
image_78_jpg.rf.5be20c1c0d94720f18923e248cb45163.jpg,hairdryer,0.3890794813632965,115.95218658447266,55.83637237548828,517.8583984375,639.1880493164062,"Since the handle is foldable and compact, is this powerful enough for me to save luggage space and leave my own dryer at home?","Does the ""Turbo"" setting actually dry hair quickly so I can spend less time getting ready and more time exploring?","Is that clear nozzle attachment secure, or does it fall off easily when trying to style my hair solo?","Is the ""Cold"" setting effective enough to set a hairstyle for a nice dinner date, or is it just lukewarm?","Since we both need to get ready, is this dryer quiet enough to use without waking my partner if I wake up early?",Is the cord long enough so one of us can dry our hair near a bedroom mirror while the other uses the bathroom?,"With the small body size, does this dryer overheat or shut off if multiple family members use it back-to-back?",Is the plastic build sturdy enough to handle daily use by kids and teenagers during a week-long trip?,"Does the ""Dry"" versus ""Turbo"" mode offer enough variance for different hair types in our group, or is it basically just one speed?"
image_226_jpg.rf.8911da1981553c0e2a49903631ca3039.jpg,hairdryer,0.10617196559906,382.9989929199219,394.6568298339844,618.3799438476562,641.38427734375,It looks like there is a hinge on the handle; does this dryer fold up to save space on the bathroom counter?,"Is this compact white dryer powerful enough for a full styling session, or is it just a weak travel version?",Is the device lightweight enough for me to hold comfortably above my head for a long period?,"Since the room might be small, is this dryer quiet enough to use without waking my partner up?",It looks like an ionic model; will it dry hair fast enough so we don't waste our whole evening getting ready?,Does the slide switch on the handle offer multiple heat settings so it works for both short and long hair types?,Is this dryer robust enough to handle back-to-back use by four people without overheating and shutting down?,Does the intake mesh on the back look safe enough to ensure a child's hair won't get caught in the fan?,"Given its small travel size, will it take too long to dry everyone's hair when we are rushing to leave?"
image_332_fp_jpg.rf.614c1e37cde8c3bc203ab02453629165.jpg,hairdryer,0.1392052322626114,1.065654754638672,185.4438934326172,60.57197952270508,331.983642578125,"Since the TV is mounted high on the wall, is the viewing angle comfortable for watching while lying in bed?",Are the buttons on the side of the unit easy to reach and operate if the remote control is missing or not working?,Does this older-style screen have accessible side ports (like HDMI) so I can connect my laptop for entertainment?,Is the screen size large enough for both of us to enjoy a movie comfortably from across the room?,Does the wall mount allow the screen to swivel so we can adjust it to avoid glare from the window reflection?,"Is the picture quality on this unit good enough for a cozy movie night, or is the resolution dated?",Is the TV mounted high enough on the wall to be safely out of reach of small children or toddlers?,Is the screen bright and clear enough for the whole family to watch a show together during downtime?,Are the manual controls on the side difficult for kids to mess with so they don't accidentally change the settings?
image_174_jpg.rf.d62ef07b1ea45fa1b6af7b99134260a9.jpg,hairdryer,0.1851749271154403,165.2391815185547,62.82283782958984,497.9510498046875,622.2547607421875,"Since the handle folds, is this a lower-power travel model or strong enough to style my hair quickly before a meeting?","I see ""Turbo"" and ""Cold"" settings on the handle; are these effective enough that I can leave my own hairdryer at home?",Is the cord length sufficient to reach the mirror comfortably without feeling tethered to the wall while getting ready?,"Is the ""Turbo"" setting loud, or is the dryer quiet enough to use while my partner is still sleeping?","Since the hotel provides a brand-name Panasonic, is it high-quality enough for us to save luggage space by not packing ours?","Does the ""Cold"" setting work instantly to set a style for a date night, or is it just a low-heat mode?","With multiple people needing to shower and get ready, does this compact unit overheat if used back-to-back?","Does the ""Dry"" setting offer a lower heat or gentle airflow that is safe to use on young children's fine hair?",The nozzle looks removable; does it stay attached securely during heavy use by the whole family?
image_130_jpg.rf.e25214f43b1771a689ecd1570f8500ec.jpg,hairdryer,0.2423919588327407,224.2945556640625,62.11997985839844,584.0632934570312,547.9400634765625,"Does that blue button need to be held down continuously to operate, or does it lock in place?",Is the cord long enough to comfortably reach the mirror for detailed styling?,"Does the dryer offer variable speed settings on that slider, or is it just one standard airflow?",Is the motor quiet enough to use early in the morning without waking my partner?,Is the airflow powerful enough to dry long hair quickly so we can get to our dinner reservation on time?,"Since it's plugged into the wall, is the unit flexible enough to maneuver if we are both trying to use the bathroom sink?",Will this unit overheat and shut off if three or four family members use it back-to-back?,"Does that bulky plug block the other outlet, making it hard to charge everyone's phones at the same time?",Does the chrome nozzle get dangerously hot to the touch after prolonged use by multiple people?
image_214_jpg.rf.c04505ebd55fbd7cc0afcc567c87b5d8.jpg,hairdryer,0.1209420189261436,198.68142700195312,23.81021499633789,560.9740600585938,616.8984375,"Since the image shows a flat iron and curling wand too, can I save luggage space by leaving my own styling tools at home?",Is the Nobby dryer powerful enough to dry thick hair quickly so I can get to my morning meetings on time?,The dryer looks like a professional model; is it heavy to hold if I'm doing a full blowout by myself?,Does the dryer have a low-noise setting so I won't wake my partner up if I need to get ready early?,"With the straightener and curling iron included, is there enough counter space for both of us to get ready for dinner at the same time?",Are the cords on these tools long enough to reach a mirror outside the bathroom if my partner is showering?,Can this dryer handle being used back-to-back for a family of four without overheating?,Do the styling irons shown have automatic shut-off features for safety around active kids?,"Is the concentrator nozzle on the dryer secure, or does it fall off easily during heavy use by multiple people?"
image_40_jpg.rf.a199870b57bca59b9c4919c9080fcca3.jpg,hairdryer,0.359081506729126,159.9107666015625,136.679443359375,599.5813598632812,587.5049438476562,Does this Khind model provide strong enough airflow to dry my hair quickly so I can get out and explore?,I see a concentrator nozzle attached; is it effective for precise styling before I head to a business meeting?,"Is that UK-style plug compatible with the outlet right next to the mirror, or will I need to unpack my travel adapter?","Since my partner and I have different hair types, does the switch on the handle offer multiple heat settings?",Is this hairdryer quiet enough that I can use it early in the morning without waking my partner up?,Is the dryer powerful enough to dry long hair efficiently so we aren't fighting over bathroom time?,"With a whole family needing to get ready, is this dryer robust enough to handle back-to-back use without overheating?",Is the power cord long enough so one person can dry their hair in the main room while someone else uses the shower?,I notice the hanging loop at the base of the handle; is there a high hook provided to keep the appliance safely away from toddlers?
image_185_jpg.rf.c7d5307dcc20964109d4e5de708d707e.jpg,hairdryer,0.1023743748664856,293.73638916015625,375.756591796875,638.7381591796875,541.43017578125,"Since this looks like a compact standalone unit rather than a wall-mounted one, is it powerful enough that I can leave my personal dryer at home to save luggage space?",Does the cord on this handheld dryer have enough reach for me to stand comfortably in front of the mirror while getting ready?,"Can I adjust the heat settings on this specific model, or is it just a basic on/off travel dryer?",That concentrator nozzle attached to the front suggests better styling control—does it actually stay on securely while drying thick hair?,Is this compact dryer quiet enough to use in the morning without waking my partner who might still be sleeping?,"Since we both need to get ready for dinner, is the airflow strong enough to dry hair quickly so we aren't waiting around?","Because the dryer is in a basket and not attached to the wall, can we easily move it to a bedroom outlet so someone else can use the shower?",Will this small unit overheat or shut off if three or four of us need to use it back-to-back after the pool?,"Is it safe to put the dryer back into that woven basket immediately after use, or does it get too hot for the kids to touch?"
image_36_jpg.rf.7b981dc888975d8ce34b81d1f5b4d3b7.jpg,hairdryer,0.2227393984794616,92.51323699951172,4.373683929443359,505.71002197265625,586.1268310546875,Is this small Koizumi dryer powerful enough to dry thick hair quickly before I head out for the day?,"I see the handle folds, but does the bundled cord have enough length to reach the mirror if the outlet is awkwardly placed?","Does the clear concentrator nozzle allow for precise styling, or is this unit mainly just for rough drying?","Since bathroom counter space is limited for two people, does the folding handle help keep this out of the way to make room for our toiletries?",Is the motor on this compact model quiet enough that I won't wake my partner up during early morning use?,We both need to get ready for dinner; does this dryer have high enough heat output to dry hair fast so we aren't waiting on the bathroom?,"Since this looks like a smaller travel unit, can it handle being used by four people in a row after the pool without overheating?",Is the plastic casing and nozzle durable enough to survive if the kids accidentally knock it off the bathroom vanity?,Does the cord reach far enough so I can dry my child's hair while they sit on a chair away from the sink?
image_49_jpg.rf.3ed5c3766fa17dd7f6dbaff18e7ffb48.jpg,hairdryer,0.1160795837640762,245.6227264404297,176.24314880371094,636.7871704101562,561.0863647460938,"Since the handle folds down like that, is it compact enough to tuck away in a drawer to keep the small bathroom counter clutter-free?",It looks like a sleek travel model; is the airflow actually powerful enough to dry thick hair quickly before I head out for the day?,"I notice the cord is tied up quite tightly; when it's unraveled, is it long enough to reach the mirror comfortably?",Does this modern-looking dryer have multiple heat settings so both my partner and I can adjust it to our hair types?,Is the motor quiet enough that I can dry my hair in the morning without waking my partner sleeping in the next room?,"Given the compact size shown, does it cool down quickly so we can pack it up immediately if we're rushing to check out?","With a family of four needing to get ready, will this smaller unit overheat if we use it back-to-back for everyone?",Does the folding mechanism lock securely in place so it's safe for my children to handle without snapping shut?,"I see it's placed next to laundry detergent; is this a heavy-duty dryer meant for a shared utility space, or is it strictly for bathroom use?"
image_49_jpg.rf.3ed5c3766fa17dd7f6dbaff18e7ffb48.jpg,hairdryer,0.3197038471698761,208.73046875,178.76693725585938,636.182861328125,557.486328125,"Since the dryer looks quite compact and foldable, is it powerful enough to dry thick hair quickly, or will I be standing there for a long time?","Does the matte finish provide a good non-slip grip, making it easy to handle if I'm rushing to get ready with wet hands?","That nozzle looks quite narrow; does it provide enough concentrated airflow to actually style my hair, or does it just blow air around?",Is the cord bundled in the picture long enough for one of us to dry our hair near a mirror while the other uses the sink?,"Since it looks like a smaller travel-style motor, is it quiet enough that I can use it early in the morning without waking my partner?",Will this dryer overheat or shut off if we use it back-to-back when we're both trying to get ready for dinner?,"With a family of four needing to get ready, is this small dryer robust enough to run for 30 minutes straight without burning out?","Does the exterior of the barrel get hot to the touch after heavy use, or is it safe to leave on the counter near children?","Since we'll have toiletries for everyone on the counter, does it stay folded up compactly like that to save space when we aren't using it?"
image_222_jpg.rf.55764fe32c20e6b83f1904e6dcf2aec3.jpg,hairdryer,0.2599203884601593,127.4738311767578,125.73402404785156,608.0526123046875,567.7255249023438,I see the 'Salonia' brand on the side; is this compact model powerful enough to dry thick hair quickly before I head out for the day?,"Since the handle folds up, does it feel sturdy in your hand or is it a bit flimsy when you're trying to style your hair?",I notice the switch on the handle; does this dryer have a dedicated 'cool' setting to help set my style?,"Since this dryer looks quite small, is the motor quiet enough that I can use it without waking my partner up early in the morning?","The cord is bundled up neatly here, but is it actually long enough for me to move around if we are both trying to use the bathroom mirror at the same time?",We have a dinner reservation; does this specific model get hot enough to smooth out frizz effectively for a date night look?,"With several of us needing to shower, will this small dryer overheat or shut off if we use it back-to-back for the whole family?",Is the 'Turbo' setting on the handle strong enough to dry kids' hair fast so we aren't stuck in the hotel room all morning?,"Since it’s presented in a woven basket, does the nozzle cool down fast enough that we can safely put it away immediately after multiple uses?"
image_122_jpg.rf.78ac15a066f3e8d9877ed048400e899c.jpg,hairdryer,0.1030352264642715,-1.7636680603027344,0.2002716064453125,326.3492431640625,564.6544799804688,"Is this compact dryer powerful enough to style my hair properly, or should I pack my own to ensure I look professional for my meetings?",Does that coiled cord stretch far enough to reach the mirror comfortably without pulling back?,"Since it looks like a basic wall-unit model, does it actually get hot enough to dry thick hair quickly?",Is this hairdryer quiet enough that I can use it without waking my partner if I get up earlier?,"Since the cord looks tethered to the wall, is there enough space for my partner to brush their teeth while I'm drying my hair?",Does this small unit work fast enough so we aren't waiting ages for each other to finish getting ready for dinner?,Will this small unit overheat or shut off if three or four of us need to use it back-to-back in the morning?,Is the coiled cord long enough to safely dry a child's hair without them having to stand right up against the counter?,"Given the small size shown, is it robust enough for a whole family, or should we bring a full-sized one to speed up our morning routine?"
image_122_jpg.rf.78ac15a066f3e8d9877ed048400e899c.jpg,hairdryer,0.1072537004947662,98.9803237915039,203.3197021484375,279.6986389160156,453.642333984375,"Since this wall-mounted unit looks quite small, is the airflow powerful enough to dry thick hair quickly, or should I pack my own travel dryer to save time?","Does that coiled cord stretch far enough to let me stand comfortably in front of the mirror, or will I be stuck leaning over the counter?","Does this basic model offer multiple heat settings, or is it just a?",Is this older-style wall dryer very noisy when running? I don't want to wake my partner if I need to get ready earlier in the morning.?,"Since the dryer is tethered to the wall, does the cord extend enough so I can step out of the way to let my partner use the sink while I dry my hair?","If we both need to dry our hair back-to-back before a night out, does the handle get uncomfortably hot to hold after a few minutes?","With a whole family trying to shower and get ready, is this small unit heavy-duty enough to run for 20 minutes straight without overheating and shutting off?","Is the intake vent on the back safe for children to use, or is the grid wide enough that it might accidentally suck in long hair?","Given that the dryer is fixed to the wall, is the bathroom area spacious enough for someone to dry their hair without blocking the door for the rest of the group?"
image_10_jpg.rf.6e74427b18cf4da25292eb8dc9f1ad8b.jpg,hairdryer,0.30227792263031,158.9196014404297,134.72030639648438,521.2762451171875,513.7862548828125,"Since the label shows this is a 1000W compact model, is the airflow strong enough to dry thick hair quickly before I head out for the day?","Does the concentrator nozzle stay securely attached for precision styling, or is this mostly just for rough drying?",The cord looks bundled up in the basket; is it long enough to reach the mirror comfortably if I'm getting ready alone?,"Is this small dryer quiet enough to use in the morning without waking my partner, or is the motor loud despite its size?","If we both need to shower and get ready for dinner, does this unit overheat after running for twenty minutes straight?",I see a hanging loop on the cord; is there actually a hook in the bathroom so we can keep the vanity clear for two people's toiletries?,"With only 1000 watts of power, will this be too slow to dry hair for a whole family after a trip to the pool?",Is the plastic casing sturdy enough to handle being dropped or used heavily by kids during our stay?,"Since the dryer is stored in a wicker basket, is it easy for children to access and put back safely without damaging the cord?"
image_178_jpg.rf.e0e981e0cda2395aa2259c70373dc64e.jpg,hairdryer,0.1151974350214004,144.41786193847656,-2.0322418212890625,419.8778076171875,574.8759155273438,Does the coiled cord extend far enough to comfortably reach the back of my head while standing at the mirror?,Are the two USB ports on the base fast-charging so I can power up my phone while getting ready?,"Is this wall-mounted unit powerful enough to dry long hair quickly, or should I pack my own travel dryer?",Is the motor quiet enough that one of us can dry our hair without waking the other person sleeping nearby?,"Since the dryer is fixed to the wall, is there enough space around it for two people to be in the bathroom at once?",Can we use both USB ports simultaneously to charge our devices overnight without the unit overheating?,Can this dryer run for 20-30 minutes straight for multiple family members without overheating and shutting off?,Is the wall mount sturdy enough to handle frequent pulling and tugging by teenagers and kids?,Does the exterior of the nozzle stay cool to the touch so it's safe for children to use?
image_178_jpg.rf.e0e981e0cda2395aa2259c70373dc64e.jpg,hairdryer,0.1044155433773994,144.4790496826172,144.1929473876953,418.4097900390625,572.271728515625,"Is the coiled cord long enough to reach the mirror comfortably, or will I be stuck standing right next to the wall unit?","Can I use the two ports on the front of the base to charge my phone while I'm getting ready, or are they low-voltage only?","Does this compact wall unit pack enough power to dry my hair quickly, or should I bring my own travel dryer to save time?",Do the dual outlets on the dryer base allow us to charge both our devices simultaneously while getting ready for a night out?,Is this wall-mounted model quiet enough to use in the morning without waking up my partner sleeping in the next room?,"Since the dryer is small, is the airflow strong enough to handle styling long hair efficiently so we aren't late leaving the room?",Is this wall unit heavy-duty enough to handle back-to-back use by multiple family members without overheating and shutting off?,Is the coiled cord flexible and long enough to safely reach a child's height without pulling too hard on the wall mount?,Are the extra sockets on the front safe for charging kids' tablets or gaming devices while the bathroom is being used?
image_317_fp_jpg.rf.b318a363e6c32c1e1b16279b0e94621a.jpg,hairdryer,0.1935255676507949,5.971336364746094,203.28880310058597,74.25257873535156,300.2221984863281,"Considering the unit is mounted directly to the wall, is the cord long enough to reach the mirror comfortably?","Does this older-style wall unit generate enough airflow to dry thick hair quickly, or should I bring my own?",Are the messy hanging cables likely to get in my way while I'm trying to get ready?,Is the dryer quiet enough to use early in the morning without waking my partner sleeping nearby?,"Since the unit is fixed in one spot, is there enough space for both of us to be in the bathroom while one is drying their hair?",Does it offer adjustable heat settings so we can both use it for our different hair styling needs?,"With those loose wires hanging down within reach, is this unit safe for small children to be around?","Is this wall-mounted unit the only option, or can we request a portable dryer so multiple people can get ready at the same time?",Does the unit tend to overheat or shut off if used back-to-back by several family members?
image_177_jpg.rf.39ae7f995d68738270115b772015f3a6.jpg,hairdryer,0.3500099182128906,137.6292266845703,65.39167785644531,471.8717956542969,643.1701049804688,"I see ""Scalp"" and ""Skin"" modes on the back panel—does this dryer offer a spa-like experience so I can skip packing my own high-end styling tools?","Does the ""Nanoe"" technology actually reduce frizz effectively, or will I need to bring extra hair products to manage humidity?",It looks like the handle has a hinge; does this fold up compact enough to leave me plenty of counter space for my other toiletries?,"Is the ""Turbo"" setting powerful enough to cut down drying time so we aren't fighting over who gets the bathroom first before dinner?","How loud is this Panasonic model when running on ""Hot""—will it wake my partner up if I need to get ready early in the morning?",Is the cord attached to that hanging loop long enough for one of us to dry our hair outside the bathroom while the other showers?,"With the ""Turbo"" mode running, does the unit overheat or shut off if we need to dry hair for three or four family members back-to-back?","Does the ""Cold"" or ""Set"" setting provide a gentle enough breeze to safely dry young children's fine hair without burning them?","Is the drying nozzle securely attached, or is it likely to get knocked off and lost if the kids are handling it?"
image_114_jpg.rf.39dd9ec812495de8beb34acf6ed1f818.jpg,hairdryer,0.117707759141922,217.19790649414065,161.1937713623047,479.3455200195313,515.2941284179688,"Is the concentrator nozzle shown on the front removable, or do I need to pack my own dryer if I want wider airflow?",Is the cord attached to that wall mount long enough for me to stand comfortably in front of the mirror while styling?,"Does this Black Mambo model offer variable heat settings, or is it just a?","Since the unit is hardwired to the wall, is the cord long enough to reach outside the bathroom so one of us can dry our hair while the other showers?",How loud is the motor on this specific model—will it wake my partner if I use it early in the morning?,"Does that blue light on the base stay on all night, or does it turn off when the dryer is docked?","With four of us getting ready, does this unit tend to overheat and shut off if we use it back-to-back?",Is the wall bracket mounted low enough that my kids can safely reach it and hang it back up without dropping it?,Does the handle get hot to the touch after running for 20+ minutes while drying the whole family's hair?
image_16_jpg.rf.01b6932fd21787cf7b2cd99f221efd80.jpg,hairdryer,0.1718403100967407,104.58563232421876,242.48583984375,611.2283325195312,636.1461181640625,"Since this is a handheld Mondial model rather than a wall unit, is it powerful enough to dry thick hair quickly so I don't need to pack my own?","Does the handle have variable speed and heat switches, or is it just a?",Does it have the specific settings I need for my hair type?,Is the motor quiet enough that one of us can dry our hair while the other is still sleeping in the room?,Does the dryer cool down fast enough so we can pack it away immediately if we are checking out in a rush?,Is there enough space on that wooden counter to keep the dryer set aside without knocking over our shared toiletries?,Will this dryer handle being used by multiple family members back-to-back without overheating and shutting off?,I see a hanging loop on the cord; is there a hook nearby to keep it organized and away from puddles of water on the counter?,Is the casing durable and cool to the touch so it is safe for older children to use unsupervised?
image_181_jpg.rf.df1e0eeeed558587920a15b00aa17983.jpg,hairdryer,0.2004801928997039,20.903301239013672,31.825313568115234,569.747314453125,638.9594116210938,"That looks like a decent size, but is it powerful enough that I can leave my heavy professional dryer at home to save luggage space?",I see a sliding switch on the handle; does this model offer variable heat settings or just a?,Does it have the specific settings I need for my hair type?,"Since there isn't a concentrator nozzle attached in the photo, does the hotel provide one for precise styling before our dinner date?",We try not to wake each other up; does this compact model operate quietly or does it have a high-pitched whine?,Does this dryer have enough airflow to dry long hair quickly so we don't spend all evening taking turns getting ready?,"With that metal grate on the back vent, does the casing stay cool to the touch so it's safe for my kids to handle?","If four of us need to use this consecutively after the pool, is the motor reliable enough not to overheat and shut off?","The cord looks reinforced at the bottom, but is it durable and long enough to dry a restless toddler's hair safely?"
image_57_jpg.rf.b9b53095b77f9d1ec136cc7209d8bc5a.jpg,hairdryer,0.2624041438102722,53.40854644775391,184.6813201904297,637.8788452148438,481.1540222167969,"Is this full-sized black dryer powerful enough to style my hair quickly before a morning meeting, or should I pack my own?",That nozzle attachment looks useful for straightening—does it actually stay on tight during use?,"Since the cord is wrapped around the body, can you tell me if it uncoils to a good length for reaching the mirror?",Does that red switch on the handle offer multiple heat settings so we can both use it for our different hair types?,"Since this looks like a heavier-duty model, is the motor quiet enough to use without waking my partner?",It looks a bit bulky on the granite counter; is there a drawer or wall hook to store it so we have space for both our toiletry bags?,"With that sturdy-looking build, can this dryer handle running back-to-back for a family of four without overheating?",Is the body lightweight enough to hold comfortably while I dry multiple kids' hair after the pool?,I see a hanging loop at the bottom of the handle—is there a high hook in the bathroom to keep this safely away from toddlers?
image_303_fp_jpg.rf.b231aed6f80189437f48fa5e18714b91.jpg,hairdryer,0.1679540276527404,11.79502010345459,302.75372314453125,57.520774841308594,480.1575317382813,"Since this is a standard wall-mounted unit, is the airflow powerful enough to dry thick hair quickly, or should I pack my own?",Does the coiled cord stretch far enough for me to stand comfortably in front of the mirror while styling?,"Are there variable heat settings on that handle switch, or is it just a?",Is this hair dryer quiet enough that I can use it in the morning without waking my partner sleeping in the main room?,"Given the wall mount location, is the cord long enough for one of us to dry our hair while the other uses the sink?",Does this model dry hair efficiently so we don't spend too much time getting ready for our dinner reservations?,"With a family of four using this back-to-back, does the unit tend to overheat and shut off automatically?",Is the exterior of the nozzle cool to the touch so it's safe for my children to use by themselves?,"Since wall-mounted dryers are often smaller, does this have enough power to get everyone dry and out the door quickly?"
image_144_jpg.rf.de961357bc14cbe994dccfa553ce7b68.jpg,hairdryer,0.1904104202985763,223.296630859375,-1.5227699279785156,539.927734375,632.725341796875,"I see a ""Turbo"" setting on the handle; is the airflow actually strong enough to dry thick hair quickly, or should I pack my own?","Since the handle has a hinge, does it fold up compact enough to leave me adequate counter space for my toiletries?",That clear nozzle looks precise—does it stay attached securely when using the high heat setting for styling?,Is the motor quiet enough on the lower settings so I won't wake my partner if I get ready early?,Does the cord have enough length to let me stand back from the mirror if my partner needs to use the sink at the same time?,"We have different hair types; does the switch include a ""Cool"" shot to set styles, or is it just hot air?","Since this looks like a compact travel model, does it overheat or shut off if three or four of us use it back-to-back?",I see a hanging loop on the cord; is there actually a hook in the bathroom so we can keep it off the wet counter?,Is the plastic casing durable enough to handle being dropped if my kids are using it to dry their hair?
image_95_jpg.rf.390affcd1460fd2839a2c4b2a7e0a0e4.jpg,hairdryer,0.224087506532669,240.84817504882807,83.12300109863281,575.7391357421875,643.17529296875,That coiled cord looks a bit tight; does it stretch far enough for me to stand comfortably in front of the mirror?,Does this compact wall unit actually have enough power to dry thick hair quickly before a morning meeting?,"Since there aren't many buttons visible, does it have adjustable heat settings or just one standard temperature?",Is this wall-mounted dryer quiet enough to use without waking my partner if I get up earlier?,"Since it's tethered to the wall, is it placed in a spot where I won't be in my partner's way while they use the sink?",Is the airflow strong enough so we don't spend forever getting ready for our dinner reservation?,Will this small unit overheat or shut off automatically if multiple family members use it back-to-back?,Is the coiled cord flexible enough to easily dry a squirming child's hair without pulling too hard?,"Is this dryer robust enough to handle the morning rush for a group of four, or should we pack our own?"
image_231_jpg.rf.0f4756745fe147571d941aa7626e9721.jpg,hairdryer,0.2613833844661712,193.4703063964844,314.6127014160156,468.0792846679688,508.3946228027344,"Since this looks like a full-size dryer rather than a weak wall unit, is it powerful enough that I can leave mine at home to save luggage space?",Is the cord long enough once unwrapped to comfortably reach the mirror for detailed styling?,"Does the concentrator nozzle shown on the end stay attached securely, or does it fall off during use?","Because the dryer isn't bolted to the wall, can we unplug it and take it to the main room so one of us can get ready while the other showers?","Does that large safety plug on the cord block both outlets, or is there still space to plug in a shaver or curling iron at the same time?",Is the motor quiet enough that using it early in the morning won't wake my partner sleeping in the next room?,Is this consumer-grade model robust enough to handle drying hair for a whole family back-to-back without overheating and shutting off?,Is it safe to keep the dryer stored loosely under the sink like that where it might get splashed by the kids?,Has the tight wrapping of the cord around the handle caused any damage or exposed wiring we should worry about with children using it?
image_55_jpg.rf.1d7f2ff3a428e1bf6b38054d934e8d42.jpg,hairdryer,0.205051451921463,1.7598533630371094,51.30840301513672,634.0368041992188,432.2920227050781,"Since this is a full-sized Remington Ionic model, is it powerful enough that I can leave my own dryer at home to save luggage space?","Does the concentrator nozzle shown stay firmly attached for precision styling, or does it tend to fall off during use?",Is the cord distinctively long enough to reach the nearest mirror if the outlet isn't right next to the vanity?,"My partner has curly hair—is the large diffuser attachment shown in the photo standard in every room, or do we need to request it specifically?",Is the motor quiet enough that I can dry my hair early in the morning without waking up my partner sleeping in the same room?,Does the Ionic technology actually speed up drying time so we can get ready faster for our evening plans?,Can this hairdryer handle being used by three or four people back-to-back without overheating and shutting down?,Is the cord long enough to stretch outside the bathroom door so someone can dry their hair while others are using the shower?,Is the exterior of the dryer cool to the touch during operation so it is safe for the kids to use on themselves?
image_151_jpg.rf.cac66f96279d81e0a7d749f5f550ed1a.jpg,hairdryer,0.224871426820755,96.05335235595705,80.96044921875,463.3908081054688,602.1340942382812,"Is this compact wall-mounted unit powerful enough to dry thick hair quickly, or should I pack my own travel dryer?",Does the coiled cord extend far enough to allow me to move freely if the mirror isn't directly in front of the unit?,Do those convenient USB ports on the mounting base allow me to charge my phone while I'm getting ready?,"Since the dryer is fixed to the wall, is the bathroom layout spacious enough for two people to move around while one is using it?",Is the motor quiet enough that I won't wake my partner if I need to dry my hair early in the morning?,Can I plug a straightener or shaver into that separate wall outlet below while the hairdryer is running without blowing a fuse?,Will this small hairdryer overheat or shut off automatically if four of us need to use it back-to-back?,Are the USB charging ports on the holder reliable for keeping multiple family devices charged overnight?,Is the unit mounted at a height that is safe and reachable for teenagers but out of the way of toddlers?
image_97_jpg.rf.04cc8df6366859a0b0c658589b08cd9f.jpg,hairdryer,0.1499653309583664,3.9877700805664062,167.74961853027344,604.6979370117188,530.6307373046875,"Since this Mondial dryer looks like a full-sized model, is it powerful enough that I can save luggage space by leaving my own at home?","Does the concentrator nozzle shown stay firmly attached for precise styling, or does it fall off easily during use?",Is the power cord long enough for me to move freely between the outlet and the mirror while getting ready?,Is this dryer quiet enough to use in the morning without waking my partner sleeping in the same room?,"Does the ""Power Shine"" ionic feature mentioned on the side actually help reduce frizz for smooth hair on date nights?","With the switches on the handle, are there multiple heat settings so we can both adjust it to our different hair types?","With a family of four needing to get ready, does this dryer overheat or shut off if we use it back-to-back?",I see a hanging loop at the base of the handle; is there a hook in the bathroom to keep it off the counter and save space for everyone's toiletries?,Is the casing sturdy enough to handle wear and tear if the kids accidentally drop it?
image_154_jpg.rf.98bbae110983b590d1aa1c016ec77dcf.jpg,hairdryer,0.1790794730186462,351.9873352050781,3.882312774658203,619.6611938476562,487.763427734375,"Is that compact, foldable hairdryer actually powerful enough to dry thick hair quickly before a business meeting?","Since the dryer is sitting on the desk, is the cord long enough to reach a mirror comfortably?","Does this model have adjustable heat settings, or does it only have one basic speed?",Is the hairdryer quiet enough to use at the desk without waking up my partner if they are sleeping in?,Is the airflow strong enough to get both of us ready quickly for a dinner reservation?,"Since it's not wall-mounted, is it easy to move into the bathroom so one person can have privacy while drying their hair?",Will that small dryer overheat or shut off if we need to dry three or four people's hair back-to-back after the pool?,Is the folding handle sturdy enough to withstand heavy use by a whole family?,Is the exterior of the dryer safe and cool to the touch for children to use?
image_154_jpg.rf.98bbae110983b590d1aa1c016ec77dcf.jpg,hairdryer,0.1218924447894096,347.5750732421875,6.35711669921875,624.9876708984375,638.760009765625,"Since the hairdryer looks quite compact and sits on the desk, does it pack enough power to dry thick hair quickly before I head out for meetings?","I see the dryer isn't wall-mounted; is the cord long enough to reach a mirror comfortably, or will I be stuck leaning over the desk?",It appears to have a folding handle—does it store away easily to clear up space on that small desktop for my laptop?,"Is this portable hairdryer quiet enough to use at the desk without waking my partner, or does it sound like a jet engine?","Since the unit is kept in the main room rather than the bathroom, can we unplug it and move it so one of us can shower while the other dries their hair?","Does this basic-looking model have adjustable heat settings for styling our hair for a nice dinner, or is it just one standard hot setting?","With that small nozzle size, will this dryer overheat or shut down if three or four of us need to use it back-to-back after the pool?",Is the exterior of the dryer plastic and cool to the touch so it's safe for the kids to handle themselves?,"Given how crowded the desk is with the lamp and tea set, is there a specific drawer or bag to store the dryer so it doesn't get knocked onto the floor by the children?"
image_154_jpg.rf.98bbae110983b590d1aa1c016ec77dcf.jpg,hairdryer,0.1523343622684478,469.0816040039063,395.1220703125,642.29052734375,639.26806640625,It looks like a compact folding model; does it pack enough power to dry thick hair quickly before a morning meeting?,"Since the dryer is on the desk and not the wall, is the cord long enough to reach a mirror easily?","Does this dryer feature variable heat settings for styling, or is it just a?","Because the dryer is located in the main room near the lamp, is it quiet enough to use without waking my partner?",Will this small unit overheat or shut off automatically if we both use it back-to-back while getting ready for dinner?,Is the drying speed fast enough so we don't spend our entire evening taking turns getting ready?,Is this small dryer durable enough to handle the heavy demand of a family of four using it consecutively?,Does the folding handle lock securely in place so it's safe and easy for children to hold?,"Since it appears to be a lower-wattage travel dryer, will it take too long to dry everyone's hair after a trip to the pool?"
image_154_jpg.rf.98bbae110983b590d1aa1c016ec77dcf.jpg,hairdryer,0.1018057316541671,14.386639595031738,452.4025268554688,156.16302490234375,640.643310546875,Is the handset cord long enough to reach the bed so I can comfortably order room service while relaxing?,Are the speed-dial buttons clearly labeled for the front desk to make quick inquiries on my own?,Does the device have a visible message-waiting light to ensure I don't miss important updates or wake-up call confirmations?,Is the phone compact enough to leave ample space on the bedside table for both of our personal items and drinks?,Does this model feature a speakerphone option so we can both speak to the concierge about dinner reservations at the same time?,Can the ringer volume be easily adjusted or muted so we aren't disturbed early in the morning?,Is the room-to-room dialing process simple to use for coordinating plans with family members in other rooms?,Are the keypad buttons large and distinct enough for children or elderly relatives to use easily in an emergency?,Does the phone appear clean and well-maintained for hygienic use by multiple people in our group?
image_154_jpg.rf.98bbae110983b590d1aa1c016ec77dcf.jpg,hairdryer,0.1536539644002914,530.9935913085938,447.1159057617188,612.2196044921875,634.048583984375,Is this compact hairdryer powerful enough to dry thick hair quickly before a morning meeting?,Does the transparent concentrator nozzle stay firmly attached for precise styling?,Is the cord long enough to reach the mirror comfortably if the outlet is near the desk?,Is the motor quiet enough that I can dry my hair without waking my partner in the same room?,Does this basic model get hot enough to do a proper blowout for a dinner date?,Does the handle fold down so we can easily tuck it away to save counter space?,Will this small dryer overheat or shut off if multiple family members use it back-to-back?,Does it have adjustable heat settings so we can use a gentler mode for the kids' hair?,Is the plastic casing durable enough to handle being dropped or passed around by a group?
image_92_jpg.rf.24c51bd376395b3eab4c7eae3d1711e0.jpg,hairdryer,0.1419826596975326,388.6739807128906,201.6275634765625,544.457275390625,418.8878784179688,It looks like a fairly compact unit; is the motor powerful enough to dry long hair quickly before I head out for meetings?,"The cord is wrapped quite tightly around the handle; once unwound, is it actually long enough to reach the mirror comfortably?","I noticed the 2-pin plug configuration; will this fit the standard wall outlets in the room, or is it restricted to a specific bathroom shaver socket?","Since this looks like a standard wall-mount model, is it quiet enough to use in the morning without waking up my partner?",Does this dryer have adjustable heat settings so my partner and I can both use it safely on different hair types?,We need to get ready for dinner at the same time; is the airflow efficient enough to dry hair fast so we aren't fighting over bathroom time?,"With the whole family needing to dry off after the pool, does this unit tend to overheat or shut off if used back-to-back?",The cord storage looks a bit messy; is the wiring sturdy and safe enough for children to handle without worry?,Is the air intake filter on the back easy to keep clear so the dryer maintains full power for multiple people using it daily?
image_12_jpg.rf.db11c3c0c6f97ae964e69031e37edc88.jpg,hairdryer,0.1143407970666885,134.89990234375,333.8924865722656,428.2748718261719,643.1788330078125,"Since I'm trying to travel light, is this compact dryer powerful enough to rely on so I don't need to pack my own?","Does the switch on the handle offer adjustable heat settings, or is this just a basic?",Does it have the specific settings I need for my hair type?,Is this small unit quiet enough that I can use it early in the morning without waking my partner in the bedroom?,"Since the dryer is placed between two sinks, does the cord reach far enough for both of us to use the mirror comfortably?",Is the airflow strong enough to dry long hair quickly so we don't waste too much time getting ready for our date?,We have a family of four needing to get ready; will this small motor overheat if we use it back-to-back?,Is the pink intake vent on the back safely designed to prevent children's hair from getting caught during use?,"Is this dryer efficient enough to get a whole group ready quickly, or is the air pressure too weak for multiple people?"
image_143_jpg.rf.79908e34de4e3d1f50249dcb19bafdba.jpg,hairdryer,0.1736315190792083,26.864891052246094,81.02100372314453,608.7857666015625,579.4706420898438,Is this foldable hairdryer powerful enough to dry my hair quickly so I can get to my morning meetings on time?,"Does the nozzle attachment stay on securely to help smooth my hair, or does it feel loose and flimsy?","Since the handle folds, does it lock firmly into place during use so it doesn't collapse while I'm styling?",Is this compact dryer quiet enough to use early in the morning without waking my partner sleeping in the next room?,Does it have adjustable heat settings to accommodate both my partner's short hair and my longer hair?,"Considering its small size, is the airflow strong enough to get us both ready for a dinner reservation without taking forever?",Will this small unit overheat and shut off if three or four of us need to dry our hair back-to-back?,Is the plastic casing durable enough to handle being passed around or potentially dropped by the kids?,Is the cord long enough to reach from the outlet to the mirror so we aren't crowding the bathroom doorway?
image_77_jpg.rf.55d8d082aae0891edaeb927e6af3e5f5.jpg,hairdryer,0.3312059640884399,15.013103485107422,190.2312469482422,522.8232421875,545.1309204101562,"Since this dryer has a concentrator nozzle attached, is the airflow strong enough that I can leave my own bulky dryer at home?","Are those switches on the handle for variable heat settings, or does it just have a?",Does it have the specific settings I need for my hair type?,"This looks like a modern, high-quality model; is it quiet enough to use without waking my partner in the morning?",Does it dry hair fast enough so we can both get ready quickly for our dinner reservations?,Is the nozzle precise enough to handle detailed styling for a special date night?,"If several of us need to use this back-to-back, does the dryer overheat or shut off automatically?",Does the provided woven basket help keep the counter organized and the cord away from the kids?,Is the body of the dryer lightweight enough for children or teenagers to hold and use safely?
image_296_fp_jpg.rf.c84a184a0a2aeb19b11f46734afb89ef.jpg,hairdryer,0.2196239233016967,197.43218994140625,94.78604125976562,232.69796752929688,369.2472534179688,Does this wall-mounted heated rail warm up quickly enough to ensure my towel is dry and toasty for the next morning?,Is the radiator unit positioned close enough to the shower or sink for me to grab a warm towel easily?,"Does the unit offer adjustable temperature controls, or is it set to a standard heat level?",Are there enough rungs on this ladder-style rail to dry two large bath towels simultaneously without them overlapping?,Does the radiator generate enough ambient heat to keep the bathroom warm and comfortable for two people getting ready?,Is the rack wide enough to keep our individual towels separate so they dry thoroughly between uses?,"Since the rail appears narrow, is there enough hanging capacity to dry towels for a whole family, or will we need extra hooks?","Is the metal surface of the radiator safe to touch, or does it pose a burn risk for small children using the bathroom?",Is the unit sturdy enough to handle the weight of multiple wet swimsuits drying at once after a group outing?
image_167_jpg.rf.8cbb4a2ce9aab6b9d330194e9213d8c6.jpg,hairdryer,0.1376370042562484,38.21958541870117,235.0541076660156,427.0593872070313,637.9324951171875,"Since this is a handheld Koizumi model rather than a weak wall-mounted unit, is it powerful enough that I don't need to pack my own?",Does the handle fold up so I can make more space on the counter for my toiletries?,Is the cord long enough to allow me to move freely in front of the mirror while styling?,Is this dryer quiet enough to use early in the morning without waking my partner?,Does it have a high-speed setting so we can both get ready quickly without fighting for bathroom time?,It looks like a decent quality brand; does it offer cool-shot or variable heat settings for our different styling needs?,Is the dryer heavy-duty enough to handle back-to-back use for the whole family without overheating?,Is the exterior safe and cool to the touch for children to handle?,Is the airflow strong enough to dry everyone's hair efficiently so we don't have a bottleneck in the bathroom?
image_99_jpg.rf.669e834aada7b1091fffe409d9087e07.jpg,hairdryer,0.2609867453575134,26.194477081298828,223.5037841796875,396.44873046875,530.7620849609375,I see a diffuser attachment included; does this mean I can save luggage space by leaving my own curly hair tools at home?,"Is this a full-strength hairdryer suitable for elaborate styling, or just a lower-power travel version?",Does the cord wrapped around the handle have enough length to comfortably reach the mirror for solo grooming?,Is the dryer powerful enough to get us both ready quickly so we aren't late for dinner reservations?,Does keeping the dryer in the drawer help maximize counter space since two of us will be sharing the bathroom?,Is the noise level low enough that one of us can dry our hair in the morning without waking the other up?,Is this dryer durable enough to handle back-to-back usage by a family of four without overheating?,"Since I see multiple attachments, is this versatile enough to handle the different hair types of everyone in our group?",Is the drawer clearly labeled or easy to find so everyone in the family knows where to put it back after showering?
image_45_jpg.rf.8d02739f9a639aa1487305a3b73f524a.jpg,hairdryer,0.1305576413869857,104.71202850341795,208.40399169921875,507.4542236328125,636.26708984375,"Since the Pritech dryer looks quite compact, is it powerful enough to dry thick hair quickly or should I pack my own?","Does the pink straightener heat up reliably, or is it an older model that I shouldn't count on for daily styling?","Is the cord on the hairdryer long enough to reach the mirror easily, as it looks a bit short in the photo?","Since both a dryer and straightener are provided, are there enough outlets near the vanity for us to use them simultaneously?",Is the hairdryer quiet enough to use early in the morning without waking my partner in the same room?,"Is the Studio 9 straightener good quality for getting ready for a nice dinner, or is it better suited for just quick touch-ups?",Is this small hairdryer robust enough to handle back-to-back use for a family of four without overheating?,"Do these appliances have safety shut-off features, especially since the cords look a bit tangled and worn?",Are there convenient places to store these hot tools out of reach of children after we use them?
image_148_jpg.rf.e1d80d53ba819db0e7c3988339cb4b56.jpg,hairdryer,0.1324858665466308,33.95051956176758,176.07589721679688,331.3630676269531,579.6301879882812,"Since that looks like a high-quality 2-in-1 hot air brush, can I save luggage space and leave my own styling tools at home?",Does the handle on that black dryer brush have adjustable heat settings to prevent heat damage on fine hair?,"Is that styling tool powerful enough to dry wet hair completely, or do I need to use the yellow blow dryer first?",Is the motor on that hot air brush quiet enough that I can use it without waking my partner if the bathroom door is open?,"With both the yellow dryer and the black styling brush available, is there enough counter space for two people to get ready for dinner simultaneously?",Does the cord on the styling brush look long enough to reach a mirror outside the bathroom so my partner can have the sink?,"Since that dryer has bristles that trap hair, how thoroughly does housekeeping clean and sanitize the brush head between guests?","Does the room actually come stocked with all three tools shown—the brush, straightener, and yellow dryer—so multiple people can style their hair at once?",Is that paddle brush dryer easy and safe enough for teenagers to use on their own so we can speed up our morning routine?
image_148_jpg.rf.e1d80d53ba819db0e7c3988339cb4b56.jpg,hairdryer,0.1502829790115356,26.02964401245117,171.92926025390625,341.92987060546875,635.14208984375,"Since the room includes that bulky black hot air brush and a straightener, can I save luggage space by leaving my own styling tools at home?",Is the black volumizer brush intuitive to use for a quick blowout before I head out for a day of solo exploring?,Does the vanity area have an easily accessible outlet near the mirror so I don't have to struggle with the cords on these tools?,"With both the yellow hairdryer and the hot air brush available, can two of us dry our hair at the same time without tripping a circuit breaker?",Is the yellow hairdryer quiet enough that I can use it early in the morning without waking up my partner?,"Are these professional-grade tools that will help us get ready quickly for our dinner reservations, or should we bring our own for better results?","Since we have a group getting ready for an event, does the hot air brush overheat or shut off if used back-to-back by multiple people?",Is there enough counter space away from the stone sink to safely set down the hot flat iron and dryer when several of us are in the bathroom?,Does the bathroom have a safe holder or heat-resistant mat for these tools so the cords don't become a tripping hazard for the kids?
image_162_jpg.rf.4cc12b93c7297affd5d43f7dc1c2ca11.jpg,hairdryer,0.360788345336914,97.7729949951172,87.1683120727539,539.6390380859375,575.9570922851562,"Since the handle has a visible seam, does it fold up to save space on the small vanity counter?","Is this compact UNIX dryer powerful enough to style my hair quickly before a business meeting, or is it fairly weak?","Does the nozzle attachment shown concentrate the heat well enough for straightening my hair, or should I bring my own?","Since the dryer looks quite small and modern, is the motor quiet enough to use without waking my partner in the morning?",Does the cord look long enough for me to dry my hair near the mirror while my partner uses the sink?,"Is this dryer strong enough for a nice dinner-date blowout, or will we struggle with two people trying to get ready?","With the heavy reinforced loop on the cord, is there actually a sturdy hook in the bathroom so we can keep it off the cluttered counter?",Does this small unit tend to overheat if we use it back-to-back for three or four family members?,Is the mesh air intake on the back safe and fine enough to use on kids without risking hair getting caught?
image_195_jpg.rf.a65b228ba561bc5716fb2b2e2dd342c9.jpg,hairdryer,0.2715258300304413,95.9365234375,99.44442749023438,509.7498168945313,647.1463012695312,Does the 'Turbo' setting on this ione dryer provide enough power to dry thick hair quickly before a morning meeting?,Is the cord attached to the base long enough to comfortably reach the mirror if the outlet isn't right next to the sink?,"Since it looks relatively compact, is this dryer lightweight enough to hold for a full styling session without my arm getting tired?",Is the motor quiet enough in 'Set' mode that I can dry my hair without waking my partner up in the same room?,Does the ionic feature indicated on the side actually help reduce frizz so we both look presentable for our dinner date?,Is the airflow strong enough to cut down drying time so we aren't fighting over who gets the bathroom first?,"If three or four of us use this dryer back-to-back, does the handle get uncomfortably hot or does the unit overheat?",Is the 'Cool' setting shown on the switch truly cold enough to be safe for drying my young children's sensitive scalps?,"Is that transparent nozzle attachment durable, or does it tend to fall off when the dryer is being passed around between multiple people?"
image_26_jpg.rf.a9c8b20cb01a3bdf9bfec15a5d6e72dd.jpg,hairdryer,0.1465590596199035,162.2990264892578,117.26930236816406,536.39013671875,563.3646240234375,"Since I'm traveling light and don't want to pack extra gear, is this Panasonic model powerful enough to dry thick hair quickly?","Does the slider switch on the handle offer multiple heat settings, or is it just a basic on/off function?",That nozzle attachment looks useful for styling—does it stay securely attached during use?,Is the cord shown long enough to reach a mirror comfortably if we are both trying to move around the bathroom at the same time?,"Since we like to get ready for dinner dates, does this dryer have a ""cool shot"" feature to help set our hair styles?",Is this compact dryer relatively quiet so I won't wake my partner if I need to use it early in the morning?,"Will this smaller, foldable unit overheat or shut off if we use it back-to-back for the whole family after a swim?","Is the handle sturdy enough to handle rough use by kids, or does the folding mechanism feel fragile?","Does the dryer body get hot to the touch after prolonged use, which might be a safety concern for the children?"
image_6_jpg.rf.362de8ab4ed13cb87af7954d0587c12b.jpg,hairdryer,0.5043118596076965,324.2683410644531,212.4330902099609,599.729248046875,495.4708251953125,"Is this compact Siegen dryer powerful enough to style my hair quickly, or should I pack my own professional one?",Does the handle fold at that hinge to save space on the bathroom counter while I'm getting ready?,Is the cord wrapped around the body long enough to reach the mirror comfortably if the outlet is far away?,Does that slide switch offer variable heat settings so the dryer works for both of our different hair types?,Is the motor quiet enough that I can dry my hair early in the morning without waking my partner?,"Since the iron is right next to it, are there enough power outlets to use both appliances at the same time?",Will this small travel dryer overheat or shut off if we need to dry three or four people's hair in a row?,"Is the airflow strong enough to get the whole family dry quickly after the pool, or is it too weak for heavy use?",Is the plastic body sturdy and cool enough to the touch for my teenagers to use safely?
image_74_jpg.rf.31cddcdb0f1fa41c46ab1da41f2b63c5.jpg,hairdryer,0.2181514650583267,117.32444763183594,193.19395446777344,564.9319458007812,550.7449951171875,"Since this looks like a compact travel model, is the airflow strong enough to dry thick hair quickly, or should I pack my own?",Is the cord bundled in the basket long enough to reach the mirror comfortably if the outlet isn't right next to the vanity?,"Does this dryer offer variable heat settings for styling, or is it just a basic?",Is the motor quiet enough that I can use it early in the morning without waking my partner sleeping in the adjacent room?,"Since it's stored in a basket rather than mounted on the wall, is there enough counter space for two of us to get ready at the same time?",Is this dryer powerful enough to cut down drying time so we aren't fighting over who gets to use the bathroom first?,"Since the dryer isn't attached to the wall, can we take it into the main room to dry kids' hair and free up the bathroom for others?",Is this small unit durable enough to handle back-to-back use by a whole family without overheating and shutting off?,"Is the cord sturdy and safe for children to handle, or does it feel frayed from being wrapped tightly in the basket?"
image_74_jpg.rf.31cddcdb0f1fa41c46ab1da41f2b63c5.jpg,hairdryer,0.1541745364665985,126.83647918701172,200.59927368164065,346.33819580078125,548.528076171875,"Since the dryer looks relatively small next to that toilet paper roll, is the airflow powerful enough to dry thick hair quickly, or should I pack my own?","Does the cord uncoil to a long enough length to reach the mirror comfortably, or will I be tethered close to the outlet?","Does this model have adjustable heat settings and a cool shot button, or is it just a basic on/off switch?",Is the motor quiet enough that I can dry my hair early in the morning without waking my partner sleeping in the next room?,"Does this dryer come with a concentrator nozzle attachment for styling, or is it just the basic unit shown here?","Since it's stored loosely in that basket, is it easy to tuck away to maximize counter space for two people's toiletries?","Is the hairdryer hardwired to the wall, or can we unplug it and use it in the main room to free up the bathroom for others?","With a family of four needing to get ready, does this small unit tend to overheat or shut off if used for 30 minutes straight?","Is the drying speed fast enough to get everyone ready on time, or is the wattage too low for heavy use?"
image_129_jpg.rf.0b4f5a84a2683477ae527a0a7f42b9ea.jpg,hairdryer,0.1207160949707031,48.352317810058594,107.93220520019533,546.6521606445312,638.5611572265625,"Since this is a smaller wall-mounted unit, does it actually have enough power to dry thick hair quickly, or should I pack my own?",Is the coiled cord long enough to let me stand comfortably in front of the mirror while styling?,"Does this model offer adjustable heat settings, or is it just a?",Is this dryer quiet enough that I can use it early in the morning without waking my partner up in the next room?,"Since it is bolted to the wall, does that mean we are forced to dry our hair in the bathroom rather than near a bedroom outlet?",Will this compact unit overheat or automatically shut off if both of us need to use it back-to-back?,Is the airflow strong enough to dry everyone's hair quickly so we aren't holding up the bathroom for the whole group?,Does the cord stretch far enough to safely dry a child's hair without them having to stand precariously close to the wall unit?,Is this mount sturdy enough to handle the wear and tear of a whole family using it every day?
image_270_fp_jpg.rf.dcb60bfc28653a28e8657743a9284746.jpg,hairdryer,0.1215655133128166,403.7883911132813,38.43639373779297,641.3565063476562,538.14501953125,Is this Britânia blender clean and hygienic enough for me to make my morning smoothies?,Does the control knob work smoothly to quickly blend a?,Does it have the specific settings I need for my hair type?,Does the Diamante 800 model have enough power to crush ice for our evening cocktails?,Is the pitcher capacity sufficient to blend drinks or a sauce for a dinner for two?,Is the noise level manageable so we don't disturb the room next door if we use it late at night?,What is the total liter capacity of the jar to verify it can make juice for the whole family at once?,Is the plastic pitcher durable and safe to use if we have children in the room?,Does the lid lock securely to prevent messy spills when blending large batches for a group meal?
image_171_jpg.rf.fe3eefd411fb92bef4fc810f31154eb0.jpg,hairdryer,0.1423231959342956,75.21180725097656,84.62762451171875,521.9522705078125,609.6060180664062,I see a hinge on the handle; does this fold up compact enough to easily stow away in the drawer so I have more counter space?,"Is the ""Turbo"" setting powerful enough to dry thick hair quickly so I can get out and explore the city faster?","Does the ""Cool"" setting on the switch actually blow cold air to set a style, or does it just blow lukewarm air?",Is the power cord shown in the photo long enough for me to reach the bedroom mirror if my partner is occupying the bathroom?,"How loud is this dryer on the ""Dry"" or ""Turbo"" setting—will it wake my partner up if I'm getting ready early?","Since we both need to get ready for dinner, is the airflow strong enough to cut down drying time so we aren't waiting on each other?","With multiple people needing to shower and dry off, does the unit overheat if we run it back-to-back for 3 or 4 people?",I see a loop at the base of the handle; is there a hook on the bathroom wall so we can hang it up and keep the counter clear for everyone's toiletries?,"Is the clear plastic nozzle attached securely, or does it fall off easily when handled by kids or multiple users?"
image_191_jpg.rf.d5eaee5f1d99025f99c914bbbb77e3e3.jpg,hairdryer,0.2610350251197815,166.80523681640625,57.84219741821289,527.9845581054688,636.2503051757812,"Since I see a concentrator nozzle attached, is this dryer precise enough to style my hair for a meeting, or is it just for rough drying?","Is the ""Black Mambo"" powerful enough to dry thick hair quickly so I don't waste my vacation time in the bathroom?",Is the handle lightweight and easy to grip for a long styling session on my own?,Is the cord attached to the wall base long enough to let me step aside so my partner can use the sink while I dry my hair?,How loud is this specific Aliseo model—will the noise wake my partner up if I'm getting ready early?,Does this dryer offer high enough heat settings to cut down drying time so we can both get ready faster?,Will this wall-mounted unit overheat and shut off if 3 or 4 family members use it back-to-back after swimming?,Is the silver holder sturdy enough to handle heavy daily use by kids and teenagers without breaking off the wall?,Does the exterior of the dryer stay cool to the touch so it's safe for the younger children to hold?
image_153_jpg.rf.607fe10e0f34d3f18c5bf50aa6148931.jpg,hairdryer,0.2775490283966064,360.5882568359375,93.80291748046876,619.9378051757812,393.9161987304688,"Since this is a compact wall-mounted model, is the airflow strong enough to dry thick hair quickly, or should I bring my own travel dryer?","Does that coiled cord stretch far enough to reach a mirror comfortably, or am I stuck standing right next to the wall?",Can I use the power socket built into the dryer's base to charge my shaver or phone while I get ready?,"Is this dryer located in the main sleeping area next to the kettle, meaning the noise might wake my partner up if I get ready early?","Since the unit looks quite small, does it have variable heat settings so it works for both short and long hair types?","Is the wall mount secure enough for daily use by two people, or does it feel flimsy when you pull the handle out?",We have a family of four; will this small dryer overheat or cut out if we all need to dry our hair one after another?,The loose hanging plug and cable tie look a bit messy—is this electrical setup safe to have around young children?,"Since the dryer is fixed to the wall right above the desk, will it create a bottleneck if someone else is trying to use the kettle or the workspace at the same time?"
image_101_jpg.rf.b66c79c540c6228f27ca3207e1ea611f.jpg,hairdryer,0.3227131068706512,36.227989196777344,128.40396118164062,620.1455078125,639.0357666015625,"Since it's branded ""Monster,"" does it actually have salon-quality power so I don't need to waste luggage space packing my own?",Is the handle comfortable and lightweight enough to hold for a full styling session on my own?,"Does the concentrator nozzle stay attached firmly, or does it fall off during use?",Is the motor quiet enough that I can dry my hair early in the morning without waking my partner?,Is the cord long enough to reach a mirror outside the bathroom so we can both get ready at the same time?,Does that loop at the base of the handle work well for hanging it up to save counter space for two people's toiletries?,Is this dryer robust enough to handle being used back-to-back by everyone in the family without overheating and shutting off?,Is the intake fan on the back covered securely so there is no risk of children's long hair getting sucked in?,Does the handle fold down to make it easier to store in a crowded bathroom drawer?
image_110_jpg.rf.c266e05379a7b351ff487f6635b952d6.jpg,hairdryer,0.2818789184093475,50.28087615966797,109.73766326904295,627.51806640625,635.771728515625,"I see the ""max travel"" label on the side; is the airflow powerful enough to dry thick hair quickly, or is it fairly weak?",Does the hinge on the handle allow it to fold up completely so it doesn't take up much counter space in a small bathroom?,"Since this looks like a compact unit, is the handle comfortable to grip for a full drying session?","If we both need to use this dryer back-to-back, does the small motor overheat or shut off automatically?",Does the switch on the handle offer multiple heat settings so we can adjust it for our different hair types?,Is this travel dryer quiet enough that I can use it early in the morning without waking my partner?,"Considering this is a small travel model, is it robust enough to handle the daily demand of a family of four?",Does the black nozzle attachment come off easily so we can dry the kids' hair faster with a wider airflow?,Is the cord attached to the base long enough to reach from the outlet to where the kids are standing?
image_131_jpg.rf.ab10d5f99f91af1372a6e0892ec4a985.jpg,hairdryer,0.1799267679452896,97.4334716796875,42.89020538330078,546.035400390625,633.2619018554688,"I see a ""Turbo"" feature on the handle—is the airflow strong enough that I can leave my own heavy dryer at home?","Does the clear styling nozzle stay attached securely, or does it fall off during use?","Is this dryer compact enough to fit easily in a drawer, or does it take up a lot of counter space?",Is the motor quiet enough that I can use it early in the morning without waking up my partner?,"Does the slide switch include a ""cool"" or lower heat setting so we can style our hair properly for a nice dinner out?",Is the cord long enough so one of us can dry our hair without blocking the other from using the sink?,Can this dryer handle running back-to-back for multiple family members without overheating and shutting off?,Is the plastic casing durable enough to withstand being handled roughly or dropped by kids?,"Does the ""Turbo"" mode dry hair fast enough to get everyone ready quickly so we aren't waiting around all morning?"
image_73_jpg.rf.818dcd65ce3a7db6d2d639cedd7db043.jpg,hairdryer,0.1252127885818481,18.89474868774414,56.49480819702149,594.733154296875,639.7071533203125,"Does the coiled cord stretch far enough to reach the mirror comfortably, or will I be stuck standing right next to the wall unit?","Is this standard wall-mounted model powerful enough for quick styling before a meeting, or should I bring my own travel dryer?","Looking at the handle, does it offer adjustable heat settings or just a?","Since the unit is fixed to the wall, does the cord extend far enough so I don't block the sink while my partner gets ready?",Is this older-style dryer quiet enough to use without waking my partner if I'm up early?,"Does this model have enough airflow power to style thick hair for a date night, or is it relatively weak?","With multiple people needing to shower, does this unit tend to overheat and shut off after running for 15-20 minutes straight?",Does the silver nozzle area get dangerously hot to the touch after drying several family members' hair?,Is the coiled cord long enough to safely reach a child standing away from the counter or sitting on a stool?
image_172_jpg.rf.d10436cde3de3de6ee99a7ae8091e539.jpg,hairdryer,0.3422451913356781,131.316650390625,62.074928283691406,410.8716125488281,634.7986450195312,"Is this compact dryer powerful enough to style my hair quickly before a meeting, or should I pack my own to be safe?","Does the sleek handle offer a good grip for maneuvering during a blowout, or is it slippery to hold?","Since it comes in a dedicated drawstring bag, is it easy to pack away to keep the limited counter space tidy for just me?",Is the cord shown long enough to reach a mirror in the bedroom so one of us can dry our hair while the other uses the bathroom?,Does the dryer operate quietly enough that I won't wake my partner up if I'm getting ready early in the morning?,"The bag promises ""impeccable hair,"" but does the dryer actually get hot enough to create a smooth look for a nice dinner date?",Will this small unit overheat or shut off if we use it back-to-back for three or four people getting ready at once?,Is the airflow strong enough to dry several heads of hair quickly so our family isn't stuck in the room all morning?,"Does the ""Wilde Aparthotels"" cloth bag help keep the cord and dryer contained and out of reach of curious toddlers?"
image_172_jpg.rf.d10436cde3de3de6ee99a7ae8091e539.jpg,hairdryer,0.2998474836349487,129.70594787597656,63.6454963684082,410.701904296875,636.6024780273438,Is this hairdryer powerful enough that I can leave my own at home and save space in my luggage?,Does the dryer allow for variable heat settings to prevent damage if I'm styling my hair every day of the trip?,"Since there isn't a nozzle attachment shown in the photo, is the airflow precise enough for detailed styling?",Is the motor quiet enough that I can dry my hair in the morning without waking my partner up?,Does the dryer work fast enough so we aren't waiting around to get ready for our dinner reservations?,"The bag says ""impeccable hair,"" but does the unit actually have professional-grade power for a blowout date night?",Will this hairdryer overheat or shut off if three or four of us need to use it back-to-back?,Is the body of the dryer durable enough to handle being passed around a busy hotel room without breaking?,"Since it comes in a drawstring bag, is there a safe, heat-resistant place to set it down while cooling so the kids don't touch it?"
image_119_jpg.rf.6de66f2558a1c952bbb78940f3a30f27.jpg,hairdryer,0.4286862909793854,135.67991638183594,25.467700958251957,475.700927734375,601.9693603515625,"I prefer to travel light, so is this Salonia dryer powerful enough that I can leave my own heavy hairdryer at home?","Does the folding handle mechanism feel sturdy, and does it lock firmly into place during use?","Since I need to get ready quickly in the morning, does this compact model offer high-speed airflow or just high heat?",Is this hairdryer quiet enough that I can dry my hair early in the morning without waking my partner?,We see the hanging loop on the cord; is there actually a hook near the bathroom mirror to keep the vanity space clear for both of us?,"Does this model have a ""cool shot"" button or variable settings so we can style our hair properly for a nice dinner out?","With the whole family needing to shower back-to-back, does this dryer overheat or shut off if used for 30 minutes straight?",Is the exterior of the dryer cool to the touch during operation so it is safe for the kids to handle?,Is the cord long enough to reach outside the bathroom so someone can dry their hair in the main room while others use the shower?
image_30_jpg.rf.0fc060fe054f272ddc11590f0cfb05e9.jpg,hairdryer,0.1473276764154434,121.79611206054688,15.939769744873049,514.521240234375,626.2380981445312,"Since the handle folds up to be so compact, does it actually have enough power to dry thick hair quickly before I head out?","I see a ""Turbo"" setting on the switch; is that powerful enough for styling, or is this mainly just for a quick rough dry?",Does the small size mean it's lightweight enough to hold for a while without my arm getting tired?,"Does using the ""Turbo"" mode make a loud high-pitched noise that might wake my partner if I get ready early?","We have different hair types; does the ""Cold"" setting listed on the handle work well for locking in a style?",Is the cord shown wrapped up long enough for two people trying to maneuver around a shared bathroom vanity?,"With a whole family needing to get ready, will this small dryer overheat if we use it on ""Dry"" or ""Turbo"" back-to-back for several people?",Does the folding hinge feel sturdy enough to handle being opened and closed multiple times a day by kids and adults?,Does that clear plastic nozzle attachment get dangerously hot to the touch after extended use?
image_157_jpg.rf.4799dd619d8175d1e581567ae0fadccb.jpg,hairdryer,0.1825654059648513,54.37824249267578,282.2378234863281,578.9107666015625,635.1874389648438,I see this is a full-sized 'Taiff Easy' model—is it powerful enough for a quick blowout so I can get out and explore sooner?,Is the handle ergonomic and lightweight enough for me to comfortably style the back of my head on my own?,"Does that concentrator nozzle stay attached securely for precise styling, or does it tend to fall off during use?","Since this looks like a salon-style dryer, is it quiet enough to use in the morning without waking my partner?",Is the cord long enough to allow me to stand back and dry my hair while my partner uses the sink?,That dryer looks fairly large on the counter; is there enough space left over for two people's toiletries?,"If three or four of us use this back-to-back after the beach, does the motor overheat and shut off?",Is the airflow strong enough to dry thick hair quickly so we don't create a long line for the bathroom?,I see a hanging loop on the handle; is there actually a hook on the wall to keep this safely out of the way of the kids?
image_169_jpg.rf.3fe4ba3cb7f7a5e94ebb20632d5a33bb.jpg,hairdryer,0.1385091692209243,32.04374313354492,155.0518035888672,592.5848388671875,638.2843017578125,"Since I'm traveling light and don't want to pack my own, is this Mondial dryer powerful enough to give a professional blowout?","I see it has ""Tourmaline Ion Technology"" written on the side; does that actually help keep hair smooth in humid weather?",Is that concentrator nozzle on the front removable if I just want to rough dry my hair quickly?,"We have dinner reservations and need to get ready fast—does the ""2500"" on the side imply high wattage for quick drying speed?",My partner usually sleeps in; is this full-sized dryer quiet enough to use without waking them up?,Do the switches on the handle allow for different heat settings so we can adjust it for both of our hair types?,"With four of us getting ready back-to-back, does this model tend to overheat if it's running for a long time?",Is the power cord long enough for someone to dry their hair outside the bathroom while others are showering?,"Since we have kids with us, does the red casing stay cool to the touch while it's in use?"
image_221_jpg.rf.23e255a055982864c4c13d38bbdb6896.jpg,hairdryer,0.1768224090337753,71.36015319824219,134.92050170898438,622.6260375976562,588.598388671875,"Since the cord is wrapped tightly around the rack, is there actually enough length to reach the mirror comfortably without being tethered to the wall?","That looks like a full-size model; does it offer strong, professional-grade airflow for quick styling, or is it fairly weak?","I see a concentrator nozzle attached—does it allow for precise styling for a night out, or does it tend to overheat the device?",Is this wall-mounted dryer quiet enough to use in the bathroom without waking my partner sleeping in the adjoining room?,"Does the cord extend far enough so one of us can dry our hair while the other uses the sink, or will we be crowding each other?","Since we both need to get ready, does this dryer work fast enough so we aren't fighting over bathroom time in the morning?","If our whole family uses this back-to-back, is it heavy-duty enough to handle the heat without shutting down automatically?","Is the wire rack mounted high enough to be out of reach of small children, and is it sturdy enough that they can't pull it down?","We have different hair types in our group; does this come with a diffuser attachment, or are we limited to just the nozzle shown?"
image_46_jpg.rf.e93d272311fc099941feef6611a7d6d3.jpg,hairdryer,0.1169138923287391,116.8777847290039,364.3359375,519.0567016601562,640.9240112304688,"I see the 'High' and 'Low' settings on the handle, but is the airflow actually strong enough to dry thick hair quickly so I don't have to pack my own?","Since this dryer sits in a dock on the desk rather than being mounted in the bathroom, is there a mirror directly in front of it for styling?","Does the grey concentrator nozzle stay firmly attached during use, or does it feel loose and flimsy?","Since the dryer is located on the desk area next to the TV remote, is it quiet enough to use without waking my partner if they are sleeping nearby?","Is the dryer hardwired into that base station on the desk, or can we unplug it and move it to the bathroom so we can both get ready at the same time?","With only two simple heat settings visible, does it have a 'cool shot' button hidden somewhere to set a style for a night out?","If our whole family needs to use this back-to-back after the pool, does this small unit tend to overheat and shut off?","Is the white docking station heavy and stable, or will the whole thing slide off the table if one of the kids accidentally pulls the cord?",That warning sticker looks serious—does the plastic casing get dangerously hot to the touch after running for 20 minutes?
image_179_jpg.rf.dfcab6f34aac37fde9e8914a8d46e717.jpg,hairdryer,0.1517044156789779,2.944202423095703,63.17005157470703,637.6234130859375,636.7832641601562,"Since I see a professional 2400W Blaupunkt dryer and a straightener provided, is the quality high enough that I can leave my own styling tools at home to save luggage space?",The hairdryer looks like a full-sized professional model; is it lightweight enough for one person to handle easily during a long styling session?,I notice the cords are bundled in the drawer—is the cord length on the dryer long enough to reach the mirror comfortably?,The image shows two identical hairdryers; does the bathroom actually have enough outlets for both of us to dry our hair at the same time before a night out?,"With such a powerful 2400W motor, is the noise level low enough that I can dry my hair without waking my partner up?","Since there is a flat iron included next to the dryers, can we rely on these tools for a date night look without cluttering the vanity with our own gear?","With a high-powered 2400W dryer available, does it dry hair fast enough to get the whole family ready quickly after a swim?","Since there are multiple cords and devices stored in this drawer, is it easy to pack everything back away neatly so the kids don't trip on wires?",Does the straightener have adjustable temperature controls on that dial so it's safe to use on different family members with varying hair types?
image_198_jpg.rf.29a9fb14446788a27b19b04e220c6e5d.jpg,hairdryer,0.2811053097248077,106.03679656982422,365.51361083984375,445.2978210449219,565.0317993164062,"Since there is a concentrator nozzle attached, is this dryer precise enough for styling so I can save luggage space by leaving mine at home?",Is the cord that's wrapped around the handle long enough to comfortably reach the mirror while I'm getting ready?,Is this a full-power standalone unit rather than those weak wall-mounted vacuums often found in hotel bathrooms?,"Seeing the red switch on the handle, does it offer multiple speed settings so I can use a quieter mode while my partner is still sleeping?","Since the dryer isn't bolted to the wall, can we move it to a plug near better lighting if the bathroom is occupied?",Does this model have a cool-shot function to help set our hair styles before we go out for dinner?,"With several of us needing to shower in the morning, does this dryer overheat if used back-to-back for a long time?",Can that narrow nozzle be removed to create wider airflow and dry the kids' hair faster?,Is the hairdryer lightweight enough for teenagers to handle safely on their own without dropping it?
image_198_jpg.rf.29a9fb14446788a27b19b04e220c6e5d.jpg,hairdryer,0.1383716762065887,107.42448425292967,361.4703063964844,458.18701171875,635.2509155273438,"Since this looks like a full-size ""Hairscape"" model rather than a travel dryer, is it powerful enough that I can leave my own hair tools at home?","Does the concentrator nozzle shown on the front actually stay attached securely while styling, or does it tend to fall off?","With the cord wrapped around the handle like that, is the cable long enough to reach a mirror if the outlet isn't right next to the vanity?","Since the dryer isn't mounted to the wall, can we easily unplug it and move it to the bedroom so one of us can get ready while the other uses the shower?","Is this dryer relatively quiet, or will the noise wake my partner up if I'm getting ready early in the morning?","Is the airflow strong enough for styling hair for a nice dinner out, or does it just blow weak, hot air?",We have several people who need to get ready in the morning; does this dryer have the endurance to run for 20-30 minutes without overheating?,"Does it dry hair fast enough to keep our group on schedule, or will we be waiting on the bathroom forever?",Are there different heat settings on the handle so we can adjust it for both adults and children with more sensitive scalps?
image_198_jpg.rf.29a9fb14446788a27b19b04e220c6e5d.jpg,hairdryer,0.116882100701332,106.3801727294922,370.712890625,377.4803161621094,563.2390747070312,"Since this Hairscape dryer looks like a full-size model, is it powerful enough that I can leave my own at home to save luggage space?",The cord is wrapped quite tightly around the handle; is it actually long enough to reach the mirror comfortably?,"Does that narrow concentrator nozzle stay attached securely during styling, or does it tend to fall off?",Is this dryer quiet enough to use in the morning without waking my partner while they're still sleeping?,"Since it isn't wall-mounted, can I take it out of the bathroom to dry my hair in the main room so we can both get ready at the same time?","Does it have adjustable heat settings to handle different hair types, or is it just a basic on/off model?",Will this unit overheat and shut off if three or four of us need to dry our hair back-to-back before heading out?,"considering how tightly the cord is wound, does the wiring seem safe and durable for kids or teenagers to handle?","Is the dryer robust enough to handle heavy daily use by a whole family, or does the plastic casing feel flimsy?"
image_13_jpg.rf.32bf2d0bc5caa4f74a07ed7554e02a41.jpg,hairdryer,0.1095287576317787,92.52356719970705,71.74986267089844,281.5773010253906,511.6055908203125,"Does the ""Turbo"" setting actually provide enough power to dry thick hair quickly, or should I still pack my own travel dryer?","I see specific ""set"" and ""cold"" modes on the handle; are these effective enough for styling my hair for a business meeting?","Is the unit lightweight and easy to maneuver, or is the cord restrictive since it looks attached to the wall station?","If I use the hairdryer on ""Turbo"" while my partner is still sleeping, is the motor loud enough to wake them up?",Does the coiled cord extend far enough to let me stand back from the mirror so my partner can use the sink at the same time?,"Is the ""set"" or ""cold"" air function strong enough to cool down the bathroom, or does the dryer generate a lot of ambient heat?","With a family of four needing to get ready, does this unit tend to overheat and shut off after consecutive uses?","Is the ""cold"" setting gentle and cool enough to safely dry my young children's hair without burning their scalp?","Since this looks like a wall-mounted unit, are we forced to dry everyone's hair in the bathroom, or can it be unplugged and moved to the main room?"
image_85_jpg.rf.893c2e91bd918ef63b40e1c64c73c2c9.jpg,hairdryer,0.305697351694107,102.84562683105467,176.4366455078125,432.4527587890625,458.2891845703125,"Since I see a straightener included, can I save luggage space by leaving my own styling tools at home?","Does that compact UNIX hairdryer have multiple heat settings, or is it just a basic on/off travel model?",Is the airflow on this smaller dryer strong enough to dry thick hair quickly before I head out for the day?,Is the hairdryer quiet enough to use in the morning without waking my partner up?,"Since both a dryer and straightener are provided, are there enough outlets near the mirror for us to use them?",Does the straightener heat up fast so we don't spend too much time getting ready for our dinner reservations?,Is this small dryer robust enough to handle back-to-back use for the whole family without overheating?,Are the cords on these devices long enough if I need to dry a child's hair while they sit on a chair or the bed?,Does the straightener have an automatic shut-off feature for safety in case we forget to unplug it during the chaos of getting everyone ready?
image_82_jpg.rf.a29dbe798ea3500d618b7f734decaebc.jpg,hairdryer,0.2983596920967102,70.74150085449219,46.873779296875,426.9036254882813,636.6043090820312,"Since I'm traveling light, is this 2000W dryer powerful enough that I can leave my personal one at home?","Does the ""Ionic"" feature labeled on the side actually help with frizz, or should I still pack my smoothing products?",Is the concentrator nozzle removable if I just want to rough dry my hair quickly before exploring the city?,"Seeing that it isn't wall-mounted, is the cord long enough for one of us to use it near the bedroom mirror while the other uses the shower?",Is this Grundig model quiet enough that I won't wake my partner up if I need to get ready early in the morning?,"Since we have date nights planned, does this dryer offer enough heat control for a proper blowout?","With four of us needing to get ready, does this high-wattage dryer work fast enough to get everyone's hair dry without overheating?","Since it's pictured loose on a stool, is there a high shelf or cupboard where we can store it safely away from our toddlers?",Is the handle lightweight and easy to grip so my older kids can dry their own hair without help?
image_271_fp_jpg.rf.0e4e62afe686fa0001b7f2d47257705e.jpg,hairdryer,0.1118561252951622,246.4794006347656,26.202449798583984,410.516357421875,618.0846557617188,Is this Nespresso machine stocked with enough pods for my daily morning coffee?,Does the drip tray fold up so I can fit a tall travel mug under the spout?,Is the machine intuitive to use for a quick espresso before I leave for the day?,Does the water tank hold enough water to make two large coffees without needing a refill?,Is the machine quiet enough to operate early in the morning without waking up my partner?,How long does the machine take to reheat between brewing the first and second cup?,"Is the water reservoir large enough to handle multiple coffees for the family, or will we be constantly refilling it?","Since there is a kettle right next to it, is there enough counter space for two people to make tea and coffee simultaneously?",Are there enough electrical outlets to use both the espresso machine and the kettle at the same time?
image_23_jpg.rf.b7395d244b718d2ef69840037e0b8a9f.jpg,hairdryer,0.1105253994464874,99.20223236083984,148.87551879882812,499.75384521484375,631.9067993164062,"Is this GAMA wall-mounted dryer powerful enough for thick hair, or should I pack my own travel dryer?",Does the coiled cord stretch far enough to reach the mirror comfortably without pulling out of the wall mount?,"Since it's attached to the wall, are there variable heat settings, or is it just a?",Is this dryer quiet enough to use in the morning without waking up my partner sleeping in the main room?,Does the unit overheat or shut off automatically if we both need to dry our hair back-to-back?,"With the dryer mounted right above the wooden counter, is there still enough shelf space for two people's toiletries?",Is there an accessible outlet nearby to plug in our own styling tools since this one is permanently attached to the wall?,"Is the wall mount sturdy and safe for children to handle, or does the plastic feel flimsy?","With the short coiled cord located so close to the sink, is it safe for multiple kids to take turns using it?"
image_126_jpg.rf.351a777844b804d2a48127d84a813661.jpg,hairdryer,0.1363690495491027,224.41896057128903,161.9575653076172,586.0009155273438,644.9175415039062,"Is this wall-mounted dryer powerful enough to dry thick hair quickly, or should I pack my own travel dryer to save time?",Does the coiled cord stretch far enough to comfortably stand in front of the mirror without pulling back against the wall?,"Can the outlet built into the base be used to charge a phone or electric toothbrush, or is it strictly for shavers?","Is the motor quiet enough to use while my partner is still sleeping in the room, or is it very noisy?","Since the unit is fixed to the wall, is there enough counter space directly underneath it for two people's toiletries?",Can we use the shaver socket on the base at the same time the hairdryer is running?,Will this small unit overheat and shut off if 3-4 family members try to dry their hair back-to-back?,"Is the mounting height accessible for older children to use on their own, or will an adult need to assist?","Given the compact size, is the airflow strong enough to get a whole family dry and out the door on time?"
image_39_jpg.rf.1a290a9da392a913afc0080c4df5e187.jpg,hairdryer,0.1686639338731765,5.978355407714844,79.8250961303711,591.9254150390625,637.7501831054688,"Since the dryer is marked ""Tourmaline Ion,"" is it high quality enough that I can leave my own heavy styling tools at home?",The cord looks quite thick and long in the photo; does it have enough reach for me to move around freely while getting ready?,Is this Taiff model heavy to hold for a long time if I have a complex styling routine?,"Since this looks like a professional-grade dryer, is it powerful enough to dry our hair quickly so we aren't fighting over bathroom time?",It looks like a substantial unit; is it quiet enough to use in the morning without waking my partner up?,The dryer takes up a bit of space on the granite countertop; is there a hook or drawer provided to store it so we have room for two hygiene kits?,"With the ""Ceramica"" heating element, does the dryer maintain a safe temperature without overheating if the whole family uses it back-to-back?",Is the long cord durable and safe enough to reach a child sitting on a chair away from the wet sink area?,This looks like a powerful dryer; does it have adjustable heat settings suitable for both adults' thick hair and children's fine hair?
image_189_jpg.rf.ccdc4f2fa16335dca3133bdb6b2d88cb.jpg,hairdryer,0.1980234384536743,133.7899169921875,108.64849090576172,599.51708984375,635.1093139648438,"Since this Koenic dryer looks like a full-size model rather than a weak travel version, can I save luggage space by leaving mine at home?",I see multiple switches on the handle—does this offer enough variable heat and speed settings for precise styling?,Is the power cord shown long enough to reach the mirror comfortably if I'm getting ready for a business meeting?,We have different hair types; do the side switches visible on the handle allow for both high heat for drying and a cool shot for setting?,"Since this is a handheld unit and not a wall-mounted tube, is it quiet enough to use early in the morning without waking my partner?","It looks like a sturdy consumer unit, but does it have enough airflow power to dry long hair quickly so we can get out to dinner faster?","Because this dryer isn't bolted to the bathroom wall, can we unplug it and take it to the bedroom to free up the bathroom for other family members?","With four of us needing to get ready, is this model durable enough to handle back-to-back usage without overheating?",Does the nozzle attachment stay cool enough to touch so we can safely pack it away immediately if the kids are running around?
image_102_jpg.rf.e3ff3ffec13f854b65223d728912a53d.jpg,hairdryer,0.2146227210760116,125.86744689941406,137.72607421875,631.9878540039062,640.7156982421875,"Since I like to travel light, is the ""Turbo"" mode on this Panasonic dryer powerful enough that I don't need to pack my own?","Does the handle fold up as the design suggests, making it easy to keep the counter tidy in a small room?","Is the ""Care"" setting effective for quickly drying hair without heat damage so I can get out the door faster?","Is the fan noise on the ""Turbo"" setting quiet enough that I can dry my hair early in the morning without waking my partner?","With the specific ""Cold"" and ""Care"" settings shown on the handle, is this dryer high-quality enough for styling hair for a nice dinner out?","Since we both need to get ready, does this dryer work fast enough so we aren't waiting on each other for bathroom time?","If we use this dryer back-to-back for multiple people, does the compact body get too hot to handle?","Is the ""Care"" mode gentle and cool enough to use safely on young children's fine hair?","Since this looks like a smaller travel model, is it robust enough to handle drying thick hair for the whole family without shutting off?"
image_98_jpg.rf.1627fe0d93bfea7199628dcf80dc7e15.jpg,hairdryer,0.3195865750312805,78.9377212524414,174.29244995117188,537.912109375,633.956787109375,"Is the cord long enough to reach the mirror comfortably, or will I be stuck standing right next to the outlet?","Does that detachable nozzle snap on securely for styling, or does it tend to fall off during use?","Is this a full-power unit suitable for a quick morning blowout, or just a weak travel dryer that takes forever?","Since that appears to be a European plug, will we need to bring an adapter to use it for our trip?",Is the motor quiet enough that I can dry my hair without waking my partner up?,Is it powerful enough to dry long hair quickly so we don't waste time getting ready for dinner?,"Can this dryer handle running for 30+ minutes while the whole family gets ready, or does it overheat and shut off?",Is the plastic casing durable enough to survive if the kids accidentally drop it on the bathroom floor?,Does the rear air intake have a fine enough mesh to be safe around children's hair?
image_149_jpg.rf.0a7c59d9295c5ec989dfa13faccc742f.jpg,hairdryer,0.1055843159556388,113.04605102539062,143.56507873535156,581.4356689453125,526.5009765625,"Is the ""1200"" watt power strong enough to dry my hair quickly before a business meeting, or should I pack my own travel dryer?","Since the handle folds down, does it fit easily into the vanity drawer so I can keep the counter space clear for my other toiletries?","Does the ""Turbo"" switch offer enough heat variation for styling, or is it just one standard setting?","Is the ""Turbodry"" feature loud enough to wake my partner if I'm getting ready early in the morning while they sleep?","With two of us sharing the bathroom, does the hanging loop at the base actually fit on the wall hooks to keep the space tidy?",Does the folding hinge feel sturdy enough to handle daily use by two people without becoming loose?,Will this small Panasonic dryer overheat if four of us need to use it back-to-back after coming from the hotel pool?,Is the cord long enough to reach comfortably if I'm drying my child's hair while they sit on a chair away from the outlet?,"Considering the compact plastic design, is it durable enough to survive if one of the kids accidentally drops it?"
image_149_jpg.rf.0a7c59d9295c5ec989dfa13faccc742f.jpg,hairdryer,0.3996227383613586,5.133323669433594,141.2216339111328,573.4387817382812,534.9378051757812,"Since this is a compact folding model, does it have enough power to dry thick hair quickly, or should I pack my own full-sized dryer?","Does the handle lock firmly into place when unfolded, or does it feel flimsy during use?","Is that a variable speed switch on the handle, or does it just have one high-heat ""Turbo"" setting?","With the ""TurboDry"" label, is this unit quiet enough to use in the morning without waking up my partner?",We both need to get ready for dinner; does this 1200-watt motor dry fast enough so we aren't fighting for bathroom time?,The cord looks a bit standard; is it long enough to reach the mirror if the outlet isn't right next to the vanity?,Will this small travel-sized dryer overheat if we need to dry three or four people's hair in a row after the pool?,I see a hanging loop on the cord; is there a hook in the bathroom to keep this safely out of reach of children and off wet counters?,"Does the nozzle area get extremely hot to the touch after extended use, which might be a safety concern for the kids?"
image_149_jpg.rf.0a7c59d9295c5ec989dfa13faccc742f.jpg,hairdryer,0.1264064162969589,4.770030975341797,398.2849426269531,499.2876586914063,543.036865234375,Does that folding handle mean I can easily tuck it away to save counter space in a small?,Can I easily style my hair with one hand?,Does it have the specific settings I need for my hair type?,"Since there's a hanging loop, can we keep this off the counter to make room for both our toiletries?",Is this compact dryer quiet enough to use without waking my partner if I get up first?,Will this small unit overheat or shut off if we both need to dry our hair back-to-back before dinner?,Is the plastic casing durable enough to handle being passed around by a whole family every morning?,Does the folding mechanism lock securely so it doesn't collapse while trying to dry a child's hair?,Is that cord reinforcement strong enough to withstand heavy daily use by multiple people?
image_135_jpg.rf.2b354ab2ab466592db5d2e93f1c3a082.jpg,hairdryer,0.1754622012376785,17.14202880859375,3.542194366455078,558.8739013671875,639.5858764648438,Is the Black Mambo dryer powerful enough for quick styling so I can leave my bulky hairdryer at home and save luggage space?,"Does that coiled cord stretch far enough to let me stand comfortably in front of the mirror, or am I tethered to the wall?","Since I'm traveling for business, does the concentrator nozzle help smooth out frizz quickly for morning meetings?",Is the motor quiet enough that I can use it early in the morning without waking my partner sleeping in the next room?,"Does the dryer provide professional-quality heat for a nice blowout, or should we pack our own for date nights?",Is the drying speed fast enough so we aren't fighting over bathroom time when getting ready together?,Is the dryer body durable and easy to grip in case the kids accidentally drop it on that marble countertop?,Does the coiled cord extend low enough to easily dry a child's hair if they aren't tall enough to reach the vanity?,"With the compact size, does it still have enough airflow to get a whole family dried and ready quickly in the morning?"
image_135_jpg.rf.2b354ab2ab466592db5d2e93f1c3a082.jpg,hairdryer,0.2534880042076111,213.91665649414065,83.8717269897461,552.48876953125,623.047607421875,"I see this is a ""Black Mambo"" model; does it have enough power to dry thick hair quickly so I don't need to pack my own travel dryer?","Is the cord shown long enough to let me move freely, or will I be stuck standing right next to the wall outlet while drying?",Does that concentrator nozzle come off easily if I prefer a wider airflow for rough drying my hair?,"Since the bathroom might be close to the bed, is this compact dryer quiet enough to use without waking my partner?","We have a nice dinner planned; does this dryer get hot enough to actually style hair for a night out, or is it just for basic drying?",Is the matte finish on the handle comfortable to grip if we are both using it with hair product on our hands?,"With four of us getting ready in the morning, does this unit overheat and shut off if used for 30 minutes straight?","Does the tip of that nozzle stay cool to the touch, or do I need to be careful letting my kids handle it after it's been running?",Is the build quality sturdy enough to survive an accidental drop on that marble countertop if the kids are using it?
image_41_jpg.rf.7dcdacab192420b6c654e2d5c36025ba.jpg,hairdryer,0.1216818541288375,105.23316955566406,16.090354919433594,544.2285766601562,639.9735107421875,"Since the room includes a Salonia styling iron, can I save luggage space and leave my own straightener at home?","Is the white hairdryer powerful enough to dry thick hair quickly, or is it a lower-wattage travel model?","Does the black styling tool function as both a curler and a straightener, giving me versatile styling options?",Are there enough accessible outlets near the mirror to plug in both the hairdryer and the iron so we can get ready simultaneously?,Is the hairdryer quiet enough to use in the morning without waking my partner while they're sleeping?,"Are these name-brand Salonia tools high-quality enough for date-night styling, or should we still pack our professional gear?","With a full itinerary, does this dryer have strong enough airflow to dry everyone's hair quickly in the morning?",Does the hair iron feature an automatic shut-off for safety in case we forget to unplug it during the rush to leave?,Are the cords on these devices long enough to reach past the sink so one person can dry their hair while another brushes their teeth?
image_67_jpg.rf.25db84bf014ec6d91e485e6854068c88.jpg,hairdryer,0.1469309628009796,2.937335968017578,36.12651824951172,528.996826171875,559.220947265625,"Is the cord shown here long enough to reach the mirror easily, or will I be stuck standing right next to the outlet?","Does the ""Turbo"" setting on the handle provide enough power to dry my hair quickly so I can get out and explore?","Since the handle folds down compactly as shown, does it fit easily into a drawer to keep the limited counter space clear for my things?",Is the motor on this specific model quiet enough that I can dry my hair without waking my partner sleeping in the same room?,"I see ""Set"" and ""Cool"" options on the switch; are these effective enough for styling hair for a nice dinner out?",Is this dryer durable enough to handle two people getting ready back-to-back without overheating and shutting off?,"With the whole family needing to get ready, is this compact dryer powerful enough to dry everyone's hair before checkout time?",Is the plastic housing and folding mechanism sturdy enough to withstand kids handling it roughly?,"Since the dryer looks quite small, does it have enough airflow to manage thick hair for multiple people, or should we bring our own full-sized one?"
image_218_jpg.rf.d0589163d6378b2e47f4136657929466.jpg,hairdryer,0.1814950555562973,198.5040435791016,117.60153198242188,639.9694213867188,485.8409118652344,"Since this is a branded Remington model rather than a generic wall unit, is it powerful enough that I can save space in my luggage and leave my own dryer at home?","Does the concentrator nozzle attachment stay firmly in place for precise styling, or does it tend to fall off during use?","Looking at the handle design, are the red heat and speed switches easy to adjust with one hand while I'm styling my hair?","With two of us needing to get ready, does this full-sized dryer work fast enough so we aren't fighting over bathroom time?",Is the motor quiet enough that one of us can dry our hair in the morning without waking the other person sleeping nearby?,Do the multiple switch settings allow for both high heat for thick hair and a gentler setting for finer hair so it works for both of us?,"Since this appears to be a plug-in model rather than wall-mounted, is the cord long enough to take into the bedroom so we can free up the bathroom for the rest of the family?","If four of us use this back-to-back after the beach or pool, does the unit tend to overheat and shut down?",I see a hanging loop on the cord; is there a hook available to keep the dryer safely off the wet counter when the kids are splashing in the sink?
image_218_jpg.rf.d0589163d6378b2e47f4136657929466.jpg,hairdryer,0.1116594225168228,199.14089965820312,120.24555206298828,403.4769287109375,478.240234375,I see this is a Remington model; is it powerful enough that I can save luggage space and leave my own dryer at home?,"Does the dryer offer variable heat and speed settings on those handle switches, or is it just a basic on/off model?",Is the concentrator nozzle shown in the photo removable if I want to dry my hair faster without precision styling?,Is this dryer quiet enough that I can use it in the bathroom without waking my partner in the bedroom?,Does the dryer heat up and dry hair quickly so we aren't fighting for time in front of the mirror before dinner?,"Since this looks like a full-sized unit, is there enough counter space to set it down while we are both getting ready?","With a whole family needing to get ready, does this dryer have a professional motor that won't overheat after back-to-back uses?",Is the cord long enough so that one person can dry their hair just outside the bathroom while someone else uses the shower?,"Does the nozzle attachment get dangerously hot to the touch, or is it safe enough for my children to handle?"
image_218_jpg.rf.d0589163d6378b2e47f4136657929466.jpg,hairdryer,0.1034389585256576,355.7772827148437,211.43638610839844,638.3422241210938,471.1974487304688,"Since I see red switches on the handle, does this dryer offer separate heat and speed settings so I can style my hair specifically how I like it?",Is this Remington model powerful enough that I can leave my own bulky hairdryer at home to save space in my carry-on?,Is the concentrator nozzle shown on the front removable if I just want to diffuse air rather than style precisely?,Is the power cord seen at the base long enough to reach a mirror outside the bathroom so one of us can dry our hair while the other showers?,"Does the hanging loop on the handle allow us to hang it up easily, keeping the counter space free for both of our toiletry bags?",Is this dryer powerful enough to dry hair quickly so we aren't taking turns waiting on the bathroom for an hour before dinner?,"With a family of four needing to get ready, does this unit overheat or shut off if used back-to-back for multiple people?",Is the black plastic casing durable enough to handle being used (and potentially dropped) by children and teenagers?,Does the nozzle attachment stay cool to the touch during prolonged family use so it's safe for the kids to handle?
image_38_jpg.rf.f992f64b13efceca765b8b26fb53fddb.jpg,hairdryer,0.1539533287286758,418.74603271484375,165.33688354492188,580.510009765625,564.1646118164062,Is the hairdryer powerful enough for quick solo styling?,Can I easily style my hair with one hand?,Does it have the specific settings I need for my hair type?,"Is the fixture modern and shiny enough to contribute to a nice, upscale aesthetic for our romantic getaway?",Is the spout positioned high enough to easily fill up our water bottles before we head out for the day?,Is the sink area around this tap spacious enough to hold toiletry bags for two people?,Is the lever handle easy for children to reach and operate to wash their hands independently?,Is there enough clearance under the spout to rinse out larger items like sippy cups or baby bottles?,Is the fixture sturdy and securely mounted to withstand frequent use by everyone in the family?
image_38_jpg.rf.f992f64b13efceca765b8b26fb53fddb.jpg,hairdryer,0.3406619429588318,2.6388931274414062,126.49919128417967,378.966064453125,578.755859375,"Since the handle has a hinge for folding, is this dryer powerful enough for a quick morning routine, or is it fairly weak?",Does the compact size mean there's plenty of extra counter space left on the sink for my personal toiletries?,Is the cord with that hanging loop long enough to reach the mirror comfortably if I'm getting ready alone?,Is this small dryer quiet enough to use without waking my partner if I get up early?,"Does it offer enough airflow to properly style hair for a nice dinner date, or is it just for basic drying?",Is the heat adjustable so it works well for both of our different hair types?,Can this compact unit handle being used back-to-back by multiple family members without overheating and shutting off?,Does the folding handle feel sturdy enough to withstand constant opening and closing by everyone in the group?,Is that rear mesh filter safe enough to keep children's long hair from getting sucked into the motor?
image_93_jpg.rf.1bd27da69fc492fb9605a9b55f013122.jpg,hairdryer,0.3809221982955932,92.32804870605467,6.169700622558594,637.15771484375,637.8587036132812,"Does the switch on the handle offer enough power on setting ""2"" to dry thick hair quickly, or should I pack my own travel dryer?","Since it is tethered to the wall mount, is the cord long enough for me to stand comfortably in front of the mirror while styling?",Is this compact Valera model lightweight enough to hold for a long blowout without my arm getting tired?,"Because the unit is wall-mounted, does the cord stretch far enough so I can dry my hair without blocking my partner from using the sink?",Is the motor on this specific model quiet enough that I can use it early in the morning without waking my partner?,Does the dryer maintain a consistent temperature if two of us use it back-to-back to get ready for dinner?,"With a whole family needing to get ready, does this unit tend to overheat and shut off automatically after prolonged use?",Is the plastic wall casing sturdy enough to handle frequent tugging and use by multiple children and adults?,"Does the lower ""1"" setting provide a cool enough airflow to safely dry a young child's hair without burning them?"
image_93_jpg.rf.1bd27da69fc492fb9605a9b55f013122.jpg,hairdryer,0.1294015049934387,88.93707275390625,17.19003677368164,638.0111694335938,418.32763671875,"Since I see only two speed settings on the handle, is the highest setting powerful enough to dry thick hair quickly, or should I pack my own travel dryer?","Does this wall-mounted model have a ""cool shot"" button for styling, or does it only blow hot air?","Is the nozzle on this Valera unit narrow enough to smooth out frizz, or is the airflow too wide for precise styling?",Is this wall-mounted unit quiet enough that I can use it early in the morning without waking my partner sleeping in the next room?,"Since this is a compact model, does it tend to overheat or shut off if we both use it back-to-back to get ready for dinner?",Is the cord attached to the wall base long enough for me to move around the mirror while my partner is also using the bathroom sink?,"With a whole family needing to get ready, is this small dryer robust enough to handle 3-4 people in a row, or will it slow us down significantly?","Does the exterior of the nozzle get extremely hot during use, or is it safe enough for my children to handle by themselves?","Since this is fixed to the wall, is the airflow strong enough to dry hair quickly so we don't cause a bottleneck in the bathroom each morning?"
image_183_jpg.rf.96a2a90576363f3ded7c801f6c561d75.jpg,hairdryer,0.2664172649383545,23.344268798828125,99.41638946533205,563.244384765625,443.5380554199219,"It looks like a compact travel model; is the airflow powerful enough to dry thick hair quickly, or should I still pack my own professional one?","Since this isn't a wall-mounted unit, is the cord wrapped around it long enough to reach the mirror comfortably?","Does this handheld dryer offer variable heat settings for styling, or is it just a basic?",Will this small dryer overheat or automatically shut off if the two of us use it back-to-back before dinner?,Is the motor quiet enough that one of us can dry our hair without waking the other person sleeping nearby?,"Since it's stored loosely in a basket, can we easily move it to a different outlet so we aren't both crowding the bathroom mirror at the same time?","Is this the only hairdryer provided for the suite, or can we request a second one to help our group get ready faster?","Given that it looks like a smaller standard unit, will it hold up to drying four people's hair after a swim without burning out?",Is the exterior of the dryer cool to the touch during use so it's safe for the younger children in our family to handle?
image_168_jpg.rf.2f6853b97ee45acd179c14020c5262c1.jpg,hairdryer,0.1190390810370445,42.21773147583008,11.080951690673828,634.0413818359375,544.427490234375,I see the 2100W rating on the handle; is it powerful enough to dry thick hair quickly so I can get out and explore the city?,"Is this full-sized Gama dryer heavy to hold for a long time, or is it lightweight enough for doing a blowout on my own?","Does the ceramic ion feature actually leave hair smooth, or should I save space in my suitcase by leaving my own styling tools at home?",Is the cord bundled in the photo long enough to reach a mirror outside the bathroom so I can dry my hair while my partner showers?,"Since this is a high-powered dryer, is it quiet enough to use in the morning without waking my partner up?","Does the concentrator nozzle attachment stay on securely, or does it get loose if we are both swapping it on and off?","If our whole group uses this dryer back-to-back before an event, does it tend to overheat and shut off?",Is the airflow strong enough to get a family of four ready quickly so we aren't late for our morning tours?,Does the black plastic body stay cool to the touch so it's safe to pack away immediately if we are rushing to check out?
image_58_jpg.rf.1d685ca5d4fd289fcd56501c28edd853.jpg,hairdryer,0.1750039905309677,265.1601867675781,147.18121337890625,488.0904846191406,632.9320678710938,"Since I have thick hair, is this compact ""Easy Dryer"" powerful enough to dry it quickly, or should I save time by packing my own?",The coiled cord looks a bit tight in the photo; does it stretch far enough to stand comfortably in front of the mirror?,"Does the ""ION"" feature actually help with frizz as labeled, or is this just a standard low-wattage hotel unit?",Is this Britania model quiet enough that I can use it in the morning without waking my partner sleeping in the next room?,"We have dinner reservations; is this wall unit reliable for actual styling, or is it only good for a quick rough dry?",Is the dryer mounted in a spot where one of us can dry our hair while the other still has enough elbow room to brush their teeth?,Can this small unit handle being used back-to-back by a family of four without overheating and shutting down?,Is the cord flexible and long enough to reach a child standing on a step stool or sitting nearby?,Is the wall mount secure and high enough to keep the device out of reach of curious toddlers?
image_141_jpg.rf.17837d546911dbca46ae994d663c4ab8.jpg,hairdryer,0.1425652801990509,281.9812316894531,139.3464813232422,640.4153442382812,470.82220458984375,I see a concentrator nozzle on the front; does it stay firmly attached for precise styling or fall off easily?,Does the slide switch on the handle offer a high-heat setting strong enough to dry thick hair quickly before a meeting?,"Is this ""mia"" brand dryer lightweight enough to hold for a full styling session without my arm getting tired?",Is the motor on this dryer quiet enough that I can use it early in the morning without waking my partner?,"Looking at the cord guard at the base, is the cable long enough for me to stand back and dry my hair while my partner uses the sink?","Does this model have a cool-down period, or can we use it back-to-back without it overheating when we're getting ready for dinner?",Is this compact dryer powerful enough to handle drying hair for a family of four in a row without burning out?,"Does the silver casing get too hot to the touch after prolonged use, or is it safe for my kids to handle?","Since our group has different hair textures, is that black nozzle removable to allow for wider airflow?"
image_141_jpg.rf.17837d546911dbca46ae994d663c4ab8.jpg,hairdryer,0.1004054769873619,418.20068359375,160.5181121826172,639.0436401367188,431.2896728515625,"Does the ""2"" setting on the switch provide enough power to dry thick hair quickly before a morning meeting?","Since I don't see a separate button on the handle, does this model lack a ""cool shot"" feature for styling?","Is this ""mia"" brand dryer lightweight enough to hold for a full blowout without my arm getting tired?",Is the motor quiet enough on the lower setting to not wake my partner if I get ready earlier than them?,Does the cord coming out of the handle have enough length for me to step back and let my partner use the sink while I dry my hair?,We both need to get ready for dinner fast; is the airflow strong enough to cut down drying time?,"If everyone in the family uses this back-to-back after a swim, does the plastic housing get too hot to handle?","Are those side air vents safe, or is there a risk of them sucking in long hair when the kids are drying off?",Is that simple slide switch easy enough for children to operate safely on their own?
image_193_jpg.rf.77ef6f19e0fbe41cf2f3e81423561676.jpg,hairdryer,0.1522400975227356,63.23032379150391,76.54499053955078,416.1787414550781,642.5672607421875,"Is this wall-mounted Meco dryer powerful enough to dry thick hair quickly, or should I save time by packing my own travel dryer?",The coiled cord looks a bit short in the photo; does it stretch far enough to let me stand comfortably in front of the mirror?,"Does the slider on the base offer variable heat settings, or is this just a basic?","Since the dryer is fixed to the wall next to the mirror, is there enough room for two people to get ready at the sink simultaneously?",Is this older-style unit very loud when running? I'm worried about waking my partner if I get ready early in the morning.?,"Does this model require you to constantly hold down a button on the handle to keep it running, which might get tiring for a blow-out before a date night?",Can this small plastic unit handle being used by four family members back-to-back without overheating and shutting off?,Is the dryer mounted low enough on the wall for teenagers to reach and use safely without supervision?,"Given the compact size, is the airflow strong enough to dry everyone's hair efficiently so we aren't stuck in the bathroom all morning?"
image_220_jpg.rf.39ef05d4c7b9689a1bd049d7920ac172.jpg,hairdryer,0.1217900142073631,271.05419921875,31.16067886352539,608.060546875,613.1748046875,I see two separate switches on the handle; does this allow me to adjust the heat and speed independently for precise styling?,"Is this handheld model powerful enough to dry thick hair quickly before a morning meeting, or should I pack my own?","Since it's not attached to the wall, is the cord long enough to reach the mirror comfortably while I'm getting ready?",Is this dryer quiet enough on the lower setting shown on the switch so I won't wake my partner if I get ready early?,Does the concentrated nozzle provide enough airflow for two people with different hair types to get ready efficiently?,Is the unit robust enough to handle back-to-back usage without shutting off if we are both rushing to get out the door for dinner?,"With a whole family needing to use the bathroom, is this dryer heavy-duty enough to run for an hour straight without overheating?","That hanging loop looks convenient, but is the plastic body durable enough to survive if the kids accidentally drop it on the floor?","Does the nozzle attachment get dangerously hot after prolonged use, or is it safe for younger family members to handle?"
image_19_jpg.rf.babd1f0e1aacada4cd3a74b747b6e227.jpg,hairdryer,0.1385682821273803,151.23388671875,103.87855529785156,556.8193359375,638.8477783203125,Is the 1500W power shown on the label strong enough for quick styling so I can save luggage space by not packing my own?,"Does the coiled cord stretch far enough to reach the mirror comfortably, or will I be stuck standing right next to the wall unit?","Since it's a wall-mounted model, does it have variable heat settings or just a?","Is this wall-mounted dryer quiet enough to use while my partner is still sleeping, or does it make a loud rattling noise?","Since the unit is fixed to the wall, does using it block the sink area for the other person trying to get ready at the same time?",Does the 1500W airflow dry hair fast enough so we can both get ready quickly before a night out?,Can this compact dryer handle back-to-back use for a family of four without overheating and shutting off?,Does the cord stretch far enough to let someone dry their hair just outside the bathroom to free up space for others?,Is the switch on the handle easy and safe for children to operate on their own after a swim?
image_87_jpg.rf.7c5ffa22fc0b410974c2957fd4044fb6.jpg,hairdryer,0.2087127566337585,334.6060791015625,220.0828857421875,532.1265258789062,641.05517578125,"Since I'm traveling light, is this Dyson dryer powerful enough that I can leave my own bulky tool at home?","Does the booking definitely include the specific styling attachments shown, like the wide-tooth comb?",Is this premium amenity available in the standard?,Is this specific dryer quiet enough that I can style my hair early without waking my partner?,Does the unit maintain its heat and power if we both need to use it back-to-back before a night out?,Is there enough counter space on that marble vanity to hold these accessories alongside toiletries for two people?,We have a full itinerary; does this high-tech dryer offer faster drying speeds than typical hotel wall units so our group can leave on time?,"Are the various attachments included to handle different hair types for everyone in the family, from curly to fine?",Is the cord long enough so one person can dry their hair near a mirror while another person uses the shower?
image_159_jpg.rf.a001eb0ceb28dfaa42595961d84e7cfb.jpg,hairdryer,0.1231102868914604,8.25998306274414,85.32525634765625,562.1566162109375,638.0233764648438,"Does this wall-mounted model provide strong airflow, or should I pack my own travel dryer if I need to style my hair quickly?","I see a ""Shavers Only"" socket on the base; can I use that to charge my electric toothbrush, or is the voltage strictly limited to razors?",Is the coiled cord flexible and long enough to reach the mirror comfortably without pulling back on my arm while I use it?,Is this older-style unit very noisy? I'm worried about waking my partner if I need to dry my hair early in the morning.?,"Since the shaver outlet is built into the dryer holder, can my partner plug in their razor while I am actively using the hairdryer?",Does the unit overheat or shut off automatically if we use it back-to-back to get ready for a night out?,"With a family of four needing to get ready, is this dryer robust enough to run for 20 minutes straight without cutting out?","Is the dryer unit mounted low enough on the wall for children to reach, or will they need assistance?",That exposed power socket on the front looks accessible; does it have a safety cover or child-lock mechanism when not in use?
image_140_jpg.rf.ecfafd823b8d966b9403d25acd2f31c7.jpg,hairdryer,0.3122389912605285,34.65919494628906,26.215267181396484,628.5306396484375,548.4949951171875,"Since the label says 1900W, is this powerful enough that I can leave my heavy personal dryer at home to save luggage space?","Does the ""Ionic"" feature listed on the side actually help reduce frizz, or should I still pack my usual smoothing products?","With those buttons on the handle, is it easy to switch between heat settings with one hand while I'm styling?",Is this professional-looking dryer quiet enough to use without waking my partner if I get up early?,Does the cord reach far enough from the outlet so one of us can dry our hair while the other uses the sink?,"With 1900 watts of power, does it dry hair fast enough so we aren't fighting over bathroom time in the morning?",Can this dryer handle being used back-to-back by four people without overheating or shutting off?,Is the exterior sturdy and cool to the touch so it's safe if the kids need to use it?,Do the side switches offer a low-heat setting that's gentle enough for children's fine hair?
image_35_jpg.rf.92d2669cb459a07099d1d344bf7bc0ab.jpg,hairdryer,0.149620920419693,145.04452514648438,34.07611846923828,447.9009704589844,417.3252868652344,"It looks fairly compact, but does the Easy Home motor have enough power to dry thick hair quickly so I can get out and explore?",Does the transparent nozzle attachment stay on securely for precise styling before a business meeting?,Is the handle comfortable to hold for a longer period if I have to do a full blowout by myself?,"Since we're sharing a bathroom, does that hinge on the handle allow it to fold up so we can save counter space?",Is the dryer quiet enough that I can use it early in the morning without waking my partner?,We need to get ready for dinner dates; does it have multiple heat settings to ensure we both get a good hair day?,Will this small unit overheat if three or four of us need to use it back-to-back after swimming?,Is the black power cord long enough to easily reach a child who might not be standing perfectly still near the outlet?,That plastic nozzle looks a bit thin; is the overall build sturdy enough to handle rough use by the whole family?
image_35_jpg.rf.92d2669cb459a07099d1d344bf7bc0ab.jpg,hairdryer,0.233511283993721,140.65675354003906,32.77290344238281,471.003173828125,633.990234375,"Is this compact ""Easy Home"" dryer powerful enough to style my hair quickly before a meeting, or should I pack my own?","Does the concentrator nozzle stay securely attached for precision styling, or does it tend to fall off during use?","Looking at the cord bundle, is the cable long enough to reach the mirror if the outlet isn't right next to the vanity?","Since the handle folds, is it easy to tuck this away in a drawer so we have more counter space for both our toiletries?",Is the motor quiet enough that I can use it early in the morning without waking my partner up?,Can this small unit handle back-to-back usage without overheating if we both need to get ready for dinner at the same time?,Does the switch on the handle offer a lower heat setting that is safe for drying children's hair?,"Is the airflow strong enough to get a family of four dried and out the door, or will it take all morning?","Is the exterior casing durable and cool to the touch, or does it get too hot for kids to hold safely?"
image_111_jpg.rf.fe73dc2005a76add0d0d19bec4d2a5a1.jpg,hairdryer,0.1157067492604255,11.908607482910156,119.41280364990234,616.355224609375,601.4691772460938,"Since this looks like a full-sized Elgin model rather than a tiny wall-mounted one, is it lightweight enough for a long styling session?","I see the ""Glossy Ion"" label on the side; does this feature actually help keep hair smooth and frizz-free compared to standard hotel dryers?",The power cord looks quite thick and bundled; does it extend far enough to reach the mirror easily?,I notice multiple switches on the handle—can we adjust the heat and speed separately so it works for both of our different hair types?,We want to get ready quickly for dinner reservations; does this dryer have high enough wattage to dry hair fast so we aren't waiting on each other?,"Since one of us might be sleeping while the other gets ready, how loud is the motor on this specific model?","With several of us needing to shower and dry our hair back-to-back, does this dryer tend to overheat and shut off after prolonged use?",The concentrator nozzle is attached in the photo; is it removable so we can use it on the kids' curly hair without focusing the heat too much?,Is the casing sturdy enough to handle being passed around and potentially dropped by younger family members?
image_111_jpg.rf.fe73dc2005a76add0d0d19bec4d2a5a1.jpg,hairdryer,0.3853462934494018,18.743896484375,116.13990783691406,613.123779296875,601.2042236328125,Is this Elgin model powerful enough that I can safely leave my own dryer at home to save luggage space?,"Does the ""Glossy Ion"" feature actually reduce frizz effectively, or is it just a standard basic dryer?",Is the cord wrapped around the handle long enough to reach the mirror if the outlet isn't right next to the vanity?,Does it have adjustable heat and speed settings on the handle so it works for both my short hair and my partner's long hair?,Is the motor quiet enough that one of us can dry our hair without waking the other person up?,"Does the black concentrator nozzle stay firmly attached during styling, or does it tend to fall off?",Is this dryer robust enough to run for 30 minutes straight while a whole family gets ready without overheating?,Is the airflow strong enough to dry thick hair quickly so we aren't all fighting for bathroom time in the morning?,Does the cord reach far enough to allow someone to dry their hair outside the bathroom if someone else needs the shower?
image_33_jpg.rf.2c41d500258045b379b0b052fe2a834a.jpg,hairdryer,0.1916614919900894,16.391677856445312,189.8686981201172,637.6993408203125,588.5521240234375,I see a large diffuser attachment in the basket; is this definitely included in the room so I don't have to pack my own bulky one?,"Is this purple dryer powerful enough to dry thick hair quickly, or is it a low-wattage travel model?","Since the dryer isn't mounted to the wall, is the cord long enough for me to use it comfortably while sitting at the desk or bed?",Is the dryer quiet enough that I can use it early in the morning without waking my partner up?,"Since it's stored loosely in a basket, can we easily move it out of the bathroom to get ready while the other person is showering?","Does this model offer enough heat settings to handle styling for a nice dinner out, or is it just for basic drying?","With that specific diffuser attachment included, is this dryer versatile enough to handle the different hair types (curly vs. straight) in our family?",Is the unit durable enough to handle back-to-back use by four people without overheating and shutting off?,Is the dryer lightweight and simple enough for children or teenagers to use safely on their own after the pool?
image_33_jpg.rf.2c41d500258045b379b0b052fe2a834a.jpg,hairdryer,0.1412840783596038,18.616867065429688,191.55734252929688,636.2146606445312,588.804443359375,I see a large diffuser attachment included; is this dryer powerful enough to handle curly hair so I don't need to pack my own?,Does the switch on the handle offer variable heat settings to prevent damage to my hair?,Is this purple model lightweight and easy to handle for a quick styling session before I head out?,Is the motor quiet enough that I can dry my hair early in the morning without waking my partner?,Does it dry hair fast enough so we aren't fighting for bathroom time while getting ready for dinner?,Is the cord long enough to reach the mirror comfortably if we are both trying to use the bathroom vanity at the same time?,Is this unit robust enough to handle back-to-back use by four people without overheating or shutting down?,Is the black diffuser attachment easy to snap on and off so family members with different hair textures can switch quickly?,Does the provided white basket keep the cords and attachments organized so the counter doesn't get cluttered with everyone's toiletries?
image_79_jpg.rf.704f737f667ccd2538cdf47ab692bdd4.jpg,hairdryer,0.155851811170578,226.4446258544922,111.56378936767578,396.6326599121094,372.0462646484375,"Is this wall-mounted dryer powerful enough for a quick morning routine, or should I pack my own travel dryer?",Does the coiled cord stretch far enough to comfortably reach the mirror while styling?,"Does the unit offer variable heat settings, or is it limited to a?","Since the dryer is fixed to the wall, is it quiet enough to use without waking a partner sleeping nearby?",Is the airflow strong enough to dry hair efficiently so we don't spend too long waiting for the bathroom?,Does the handle stay cool to the touch if we use it back-to-back for two people?,Is the mounting sturdy enough to withstand heavy daily usage by a whole family?,Does the dryer have an overheat protection feature since it might be running for long periods with multiple people?,Is the coiled cord durable enough to handle kids potentially pulling on it?
image_79_jpg.rf.704f737f667ccd2538cdf47ab692bdd4.jpg,hairdryer,0.115432322025299,63.47618865966797,228.63446044921875,174.91783142089844,466.927001953125,"Is this wall-mounted dryer powerful enough for thick hair, or should I pack my own travel dryer to save time?","Does the hose stretch far enough to let me look in a magnifying mirror, or am I stuck standing right next to the wall unit?","Since this looks like a basic model, does it offer multiple heat settings or just a?",Is the motor quiet enough that I can dry my hair without waking my partner up early in the morning?,Does the hose extend far enough so I can step aside and let my partner use the sink while I dry my hair?,"Is the airflow strong enough to get us both ready quickly for a dinner reservation, or is it quite slow?",Will this small unit overheat and shut off if we need to dry three or four people's hair back-to-back?,Is the dryer mounted low enough on the wall for my older children to reach and use safely?,"Since it's fixed to the wall, will using it create a bottleneck in the bathroom while the rest of the family tries to get ready?"
image_51_jpg.rf.703097ccf6bb4b1bcfbe54e8c8eb0ee5.jpg,hairdryer,0.1588080376386642,1.323080062866211,109.21110534667967,248.5211944580078,455.9195556640625,"Since this is a smaller wall-mounted unit, is the airflow powerful enough to dry thick hair quickly so I can get out and explore?","Does that coiled cord stretch far enough to reach the mirror comfortably, or will I be tethered right next to the wall base?",I see a simple switch on the handle; does this model offer multiple heat settings or is it just a?,"Because the dryer is fixed to the wall, does that mean one of us has to hog the bathroom to use it while the other is waiting to shower?",Is this standard hotel model quiet enough to use early in the morning without waking my partner up?,"Does this compact dryer have a ""cool shot"" feature for styling hair for a nice dinner, or should we pack our own?","With a family of four getting ready, does this small unit tend to overheat and shut off if we run it for long periods?","Is the coiled cord flexible and long enough for me to dry a child's hair easily, or is the range of motion really limited?","Is the button on the handle a ""push-and-hold"" type that might get tiring if we have to dry multiple heads of hair in a row?"
image_51_jpg.rf.703097ccf6bb4b1bcfbe54e8c8eb0ee5.jpg,hairdryer,0.1087404862046241,2.493295669555664,115.4487762451172,258.9288024902344,627.7147216796875,"Since the dryer is tethered to the wall unit, does the coiled cord stretch far enough to actually reach the mirror comfortably?",Is the switch on the handle the type that requires you to hold it down constantly to keep the air blowing?,"Given the compact size of the motor housing, does it provide enough airflow to dry thick hair quickly before I head out?","Because this unit is hardwired to the wall, will I be stuck in the bathroom drying my hair while my partner is trying to use the sink?",Is the motor on this older-style model loud enough to wake my partner if I need to get ready early in the morning?,Does the plastic body get too hot to hold if we both use it back-to-back?,Will this wall-mounted unit overheat and automatically shut off if three or four family members need to dry their hair in a row?,"Is the placement of the dryer high up on the wall, or is the cord low enough for children to use it safely?","Since we can't take the dryer out of the bathroom, will this create a bottleneck for our group getting ready at the same time?"
image_8_jpg.rf.11601bd883b7e15d2fa4ca71d8b9b389.jpg,hairdryer,0.3003154993057251,0.0628471374511718,-6.873607635498047,636.4122314453125,618.208984375,"Since this Panasonic model features ""nanoe"" technology, is the quality high enough that I can leave my personal hairdryer at home to save luggage space?","Does the ""Turbo"" setting provide enough power to dry thick hair quickly so I'm not stuck in the hotel room getting ready?",The handle looks like it has a folding joint; is the unit lightweight and compact enough for easy one-handed styling?,"Is the motor on the ""Turbo"" setting quiet enough that I can dry my hair in the morning without waking up my partner?","Does the ""Set"" mode offer gentle enough airflow so we can both style our hair precisely for a dinner date?",Is the device durable enough to handle two people using it back-to-back without the unit overheating or shutting off?,"With a whole family needing to get ready, does the ""Turbo"" airflow dry hair fast enough to keep our group on schedule?",Does the white casing stay cool to the touch even after prolonged use drying multiple kids' hair in a row?,"Is the slide switch for ""Turbo/Set/Cold"" simple enough for teenagers or children to operate safely on their own?"
image_4_jpg.rf.fc7ff111c3e09e476590d2486a4bb71c.jpg,hairdryer,0.2597418427467346,96.22720336914062,26.150436401367188,608.5572509765625,616.6747436523438,"Is this compact Arlita dryer powerful enough to dry thick hair quickly, or should I save space in my luggage by trusting it?","Since the cord is wrapped so tightly around the handle, does it uncoil long enough to reach the mirror comfortably while I'm getting ready?","Does this small unit offer variable heat and speed settings, or is it just a?",Is the motor quiet enough that I can use it early in the morning without waking my partner sleeping in the same room?,It looks like a basic model; does it overheat or shut down if two people need to use it back-to-back before going out?,"Is the quality of this dryer good enough for styling hair for a nice dinner, or does it tend to leave hair frizzy?","With a family of four getting ready at once, is this small dryer durable enough to handle continuous use without cutting out?",Is the hairdryer lightweight and simple enough for children to hold and operate safely on their own?,"Since it's sitting loose on the counter with the cord wrapped, is it portable enough to move to a bedroom outlet if the bathroom is occupied?"
image_18_jpg.rf.89ada46cb2fc490b31b604ba0fcfb06b.jpg,hairdryer,0.2360337078571319,91.83073425292967,66.13227844238281,581.5474853515625,637.1676635742188,"Is the ""Turbo"" setting powerful enough to dry thick hair quickly so I can get out and explore the city sooner?","I notice the ""nanocare"" label; does this actually help keep hair smooth, or should I pack my own straightener just in case?","Since the handle looks like it might fold, is this a smaller travel-sized unit or a full-sized dryer?","Is the dryer quiet enough on the ""Set"" mode so I won't wake my partner up if I'm getting ready early?","Does the ""Cold"" shot button actually work well for setting styles before we head out for a nice dinner?","Is the clear plastic nozzle securely attached, or does it fall off easily when switching between users?",Can this dryer handle being used back-to-back by four people without overheating and shutting off?,"Is the ""Turbo"" airflow strong enough to speed up our routine so we aren't all fighting for bathroom time?","Does the plastic body or nozzle get dangerously hot to the touch after extended use, which might be a worry for the kids?"
image_100_jpg.rf.e63c16b99068114bc9cf4812d5ad027c.jpg,hairdryer,0.2841864824295044,58.40810775756836,45.19580841064453,635.4083251953125,628.1660766601562,"Does the ""Turbo"" setting provide enough power to dry my hair quickly, or should I still pack my own travel dryer?","Is the ""Set"" mode precise enough to style my hair for business meetings or outings without needing extra tools?","Since the handle appears to fold, is the dryer compact enough to tuck into a drawer so I can keep the limited counter space clear?","Is the dryer quiet enough in the ""Set"" or ""Cool"" modes so I won't wake my partner if I get ready early?","Does the ""Cool"" shot feature work effectively to lock in hairstyles before we head out for a nice dinner?","With two of us getting ready, does the matte finish provide a good grip even if the bathroom gets steamy?","With the whole family needing to use the dryer back-to-back, does the unit overheat easily?",Is the cord attached to the hanging loop long enough to reach children who might not be standing right next to the vanity?,"Since the handle folds down, is it easy to store away safely to make room for everyone's toiletries on the counter?"
image_116_jpg.rf.23cd7a9780ff4f778b911db59317d50a.jpg,hairdryer,0.1235502287745475,101.48771667480467,-3.611621856689453,456.31683349609375,583.6001586914062,"Since the dryer is labeled ""Max Travel,"" is it powerful enough to dry my hair quickly, or should I pack my own to ensure I'm ready for meetings on time?","Does the concentrator nozzle visible on the front help with precise styling, or is the airflow too weak for a polished look?","Is the handle comfortable to grip for a full drying session, given its compact size?",Is this small dryer quiet enough to use in the morning without waking my partner while they're still sleeping?,"We have dinner reservations; will this compact model take a long time to dry long hair, delaying our night out?",Does the dryer offer adjustable heat settings so my partner and I can both use it safely on our different hair types?,"If three or four of us need to use this back-to-back after the beach or pool, will the small motor overheat and shut off?",Is the plastic casing durable enough to handle potential drops if my kids use it?,"With all our family toiletries on the counter, is this dryer compact enough to easily tuck away into a drawer when not in use?"
image_161_jpg.rf.08887424ce1e57678e43bc299c2733c1.jpg,hairdryer,0.2258881628513336,15.410003662109377,147.21017456054688,421.5534973144531,451.9329223632813,"Since the dryer is tethered to the wall with that coiled cord, will it stretch far enough for me to see the back of my hair in the mirror?","Does the ""Turbo"" label on the side mean this compact model is powerful enough to dry thick hair quickly before a business meeting?",Are the controls on the handle simple to operate one-handed while I'm styling?,Is the wall-mounted unit quiet enough that I can dry my hair early in the morning without waking my partner?,Does the coiled cord allow enough movement so I can step aside and let my partner use the sink while I dry my hair?,Can this dryer handle running long enough for two people to use it back-to-back without overheating?,"With a whole family trying to get ready at once, is this dryer strong enough to speed up the process, or should we pack our own?","Is the ""Turbo"" heat setting adjustable so we can ensure it's not too hot for the children's hair?",Is that wall mount sturdy enough to handle constant pulling on the cord by multiple kids and adults?
image_161_jpg.rf.08887424ce1e57678e43bc299c2733c1.jpg,hairdryer,0.2141627669334411,17.20041275024414,137.08563232421875,613.0846557617188,640.9417114257812,"Since wall-mounted units can be weak, does the ""Turbo"" label on this GAMA dryer actually mean it has strong airflow, or should I pack my own for styling?","Is the coiled cord long enough to comfortably reach the mirror, or will I be tethered right next to the wall while drying my hair?","Do I have to keep my finger pressed on the handle button to keep it running, or does it have a switch that stays on for easier one-handed styling?",Is the dryer quiet enough that I can use it early in the morning without the wall-mount vibration waking up my partner?,Does the unit overheat or shut off automatically if we use it back-to-back to get ready for dinner?,"Since the cord looks short and fixed to the wall, does using it block the rest of the bathroom vanity for the other person?",Can this compact wall unit handle drying hair for a whole family in a row without the motor burning out?,"Is the dryer positioned high enough on the wall to be out of reach of small children, or is the cord easily accessible to them?","Given the small nozzle size, is it efficient enough to dry long, thick hair quickly so we don't cause a bathroom traffic jam?"
image_52_jpg.rf.d734ef5487affd4d01dab8036be3fbbc.jpg,hairdryer,0.3774229884147644,-0.3747177124023437,3.7187576293945312,471.2832336425781,631.9432983398438,"Since this is a wall-mounted model, is the airflow powerful enough to style my hair quickly, or should I save space in my luggage and trust this one?","Does the button on the handle require constant pressure to stay on, or can I switch it to a continuous setting for easier maneuvering?",Is the coiled cord connecting the dryer to the wall base long enough for me to stand comfortably in front of the mirror?,Is this Valera dryer quiet enough that I can use it without waking my partner if the bathroom door is slightly open?,Does the dryer offer variable heat settings so it works for both my short hair and my partner's longer hair?,"Since the unit is fixed to the wall, is there enough space around the mount for two people to be in the bathroom while one is drying their hair?",Is this compact wall unit durable enough to run back-to-back for a family of four without overheating and shutting off?,Does the cord stretch far enough down so I can dry my child's hair if they are standing on the floor rather than being held up?,"Does the nozzle attachment get extremely hot after prolonged use, which might be a safety concern for the kids?"
image_11_jpg.rf.2276a95bb47a7f6e2d77652016dcf56e.jpg,hairdryer,0.1988391131162643,1.0118865966796875,62.55687713623047,571.0228881835938,561.84765625,"Since I'm traveling light, is this 1600W model powerful enough to dry my hair quickly so I don't have to pack my own?",I notice some dust build-up on the back intake vent; can you confirm if the appliances are thoroughly cleaned and sanitized between guests?,Does the cord shown have enough length to reach the mirror easily if the outlet isn't right next to the vanity?,"Does the concentrator nozzle stay firmly attached for precise styling, so we can both get ready for our dinner reservation without frustration?","Is the ""Thermoprotect"" feature effective at preventing extreme heat, so we don't risk damaging our hair while using the hotel's equipment?",I see a hanging loop on the cord—is there actually a hook in the bathroom so we can keep the counter space clear for two people's toiletries?,Will this unit overheat or shut off if multiple family members need to use it back-to-back after swimming or showering?,"Is the rear grill secure enough to prevent long hair from getting sucked in, which is a major safety concern when drying my children's hair?","Is the dryer robust enough to handle daily use by a family of four, or does it feel flimsy and prone to breaking?"
image_53_jpg.rf.447d57e09746fe768aae85ff375b0b00.jpg,hairdryer,0.2001342177391052,458.99658203125,56.91373825073242,605.771484375,489.7130737304688,"Is the ""Conair 1600"" powerful enough to dry thick hair quickly, or should I still pack my own travel dryer to be safe?",Does that tightly coiled cord stretch far enough for me to stand comfortably in front of the mirror while styling?,"Does this basic wall unit have adjustable heat settings, or is it just a?","Since the dryer is mounted to the wall, does the cord reach far enough so I can dry my hair without blocking the sink for my partner?",Is this model quiet enough to use in the morning without waking up my partner sleeping in the adjoining room?,"Is the airflow strong enough to get us both dry and ready for dinner quickly, or does it take a long time?",Is this small wall unit prone to overheating and shutting off if all four of us need to use it back-to-back?,Is the dryer mounted low enough (or does the cord stretch easily enough) for children or teenagers to use it safely?,Is the plastic casing and wall mount durable enough to handle frequent tugging by a whole family?
image_9_jpg.rf.d4ffcb300c5f1ee63829325fd954420b.jpg,hairdryer,0.3307494223117828,95.6967315673828,71.6220703125,630.555419921875,572.3212280273438,"Is this compact Arlita dryer powerful enough to dry my hair quickly before a morning meeting, or is the airflow weak?","Does it have adjustable heat settings for different hair types, or is it just a simple on/off model?","Since the cord looks tightly coiled, does it extend far enough for me to move comfortably around the mirror?",Is the motor quiet enough that I can use it early in the morning without waking up my partner?,"Looking at the size, should we pack our own dryer if we want professional-level styling for our date nights?",Does the unit cool down quickly after use so we can pack it in our luggage right before checking out?,Will this small dryer overheat if multiple family members need to use it back-to-back after the pool or shower?,Is the airflow strong enough to handle thick or long hair quickly so we aren't fighting over bathroom time?,Does that loop at the bottom work well for hanging it up to keep the limited counter space clear for everyone's toiletries?
image_34_jpg.rf.1424f6048e5aea069644073ed4439227.jpg,hairdryer,0.2662351131439209,141.82237243652344,55.748329162597656,546.512451171875,516.854736328125,"Since this isn't a tiny travel dryer, is it powerful enough that I can leave my professional one at home to save luggage space?",Do the buttons on the handle offer multiple heat settings so I can style my hair properly before my meetings?,Is the dryer lightweight enough to hold comfortably for a full blowout without my arm getting tired?,Is the cord long enough to reach a mirror outside the bathroom so one of us can dry our hair while the other showers?,How loud is the motor on this specific model—will it wake my partner up if I use it early in the morning?,Does it have enough airflow to dry long hair quickly so we aren't late for our dinner reservations?,"Since it's sitting on a shelf and not mounted to the wall, can we easily move this to the bedroom to free up the bathroom for the rest of the group?",Is this model robust enough to handle drying hair for three or four people back-to-back without overheating and shutting off?,"Does the nozzle get dangerously hot during extended use, which might be a safety concern for the kids?"
image_158_jpg.rf.62dcc7e585e05b449daee3ada5b0dabf.jpg,hairdryer,0.4067293405532837,189.69866943359372,144.88035583496094,482.801025390625,489.72955322265625,"Does the ""Access Steam Light"" heat up quickly enough for a fast shirt touch-up before a business meeting?","Is the cord wrapped around the base long enough to reach a hanger, or will I be stuck steaming my clothes right next to the outlet?",Is this T-fal handheld unit lightweight enough to use comfortably with one hand?,Does the water tank at the bottom hold enough capacity to steam both of our evening outfits without needing a refill?,Is the device compact enough to leave on the bathroom counter without taking up all our shared space?,"Can this steamer safely handle different types of fabrics, like a suit jacket and a delicate dinner dress?",Is the reservoir capacity large enough to handle de-wrinkling clothes for the whole family before an event?,How easy is it to detach and refill the water base when we have a large pile of laundry to get through?,"Is the build quality sturdy enough to handle repeated, back-to-back use by multiple people?"
image_69_jpg.rf.6316a43511d8420c8fdb12bb58493a49.jpg,hairdryer,0.1486733257770538,107.05875396728516,37.94912338256836,502.38861083984375,518.9766845703125,"Does this small wall-mounted unit have enough power to dry hair quickly, or should I pack my own travel dryer?",I see two USB ports on the base—do they provide a fast enough charge for my phone while I'm getting ready?,Is the spiral cord long enough to reach the mirror comfortably without pulling back while I'm styling?,"Since outlet space is usually limited, can we use those two USB slots to charge both our phones simultaneously overnight?",Is this model quiet enough to use early in the morning without waking my partner up?,Does the dryer have strong enough heat settings to style long hair properly for a date night?,Will this compact unit overheat or shut off if three of us need to dry our hair back-to-back?,Is the outer casing cool to the touch so it's safe for the kids to use after a swim?,Do those extra USB ports work reliably so we can keep the kids' tablets charged while the bathroom is occupied?
image_105_jpg.rf.64f144f4633e51e97c7a2e11265a3221.jpg,hairdryer,0.2135851234197616,303.2206420898437,229.0469665527344,606.2333374023438,555.4157104492188,"I see black tape securing the nozzle; does the attachment actually stay in place while styling, or should I pack my own dryer to be safe?","Since the cord is wrapped tightly around the body, is the wiring intact and safe for me to use solo in the bathroom?",It looks like a basic Black+Decker model; does it have enough power to dry thick hair quickly so I can get out and explore?,Is this dryer reliable enough to handle drying two people's hair back-to-back without overheating or shutting down?,"Given the taped repair on the nozzle, can we trust this appliance to help us get ready for a nice dinner, or is it on its last legs?",Is the cord long enough for one of us to dry our hair at a bedroom mirror while the other uses the bathroom?,That black tape looks like a safety hazard; is it safe for children or teens to handle without risk of burns or shocks?,"Is this dryer sturdy enough to last through a whole family getting ready in the morning, or is it too fragile?","Considering the tape might trap dirt or be sticky, is the unit clean and sanitary enough for multiple people to handle?"
image_75_jpg.rf.6050895ab28d5a8e09bdbb147312f659.jpg,hairdryer,0.1860056817531585,154.6398162841797,202.294677734375,605.9076538085938,643.5875244140625,"Since the Repronizer dryer looks quite large and heavy, is it comfortable to hold for a long period if I'm doing a detailed blowout on my own?","I see a manual included with the dryer; is the device intuitive to operate for a quick morning routine, or does it have complex settings I need to learn?","Given that this is a high-end 4D Plus model, is it powerful enough that I can leave my own travel dryer at home to save luggage space?",Does this powerful-looking dryer operate quietly enough that I can use it without waking my partner who might still be sleeping in the main room?,"Since this looks like a luxury spa-grade device, does it offer high-quality smoothing features to help us look our best for a romantic dinner?","The cord looks robust, but is it long enough to reach a vanity mirror outside the bathroom so my partner can shower while I dry my hair?","With multiple people needing to get ready, does this dryer have the durability to handle back-to-back use by a whole family without overheating?","The dryer appears to have a very long nozzle; is it easy enough for a teenager or child to handle safely, or is it too bulky for small hands?","Since the dryer takes up a lot of space on the tray, is there a wall hook or drawer to store it so we can keep the counter clear for everyone's toiletries?"
image_142_jpg.rf.e0ca69bf431a958c5bb1e87682fde56b.jpg,hairdryer,0.1574438959360122,126.61444091796876,167.15457153320312,639.8699951171875,623.518798828125,Does the extra outlet on the front of the mount actually work for charging an electric shaver or toothbrush?,"Is the coiled cord stretchy enough to comfortably reach the mirror, or will I be tethered right next to the wall?","Since this is a smaller wall unit, does it have enough power to dry thick hair quickly before a morning meeting?",Is the dryer loud enough that using it early in the morning will wake up my partner sleeping in the bedroom?,Can the socket built into the dryer holder handle a high-voltage hair straightener so we can both get ready at the same time?,Is the wall mount positioned in a way that allows space for a second person to use the sink while someone is drying their hair?,Will this compact unit overheat and shut off if three or four family members need to use it back-to-back?,Is the exterior plastic durable and cool to the touch so it's safe for children to handle?,Does the coiled cord extend far enough so I can dry a child's hair without them having to stand directly against the wall?
image_203_jpg.rf.0396ec617c8c6164aea7cb1ca39e669a.jpg,hairdryer,0.3733591735363006,53.12387466430664,62.96272277832031,596.9890747070312,621.8074951171875,"Since I have thick hair, does the ""Turbo"" setting on this Panasonic dryer provide enough power, or should I pack my own?",Does the handle fold at that visible joint so I can easily tuck it away to save counter space for my other items?,"Is the ""Care"" mode gentle enough to dry my hair without heat damage since I won't have my usual styling tools with me?",Is the cord shown wrapped up long enough for one of us to dry our hair while the other uses the sink?,"How loud is the ""Turbo"" setting—will using this early in the morning disturb my partner sleeping in the same room?",Does this compact dryer work fast enough so we aren't both stuck waiting to use the bathroom before our dinner reservation?,"Is the ""Care"" setting gentle and cool enough to use safely on my young children's fine hair?",It looks like a small travel unit; will it overheat or shut off if our whole family uses it back-to-back after swimming?,"Is this Panasonic model sturdy enough to handle heavy daily use by four people, or does the folding handle feel flimsy?"
image_112_jpg.rf.8740df40d78625b733c1e007dc8a3726.jpg,hairdryer,0.3409570753574371,-1.0118293762207031,47.82621383666992,626.5921630859375,637.557861328125,"Since this is a ""JINRI Professional"" model, is it powerful enough that I can leave my personal hair dryer at home to save luggage space?",I see multiple switches on the handle; does this offer specific heat and speed settings so I can style my hair quickly before my meetings?,The dryer looks quite substantial in size—is it heavy to hold for a long period if I have thick hair to dry?,"Is this professional-grade dryer very loud when running, or is it quiet enough to use without waking my partner if they are sleeping in?",Does the cord shown at the bottom extend far enough to reach the mirror comfortably if my partner is also trying to use the sink area?,"Does this unit come with a concentrator nozzle attachment, or is it just the wide-mouth dryer shown, which might make styling our hair for a night out more difficult?","Since this isn't a weak wall-mounted unit, is the airflow strong enough to get a family of four dried and ready quickly in the morning?","Is the exterior housing durable and cool to the touch after use, so it's safe to leave on the counter around children?","Is there a designated drawer or hook for this loose dryer, or does it take up valuable counter space when multiple people are trying to use the bathroom?"
image_107_jpg.rf.c3a5ee791b360e0e11b5be86d3a89454.jpg,hairdryer,0.136814072728157,266.7422180175781,159.068115234375,518.2055053710938,449.2001037597656,"Is that black hairdryer powerful enough to style thick hair quickly, or should I pack my own to save time in the morning?","Since the dryer isn't mounted to the wall, is the cord long enough to reach the nearest mirror comfortably?",I see it comes with a nozzle attachment and styling brushes; are they good enough quality that I can leave my own styling kit at home?,Is this hairdryer model quiet enough to use without waking my partner if I need to get ready early?,"With two of us getting ready for dinner, does the dryer cool down quickly enough to put back in the drawer safely?",Is the dryer robust enough to handle two people drying their hair back-to-back without overheating?,"Since we have a whole family getting ready, will this compact dryer overheat if it's running for 30 minutes straight?",I see hair clips and brushes included in the drawer; are those sanitized between guests so the kids can use them safely?,"Is the hairdryer durable enough for heavy daily use, or does it feel like a flimsy travel model that might break with a group using it?"
image_147_jpg.rf.16cf5d1edca6fa44012042e61e9eb918.jpg,hairdryer,0.1055303961038589,230.16751098632807,151.3944854736328,515.9920043945312,553.3311767578125,"Since the dryer looks compact, does it pack enough power to dry long hair quickly so I don't waste time getting ready?","I see switches on the handle; does this model offer variable heat and speed settings to control styling, or is it just a basic on/off unit?","Does this ""Styling"" dryer come with a concentrator nozzle attachment, or do I only get the base unit shown here?",Is this Bomann dryer quiet enough that I can use it early in the morning without waking my partner sleeping in the next room?,"Is the cord long enough to reach a plug near a full-length mirror, so one of us can dry our hair while the other uses the bathroom sink?","It looks like a decent quality brand, but is it powerful enough for a nice dinner date blowout, or should we pack our own to be safe?","With a whole family needing to get ready, can this dryer handle running back-to-back for multiple people without overheating and shutting off?",Is the unit lightweight enough for children or teenagers to hold and dry their own hair easily?,"Looking at the rear vent design, is the safety grille tight enough to prevent kids' hair from getting sucked into the motor?"
image_150_jpg.rf.d799d44a5640cf3a4920ddda0c8659ce.jpg,hairdryer,0.3473914563655853,16.720600128173828,5.888462066650391,637.270263671875,631.8885498046875,"Does the ""Turbo"" setting visible on the switch provide enough power to dry thick hair quickly before a morning meeting?","Is the ""Cool"" mode on the handle actually cold enough to set a style, or does it stay warm?","Since the dryer looks compact, is it lightweight enough to hold for a long time without arm fatigue?","Since the handle appears to have a hinge, does it fold up small enough to save counter space in a shared bathroom?","How loud is the motor on the ""Normal"" setting—will it wake my partner if I need to get ready early?",Is the cord shown long enough to reach a full-length mirror so I don't block the sink while my partner is using it?,Can this dryer handle being used back-to-back for 3 or 4 people without overheating or shutting off?,Is the hanging loop at the base of the cord sturdy enough to keep the dryer hung up high and away from small children?,"Does the clear nozzle attachment stay on securely, or is it loose and likely to get lost with multiple people using it?"
image_76_jpg.rf.9c63266dc6ff469fbc1a1f2cca4c26f8.jpg,hairdryer,0.2886694669723511,117.48405456542967,201.30886840820312,636.7801513671875,641.099365234375,"Since I usually travel light, is the 'Turbo' setting on this Panasonic dryer powerful enough that I don't need to pack my own?","Does the foldable handle feel sturdy when locked in place, or does it wobble while you're trying to style your hair?","I see the cord has a hanging loop, but is the cable itself long enough to reach the mirror comfortably?",Is the noise level on the 'Dry' setting quiet enough that I won't wake my partner if I get ready early in the morning?,"We have a dinner reservation to get to; does this compact model dry hair quickly, or does it take a long time?",I notice the 'Cold' option on the switch; does that setting actually get cool enough to set a hairstyle properly?,"With four of us needing to get ready, does this dryer overheat or shut off if used continuously for back-to-back blowouts?",Is this dryer lightweight and small enough for children or teenagers to hold and use safely on their own?,"Given the small size shown on the shelf, is it easy to tuck away to keep the bathroom counter clear for all our toiletries?"
image_164_jpg.rf.892e6fbb89a1c512237fcada49ce1106.jpg,hairdryer,0.2308322340250015,52.248783111572266,0.7785415649414062,592.6016235351562,636.454345703125,"I see ""Skin"" and ""Scalp"" modes on the top display; does this high-end Panasonic model mean I can leave my bulky professional dryer at home?","Does the ""Turbo"" setting on the handle provide enough power to dry thick hair quickly before I head out for the day?",It looks like the handle has a hinge; is this dryer compact and foldable so it doesn't take up all the counter space in a small bathroom?,"Since we want to look our best for dinner dates, does the ""nanoe"" technology shown actually help reduce frizz better than a standard hotel dryer?","Is the dryer quiet enough on the ""Set"" or lower settings so I won't wake my partner if I'm getting ready early?","We have different hair types; does the switch offer distinct temperature differences between ""Dry"" and ""Set"" to accommodate both of us?","With a whole family sharing one bathroom, is the ""Turbo"" mode powerful enough to get everyone dried and out the door fast?","Since multiple people will be using this back-to-back, does the gold casing stay cool to the touch or does it overheat?","Is the clear nozzle attachment on the front secured tightly, or is it likely to fall off if the kids are handling the dryer roughly?"
image_59_jpg.rf.8760fdb5f09295c2898f59e286ac9d68.jpg,hairdryer,0.1121139749884605,16.55792236328125,143.7783966064453,545.2744140625,636.257568359375,It looks like a professional salon-style dryer with a nozzle—does it have strong airflow for quick styling before morning meetings?,"Since it is hardwired to the wall, is that coiled cord long enough to maneuver comfortably without pulling back while I'm using it?","Does this specific model offer variable heat and speed settings, or is it just a standard on/off switch?",Is this wall-mounted unit powerful enough that we can save suitcase space by leaving our personal hairdryer at home?,How loud is this dryer—will it wake up my partner if I'm trying to get ready early in the morning?,Does the cord stretch far enough to let me step aside so my partner can use the sink while I dry my hair?,"Since it's mounted to the wall holder, does the unit tend to overheat or shut off if three or four of us use it back-to-back?",Is the drying speed fast enough to handle thick hair quickly so the whole family isn't waiting on the bathroom?,"Does the concentrator nozzle on the front get extremely hot during use, or is it safe for the older kids to handle?"
image_84_jpg.rf.96f0515b63327c2378fa154388ec7757.jpg,hairdryer,0.131527841091156,4.406881332397461,83.53477478027344,273.37091064453125,558.1096801757812,"Since the dryer isn't attached to the wall, is the cord long enough to reach the nearest mirror comfortably?",Is this model powerful enough to dry thick hair quickly so I can get out and explore?,That outlet is right above the shelf; is it easy to plug in without knocking over the vase?,We're planning nice dinners out; does this dryer have variable heat settings and power for proper styling?,"Since it's sitting loose on the shelf, does the hotel provide a pouch or drawer to keep the vanity clutter-free?",Is the motor quiet enough that I can dry my hair in the morning without waking my partner?,"With a family of four getting ready, is this dryer heavy-duty enough to handle back-to-back use without overheating?","Since it isn't a fixed wall unit, is it durable enough to survive if the kids accidentally knock it off the shelf?","Does the concentrator nozzle attachment get dangerously hot, or is it safe for children to handle after use?"
image_68_jpg.rf.60c152712150c6b1209b3176d488f7d9.jpg,hairdryer,0.2084429115056991,90.891357421875,119.52033996582033,635.7992553710938,600.3553466796875,"I see a ""Turbo"" setting on the handle; is it powerful enough to dry long hair quickly so I can get out to my meetings on time, or should I pack my own?","Does the specific ""Cold"" mode shown on the switch actually blow cool air to set my style, or is it just lukewarm?",Is the clear plastic concentrator nozzle on the front removable if I want to attach my own travel diffuser?,"Is the lower ""Dry"" setting distinct enough from ""Turbo"" to be quiet, so I won't wake my partner up while getting ready in the morning?","Does this Panasonic model handle humidity well for different hair types, or will we both end up frizzy before our dinner reservation?",Is the cord attached to that strain relief base long enough for two people trying to maneuver around a shared bathroom vanity?,Will this dryer overheat or shut off if my whole family uses it back-to-back after coming in from the pool?,"With multiple people sharing the bathroom, does that hanging loop at the base actually fit on standard hooks to keep the counter space clear?","Does the exterior of the plastic nozzle get dangerously hot during use, which I should worry about with kids around?"
image_192_jpg.rf.1058835cc67b80c43f85fcc1fb546c47.jpg,hairdryer,0.1108139157295227,94.05111694335938,88.14469909667969,464.9876403808594,575.3182373046875,"Is this wall-mounted dryer powerful enough for thick hair, or should I save space in my luggage and leave my travel dryer at home?",I see USB ports built into the holder; are they functional for charging my phone while I get ready in the morning?,"Does the coiled cord stretch easily to reach the mirror, or is there a lot of tension that makes styling difficult?","With two of us trying to charge devices, do both of those USB slots on the dryer base work simultaneously?","Is the motor on this unit fairly quiet, or will it wake my partner up if I use it early in the morning?","Since this looks like a standard hotel model, is the heat consistent enough for us to get ready quickly before a night out?","If three or four of us need to dry our hair back-to-back, is this unit prone to overheating and shutting off automatically?","With limited outlets in a hotel room, can we rely on those USB ports to charge kids' tablets, or are they low-power only?","Is the dryer securely attached to the wall mount, so it’s safe if the kids accidentally tug on the coiled cord?"
image_176_jpg.rf.f8960b4ca25cfbf5369ba3ec570f7d75.jpg,hairdryer,0.1070845499634742,41.82239532470703,-3.1496620178222656,587.1399536132812,349.1221618652344,"Since the room comes with a high-quality Dyson, can I save luggage space by leaving my own bulky hair tools at home?",Is the smoothing nozzle shown on the dryer effective enough for quick styling before my morning business meetings?,Does the dedicated stand keep the dryer organized on the desk so I still have enough workspace for my laptop?,Is this specific Dyson model quiet enough to use while my partner is still sleeping in the same room?,Does the inclusion of premium amenities like this Dyson suggest a more luxurious experience for our anniversary trip?,Is the power cord long enough to reach a full-length mirror if we are both trying to get ready at the vanity simultaneously?,"With four of us needing to shower, is this dryer powerful enough to significantly cut down our total getting-ready time?","Does the drawer below contain additional attachments, like a diffuser, so it works for everyone's different hair types?",Is the stand stable enough to prevent the heavy dryer from being accidentally knocked off the counter in a busy room?
image_261_fp_jpg.rf.11b12123acd5b5d8b3bc6b5794108202.jpg,hairdryer,0.1306657642126083,72.29953002929688,89.66079711914062,215.95138549804688,522.9041748046875,Is this blender powerful enough to quickly crush ice for a morning protein smoothie before I head out?,Is the pitcher easy to rinse and clean if I'm just making a quick drink for myself?,"Does it handle small,?",Is the pitcher large enough to make frozen cocktails for two people at the same time?,"With all those speed settings, can we use it to make salsas or dips for a quiet night in?",Does the appliance look clean and well-maintained enough for us to feel comfortable preparing food?,Does the jar have the capacity to whip up breakfast smoothies for a whole family of four in one batch?,"Is the pitcher made of durable plastic rather than glass, so it's safer with kids running around the kitchenette?",Is it robust enough to handle heavy-duty blending if we are prepping a large meal for the group?
image_146_jpg.rf.43c5e0d59a4572f3479caecbcac1b0f2.jpg,hairdryer,0.2829293310642242,145.4371337890625,200.6748809814453,531.9716796875,528.2418823242188,"I see the ""ionity"" label on the side; does this feature actually reduce frizz effectively, or should I still pack my own smoothing products?","With the ""TURBO"" switch setting visible, is this compact dryer powerful enough to dry thick hair quickly before I head out for the day?","Since the handle is foldable, does it lock firmly into place during use, or does it feel flimsy when you're trying to style your hair?","If I use the ""SET"" mode shown on the switch, is it quiet enough to dry my hair without waking my partner up in the same room?","Since this Panasonic model folds up so small, does it leave plenty of counter space free for two people's toiletries?","Is the cord long enough for me to dry my hair while my partner uses the sink, or will we be fighting for mirror space?","Being a smaller travel-sized unit, does it tend to overheat or shut off if three or four of us need to use it back-to-back?","I notice a ""COLD"" setting on the handle; is the airflow gentle and cool enough to safely use on young children?",Does the hanging loop at the base of the handle look sturdy enough to hang up on a hook so we can keep the bathroom clutter-free?
image_298_fp_jpg.rf.8678c69e970e972a7531b6cd5bba3241.jpg,hairdryer,0.1145211979746818,208.23941040039065,153.13357543945312,244.00570678710935,231.16151428222656,Can the showerhead height be easily adjusted on the sliding rail to suit my height?,Does the handheld spray unit offer different pressure settings for a relaxing experience after a long day?,Does it have the specific settings I need for my hair type?,Is the water pressure from this showerhead strong enough to efficiently rinse long hair so we can get ready for dinner quickly?,Does the chrome finish and modern design of the fixture suggest the bathroom has been recently renovated?,Is the hose flexible and long enough to allow for easy maneuvering if we are rushing to get ready?,Can the showerhead be lowered all the way down the rail so it is accessible and safe for children to use?,Is the flexible hose long enough to easily rinse off kids' sandy feet or wash a toddler standing in the tub?,Is the rail mounting sturdy enough to withstand frequent height adjustments by multiple family members throughout the day?
image_173_jpg.rf.f90197d9090deb101a4ffd03623afda7.jpg,hairdryer,0.1130422949790954,418.1742858886719,172.552001953125,641.1770629882812,460.2360534667969,"Is this compact Oster dryer powerful enough to dry thick hair quickly, or does it take a long time?","Does the transparent concentrator nozzle stay on securely for precise styling, or does it fall off easily?",The cord looks a bit bundled up; is it long enough to reach the mirror comfortably?,"Since the dryer looks quite small, is it quiet enough to use without waking my partner in the morning?",Does that slide switch offer different heat settings so we can adjust it for our different hair types?,Will this little unit overheat if two of us need to use it right after one another to get ready for dinner?,Can this travel-sized dryer handle back-to-back use for a whole family without shutting down?,Is the plastic body durable enough to survive if the kids accidentally knock it off the bathroom counter?,Does the pink nozzle attachment get dangerously hot to the touch after being used for multiple people?
image_83_jpg.rf.d24bff3c3bd670731ccee032c13177ff.jpg,hairdryer,0.2512450218200683,60.42699813842773,87.85844421386719,581.0765991210938,527.0678100585938,"Since this looks like a compact travel model, is the airflow strong enough to dry thick hair quickly, or should I pack my own dryer to be safe?","Does the folding handle lock firmly into place, or does it feel flimsy and wobble while you are trying to style your hair?",I see a hanging loop on the cord guard; is the cord actually long enough to reach from the outlet to the mirror comfortably?,Is the motor quiet enough that I can dry my hair early in the morning without waking up my partner sleeping in the next room?,"Does this dryer get hot enough to properly style hair for a nice dinner out, or does it only blow lukewarm air?","Since bathroom counter space is often limited for two people, does the folding design allow it to fit easily inside a drawer when we aren't using it?","With a family of four needing to get ready, will this small dryer overheat and shut off if we use it back-to-back for everyone?","Does the clear plastic nozzle get dangerously hot to the touch after extended use, which might be a safety concern for my children?","Is the drying speed fast enough to get a whole group ready on time, or is the wattage too low for heavy usage?"
image_65_jpg.rf.0d17d8f391a497e6ddb0a3d7b2575297.jpg,hairdryer,0.1406081914901733,1.8190574645996092,5.550079345703125,290.5351867675781,409.7248840332031,"Is the airflow powerful enough to dry thick hair quickly, or should I save space in my luggage by relying on this one?",Does that coiled cord stretch far enough for me to comfortably style the back of my hair while looking in the mirror?,"Does the wall-mounted unit offer variable heat settings, or is it just a basic?","Since the dryer is fixed to the wall, does it leave enough counter space for my partner to get ready next to me?",Is the motor quiet enough that I won't wake my partner if I need to use it early in the morning?,"Is the quality good enough for styling hair for a date night, or is it mostly just for basic drying?","If four of us need to shower back-to-back, will this unit overheat and shut off after extended use?","Because it's permanently attached to the bathroom wall, should we bring an extra dryer so someone can get ready in the bedroom while the bathroom is occupied?",Is the coiled cord flexible and long enough to easily reach down to dry a child's hair safely?
image_71_jpg.rf.2b6006fb3c2cba2156fcf7c8bcc1887c.jpg,hairdryer,0.237386405467987,57.63507843017578,9.14438247680664,544.0677490234375,492.4137878417969,"Since there is a branded Beurer dryer provided in the drawer, is it powerful enough that I can save luggage space by leaving mine at home?",Does this compact-looking model have enough airflow to dry thick hair quickly so I don't waste time getting ready?,"Does the dryer offer variable heat settings for specific styling needs, or is it a basic?",Is the cord shown bundled in the drawer long enough for us to move around freely if we are sharing the bathroom mirror?,Is this hairdryer robust enough to handle back-to-back use without overheating when we are both getting ready for dinner?,"Does the included concentrator nozzle work well for salon-quality blowouts, or should we bring our own styling tools for special nights out?","With a whole family needing to get ready, is the motor quiet enough that using it won't wake up the kids sleeping in the adjoining room?",Is this dryer heavy-duty enough to dry hair for multiple people in a row without shutting off automatically?,Is the body of the dryer cool to the touch during use so it's safe for the teenagers to handle on their own?
image_215_jpg.rf.2aa99ea7df6af247a429573d1ee192d4.jpg,hairdryer,0.1358388513326645,86.11221313476562,203.79376220703125,527.0784301757812,533.9284057617188,"Since the dryer is labeled ""Conair 1875,"" is that wattage powerful enough to dry thick hair quickly so I don't need to pack my own?",The unit looks quite compact on the counter; is it lightweight enough to hold comfortably for a full styling session?,Is that black power cord long enough to reach from the outlet to the mirror without feeling restricted?,"I see a ""High"" and ""Low"" switch on the handle; is the lower setting quiet enough to use without waking my partner in the morning?","Does this dryer cool down quickly, or will we need to leave it on the counter for a while before packing up to check out?","Since we both need to get ready for dinner, does the dryer overheat if it's run for two styling sessions back-to-back?","With that small hanging loop at the base of the cord, is there actually a hook nearby to keep it off the counter so we have space for everyone's toiletries?",Is the plastic casing durable and cool to the touch so it's safe for children to handle after a bath?,Can this small compact model handle the heavy workload of drying hair for a whole family in a row without cutting out?
image_137_jpg.rf.86d1a8dd70d1f62edfe88741b8d185e3.jpg,hairdryer,0.238068088889122,122.16228485107422,182.8601226806641,447.3320007324219,602.8070068359375,"Since this is a branded Conair Supreme dryer rather than a wall unit, is it powerful enough that I can leave my own heavy hairdryer at home?",Does the concentrator nozzle attachment stay securely on the barrel for precise styling before my meetings?,Is the dryer lightweight enough to hold comfortably for a long styling session without arm fatigue?,Is the cord attached to the handle long enough for me to dry my hair while my partner uses the sink?,Does this specific model run quietly enough that I can use it early in the morning without waking my partner?,Do the switches on the side offer enough heat settings to accommodate both my partner's hair type and mine?,Is this full-sized dryer durable enough to handle back-to-back use for the whole family without overheating?,"Since it's not wall-mounted, can we easily store it away to free up counter space for everyone's toiletries?","Does it have a ""cool shot"" or low heat setting that is safe to use on my young children's sensitive scalps?"
image_137_jpg.rf.86d1a8dd70d1f62edfe88741b8d185e3.jpg,hairdryer,0.1190143823623657,122.48687744140624,188.14938354492188,308.0621643066406,601.567138671875,"Since I don't want to pack my own dryer, does this specific Conair model have enough power for a quick professional blowout before meetings?",I see it has a concentrator nozzle attached; is that removable if I just need to rough dry my hair quickly?,"Is the unit lightweight enough to hold comfortably for 15 minutes, or is it bulky to handle alone?",Is this hair dryer quiet enough that I can use it in the morning without waking my partner sleeping in the next room?,"Since we both need to get ready at the same time, does the cord stretch far enough to reach a mirror outside the bathroom?",Does the dryer overheat or shut off if we use it back-to-back while getting ready for a dinner date?,Is this dryer heavy-duty enough to handle drying hair for a family of four in a row without burning out?,Does the cord have enough reach so I can dry my child's hair while they stand away from the wet sink area?,"That nozzle looks helpful for styling, but does the tip get too hot to touch if we have curious kids around?"
image_25_jpg.rf.5a9dc64c208ef3f8fa3c385bfff8302d.jpg,hairdryer,0.1183196455240249,63.633975982666016,4.0802001953125,540.7372436523438,624.5347900390625,"I see ""Turbo"" listed on the handle switch; is the airflow powerful enough to dry thick hair quickly so I can get out to explore?","Is the ""Cool/Hot"" button easy to toggle with one hand while I'm styling my own hair?",The body looks a bit wide; is the dryer lightweight enough to hold comfortably for a full styling session without my arm getting tired?,"How loud is the motor on the ""High"" or ""Turbo"" settings? I want to make sure I won't wake my partner if I get ready early.?","Since we both need to get ready for dinner, does this Koizumi model dry hair fast enough that we aren't waiting on each other?",Is the power cord long enough to stretch to a mirror outside the bathroom if my partner is using the shower?,"With four of us needing to get ready, does this unit tend to overheat or shut off if we use it back-to-back?","I noticed the ""Low"" setting on the switch; is the heat gentle enough to use safely on a young child's hair?","Since counter space will be tight with all our toiletries, is that hanging loop sturdy enough to keep the dryer out of the way when not in use?"
