image,label,score,x1,y1,x2,y2,source_prompt,detection_summary,llm_prompt,generated_question_flan_base,generated_question_flan_large,generated_question_llama70b,generated_question_llama8b
image_2_jpg.rf.8df448081dde58fa8af07a416bdd84b3.jpg,hairdryer,0.1266508996486663,82.90086364746094,68.41072082519531,532.421875,613.5489501953125,baseline,Image file: image_2_jpg.rf.8df448081dde58fa8af07a416bdd84b3.jpg. Detected amenity: hairdryer. Detection confidence: low (0.13). Source prompt type: baseline.,"You are generating hotel amenity questions for guests browsing accommodation photos. Given the detection summary below, generate a hotel amenity related question that a guest may ask or a guest might want to be answeredwhile browsing accommodation images. Keep the question short, factual, and neutral. Detection summary: Image file: image_2_jpg.rf.8df448081dde58fa8af07a416bdd84b3.jpg. Detected amenity: hairdryer. Detection confidence: low (0.13). Source prompt type: baseline. Question:",What is a hairdryer in a hotel?,What is the name of the hotel that has a hairdryer?,Is a hairdryer provided in the room?,Is a hairdryer provided in the room?
image_213_jpg.rf.7f391b31c32428bb89678b1648b2fe93.jpg,hairdryer,0.1107390150427818,9.37875747680664,78.19174194335938,646.2325439453125,518.2324829101562,baseline,Image file: image_213_jpg.rf.7f391b31c32428bb89678b1648b2fe93.jpg. Detected amenity: hairdryer. Detection confidence: low (0.11). Source prompt type: baseline.,"You are generating hotel amenity questions for guests browsing accommodation photos. Given the detection summary below, generate a hotel amenity related question that a guest may ask or a guest might want to be answeredwhile browsing accommodation images. Keep the question short, factual, and neutral. Detection summary: Image file: image_213_jpg.rf.7f391b31c32428bb89678b1648b2fe93.jpg. Detected amenity: hairdryer. Detection confidence: low (0.11). Source prompt type: baseline. Question:",What is a hairdryer in a hotel?,What is the name of the hotel that has a hairdryer?,Is a hairdryer provided in the room?,Is a hairdryer provided in the room?
image_3_jpg.rf.b0aa366ebbf555c57aa9d25b11c62508.jpg,hairdryer,0.4496848285198211,78.98811340332031,9.918651580810549,591.8076171875,632.7880859375,baseline,Image file: image_3_jpg.rf.b0aa366ebbf555c57aa9d25b11c62508.jpg. Detected amenity: hairdryer. Detection confidence: medium (0.45). Source prompt type: baseline.,"You are generating hotel amenity questions for guests browsing accommodation photos. Given the detection summary below, generate a hotel amenity related question that a guest may ask or a guest might want to be answeredwhile browsing accommodation images. Keep the question short, factual, and neutral. Detection summary: Image file: image_3_jpg.rf.b0aa366ebbf555c57aa9d25b11c62508.jpg. Detected amenity: hairdryer. Detection confidence: medium (0.45). Source prompt type: baseline. Question:",What type of amenity does the hairdryer have?,What is the name of the hotel that has a hairdryer?,Is a hairdryer provided in the room?,Is a hairdryer provided in the room?
image_113_jpg.rf.8fe60c21b8e1d39aeac00c7caf2ec323.jpg,hairdryer,0.3518679440021515,366.5673522949219,175.99684143066406,576.7930297851562,643.19140625,baseline,Image file: image_113_jpg.rf.8fe60c21b8e1d39aeac00c7caf2ec323.jpg. Detected amenity: hairdryer. Detection confidence: medium (0.35). Source prompt type: baseline.,"You are generating hotel amenity questions for guests browsing accommodation photos. Given the detection summary below, generate a hotel amenity related question that a guest may ask or a guest might want to be answeredwhile browsing accommodation images. Keep the question short, factual, and neutral. Detection summary: Image file: image_113_jpg.rf.8fe60c21b8e1d39aeac00c7caf2ec323.jpg. Detected amenity: hairdryer. Detection confidence: medium (0.35). Source prompt type: baseline. Question:",What type of amenity does the hairdryer have?,What is the name of the hotel that has a hairdryer?,Is a hairdryer provided in the room?,Is a hairdryer provided in the room?
image_120_jpg.rf.e4b2ddad1fc0c6291c75e29b800c7cb2.jpg,hairdryer,0.2015177458524704,40.22274017333984,7.414264678955078,557.0294189453125,638.7670288085938,baseline,Image file: image_120_jpg.rf.e4b2ddad1fc0c6291c75e29b800c7cb2.jpg. Detected amenity: hairdryer. Detection confidence: low (0.20). Source prompt type: baseline.,"You are generating hotel amenity questions for guests browsing accommodation photos. Given the detection summary below, generate a hotel amenity related question that a guest may ask or a guest might want to be answeredwhile browsing accommodation images. Keep the question short, factual, and neutral. Detection summary: Image file: image_120_jpg.rf.e4b2ddad1fc0c6291c75e29b800c7cb2.jpg. Detected amenity: hairdryer. Detection confidence: low (0.20). Source prompt type: baseline. Question:",What is a hairdryer in a hotel?,What is the name of the hotel that has a hairdryer?,Is a hairdryer provided in the room?,Is a hairdryer provided in the room?
image_187_jpg.rf.0f544c0522e09095abbde905d8d987e0.jpg,hairdryer,0.1964432150125503,18.78276824951172,53.331031799316406,643.475830078125,636.804931640625,baseline,Image file: image_187_jpg.rf.0f544c0522e09095abbde905d8d987e0.jpg. Detected amenity: hairdryer. Detection confidence: low (0.20). Source prompt type: baseline.,"You are generating hotel amenity questions for guests browsing accommodation photos. Given the detection summary below, generate a hotel amenity related question that a guest may ask or a guest might want to be answeredwhile browsing accommodation images. Keep the question short, factual, and neutral. Detection summary: Image file: image_187_jpg.rf.0f544c0522e09095abbde905d8d987e0.jpg. Detected amenity: hairdryer. Detection confidence: low (0.20). Source prompt type: baseline. Question:",What is a hairdryer in a hotel?,What is the name of the hotel that has a hairdryer?,Is a hairdryer provided in the room?,Is a hairdryer provided in the room?
image_208_jpg.rf.7f5f7997086cc940882df9a3c38c9c8e.jpg,hairdryer,0.1264452934265136,43.50858688354492,153.9801025390625,477.8877258300781,638.2564697265625,baseline,Image file: image_208_jpg.rf.7f5f7997086cc940882df9a3c38c9c8e.jpg. Detected amenity: hairdryer. Detection confidence: low (0.13). Source prompt type: baseline.,"You are generating hotel amenity questions for guests browsing accommodation photos. Given the detection summary below, generate a hotel amenity related question that a guest may ask or a guest might want to be answeredwhile browsing accommodation images. Keep the question short, factual, and neutral. Detection summary: Image file: image_208_jpg.rf.7f5f7997086cc940882df9a3c38c9c8e.jpg. Detected amenity: hairdryer. Detection confidence: low (0.13). Source prompt type: baseline. Question:",What type of amenity is hairdryer?,What is the name of the hotel that has a hairdryer?,Is a hairdryer provided in the room?,Is a hairdryer provided in the room?
image_223_jpg.rf.a8468978715313d3034110ecfe3a71be.jpg,hairdryer,0.2926410436630249,104.02711486816406,27.13644027709961,545.8306884765625,638.8361206054688,baseline,Image file: image_223_jpg.rf.a8468978715313d3034110ecfe3a71be.jpg. Detected amenity: hairdryer. Detection confidence: low (0.29). Source prompt type: baseline.,"You are generating hotel amenity questions for guests browsing accommodation photos. Given the detection summary below, generate a hotel amenity related question that a guest may ask or a guest might want to be answeredwhile browsing accommodation images. Keep the question short, factual, and neutral. Detection summary: Image file: image_223_jpg.rf.a8468978715313d3034110ecfe3a71be.jpg. Detected amenity: hairdryer. Detection confidence: low (0.29). Source prompt type: baseline. Question:",What is a hairdryer in a hotel?,What is the name of the hotel that has a hairdryer?,Is a hairdryer provided in the room?,Is there a hairdryer available in the room?
image_182_jpg.rf.3f7a9330c603e926eb91fc8e48ca1fa6.jpg,hairdryer,0.2220486998558044,7.472438812255859,126.13531494140624,632.6736450195312,581.0186157226562,baseline,Image file: image_182_jpg.rf.3f7a9330c603e926eb91fc8e48ca1fa6.jpg. Detected amenity: hairdryer. Detection confidence: low (0.22). Source prompt type: baseline.,"You are generating hotel amenity questions for guests browsing accommodation photos. Given the detection summary below, generate a hotel amenity related question that a guest may ask or a guest might want to be answeredwhile browsing accommodation images. Keep the question short, factual, and neutral. Detection summary: Image file: image_182_jpg.rf.3f7a9330c603e926eb91fc8e48ca1fa6.jpg. Detected amenity: hairdryer. Detection confidence: low (0.22). Source prompt type: baseline. Question:",What type of amenity does the hairdryer have?,What is the name of the amenity that is detected in this image?,Is a hairdryer provided in the room?,Is a hairdryer provided in the room?
image_121_jpg.rf.c97725f3cda2e24d214b1299a23e3ba6.jpg,hairdryer,0.35145103931427,78.37478637695312,58.93199920654297,549.39111328125,638.6539916992188,baseline,Image file: image_121_jpg.rf.c97725f3cda2e24d214b1299a23e3ba6.jpg. Detected amenity: hairdryer. Detection confidence: medium (0.35). Source prompt type: baseline.,"You are generating hotel amenity questions for guests browsing accommodation photos. Given the detection summary below, generate a hotel amenity related question that a guest may ask or a guest might want to be answeredwhile browsing accommodation images. Keep the question short, factual, and neutral. Detection summary: Image file: image_121_jpg.rf.c97725f3cda2e24d214b1299a23e3ba6.jpg. Detected amenity: hairdryer. Detection confidence: medium (0.35). Source prompt type: baseline. Question:",What type of amenity is hairdryer?,What is the name of the hotel amenity in the image?,Is a hairdryer provided in the room?,Is a hairdryer provided in the room?
image_212_jpg.rf.513d3d8d3c589989790f5bd712037b9e.jpg,hairdryer,0.1061221286654472,27.05760955810547,32.38670349121094,628.3426513671875,640.2198486328125,baseline,Image file: image_212_jpg.rf.513d3d8d3c589989790f5bd712037b9e.jpg. Detected amenity: hairdryer. Detection confidence: low (0.11). Source prompt type: baseline.,"You are generating hotel amenity questions for guests browsing accommodation photos. Given the detection summary below, generate a hotel amenity related question that a guest may ask or a guest might want to be answeredwhile browsing accommodation images. Keep the question short, factual, and neutral. Detection summary: Image file: image_212_jpg.rf.513d3d8d3c589989790f5bd712037b9e.jpg. Detected amenity: hairdryer. Detection confidence: low (0.11). Source prompt type: baseline. Question:",What is a hairdryer in a hotel?,What is the name of the hotel that has a hairdryer?,Is a hairdryer provided in the room?,Is a hairdryer provided in the room?
image_212_jpg.rf.513d3d8d3c589989790f5bd712037b9e.jpg,hairdryer,0.2478472739458084,280.10028076171875,103.83689880371094,630.3875732421875,621.4309692382812,baseline,Image file: image_212_jpg.rf.513d3d8d3c589989790f5bd712037b9e.jpg. Detected amenity: hairdryer. Detection confidence: low (0.25). Source prompt type: baseline.,"You are generating hotel amenity questions for guests browsing accommodation photos. Given the detection summary below, generate a hotel amenity related question that a guest may ask or a guest might want to be answeredwhile browsing accommodation images. Keep the question short, factual, and neutral. Detection summary: Image file: image_212_jpg.rf.513d3d8d3c589989790f5bd712037b9e.jpg. Detected amenity: hairdryer. Detection confidence: low (0.25). Source prompt type: baseline. Question:",What is a hairdryer in a hotel?,What is the name of the hotel that has a hairdryer?,Is a hairdryer provided in the room?,Is a hairdryer provided in the room?
image_81_jpg.rf.96b8fcb55da1561f40269a4587f5fad4.jpg,hairdryer,0.1145657300949096,29.6096420288086,82.99999237060547,609.0653076171875,646.8658447265625,baseline,Image file: image_81_jpg.rf.96b8fcb55da1561f40269a4587f5fad4.jpg. Detected amenity: hairdryer. Detection confidence: low (0.11). Source prompt type: baseline.,"You are generating hotel amenity questions for guests browsing accommodation photos. Given the detection summary below, generate a hotel amenity related question that a guest may ask or a guest might want to be answeredwhile browsing accommodation images. Keep the question short, factual, and neutral. Detection summary: Image file: image_81_jpg.rf.96b8fcb55da1561f40269a4587f5fad4.jpg. Detected amenity: hairdryer. Detection confidence: low (0.11). Source prompt type: baseline. Question:",What is a hairdryer in a hotel?,What is the name of the hotel that has a hairdryer?,Is a hairdryer provided in the room?,Is a hairdryer provided in the room?
image_180_jpg.rf.f203059aebd70a3d03b0a78518772eed.jpg,hairdryer,0.1291121244430542,88.29063415527344,219.1285400390625,561.5563354492188,419.0301513671875,baseline,Image file: image_180_jpg.rf.f203059aebd70a3d03b0a78518772eed.jpg. Detected amenity: hairdryer. Detection confidence: low (0.13). Source prompt type: baseline.,"You are generating hotel amenity questions for guests browsing accommodation photos. Given the detection summary below, generate a hotel amenity related question that a guest may ask or a guest might want to be answeredwhile browsing accommodation images. Keep the question short, factual, and neutral. Detection summary: Image file: image_180_jpg.rf.f203059aebd70a3d03b0a78518772eed.jpg. Detected amenity: hairdryer. Detection confidence: low (0.13). Source prompt type: baseline. Question:",What type of amenity is hairdryer?,What is the name of the hotel that has a hairdryer?,Is a hairdryer provided in the room?,Is a hairdryer provided in the room?
image_24_jpg.rf.32f4a380b1ea6a5e5578cd59b7bcacbf.jpg,hairdryer,0.1013985872268676,346.9708557128906,336.51202392578125,627.1022338867188,640.426025390625,baseline,Image file: image_24_jpg.rf.32f4a380b1ea6a5e5578cd59b7bcacbf.jpg. Detected amenity: hairdryer. Detection confidence: low (0.10). Source prompt type: baseline.,"You are generating hotel amenity questions for guests browsing accommodation photos. Given the detection summary below, generate a hotel amenity related question that a guest may ask or a guest might want to be answeredwhile browsing accommodation images. Keep the question short, factual, and neutral. Detection summary: Image file: image_24_jpg.rf.32f4a380b1ea6a5e5578cd59b7bcacbf.jpg. Detected amenity: hairdryer. Detection confidence: low (0.10). Source prompt type: baseline. Question:",What is a hairdryer in a hotel?,What is the name of the hotel that has a hairdryer?,Is a hairdryer provided in the room?,Is a hairdryer provided in the room?
image_66_jpg.rf.af050c556c5cd20d9219cdc2b457eca1.jpg,hairdryer,0.1574482172727584,56.8543815612793,41.04860305786133,520.214111328125,635.8487548828125,baseline,Image file: image_66_jpg.rf.af050c556c5cd20d9219cdc2b457eca1.jpg. Detected amenity: hairdryer. Detection confidence: low (0.16). Source prompt type: baseline.,"You are generating hotel amenity questions for guests browsing accommodation photos. Given the detection summary below, generate a hotel amenity related question that a guest may ask or a guest might want to be answeredwhile browsing accommodation images. Keep the question short, factual, and neutral. Detection summary: Image file: image_66_jpg.rf.af050c556c5cd20d9219cdc2b457eca1.jpg. Detected amenity: hairdryer. Detection confidence: low (0.16). Source prompt type: baseline. Question:",What is a hairdryer?,What is the name of the hotel that has a hairdryer?,Is a hairdryer provided in the room?,Is a hairdryer provided in the room?
image_17_jpg.rf.b673ad741572ab3396f75b58362cdd14.jpg,hairdryer,0.4457606673240661,81.87567138671875,6.897239685058594,591.38134765625,631.85888671875,baseline,Image file: image_17_jpg.rf.b673ad741572ab3396f75b58362cdd14.jpg. Detected amenity: hairdryer. Detection confidence: medium (0.45). Source prompt type: baseline.,"You are generating hotel amenity questions for guests browsing accommodation photos. Given the detection summary below, generate a hotel amenity related question that a guest may ask or a guest might want to be answeredwhile browsing accommodation images. Keep the question short, factual, and neutral. Detection summary: Image file: image_17_jpg.rf.b673ad741572ab3396f75b58362cdd14.jpg. Detected amenity: hairdryer. Detection confidence: medium (0.45). Source prompt type: baseline. Question:",What type of amenity does the hairdryer have?,What is the name of the hotel that has a hairdryer?,Is a hairdryer provided in the room?,Does the hotel room have a hairdryer?
image_210_jpg.rf.53404c2712d1be8c2f6dccd8974d4639.jpg,hairdryer,0.1040564477443695,7.405128479003906,320.3544616699219,564.0821533203125,640.6688232421875,baseline,Image file: image_210_jpg.rf.53404c2712d1be8c2f6dccd8974d4639.jpg. Detected amenity: hairdryer. Detection confidence: low (0.10). Source prompt type: baseline.,"You are generating hotel amenity questions for guests browsing accommodation photos. Given the detection summary below, generate a hotel amenity related question that a guest may ask or a guest might want to be answeredwhile browsing accommodation images. Keep the question short, factual, and neutral. Detection summary: Image file: image_210_jpg.rf.53404c2712d1be8c2f6dccd8974d4639.jpg. Detected amenity: hairdryer. Detection confidence: low (0.10). Source prompt type: baseline. Question:",What is a hairdryer in a hotel?,What is the name of the hotel that has a hairdryer?,Is a hairdryer provided in the room?,Is a hairdryer available in the room?
image_27_jpg.rf.f8c616f9bad5a0fbc302976a32b6bae8.jpg,hairdryer,0.4043797254562378,71.12432861328125,103.80722045898438,504.8543701171875,636.9561157226562,baseline,Image file: image_27_jpg.rf.f8c616f9bad5a0fbc302976a32b6bae8.jpg. Detected amenity: hairdryer. Detection confidence: medium (0.40). Source prompt type: baseline.,"You are generating hotel amenity questions for guests browsing accommodation photos. Given the detection summary below, generate a hotel amenity related question that a guest may ask or a guest might want to be answeredwhile browsing accommodation images. Keep the question short, factual, and neutral. Detection summary: Image file: image_27_jpg.rf.f8c616f9bad5a0fbc302976a32b6bae8.jpg. Detected amenity: hairdryer. Detection confidence: medium (0.40). Source prompt type: baseline. Question:",What type of amenity does the hairdryer have?,What is the name of the hotel that has a hairdryer?,Is a hairdryer provided in the room?,Is a hairdryer provided in the room?
image_56_jpg.rf.40336d66e18a46f793f1ae1c6dbbd6ca.jpg,hairdryer,0.1232956647872924,43.20644378662109,96.47886657714844,631.7115478515625,478.4485473632813,baseline,Image file: image_56_jpg.rf.40336d66e18a46f793f1ae1c6dbbd6ca.jpg. Detected amenity: hairdryer. Detection confidence: low (0.12). Source prompt type: baseline.,"You are generating hotel amenity questions for guests browsing accommodation photos. Given the detection summary below, generate a hotel amenity related question that a guest may ask or a guest might want to be answeredwhile browsing accommodation images. Keep the question short, factual, and neutral. Detection summary: Image file: image_56_jpg.rf.40336d66e18a46f793f1ae1c6dbbd6ca.jpg. Detected amenity: hairdryer. Detection confidence: low (0.12). Source prompt type: baseline. Question:",What type of amenity is hairdryer?,What is the name of the hotel that has a hairdryer?,Is a hairdryer provided in the room?,Is a hairdryer provided in the room?
image_124_jpg.rf.bc4213e7f09001692f89e708b6f3ae9a.jpg,hairdryer,0.2873489558696747,116.33195495605467,30.33590316772461,427.29400634765625,444.1443481445313,baseline,Image file: image_124_jpg.rf.bc4213e7f09001692f89e708b6f3ae9a.jpg. Detected amenity: hairdryer. Detection confidence: low (0.29). Source prompt type: baseline.,"You are generating hotel amenity questions for guests browsing accommodation photos. Given the detection summary below, generate a hotel amenity related question that a guest may ask or a guest might want to be answeredwhile browsing accommodation images. Keep the question short, factual, and neutral. Detection summary: Image file: image_124_jpg.rf.bc4213e7f09001692f89e708b6f3ae9a.jpg. Detected amenity: hairdryer. Detection confidence: low (0.29). Source prompt type: baseline. Question:",What type of amenity is hairdryer?,What is the name of the hotel that has a hairdryer?,Is a hairdryer provided in the room?,Is a hairdryer provided in the room?
image_197_jpg.rf.b010a4e9c4cf7b558546634e17678d6b.jpg,hairdryer,0.2878447473049164,165.26876831054688,100.70387268066406,633.3292236328125,620.8050537109375,baseline,Image file: image_197_jpg.rf.b010a4e9c4cf7b558546634e17678d6b.jpg. Detected amenity: hairdryer. Detection confidence: low (0.29). Source prompt type: baseline.,"You are generating hotel amenity questions for guests browsing accommodation photos. Given the detection summary below, generate a hotel amenity related question that a guest may ask or a guest might want to be answeredwhile browsing accommodation images. Keep the question short, factual, and neutral. Detection summary: Image file: image_197_jpg.rf.b010a4e9c4cf7b558546634e17678d6b.jpg. Detected amenity: hairdryer. Detection confidence: low (0.29). Source prompt type: baseline. Question:",What is a hairdryer in a hotel?,What is the name of the hotel that has a hairdryer?,Is a hairdryer provided in the room?,Is a hairdryer provided in the room?
image_127_jpg.rf.86c4f679c51a99dfa01e58959a5439a6.jpg,hairdryer,0.1267069578170776,65.66788482666016,143.0221710205078,333.21539306640625,324.8775634765625,baseline,Image file: image_127_jpg.rf.86c4f679c51a99dfa01e58959a5439a6.jpg. Detected amenity: hairdryer. Detection confidence: low (0.13). Source prompt type: baseline.,"You are generating hotel amenity questions for guests browsing accommodation photos. Given the detection summary below, generate a hotel amenity related question that a guest may ask or a guest might want to be answeredwhile browsing accommodation images. Keep the question short, factual, and neutral. Detection summary: Image file: image_127_jpg.rf.86c4f679c51a99dfa01e58959a5439a6.jpg. Detected amenity: hairdryer. Detection confidence: low (0.13). Source prompt type: baseline. Question:",What type of amenity is hairdryer?,What is the name of the amenity that is detected in this image?,Is a hairdryer provided in the room?,Is a hairdryer provided in the room?
image_127_jpg.rf.86c4f679c51a99dfa01e58959a5439a6.jpg,hairdryer,0.1741879880428314,149.13180541992188,343.8333740234375,572.4720458984375,637.5872802734375,baseline,Image file: image_127_jpg.rf.86c4f679c51a99dfa01e58959a5439a6.jpg. Detected amenity: hairdryer. Detection confidence: low (0.17). Source prompt type: baseline.,"You are generating hotel amenity questions for guests browsing accommodation photos. Given the detection summary below, generate a hotel amenity related question that a guest may ask or a guest might want to be answeredwhile browsing accommodation images. Keep the question short, factual, and neutral. Detection summary: Image file: image_127_jpg.rf.86c4f679c51a99dfa01e58959a5439a6.jpg. Detected amenity: hairdryer. Detection confidence: low (0.17). Source prompt type: baseline. Question:",What is a hairdryer in a hotel?,What is the name of the hotel that has a hairdryer?,Is a hairdryer provided in the room?,Is a hairdryer provided in the room?
image_138_jpg.rf.99873109fb946a5a17cd2206ddca1387.jpg,hairdryer,0.2522768974304199,99.31967163085938,-0.3460502624511719,504.43994140625,615.1588134765625,baseline,Image file: image_138_jpg.rf.99873109fb946a5a17cd2206ddca1387.jpg. Detected amenity: hairdryer. Detection confidence: low (0.25). Source prompt type: baseline.,"You are generating hotel amenity questions for guests browsing accommodation photos. Given the detection summary below, generate a hotel amenity related question that a guest may ask or a guest might want to be answeredwhile browsing accommodation images. Keep the question short, factual, and neutral. Detection summary: Image file: image_138_jpg.rf.99873109fb946a5a17cd2206ddca1387.jpg. Detected amenity: hairdryer. Detection confidence: low (0.25). Source prompt type: baseline. Question:",What is a hairdryer in a hotel?,What is the name of the hotel that has a hairdryer?,Is a hairdryer provided in the room?,Is a hairdryer provided in the room?
image_134_jpg.rf.1c9e6a38c6483660e2049e24293a3e89.jpg,hairdryer,0.1377188265323639,15.39104461669922,204.5677185058593,562.4326782226562,639.673828125,baseline,Image file: image_134_jpg.rf.1c9e6a38c6483660e2049e24293a3e89.jpg. Detected amenity: hairdryer. Detection confidence: low (0.14). Source prompt type: baseline.,"You are generating hotel amenity questions for guests browsing accommodation photos. Given the detection summary below, generate a hotel amenity related question that a guest may ask or a guest might want to be answeredwhile browsing accommodation images. Keep the question short, factual, and neutral. Detection summary: Image file: image_134_jpg.rf.1c9e6a38c6483660e2049e24293a3e89.jpg. Detected amenity: hairdryer. Detection confidence: low (0.14). Source prompt type: baseline. Question:",What is a hairdryer?,What is the name of the amenity that is detected in this image?,Is a hairdryer provided in the room?,Is a hairdryer provided in the room?
image_217_jpg.rf.9ff102abfffe891a26c5fc9db2ea8d93.jpg,hairdryer,0.2968415021896362,41.35017395019531,6.170463562011719,632.6305541992188,634.3482666015625,baseline,Image file: image_217_jpg.rf.9ff102abfffe891a26c5fc9db2ea8d93.jpg. Detected amenity: hairdryer. Detection confidence: low (0.30). Source prompt type: baseline.,"You are generating hotel amenity questions for guests browsing accommodation photos. Given the detection summary below, generate a hotel amenity related question that a guest may ask or a guest might want to be answeredwhile browsing accommodation images. Keep the question short, factual, and neutral. Detection summary: Image file: image_217_jpg.rf.9ff102abfffe891a26c5fc9db2ea8d93.jpg. Detected amenity: hairdryer. Detection confidence: low (0.30). Source prompt type: baseline. Question:",What type of amenity is hairdryer?,What is the name of the hotel that has a hairdryer?,Is a hairdryer provided in the room?,Is there a hairdryer available in the room?
image_1_jpg.rf.fc586b3362ea1b4318966a9da87af261.jpg,hairdryer,0.1206367686390876,64.68544006347656,274.299560546875,594.724609375,602.9570922851562,baseline,Image file: image_1_jpg.rf.fc586b3362ea1b4318966a9da87af261.jpg. Detected amenity: hairdryer. Detection confidence: low (0.12). Source prompt type: baseline.,"You are generating hotel amenity questions for guests browsing accommodation photos. Given the detection summary below, generate a hotel amenity related question that a guest may ask or a guest might want to be answeredwhile browsing accommodation images. Keep the question short, factual, and neutral. Detection summary: Image file: image_1_jpg.rf.fc586b3362ea1b4318966a9da87af261.jpg. Detected amenity: hairdryer. Detection confidence: low (0.12). Source prompt type: baseline. Question:",What type of amenity is hairdryer?,What is the name of the hotel that has a hairdryer?,Is a hairdryer provided in the room?,Is a hairdryer provided in the room?
image_64_jpg.rf.48a348ac43124b3e109635b3a0e538d6.jpg,hairdryer,0.1128061488270759,20.424461364746094,45.777587890625,540.9917602539062,636.015625,baseline,Image file: image_64_jpg.rf.48a348ac43124b3e109635b3a0e538d6.jpg. Detected amenity: hairdryer. Detection confidence: low (0.11). Source prompt type: baseline.,"You are generating hotel amenity questions for guests browsing accommodation photos. Given the detection summary below, generate a hotel amenity related question that a guest may ask or a guest might want to be answeredwhile browsing accommodation images. Keep the question short, factual, and neutral. Detection summary: Image file: image_64_jpg.rf.48a348ac43124b3e109635b3a0e538d6.jpg. Detected amenity: hairdryer. Detection confidence: low (0.11). Source prompt type: baseline. Question:",What is a hairdryer in a hotel?,What is the name of the amenity that is detected in this image?,Is a hairdryer provided in the room?,Is a hairdryer provided in the room?
image_50_jpg.rf.d3f60e1317c3b5d84880ddb7e7012572.jpg,hairdryer,0.2315301597118377,277.6809387207031,98.57292938232422,576.0201416015625,393.3492431640625,baseline,Image file: image_50_jpg.rf.d3f60e1317c3b5d84880ddb7e7012572.jpg. Detected amenity: hairdryer. Detection confidence: low (0.23). Source prompt type: baseline.,"You are generating hotel amenity questions for guests browsing accommodation photos. Given the detection summary below, generate a hotel amenity related question that a guest may ask or a guest might want to be answeredwhile browsing accommodation images. Keep the question short, factual, and neutral. Detection summary: Image file: image_50_jpg.rf.d3f60e1317c3b5d84880ddb7e7012572.jpg. Detected amenity: hairdryer. Detection confidence: low (0.23). Source prompt type: baseline. Question:",What is a hairdryer in a hotel?,What is the name of the hotel that has a hairdryer?,Is a hairdryer provided in the room?,Is a hairdryer provided in the room?
image_108_jpg.rf.737e2cf438196c741d4a9d69b8496da8.jpg,hairdryer,0.3104321360588074,103.14102172851562,213.99435424804688,423.8611450195313,638.5455322265625,baseline,Image file: image_108_jpg.rf.737e2cf438196c741d4a9d69b8496da8.jpg. Detected amenity: hairdryer. Detection confidence: medium (0.31). Source prompt type: baseline.,"You are generating hotel amenity questions for guests browsing accommodation photos. Given the detection summary below, generate a hotel amenity related question that a guest may ask or a guest might want to be answeredwhile browsing accommodation images. Keep the question short, factual, and neutral. Detection summary: Image file: image_108_jpg.rf.737e2cf438196c741d4a9d69b8496da8.jpg. Detected amenity: hairdryer. Detection confidence: medium (0.31). Source prompt type: baseline. Question:",What type of amenity is hairdryer?,What is the name of the hotel amenity in the image?,Is a hairdryer provided in the room?,Is there a hairdryer available in the room?
image_145_jpg.rf.26f88d83b1a434eb960e586bf2a9f378.jpg,hairdryer,0.1083201393485069,98.55241394042967,28.812150955200195,504.0646362304688,332.494873046875,baseline,Image file: image_145_jpg.rf.26f88d83b1a434eb960e586bf2a9f378.jpg. Detected amenity: hairdryer. Detection confidence: low (0.11). Source prompt type: baseline.,"You are generating hotel amenity questions for guests browsing accommodation photos. Given the detection summary below, generate a hotel amenity related question that a guest may ask or a guest might want to be answeredwhile browsing accommodation images. Keep the question short, factual, and neutral. Detection summary: Image file: image_145_jpg.rf.26f88d83b1a434eb960e586bf2a9f378.jpg. Detected amenity: hairdryer. Detection confidence: low (0.11). Source prompt type: baseline. Question:",What is a hairdryer in a hotel?,What is the name of the hotel that has a hairdryer?,Is a hairdryer provided in the room?,Is a hairdryer provided in the room?
image_29_jpg.rf.a90c20a79c680ed1754cdfa9b9219bd1.jpg,hairdryer,0.105060875415802,3.69649887084961,121.44142150878906,627.5863037109375,635.788818359375,baseline,Image file: image_29_jpg.rf.a90c20a79c680ed1754cdfa9b9219bd1.jpg. Detected amenity: hairdryer. Detection confidence: low (0.11). Source prompt type: baseline.,"You are generating hotel amenity questions for guests browsing accommodation photos. Given the detection summary below, generate a hotel amenity related question that a guest may ask or a guest might want to be answeredwhile browsing accommodation images. Keep the question short, factual, and neutral. Detection summary: Image file: image_29_jpg.rf.a90c20a79c680ed1754cdfa9b9219bd1.jpg. Detected amenity: hairdryer. Detection confidence: low (0.11). Source prompt type: baseline. Question:",What is a hairdryer in a hotel?,What is the name of the hotel that has a hairdryer?,Is a hairdryer provided in the room?,Is a hairdryer provided in the room?
image_60_jpg.rf.b29966f56913c52432bc50b3f4ae6ed5.jpg,hairdryer,0.1913195848464965,73.69190216064453,202.17459106445312,561.70068359375,571.3823852539062,baseline,Image file: image_60_jpg.rf.b29966f56913c52432bc50b3f4ae6ed5.jpg. Detected amenity: hairdryer. Detection confidence: low (0.19). Source prompt type: baseline.,"You are generating hotel amenity questions for guests browsing accommodation photos. Given the detection summary below, generate a hotel amenity related question that a guest may ask or a guest might want to be answeredwhile browsing accommodation images. Keep the question short, factual, and neutral. Detection summary: Image file: image_60_jpg.rf.b29966f56913c52432bc50b3f4ae6ed5.jpg. Detected amenity: hairdryer. Detection confidence: low (0.19). Source prompt type: baseline. Question:",What is a hairdryer in a hotel?,What is the name of the hotel that has a hairdryer?,Is a hairdryer provided in the room?,Is a hairdryer provided in the room?
image_194_jpg.rf.abd2c9fe075135aceeb7b815da254d40.jpg,hairdryer,0.2093429118394851,89.38163757324219,129.7724151611328,430.6404418945313,544.27685546875,baseline,Image file: image_194_jpg.rf.abd2c9fe075135aceeb7b815da254d40.jpg. Detected amenity: hairdryer. Detection confidence: low (0.21). Source prompt type: baseline.,"You are generating hotel amenity questions for guests browsing accommodation photos. Given the detection summary below, generate a hotel amenity related question that a guest may ask or a guest might want to be answeredwhile browsing accommodation images. Keep the question short, factual, and neutral. Detection summary: Image file: image_194_jpg.rf.abd2c9fe075135aceeb7b815da254d40.jpg. Detected amenity: hairdryer. Detection confidence: low (0.21). Source prompt type: baseline. Question:",What is a hairdryer in a hotel?,What is the name of the hotel that has a hairdryer?,Is a hairdryer provided in the room?,Is a hairdryer provided in the room?
image_94_jpg.rf.22a14d6573487d9a3d749d33fdfcfefa.jpg,hairdryer,0.1515324562788009,441.1275634765625,92.98326110839844,581.3917236328125,523.5765991210938,baseline,Image file: image_94_jpg.rf.22a14d6573487d9a3d749d33fdfcfefa.jpg. Detected amenity: hairdryer. Detection confidence: low (0.15). Source prompt type: baseline.,"You are generating hotel amenity questions for guests browsing accommodation photos. Given the detection summary below, generate a hotel amenity related question that a guest may ask or a guest might want to be answeredwhile browsing accommodation images. Keep the question short, factual, and neutral. Detection summary: Image file: image_94_jpg.rf.22a14d6573487d9a3d749d33fdfcfefa.jpg. Detected amenity: hairdryer. Detection confidence: low (0.15). Source prompt type: baseline. Question:",What is a hairdryer in a hotel?,What is the name of the hotel that has a hairdryer?,Is a hairdryer provided in the room?,Is a hairdryer provided in the room?
image_94_jpg.rf.22a14d6573487d9a3d749d33fdfcfefa.jpg,hairdryer,0.1429375559091568,22.00977325439453,88.45386505126953,467.9646606445313,511.60943603515625,baseline,Image file: image_94_jpg.rf.22a14d6573487d9a3d749d33fdfcfefa.jpg. Detected amenity: hairdryer. Detection confidence: low (0.14). Source prompt type: baseline.,"You are generating hotel amenity questions for guests browsing accommodation photos. Given the detection summary below, generate a hotel amenity related question that a guest may ask or a guest might want to be answeredwhile browsing accommodation images. Keep the question short, factual, and neutral. Detection summary: Image file: image_94_jpg.rf.22a14d6573487d9a3d749d33fdfcfefa.jpg. Detected amenity: hairdryer. Detection confidence: low (0.14). Source prompt type: baseline. Question:",What is a hairdryer in a hotel?,What is the name of the amenity that is detected in this image?,Is a hairdryer provided in the room?,Is a hairdryer provided in the room?
image_139_jpg.rf.a96316d65f400e9496df26b8b7affe97.jpg,hairdryer,0.1470745652914047,252.66070556640625,317.568603515625,639.5829467773438,642.710693359375,baseline,Image file: image_139_jpg.rf.a96316d65f400e9496df26b8b7affe97.jpg. Detected amenity: hairdryer. Detection confidence: low (0.15). Source prompt type: baseline.,"You are generating hotel amenity questions for guests browsing accommodation photos. Given the detection summary below, generate a hotel amenity related question that a guest may ask or a guest might want to be answeredwhile browsing accommodation images. Keep the question short, factual, and neutral. Detection summary: Image file: image_139_jpg.rf.a96316d65f400e9496df26b8b7affe97.jpg. Detected amenity: hairdryer. Detection confidence: low (0.15). Source prompt type: baseline. Question:",What is a hairdryer in a hotel?,What is the name of the hotel that has a hairdryer?,Is a hairdryer provided in the room?,Is a hairdryer provided in the room?
image_199_jpg.rf.9651f094f30b33a7366a8b9e76484d83.jpg,hairdryer,0.1495230048894882,48.340919494628906,93.45343017578124,212.71807861328125,562.1181640625,baseline,Image file: image_199_jpg.rf.9651f094f30b33a7366a8b9e76484d83.jpg. Detected amenity: hairdryer. Detection confidence: low (0.15). Source prompt type: baseline.,"You are generating hotel amenity questions for guests browsing accommodation photos. Given the detection summary below, generate a hotel amenity related question that a guest may ask or a guest might want to be answeredwhile browsing accommodation images. Keep the question short, factual, and neutral. Detection summary: Image file: image_199_jpg.rf.9651f094f30b33a7366a8b9e76484d83.jpg. Detected amenity: hairdryer. Detection confidence: low (0.15). Source prompt type: baseline. Question:",What is a hairdryer in a hotel?,What is the name of the hotel that has a hairdryer?,Is a hairdryer provided in the room?,Is a hairdryer available in the room?
image_230_jpg.rf.83ddb0a3e6b12aeb2af1182cbc71fe2c.jpg,hairdryer,0.2286833375692367,2.4332046508789062,327.9578857421875,474.4054565429688,635.5347290039062,baseline,Image file: image_230_jpg.rf.83ddb0a3e6b12aeb2af1182cbc71fe2c.jpg. Detected amenity: hairdryer. Detection confidence: low (0.23). Source prompt type: baseline.,"You are generating hotel amenity questions for guests browsing accommodation photos. Given the detection summary below, generate a hotel amenity related question that a guest may ask or a guest might want to be answeredwhile browsing accommodation images. Keep the question short, factual, and neutral. Detection summary: Image file: image_230_jpg.rf.83ddb0a3e6b12aeb2af1182cbc71fe2c.jpg. Detected amenity: hairdryer. Detection confidence: low (0.23). Source prompt type: baseline. Question:",What type of amenity is hairdryer?,What is the name of the amenity that is detected in this image?,Is a hairdryer provided in the room?,Is a hairdryer provided in the room?
image_200_jpg.rf.e9759f8e0aab5b79dc861d6639fd67d6.jpg,hairdryer,0.2496098130941391,127.1405029296875,124.84022521972656,608.328369140625,568.201416015625,baseline,Image file: image_200_jpg.rf.e9759f8e0aab5b79dc861d6639fd67d6.jpg. Detected amenity: hairdryer. Detection confidence: low (0.25). Source prompt type: baseline.,"You are generating hotel amenity questions for guests browsing accommodation photos. Given the detection summary below, generate a hotel amenity related question that a guest may ask or a guest might want to be answeredwhile browsing accommodation images. Keep the question short, factual, and neutral. Detection summary: Image file: image_200_jpg.rf.e9759f8e0aab5b79dc861d6639fd67d6.jpg. Detected amenity: hairdryer. Detection confidence: low (0.25). Source prompt type: baseline. Question:",What is a hairdryer in a hotel?,What is the name of the hotel that has a hairdryer?,Is a hairdryer provided in the room?,Is a hairdryer provided in the room?
image_219_jpg.rf.b7b1c2e5da0f5a0819b9579699b51ec1.jpg,hairdryer,0.1678290069103241,357.4338073730469,229.0345916748047,641.5277709960938,551.4095458984375,baseline,Image file: image_219_jpg.rf.b7b1c2e5da0f5a0819b9579699b51ec1.jpg. Detected amenity: hairdryer. Detection confidence: low (0.17). Source prompt type: baseline.,"You are generating hotel amenity questions for guests browsing accommodation photos. Given the detection summary below, generate a hotel amenity related question that a guest may ask or a guest might want to be answeredwhile browsing accommodation images. Keep the question short, factual, and neutral. Detection summary: Image file: image_219_jpg.rf.b7b1c2e5da0f5a0819b9579699b51ec1.jpg. Detected amenity: hairdryer. Detection confidence: low (0.17). Source prompt type: baseline. Question:",What type of amenity is hairdryer?,What is the name of the hotel that has a hairdryer?,Is a hairdryer provided in the room?,Is a hairdryer provided in the room?
image_123_jpg.rf.76b71486020fecaf299b8d2f5d8a0ebd.jpg,hairdryer,0.1460482776165008,0.6543159484863281,95.80814361572266,429.6221923828125,647.42236328125,baseline,Image file: image_123_jpg.rf.76b71486020fecaf299b8d2f5d8a0ebd.jpg. Detected amenity: hairdryer. Detection confidence: low (0.15). Source prompt type: baseline.,"You are generating hotel amenity questions for guests browsing accommodation photos. Given the detection summary below, generate a hotel amenity related question that a guest may ask or a guest might want to be answeredwhile browsing accommodation images. Keep the question short, factual, and neutral. Detection summary: Image file: image_123_jpg.rf.76b71486020fecaf299b8d2f5d8a0ebd.jpg. Detected amenity: hairdryer. Detection confidence: low (0.15). Source prompt type: baseline. Question:",What is a hairdryer in a hotel?,What is the name of the hotel that has a hairdryer?,Is a hairdryer provided in the room?,Is a hairdryer provided in the room?
image_266_fp_jpg.rf.995760b59cf42bdb91c4af0f2abfdaa8.jpg,hairdryer,0.2412084341049194,96.12332153320312,144.58322143554688,367.6031188964844,556.0972900390625,baseline,Image file: image_266_fp_jpg.rf.995760b59cf42bdb91c4af0f2abfdaa8.jpg. Detected amenity: hairdryer. Detection confidence: low (0.24). Source prompt type: baseline.,"You are generating hotel amenity questions for guests browsing accommodation photos. Given the detection summary below, generate a hotel amenity related question that a guest may ask or a guest might want to be answeredwhile browsing accommodation images. Keep the question short, factual, and neutral. Detection summary: Image file: image_266_fp_jpg.rf.995760b59cf42bdb91c4af0f2abfdaa8.jpg. Detected amenity: hairdryer. Detection confidence: low (0.24). Source prompt type: baseline. Question:",What type of amenity is hairdryer?,What is the name of the amenity found in the image?,Is a hairdryer provided in the room?,Is there a hairdryer available in the room?
image_78_jpg.rf.5be20c1c0d94720f18923e248cb45163.jpg,hairdryer,0.3890794813632965,115.95218658447266,55.83637237548828,517.8583984375,639.1880493164062,baseline,Image file: image_78_jpg.rf.5be20c1c0d94720f18923e248cb45163.jpg. Detected amenity: hairdryer. Detection confidence: medium (0.39). Source prompt type: baseline.,"You are generating hotel amenity questions for guests browsing accommodation photos. Given the detection summary below, generate a hotel amenity related question that a guest may ask or a guest might want to be answeredwhile browsing accommodation images. Keep the question short, factual, and neutral. Detection summary: Image file: image_78_jpg.rf.5be20c1c0d94720f18923e248cb45163.jpg. Detected amenity: hairdryer. Detection confidence: medium (0.39). Source prompt type: baseline. Question:",What type of amenity is the hairdryer?,What is the name of the hotel that has a hairdryer?,Is a hairdryer provided in the room?,Does the room have a hairdryer?
image_226_jpg.rf.8911da1981553c0e2a49903631ca3039.jpg,hairdryer,0.10617196559906,382.9989929199219,394.6568298339844,618.3799438476562,641.38427734375,baseline,Image file: image_226_jpg.rf.8911da1981553c0e2a49903631ca3039.jpg. Detected amenity: hairdryer. Detection confidence: low (0.11). Source prompt type: baseline.,"You are generating hotel amenity questions for guests browsing accommodation photos. Given the detection summary below, generate a hotel amenity related question that a guest may ask or a guest might want to be answeredwhile browsing accommodation images. Keep the question short, factual, and neutral. Detection summary: Image file: image_226_jpg.rf.8911da1981553c0e2a49903631ca3039.jpg. Detected amenity: hairdryer. Detection confidence: low (0.11). Source prompt type: baseline. Question:",What is a hairdryer in a hotel?,What is the name of the hotel that has a hairdryer?,Is a hairdryer provided in the room?,Is there a hairdryer available in the room?
image_332_fp_jpg.rf.614c1e37cde8c3bc203ab02453629165.jpg,hairdryer,0.1392052322626114,1.065654754638672,185.4438934326172,60.57197952270508,331.983642578125,baseline,Image file: image_332_fp_jpg.rf.614c1e37cde8c3bc203ab02453629165.jpg. Detected amenity: hairdryer. Detection confidence: low (0.14). Source prompt type: baseline.,"You are generating hotel amenity questions for guests browsing accommodation photos. Given the detection summary below, generate a hotel amenity related question that a guest may ask or a guest might want to be answeredwhile browsing accommodation images. Keep the question short, factual, and neutral. Detection summary: Image file: image_332_fp_jpg.rf.614c1e37cde8c3bc203ab02453629165.jpg. Detected amenity: hairdryer. Detection confidence: low (0.14). Source prompt type: baseline. Question:",What type of amenity is hairdryer?,What is the name of the amenity that is detected in this image?,Is a hairdryer provided in the room?,Is a hairdryer provided in the room?
image_174_jpg.rf.d62ef07b1ea45fa1b6af7b99134260a9.jpg,hairdryer,0.1851749271154403,165.2391815185547,62.82283782958984,497.9510498046875,622.2547607421875,baseline,Image file: image_174_jpg.rf.d62ef07b1ea45fa1b6af7b99134260a9.jpg. Detected amenity: hairdryer. Detection confidence: low (0.19). Source prompt type: baseline.,"You are generating hotel amenity questions for guests browsing accommodation photos. Given the detection summary below, generate a hotel amenity related question that a guest may ask or a guest might want to be answeredwhile browsing accommodation images. Keep the question short, factual, and neutral. Detection summary: Image file: image_174_jpg.rf.d62ef07b1ea45fa1b6af7b99134260a9.jpg. Detected amenity: hairdryer. Detection confidence: low (0.19). Source prompt type: baseline. Question:",What is a hairdryer in a hotel?,What is the name of the hotel that has a hairdryer?,Is a hairdryer provided in the room?,Is a hairdryer provided in the room?
image_130_jpg.rf.e25214f43b1771a689ecd1570f8500ec.jpg,hairdryer,0.2423919588327407,224.2945556640625,62.11997985839844,584.0632934570312,547.9400634765625,baseline,Image file: image_130_jpg.rf.e25214f43b1771a689ecd1570f8500ec.jpg. Detected amenity: hairdryer. Detection confidence: low (0.24). Source prompt type: baseline.,"You are generating hotel amenity questions for guests browsing accommodation photos. Given the detection summary below, generate a hotel amenity related question that a guest may ask or a guest might want to be answeredwhile browsing accommodation images. Keep the question short, factual, and neutral. Detection summary: Image file: image_130_jpg.rf.e25214f43b1771a689ecd1570f8500ec.jpg. Detected amenity: hairdryer. Detection confidence: low (0.24). Source prompt type: baseline. Question:",What is a hairdryer in a hotel?,What is the name of the hotel that has a hairdryer?,Is a hairdryer provided in the room?,Is a hairdryer provided in the room?
image_214_jpg.rf.c04505ebd55fbd7cc0afcc567c87b5d8.jpg,hairdryer,0.1209420189261436,198.68142700195312,23.81021499633789,560.9740600585938,616.8984375,baseline,Image file: image_214_jpg.rf.c04505ebd55fbd7cc0afcc567c87b5d8.jpg. Detected amenity: hairdryer. Detection confidence: low (0.12). Source prompt type: baseline.,"You are generating hotel amenity questions for guests browsing accommodation photos. Given the detection summary below, generate a hotel amenity related question that a guest may ask or a guest might want to be answeredwhile browsing accommodation images. Keep the question short, factual, and neutral. Detection summary: Image file: image_214_jpg.rf.c04505ebd55fbd7cc0afcc567c87b5d8.jpg. Detected amenity: hairdryer. Detection confidence: low (0.12). Source prompt type: baseline. Question:",What type of amenity is hairdryer?,What is the name of the amenity that is detected in this image?,Is a hairdryer provided in the room?,Is there a hairdryer available in the room?
image_40_jpg.rf.a199870b57bca59b9c4919c9080fcca3.jpg,hairdryer,0.359081506729126,159.9107666015625,136.679443359375,599.5813598632812,587.5049438476562,baseline,Image file: image_40_jpg.rf.a199870b57bca59b9c4919c9080fcca3.jpg. Detected amenity: hairdryer. Detection confidence: medium (0.36). Source prompt type: baseline.,"You are generating hotel amenity questions for guests browsing accommodation photos. Given the detection summary below, generate a hotel amenity related question that a guest may ask or a guest might want to be answeredwhile browsing accommodation images. Keep the question short, factual, and neutral. Detection summary: Image file: image_40_jpg.rf.a199870b57bca59b9c4919c9080fcca3.jpg. Detected amenity: hairdryer. Detection confidence: medium (0.36). Source prompt type: baseline. Question:",What type of amenity does the hairdryer have?,What is the name of the hotel that has a hairdryer?,Is a hairdryer provided in the room?,Is a hairdryer provided in the room?
image_185_jpg.rf.c7d5307dcc20964109d4e5de708d707e.jpg,hairdryer,0.1023743748664856,293.73638916015625,375.756591796875,638.7381591796875,541.43017578125,baseline,Image file: image_185_jpg.rf.c7d5307dcc20964109d4e5de708d707e.jpg. Detected amenity: hairdryer. Detection confidence: low (0.10). Source prompt type: baseline.,"You are generating hotel amenity questions for guests browsing accommodation photos. Given the detection summary below, generate a hotel amenity related question that a guest may ask or a guest might want to be answeredwhile browsing accommodation images. Keep the question short, factual, and neutral. Detection summary: Image file: image_185_jpg.rf.c7d5307dcc20964109d4e5de708d707e.jpg. Detected amenity: hairdryer. Detection confidence: low (0.10). Source prompt type: baseline. Question:",What is a hairdryer in a hotel?,What is the name of the hotel that has a hairdryer?,Is a hairdryer provided in the room?,Is a hairdryer provided in the room?
image_36_jpg.rf.7b981dc888975d8ce34b81d1f5b4d3b7.jpg,hairdryer,0.2227393984794616,92.51323699951172,4.373683929443359,505.71002197265625,586.1268310546875,baseline,Image file: image_36_jpg.rf.7b981dc888975d8ce34b81d1f5b4d3b7.jpg. Detected amenity: hairdryer. Detection confidence: low (0.22). Source prompt type: baseline.,"You are generating hotel amenity questions for guests browsing accommodation photos. Given the detection summary below, generate a hotel amenity related question that a guest may ask or a guest might want to be answeredwhile browsing accommodation images. Keep the question short, factual, and neutral. Detection summary: Image file: image_36_jpg.rf.7b981dc888975d8ce34b81d1f5b4d3b7.jpg. Detected amenity: hairdryer. Detection confidence: low (0.22). Source prompt type: baseline. Question:",What is a hairdryer in a hotel?,What is the name of the hotel that has a hairdryer?,Is a hairdryer provided in the room?,Does the hotel room have a hairdryer?
image_49_jpg.rf.3ed5c3766fa17dd7f6dbaff18e7ffb48.jpg,hairdryer,0.1160795837640762,245.6227264404297,176.24314880371094,636.7871704101562,561.0863647460938,baseline,Image file: image_49_jpg.rf.3ed5c3766fa17dd7f6dbaff18e7ffb48.jpg. Detected amenity: hairdryer. Detection confidence: low (0.12). Source prompt type: baseline.,"You are generating hotel amenity questions for guests browsing accommodation photos. Given the detection summary below, generate a hotel amenity related question that a guest may ask or a guest might want to be answeredwhile browsing accommodation images. Keep the question short, factual, and neutral. Detection summary: Image file: image_49_jpg.rf.3ed5c3766fa17dd7f6dbaff18e7ffb48.jpg. Detected amenity: hairdryer. Detection confidence: low (0.12). Source prompt type: baseline. Question:",What type of amenity does the hairdryer have?,What is the name of the hotel that has a hairdryer?,Is a hairdryer provided in the room?,Is a hairdryer provided in the room?
image_49_jpg.rf.3ed5c3766fa17dd7f6dbaff18e7ffb48.jpg,hairdryer,0.3197038471698761,208.73046875,178.76693725585938,636.182861328125,557.486328125,baseline,Image file: image_49_jpg.rf.3ed5c3766fa17dd7f6dbaff18e7ffb48.jpg. Detected amenity: hairdryer. Detection confidence: medium (0.32). Source prompt type: baseline.,"You are generating hotel amenity questions for guests browsing accommodation photos. Given the detection summary below, generate a hotel amenity related question that a guest may ask or a guest might want to be answeredwhile browsing accommodation images. Keep the question short, factual, and neutral. Detection summary: Image file: image_49_jpg.rf.3ed5c3766fa17dd7f6dbaff18e7ffb48.jpg. Detected amenity: hairdryer. Detection confidence: medium (0.32). Source prompt type: baseline. Question:",What type of amenity does the hairdryer have?,What is the name of the amenity that is detected in this image?,Is a hairdryer provided in the room?,Does the room have a hairdryer?
image_222_jpg.rf.55764fe32c20e6b83f1904e6dcf2aec3.jpg,hairdryer,0.2599203884601593,127.4738311767578,125.73402404785156,608.0526123046875,567.7255249023438,baseline,Image file: image_222_jpg.rf.55764fe32c20e6b83f1904e6dcf2aec3.jpg. Detected amenity: hairdryer. Detection confidence: low (0.26). Source prompt type: baseline.,"You are generating hotel amenity questions for guests browsing accommodation photos. Given the detection summary below, generate a hotel amenity related question that a guest may ask or a guest might want to be answeredwhile browsing accommodation images. Keep the question short, factual, and neutral. Detection summary: Image file: image_222_jpg.rf.55764fe32c20e6b83f1904e6dcf2aec3.jpg. Detected amenity: hairdryer. Detection confidence: low (0.26). Source prompt type: baseline. Question:",What is a hairdryer in a hotel?,What is the name of the hotel that has a hairdryer?,Is a hairdryer provided in the room?,Is a hairdryer provided in the room?
image_122_jpg.rf.78ac15a066f3e8d9877ed048400e899c.jpg,hairdryer,0.1030352264642715,-1.7636680603027344,0.2002716064453125,326.3492431640625,564.6544799804688,baseline,Image file: image_122_jpg.rf.78ac15a066f3e8d9877ed048400e899c.jpg. Detected amenity: hairdryer. Detection confidence: low (0.10). Source prompt type: baseline.,"You are generating hotel amenity questions for guests browsing accommodation photos. Given the detection summary below, generate a hotel amenity related question that a guest may ask or a guest might want to be answeredwhile browsing accommodation images. Keep the question short, factual, and neutral. Detection summary: Image file: image_122_jpg.rf.78ac15a066f3e8d9877ed048400e899c.jpg. Detected amenity: hairdryer. Detection confidence: low (0.10). Source prompt type: baseline. Question:",What is a hairdryer in a hotel?,What is the name of the hotel that has a hairdryer?,Is a hairdryer provided in the room?,Is a hairdryer provided in the room?
image_122_jpg.rf.78ac15a066f3e8d9877ed048400e899c.jpg,hairdryer,0.1072537004947662,98.9803237915039,203.3197021484375,279.6986389160156,453.642333984375,baseline,Image file: image_122_jpg.rf.78ac15a066f3e8d9877ed048400e899c.jpg. Detected amenity: hairdryer. Detection confidence: low (0.11). Source prompt type: baseline.,"You are generating hotel amenity questions for guests browsing accommodation photos. Given the detection summary below, generate a hotel amenity related question that a guest may ask or a guest might want to be answeredwhile browsing accommodation images. Keep the question short, factual, and neutral. Detection summary: Image file: image_122_jpg.rf.78ac15a066f3e8d9877ed048400e899c.jpg. Detected amenity: hairdryer. Detection confidence: low (0.11). Source prompt type: baseline. Question:",What type of amenity is hairdryer?,What is the name of the hotel that has a hairdryer?,Is a hairdryer provided in the room?,Is a hairdryer provided in the room?
image_10_jpg.rf.6e74427b18cf4da25292eb8dc9f1ad8b.jpg,hairdryer,0.30227792263031,158.9196014404297,134.72030639648438,521.2762451171875,513.7862548828125,baseline,Image file: image_10_jpg.rf.6e74427b18cf4da25292eb8dc9f1ad8b.jpg. Detected amenity: hairdryer. Detection confidence: medium (0.30). Source prompt type: baseline.,"You are generating hotel amenity questions for guests browsing accommodation photos. Given the detection summary below, generate a hotel amenity related question that a guest may ask or a guest might want to be answeredwhile browsing accommodation images. Keep the question short, factual, and neutral. Detection summary: Image file: image_10_jpg.rf.6e74427b18cf4da25292eb8dc9f1ad8b.jpg. Detected amenity: hairdryer. Detection confidence: medium (0.30). Source prompt type: baseline. Question:",What type of amenity does the hairdryer have?,What is the name of the amenity that is detected in this image?,Is a hairdryer provided in the room?,Is a hairdryer provided in the room?
image_178_jpg.rf.e0e981e0cda2395aa2259c70373dc64e.jpg,hairdryer,0.1151974350214004,144.41786193847656,-2.0322418212890625,419.8778076171875,574.8759155273438,baseline,Image file: image_178_jpg.rf.e0e981e0cda2395aa2259c70373dc64e.jpg. Detected amenity: hairdryer. Detection confidence: low (0.12). Source prompt type: baseline.,"You are generating hotel amenity questions for guests browsing accommodation photos. Given the detection summary below, generate a hotel amenity related question that a guest may ask or a guest might want to be answeredwhile browsing accommodation images. Keep the question short, factual, and neutral. Detection summary: Image file: image_178_jpg.rf.e0e981e0cda2395aa2259c70373dc64e.jpg. Detected amenity: hairdryer. Detection confidence: low (0.12). Source prompt type: baseline. Question:",What type of amenity does the hairdryer have?,What is the name of the hotel that has a hairdryer?,Is a hairdryer provided in the room?,Is a hairdryer provided in the room?
image_178_jpg.rf.e0e981e0cda2395aa2259c70373dc64e.jpg,hairdryer,0.1044155433773994,144.4790496826172,144.1929473876953,418.4097900390625,572.271728515625,baseline,Image file: image_178_jpg.rf.e0e981e0cda2395aa2259c70373dc64e.jpg. Detected amenity: hairdryer. Detection confidence: low (0.10). Source prompt type: baseline.,"You are generating hotel amenity questions for guests browsing accommodation photos. Given the detection summary below, generate a hotel amenity related question that a guest may ask or a guest might want to be answeredwhile browsing accommodation images. Keep the question short, factual, and neutral. Detection summary: Image file: image_178_jpg.rf.e0e981e0cda2395aa2259c70373dc64e.jpg. Detected amenity: hairdryer. Detection confidence: low (0.10). Source prompt type: baseline. Question:",What is a hairdryer in a hotel?,What is the name of the hotel that has a hairdryer?,Is a hairdryer provided in the room?,Is a hairdryer provided in the room?
image_317_fp_jpg.rf.b318a363e6c32c1e1b16279b0e94621a.jpg,hairdryer,0.1935255676507949,5.971336364746094,203.288803100586,74.25257873535156,300.2221984863281,baseline,Image file: image_317_fp_jpg.rf.b318a363e6c32c1e1b16279b0e94621a.jpg. Detected amenity: hairdryer. Detection confidence: low (0.19). Source prompt type: baseline.,"You are generating hotel amenity questions for guests browsing accommodation photos. Given the detection summary below, generate a hotel amenity related question that a guest may ask or a guest might want to be answeredwhile browsing accommodation images. Keep the question short, factual, and neutral. Detection summary: Image file: image_317_fp_jpg.rf.b318a363e6c32c1e1b16279b0e94621a.jpg. Detected amenity: hairdryer. Detection confidence: low (0.19). Source prompt type: baseline. Question:",What type of amenity is hairdryer?,What is the name of the hotel that has a hairdryer?,Is a hairdryer provided in the room?,Is a hairdryer provided in the room?
image_177_jpg.rf.39ae7f995d68738270115b772015f3a6.jpg,hairdryer,0.3500099182128906,137.6292266845703,65.39167785644531,471.8717956542969,643.1701049804688,baseline,Image file: image_177_jpg.rf.39ae7f995d68738270115b772015f3a6.jpg. Detected amenity: hairdryer. Detection confidence: medium (0.35). Source prompt type: baseline.,"You are generating hotel amenity questions for guests browsing accommodation photos. Given the detection summary below, generate a hotel amenity related question that a guest may ask or a guest might want to be answeredwhile browsing accommodation images. Keep the question short, factual, and neutral. Detection summary: Image file: image_177_jpg.rf.39ae7f995d68738270115b772015f3a6.jpg. Detected amenity: hairdryer. Detection confidence: medium (0.35). Source prompt type: baseline. Question:",What type of amenity is hairdryer?,What is the hairdryer used for?,Is a hairdryer provided in the room?,Is a hairdryer provided in the room?
image_114_jpg.rf.39dd9ec812495de8beb34acf6ed1f818.jpg,hairdryer,0.117707759141922,217.19790649414065,161.1937713623047,479.3455200195313,515.2941284179688,baseline,Image file: image_114_jpg.rf.39dd9ec812495de8beb34acf6ed1f818.jpg. Detected amenity: hairdryer. Detection confidence: low (0.12). Source prompt type: baseline.,"You are generating hotel amenity questions for guests browsing accommodation photos. Given the detection summary below, generate a hotel amenity related question that a guest may ask or a guest might want to be answeredwhile browsing accommodation images. Keep the question short, factual, and neutral. Detection summary: Image file: image_114_jpg.rf.39dd9ec812495de8beb34acf6ed1f818.jpg. Detected amenity: hairdryer. Detection confidence: low (0.12). Source prompt type: baseline. Question:",What type of amenity does the hairdryer have?,What is the name of the hotel that has a hairdryer?,Is a hairdryer provided in the room?,Is a hairdryer provided in the room?
image_16_jpg.rf.01b6932fd21787cf7b2cd99f221efd80.jpg,hairdryer,0.1718403100967407,104.58563232421876,242.48583984375,611.2283325195312,636.1461181640625,baseline,Image file: image_16_jpg.rf.01b6932fd21787cf7b2cd99f221efd80.jpg. Detected amenity: hairdryer. Detection confidence: low (0.17). Source prompt type: baseline.,"You are generating hotel amenity questions for guests browsing accommodation photos. Given the detection summary below, generate a hotel amenity related question that a guest may ask or a guest might want to be answeredwhile browsing accommodation images. Keep the question short, factual, and neutral. Detection summary: Image file: image_16_jpg.rf.01b6932fd21787cf7b2cd99f221efd80.jpg. Detected amenity: hairdryer. Detection confidence: low (0.17). Source prompt type: baseline. Question:",What is a hairdryer in a hotel?,What is the name of the hotel that has a hairdryer?,Is a hairdryer provided in the room?,Does the room have a hairdryer?
image_181_jpg.rf.df1e0eeeed558587920a15b00aa17983.jpg,hairdryer,0.2004801928997039,20.903301239013672,31.825313568115234,569.747314453125,638.9594116210938,baseline,Image file: image_181_jpg.rf.df1e0eeeed558587920a15b00aa17983.jpg. Detected amenity: hairdryer. Detection confidence: low (0.20). Source prompt type: baseline.,"You are generating hotel amenity questions for guests browsing accommodation photos. Given the detection summary below, generate a hotel amenity related question that a guest may ask or a guest might want to be answeredwhile browsing accommodation images. Keep the question short, factual, and neutral. Detection summary: Image file: image_181_jpg.rf.df1e0eeeed558587920a15b00aa17983.jpg. Detected amenity: hairdryer. Detection confidence: low (0.20). Source prompt type: baseline. Question:",What is a hairdryer in a hotel?,What is the name of the hotel that has a hairdryer?,Is a hairdryer provided in the room?,Does the hotel room have a hairdryer available?
image_57_jpg.rf.b9b53095b77f9d1ec136cc7209d8bc5a.jpg,hairdryer,0.2624041438102722,53.40854644775391,184.6813201904297,637.8788452148438,481.1540222167969,baseline,Image file: image_57_jpg.rf.b9b53095b77f9d1ec136cc7209d8bc5a.jpg. Detected amenity: hairdryer. Detection confidence: low (0.26). Source prompt type: baseline.,"You are generating hotel amenity questions for guests browsing accommodation photos. Given the detection summary below, generate a hotel amenity related question that a guest may ask or a guest might want to be answeredwhile browsing accommodation images. Keep the question short, factual, and neutral. Detection summary: Image file: image_57_jpg.rf.b9b53095b77f9d1ec136cc7209d8bc5a.jpg. Detected amenity: hairdryer. Detection confidence: low (0.26). Source prompt type: baseline. Question:",What type of amenity is hairdryer?,What is the name of the hotel that has a hairdryer?,Is a hairdryer provided in the room?,Is a hairdryer provided in the room?
image_303_fp_jpg.rf.b231aed6f80189437f48fa5e18714b91.jpg,hairdryer,0.1679540276527404,11.79502010345459,302.75372314453125,57.520774841308594,480.1575317382813,baseline,Image file: image_303_fp_jpg.rf.b231aed6f80189437f48fa5e18714b91.jpg. Detected amenity: hairdryer. Detection confidence: low (0.17). Source prompt type: baseline.,"You are generating hotel amenity questions for guests browsing accommodation photos. Given the detection summary below, generate a hotel amenity related question that a guest may ask or a guest might want to be answeredwhile browsing accommodation images. Keep the question short, factual, and neutral. Detection summary: Image file: image_303_fp_jpg.rf.b231aed6f80189437f48fa5e18714b91.jpg. Detected amenity: hairdryer. Detection confidence: low (0.17). Source prompt type: baseline. Question:",What is a hairdryer in a hotel?,What is the name of the hotel that has a hairdryer?,Is a hairdryer provided in the room?,Is a hairdryer provided in the room?
image_144_jpg.rf.de961357bc14cbe994dccfa553ce7b68.jpg,hairdryer,0.1904104202985763,223.296630859375,-1.5227699279785156,539.927734375,632.725341796875,baseline,Image file: image_144_jpg.rf.de961357bc14cbe994dccfa553ce7b68.jpg. Detected amenity: hairdryer. Detection confidence: low (0.19). Source prompt type: baseline.,"You are generating hotel amenity questions for guests browsing accommodation photos. Given the detection summary below, generate a hotel amenity related question that a guest may ask or a guest might want to be answeredwhile browsing accommodation images. Keep the question short, factual, and neutral. Detection summary: Image file: image_144_jpg.rf.de961357bc14cbe994dccfa553ce7b68.jpg. Detected amenity: hairdryer. Detection confidence: low (0.19). Source prompt type: baseline. Question:",What is a hairdryer in a hotel?,What is the name of the hotel that has a hairdryer?,Is a hairdryer provided in the room?,Is a hairdryer provided in the room?
image_95_jpg.rf.390affcd1460fd2839a2c4b2a7e0a0e4.jpg,hairdryer,0.224087506532669,240.84817504882807,83.12300109863281,575.7391357421875,643.17529296875,baseline,Image file: image_95_jpg.rf.390affcd1460fd2839a2c4b2a7e0a0e4.jpg. Detected amenity: hairdryer. Detection confidence: low (0.22). Source prompt type: baseline.,"You are generating hotel amenity questions for guests browsing accommodation photos. Given the detection summary below, generate a hotel amenity related question that a guest may ask or a guest might want to be answeredwhile browsing accommodation images. Keep the question short, factual, and neutral. Detection summary: Image file: image_95_jpg.rf.390affcd1460fd2839a2c4b2a7e0a0e4.jpg. Detected amenity: hairdryer. Detection confidence: low (0.22). Source prompt type: baseline. Question:",What type of amenity is hairdryer?,What is the name of the amenity that is detected in this image?,Is a hairdryer provided in the room?,Is a hairdryer provided in the room?
image_231_jpg.rf.0f4756745fe147571d941aa7626e9721.jpg,hairdryer,0.2613833844661712,193.4703063964844,314.6127014160156,468.0792846679688,508.3946228027344,baseline,Image file: image_231_jpg.rf.0f4756745fe147571d941aa7626e9721.jpg. Detected amenity: hairdryer. Detection confidence: low (0.26). Source prompt type: baseline.,"You are generating hotel amenity questions for guests browsing accommodation photos. Given the detection summary below, generate a hotel amenity related question that a guest may ask or a guest might want to be answeredwhile browsing accommodation images. Keep the question short, factual, and neutral. Detection summary: Image file: image_231_jpg.rf.0f4756745fe147571d941aa7626e9721.jpg. Detected amenity: hairdryer. Detection confidence: low (0.26). Source prompt type: baseline. Question:",What is a hairdryer in a hotel?,What is the name of the hotel that has a hairdryer?,Is a hairdryer provided in the room?,Is there a hairdryer available in the room?
image_55_jpg.rf.1d7f2ff3a428e1bf6b38054d934e8d42.jpg,hairdryer,0.205051451921463,1.7598533630371094,51.30840301513672,634.0368041992188,432.2920227050781,baseline,Image file: image_55_jpg.rf.1d7f2ff3a428e1bf6b38054d934e8d42.jpg. Detected amenity: hairdryer. Detection confidence: low (0.21). Source prompt type: baseline.,"You are generating hotel amenity questions for guests browsing accommodation photos. Given the detection summary below, generate a hotel amenity related question that a guest may ask or a guest might want to be answeredwhile browsing accommodation images. Keep the question short, factual, and neutral. Detection summary: Image file: image_55_jpg.rf.1d7f2ff3a428e1bf6b38054d934e8d42.jpg. Detected amenity: hairdryer. Detection confidence: low (0.21). Source prompt type: baseline. Question:",What type of amenity is hairdryer?,What is the name of the hotel that has a hairdryer?,Is a hairdryer provided in the room?,Is a hairdryer provided in the room?
image_151_jpg.rf.cac66f96279d81e0a7d749f5f550ed1a.jpg,hairdryer,0.224871426820755,96.05335235595705,80.96044921875,463.3908081054688,602.1340942382812,baseline,Image file: image_151_jpg.rf.cac66f96279d81e0a7d749f5f550ed1a.jpg. Detected amenity: hairdryer. Detection confidence: low (0.22). Source prompt type: baseline.,"You are generating hotel amenity questions for guests browsing accommodation photos. Given the detection summary below, generate a hotel amenity related question that a guest may ask or a guest might want to be answeredwhile browsing accommodation images. Keep the question short, factual, and neutral. Detection summary: Image file: image_151_jpg.rf.cac66f96279d81e0a7d749f5f550ed1a.jpg. Detected amenity: hairdryer. Detection confidence: low (0.22). Source prompt type: baseline. Question:",What is a hairdryer in a hotel?,What is the name of the hotel that has a hairdryer?,Is a hairdryer provided in the room?,Is a hairdryer provided in the room?
image_97_jpg.rf.04cc8df6366859a0b0c658589b08cd9f.jpg,hairdryer,0.1499653309583664,3.9877700805664062,167.74961853027344,604.6979370117188,530.6307373046875,baseline,Image file: image_97_jpg.rf.04cc8df6366859a0b0c658589b08cd9f.jpg. Detected amenity: hairdryer. Detection confidence: low (0.15). Source prompt type: baseline.,"You are generating hotel amenity questions for guests browsing accommodation photos. Given the detection summary below, generate a hotel amenity related question that a guest may ask or a guest might want to be answeredwhile browsing accommodation images. Keep the question short, factual, and neutral. Detection summary: Image file: image_97_jpg.rf.04cc8df6366859a0b0c658589b08cd9f.jpg. Detected amenity: hairdryer. Detection confidence: low (0.15). Source prompt type: baseline. Question:",What is a hairdryer in a hotel?,What is the name of the hotel that has a hairdryer?,Is a hairdryer provided in the room?,Is a hairdryer available in the room?
image_154_jpg.rf.98bbae110983b590d1aa1c016ec77dcf.jpg,hairdryer,0.1790794730186462,351.9873352050781,3.882312774658203,619.6611938476562,487.763427734375,baseline,Image file: image_154_jpg.rf.98bbae110983b590d1aa1c016ec77dcf.jpg. Detected amenity: hairdryer. Detection confidence: low (0.18). Source prompt type: baseline.,"You are generating hotel amenity questions for guests browsing accommodation photos. Given the detection summary below, generate a hotel amenity related question that a guest may ask or a guest might want to be answeredwhile browsing accommodation images. Keep the question short, factual, and neutral. Detection summary: Image file: image_154_jpg.rf.98bbae110983b590d1aa1c016ec77dcf.jpg. Detected amenity: hairdryer. Detection confidence: low (0.18). Source prompt type: baseline. Question:",What type of amenity is hairdryer?,What is the name of the hotel that has a hairdryer?,Is a hairdryer provided in the room?,Is a hairdryer provided in the room?
image_154_jpg.rf.98bbae110983b590d1aa1c016ec77dcf.jpg,hairdryer,0.1218924447894096,347.5750732421875,6.35711669921875,624.9876708984375,638.760009765625,baseline,Image file: image_154_jpg.rf.98bbae110983b590d1aa1c016ec77dcf.jpg. Detected amenity: hairdryer. Detection confidence: low (0.12). Source prompt type: baseline.,"You are generating hotel amenity questions for guests browsing accommodation photos. Given the detection summary below, generate a hotel amenity related question that a guest may ask or a guest might want to be answeredwhile browsing accommodation images. Keep the question short, factual, and neutral. Detection summary: Image file: image_154_jpg.rf.98bbae110983b590d1aa1c016ec77dcf.jpg. Detected amenity: hairdryer. Detection confidence: low (0.12). Source prompt type: baseline. Question:",What type of amenity is hairdryer?,What is the name of the amenity that is detected in this image?,Is a hairdryer provided in the room?,Is a hairdryer provided in the room?
image_154_jpg.rf.98bbae110983b590d1aa1c016ec77dcf.jpg,hairdryer,0.1523343622684478,469.0816040039063,395.1220703125,642.29052734375,639.26806640625,baseline,Image file: image_154_jpg.rf.98bbae110983b590d1aa1c016ec77dcf.jpg. Detected amenity: hairdryer. Detection confidence: low (0.15). Source prompt type: baseline.,"You are generating hotel amenity questions for guests browsing accommodation photos. Given the detection summary below, generate a hotel amenity related question that a guest may ask or a guest might want to be answeredwhile browsing accommodation images. Keep the question short, factual, and neutral. Detection summary: Image file: image_154_jpg.rf.98bbae110983b590d1aa1c016ec77dcf.jpg. Detected amenity: hairdryer. Detection confidence: low (0.15). Source prompt type: baseline. Question:",What is a hairdryer in a hotel?,What is the name of the hotel that has a hairdryer?,Is a hairdryer provided in the room?,Is a hairdryer provided in the room?
image_154_jpg.rf.98bbae110983b590d1aa1c016ec77dcf.jpg,hairdryer,0.1018057316541671,14.386639595031738,452.4025268554688,156.16302490234375,640.643310546875,baseline,Image file: image_154_jpg.rf.98bbae110983b590d1aa1c016ec77dcf.jpg. Detected amenity: hairdryer. Detection confidence: low (0.10). Source prompt type: baseline.,"You are generating hotel amenity questions for guests browsing accommodation photos. Given the detection summary below, generate a hotel amenity related question that a guest may ask or a guest might want to be answeredwhile browsing accommodation images. Keep the question short, factual, and neutral. Detection summary: Image file: image_154_jpg.rf.98bbae110983b590d1aa1c016ec77dcf.jpg. Detected amenity: hairdryer. Detection confidence: low (0.10). Source prompt type: baseline. Question:",What type of amenity is hairdryer?,What is the name of the hotel that has a hairdryer?,Is a hairdryer provided in the room?,Is a hairdryer provided in the room?
image_154_jpg.rf.98bbae110983b590d1aa1c016ec77dcf.jpg,hairdryer,0.1536539644002914,530.9935913085938,447.1159057617188,612.2196044921875,634.048583984375,baseline,Image file: image_154_jpg.rf.98bbae110983b590d1aa1c016ec77dcf.jpg. Detected amenity: hairdryer. Detection confidence: low (0.15). Source prompt type: baseline.,"You are generating hotel amenity questions for guests browsing accommodation photos. Given the detection summary below, generate a hotel amenity related question that a guest may ask or a guest might want to be answeredwhile browsing accommodation images. Keep the question short, factual, and neutral. Detection summary: Image file: image_154_jpg.rf.98bbae110983b590d1aa1c016ec77dcf.jpg. Detected amenity: hairdryer. Detection confidence: low (0.15). Source prompt type: baseline. Question:",What is a hairdryer in a hotel?,What is the name of the hotel that has a hairdryer?,Is a hairdryer provided in the room?,Is a hairdryer provided in the room?
image_92_jpg.rf.24c51bd376395b3eab4c7eae3d1711e0.jpg,hairdryer,0.1419826596975326,388.6739807128906,201.6275634765625,544.457275390625,418.8878784179688,baseline,Image file: image_92_jpg.rf.24c51bd376395b3eab4c7eae3d1711e0.jpg. Detected amenity: hairdryer. Detection confidence: low (0.14). Source prompt type: baseline.,"You are generating hotel amenity questions for guests browsing accommodation photos. Given the detection summary below, generate a hotel amenity related question that a guest may ask or a guest might want to be answeredwhile browsing accommodation images. Keep the question short, factual, and neutral. Detection summary: Image file: image_92_jpg.rf.24c51bd376395b3eab4c7eae3d1711e0.jpg. Detected amenity: hairdryer. Detection confidence: low (0.14). Source prompt type: baseline. Question:",What is a hairdryer in a hotel?,What is the name of the amenity that is detected in this image?,Is a hairdryer provided in the room?,Does the hotel room have a hairdryer?
image_12_jpg.rf.db11c3c0c6f97ae964e69031e37edc88.jpg,hairdryer,0.1143407970666885,134.89990234375,333.8924865722656,428.2748718261719,643.1788330078125,baseline,Image file: image_12_jpg.rf.db11c3c0c6f97ae964e69031e37edc88.jpg. Detected amenity: hairdryer. Detection confidence: low (0.11). Source prompt type: baseline.,"You are generating hotel amenity questions for guests browsing accommodation photos. Given the detection summary below, generate a hotel amenity related question that a guest may ask or a guest might want to be answeredwhile browsing accommodation images. Keep the question short, factual, and neutral. Detection summary: Image file: image_12_jpg.rf.db11c3c0c6f97ae964e69031e37edc88.jpg. Detected amenity: hairdryer. Detection confidence: low (0.11). Source prompt type: baseline. Question:",What type of amenity is hairdryer?,What is the name of the amenity that is detected in this image?,Is a hairdryer provided in the room?,Does the hotel room have a hairdryer?
image_143_jpg.rf.79908e34de4e3d1f50249dcb19bafdba.jpg,hairdryer,0.1736315190792083,26.864891052246094,81.02100372314453,608.7857666015625,579.4706420898438,baseline,Image file: image_143_jpg.rf.79908e34de4e3d1f50249dcb19bafdba.jpg. Detected amenity: hairdryer. Detection confidence: low (0.17). Source prompt type: baseline.,"You are generating hotel amenity questions for guests browsing accommodation photos. Given the detection summary below, generate a hotel amenity related question that a guest may ask or a guest might want to be answeredwhile browsing accommodation images. Keep the question short, factual, and neutral. Detection summary: Image file: image_143_jpg.rf.79908e34de4e3d1f50249dcb19bafdba.jpg. Detected amenity: hairdryer. Detection confidence: low (0.17). Source prompt type: baseline. Question:",What type of amenity is hairdryer?,What is the name of the hotel that has a hairdryer?,Is a hairdryer provided in the room?,Is a hairdryer available in the room?
image_77_jpg.rf.55d8d082aae0891edaeb927e6af3e5f5.jpg,hairdryer,0.3312059640884399,15.013103485107422,190.2312469482422,522.8232421875,545.1309204101562,baseline,Image file: image_77_jpg.rf.55d8d082aae0891edaeb927e6af3e5f5.jpg. Detected amenity: hairdryer. Detection confidence: medium (0.33). Source prompt type: baseline.,"You are generating hotel amenity questions for guests browsing accommodation photos. Given the detection summary below, generate a hotel amenity related question that a guest may ask or a guest might want to be answeredwhile browsing accommodation images. Keep the question short, factual, and neutral. Detection summary: Image file: image_77_jpg.rf.55d8d082aae0891edaeb927e6af3e5f5.jpg. Detected amenity: hairdryer. Detection confidence: medium (0.33). Source prompt type: baseline. Question:",What type of amenity is hairdryer?,What is the name of the amenity that is detected in this image?,Is a hairdryer provided in the room?,Is a hairdryer provided in the room?
image_296_fp_jpg.rf.c84a184a0a2aeb19b11f46734afb89ef.jpg,hairdryer,0.2196239233016967,197.43218994140625,94.78604125976562,232.69796752929688,369.2472534179688,baseline,Image file: image_296_fp_jpg.rf.c84a184a0a2aeb19b11f46734afb89ef.jpg. Detected amenity: hairdryer. Detection confidence: low (0.22). Source prompt type: baseline.,"You are generating hotel amenity questions for guests browsing accommodation photos. Given the detection summary below, generate a hotel amenity related question that a guest may ask or a guest might want to be answeredwhile browsing accommodation images. Keep the question short, factual, and neutral. Detection summary: Image file: image_296_fp_jpg.rf.c84a184a0a2aeb19b11f46734afb89ef.jpg. Detected amenity: hairdryer. Detection confidence: low (0.22). Source prompt type: baseline. Question:",What type of amenity is hairdryer?,What is the name of the amenity that is detected in this image?,Is a hairdryer provided in the room?,Is a hairdryer provided in the room?
image_167_jpg.rf.8cbb4a2ce9aab6b9d330194e9213d8c6.jpg,hairdryer,0.1376370042562484,38.21958541870117,235.0541076660156,427.0593872070313,637.9324951171875,baseline,Image file: image_167_jpg.rf.8cbb4a2ce9aab6b9d330194e9213d8c6.jpg. Detected amenity: hairdryer. Detection confidence: low (0.14). Source prompt type: baseline.,"You are generating hotel amenity questions for guests browsing accommodation photos. Given the detection summary below, generate a hotel amenity related question that a guest may ask or a guest might want to be answeredwhile browsing accommodation images. Keep the question short, factual, and neutral. Detection summary: Image file: image_167_jpg.rf.8cbb4a2ce9aab6b9d330194e9213d8c6.jpg. Detected amenity: hairdryer. Detection confidence: low (0.14). Source prompt type: baseline. Question:",What is a hairdryer in a hotel?,What is the name of the amenity that is detected in this image?,Is a hairdryer provided in the room?,Does the room come with a hairdryer?
image_99_jpg.rf.669e834aada7b1091fffe409d9087e07.jpg,hairdryer,0.2609867453575134,26.194477081298828,223.5037841796875,396.44873046875,530.7620849609375,baseline,Image file: image_99_jpg.rf.669e834aada7b1091fffe409d9087e07.jpg. Detected amenity: hairdryer. Detection confidence: low (0.26). Source prompt type: baseline.,"You are generating hotel amenity questions for guests browsing accommodation photos. Given the detection summary below, generate a hotel amenity related question that a guest may ask or a guest might want to be answeredwhile browsing accommodation images. Keep the question short, factual, and neutral. Detection summary: Image file: image_99_jpg.rf.669e834aada7b1091fffe409d9087e07.jpg. Detected amenity: hairdryer. Detection confidence: low (0.26). Source prompt type: baseline. Question:",What is a hairdryer in a hotel?,What is the name of the hotel that has a hairdryer?,Is a hairdryer provided in the room?,Is a hairdryer provided in the room?
image_45_jpg.rf.8d02739f9a639aa1487305a3b73f524a.jpg,hairdryer,0.1305576413869857,104.71202850341795,208.40399169921875,507.4542236328125,636.26708984375,baseline,Image file: image_45_jpg.rf.8d02739f9a639aa1487305a3b73f524a.jpg. Detected amenity: hairdryer. Detection confidence: low (0.13). Source prompt type: baseline.,"You are generating hotel amenity questions for guests browsing accommodation photos. Given the detection summary below, generate a hotel amenity related question that a guest may ask or a guest might want to be answeredwhile browsing accommodation images. Keep the question short, factual, and neutral. Detection summary: Image file: image_45_jpg.rf.8d02739f9a639aa1487305a3b73f524a.jpg. Detected amenity: hairdryer. Detection confidence: low (0.13). Source prompt type: baseline. Question:",What type of amenity is hairdryer?,What is the name of the hotel that has a hairdryer?,Is a hairdryer provided in the room?,Is a hairdryer provided in the room?
image_148_jpg.rf.e1d80d53ba819db0e7c3988339cb4b56.jpg,hairdryer,0.1324858665466308,33.95051956176758,176.07589721679688,331.3630676269531,579.6301879882812,baseline,Image file: image_148_jpg.rf.e1d80d53ba819db0e7c3988339cb4b56.jpg. Detected amenity: hairdryer. Detection confidence: low (0.13). Source prompt type: baseline.,"You are generating hotel amenity questions for guests browsing accommodation photos. Given the detection summary below, generate a hotel amenity related question that a guest may ask or a guest might want to be answeredwhile browsing accommodation images. Keep the question short, factual, and neutral. Detection summary: Image file: image_148_jpg.rf.e1d80d53ba819db0e7c3988339cb4b56.jpg. Detected amenity: hairdryer. Detection confidence: low (0.13). Source prompt type: baseline. Question:",What type of amenity is hairdryer?,What is the name of the hotel that has a hairdryer?,Is a hairdryer provided in the room?,Is a hairdryer provided in the room?
image_148_jpg.rf.e1d80d53ba819db0e7c3988339cb4b56.jpg,hairdryer,0.1502829790115356,26.02964401245117,171.92926025390625,341.92987060546875,635.14208984375,baseline,Image file: image_148_jpg.rf.e1d80d53ba819db0e7c3988339cb4b56.jpg. Detected amenity: hairdryer. Detection confidence: low (0.15). Source prompt type: baseline.,"You are generating hotel amenity questions for guests browsing accommodation photos. Given the detection summary below, generate a hotel amenity related question that a guest may ask or a guest might want to be answeredwhile browsing accommodation images. Keep the question short, factual, and neutral. Detection summary: Image file: image_148_jpg.rf.e1d80d53ba819db0e7c3988339cb4b56.jpg. Detected amenity: hairdryer. Detection confidence: low (0.15). Source prompt type: baseline. Question:",What is a hairdryer in a hotel?,What is the name of the hotel that has a hairdryer?,Is a hairdryer provided in the room?,Is there a hairdryer available in the room?
image_162_jpg.rf.4cc12b93c7297affd5d43f7dc1c2ca11.jpg,hairdryer,0.360788345336914,97.7729949951172,87.1683120727539,539.6390380859375,575.9570922851562,baseline,Image file: image_162_jpg.rf.4cc12b93c7297affd5d43f7dc1c2ca11.jpg. Detected amenity: hairdryer. Detection confidence: medium (0.36). Source prompt type: baseline.,"You are generating hotel amenity questions for guests browsing accommodation photos. Given the detection summary below, generate a hotel amenity related question that a guest may ask or a guest might want to be answeredwhile browsing accommodation images. Keep the question short, factual, and neutral. Detection summary: Image file: image_162_jpg.rf.4cc12b93c7297affd5d43f7dc1c2ca11.jpg. Detected amenity: hairdryer. Detection confidence: medium (0.36). Source prompt type: baseline. Question:",What type of amenity is hairdryer?,What is the name of the hotel that has a hairdryer?,Is a hairdryer provided in the room?,Is a hairdryer provided in the room?
image_195_jpg.rf.a65b228ba561bc5716fb2b2e2dd342c9.jpg,hairdryer,0.2715258300304413,95.9365234375,99.44442749023438,509.7498168945313,647.1463012695312,baseline,Image file: image_195_jpg.rf.a65b228ba561bc5716fb2b2e2dd342c9.jpg. Detected amenity: hairdryer. Detection confidence: low (0.27). Source prompt type: baseline.,"You are generating hotel amenity questions for guests browsing accommodation photos. Given the detection summary below, generate a hotel amenity related question that a guest may ask or a guest might want to be answeredwhile browsing accommodation images. Keep the question short, factual, and neutral. Detection summary: Image file: image_195_jpg.rf.a65b228ba561bc5716fb2b2e2dd342c9.jpg. Detected amenity: hairdryer. Detection confidence: low (0.27). Source prompt type: baseline. Question:",What is a hairdryer in a hotel?,What is the name of the hotel that has a hairdryer?,Is a hairdryer provided in the room?,Is there a hairdryer available in the room?
image_26_jpg.rf.a9c8b20cb01a3bdf9bfec15a5d6e72dd.jpg,hairdryer,0.1465590596199035,162.2990264892578,117.26930236816406,536.39013671875,563.3646240234375,baseline,Image file: image_26_jpg.rf.a9c8b20cb01a3bdf9bfec15a5d6e72dd.jpg. Detected amenity: hairdryer. Detection confidence: low (0.15). Source prompt type: baseline.,"You are generating hotel amenity questions for guests browsing accommodation photos. Given the detection summary below, generate a hotel amenity related question that a guest may ask or a guest might want to be answeredwhile browsing accommodation images. Keep the question short, factual, and neutral. Detection summary: Image file: image_26_jpg.rf.a9c8b20cb01a3bdf9bfec15a5d6e72dd.jpg. Detected amenity: hairdryer. Detection confidence: low (0.15). Source prompt type: baseline. Question:",What type of amenity is hairdryer?,What is the name of the hotel that has a hairdryer?,Is a hairdryer provided in the room?,Is a hairdryer provided in the room?
image_6_jpg.rf.362de8ab4ed13cb87af7954d0587c12b.jpg,hairdryer,0.5043118596076965,324.2683410644531,212.4330902099609,599.729248046875,495.4708251953125,baseline,Image file: image_6_jpg.rf.362de8ab4ed13cb87af7954d0587c12b.jpg. Detected amenity: hairdryer. Detection confidence: medium (0.50). Source prompt type: baseline.,"You are generating hotel amenity questions for guests browsing accommodation photos. Given the detection summary below, generate a hotel amenity related question that a guest may ask or a guest might want to be answeredwhile browsing accommodation images. Keep the question short, factual, and neutral. Detection summary: Image file: image_6_jpg.rf.362de8ab4ed13cb87af7954d0587c12b.jpg. Detected amenity: hairdryer. Detection confidence: medium (0.50). Source prompt type: baseline. Question:",What type of amenity is hairdryer?,What is the name of the hotel that has a hairdryer?,Does the room come with a hairdryer?,Is a hairdryer provided in the room?
image_74_jpg.rf.31cddcdb0f1fa41c46ab1da41f2b63c5.jpg,hairdryer,0.2181514650583267,117.32444763183594,193.19395446777344,564.9319458007812,550.7449951171875,baseline,Image file: image_74_jpg.rf.31cddcdb0f1fa41c46ab1da41f2b63c5.jpg. Detected amenity: hairdryer. Detection confidence: low (0.22). Source prompt type: baseline.,"You are generating hotel amenity questions for guests browsing accommodation photos. Given the detection summary below, generate a hotel amenity related question that a guest may ask or a guest might want to be answeredwhile browsing accommodation images. Keep the question short, factual, and neutral. Detection summary: Image file: image_74_jpg.rf.31cddcdb0f1fa41c46ab1da41f2b63c5.jpg. Detected amenity: hairdryer. Detection confidence: low (0.22). Source prompt type: baseline. Question:",What type of amenity is hairdryer?,What is the name of the amenity that is detected in this image?,Is a hairdryer provided in the room?,Is a hairdryer provided in the room?
image_74_jpg.rf.31cddcdb0f1fa41c46ab1da41f2b63c5.jpg,hairdryer,0.1541745364665985,126.83647918701172,200.59927368164065,346.33819580078125,548.528076171875,baseline,Image file: image_74_jpg.rf.31cddcdb0f1fa41c46ab1da41f2b63c5.jpg. Detected amenity: hairdryer. Detection confidence: low (0.15). Source prompt type: baseline.,"You are generating hotel amenity questions for guests browsing accommodation photos. Given the detection summary below, generate a hotel amenity related question that a guest may ask or a guest might want to be answeredwhile browsing accommodation images. Keep the question short, factual, and neutral. Detection summary: Image file: image_74_jpg.rf.31cddcdb0f1fa41c46ab1da41f2b63c5.jpg. Detected amenity: hairdryer. Detection confidence: low (0.15). Source prompt type: baseline. Question:",What type of amenity is hairdryer?,What is the name of the hotel that has a hairdryer?,Is a hairdryer provided in the room?,Is a hairdryer provided in the room?
image_129_jpg.rf.0b4f5a84a2683477ae527a0a7f42b9ea.jpg,hairdryer,0.1207160949707031,48.352317810058594,107.93220520019533,546.6521606445312,638.5611572265625,baseline,Image file: image_129_jpg.rf.0b4f5a84a2683477ae527a0a7f42b9ea.jpg. Detected amenity: hairdryer. Detection confidence: low (0.12). Source prompt type: baseline.,"You are generating hotel amenity questions for guests browsing accommodation photos. Given the detection summary below, generate a hotel amenity related question that a guest may ask or a guest might want to be answeredwhile browsing accommodation images. Keep the question short, factual, and neutral. Detection summary: Image file: image_129_jpg.rf.0b4f5a84a2683477ae527a0a7f42b9ea.jpg. Detected amenity: hairdryer. Detection confidence: low (0.12). Source prompt type: baseline. Question:",What type of amenity is hairdryer?,What is the name of the amenity that is detected in this image?,Is a hairdryer provided in the room?,Does the hotel room have a hairdryer?
image_270_fp_jpg.rf.dcb60bfc28653a28e8657743a9284746.jpg,hairdryer,0.1215655133128166,403.7883911132813,38.43639373779297,641.3565063476562,538.14501953125,baseline,Image file: image_270_fp_jpg.rf.dcb60bfc28653a28e8657743a9284746.jpg. Detected amenity: hairdryer. Detection confidence: low (0.12). Source prompt type: baseline.,"You are generating hotel amenity questions for guests browsing accommodation photos. Given the detection summary below, generate a hotel amenity related question that a guest may ask or a guest might want to be answeredwhile browsing accommodation images. Keep the question short, factual, and neutral. Detection summary: Image file: image_270_fp_jpg.rf.dcb60bfc28653a28e8657743a9284746.jpg. Detected amenity: hairdryer. Detection confidence: low (0.12). Source prompt type: baseline. Question:",What type of amenity is hairdryer?,What is the name of the amenity that is detected in this image?,Is a hairdryer provided in the room?,Is there a hairdryer available in the room?
image_171_jpg.rf.fe3eefd411fb92bef4fc810f31154eb0.jpg,hairdryer,0.1423231959342956,75.21180725097656,84.62762451171875,521.9522705078125,609.6060180664062,baseline,Image file: image_171_jpg.rf.fe3eefd411fb92bef4fc810f31154eb0.jpg. Detected amenity: hairdryer. Detection confidence: low (0.14). Source prompt type: baseline.,"You are generating hotel amenity questions for guests browsing accommodation photos. Given the detection summary below, generate a hotel amenity related question that a guest may ask or a guest might want to be answeredwhile browsing accommodation images. Keep the question short, factual, and neutral. Detection summary: Image file: image_171_jpg.rf.fe3eefd411fb92bef4fc810f31154eb0.jpg. Detected amenity: hairdryer. Detection confidence: low (0.14). Source prompt type: baseline. Question:",What type of amenity is hairdryer?,What is the name of the amenity that is detected in this image?,Is a hairdryer provided in the room?,Is a hairdryer provided in the room?
image_191_jpg.rf.d5eaee5f1d99025f99c914bbbb77e3e3.jpg,hairdryer,0.2610350251197815,166.80523681640625,57.84219741821289,527.9845581054688,636.2503051757812,baseline,Image file: image_191_jpg.rf.d5eaee5f1d99025f99c914bbbb77e3e3.jpg. Detected amenity: hairdryer. Detection confidence: low (0.26). Source prompt type: baseline.,"You are generating hotel amenity questions for guests browsing accommodation photos. Given the detection summary below, generate a hotel amenity related question that a guest may ask or a guest might want to be answeredwhile browsing accommodation images. Keep the question short, factual, and neutral. Detection summary: Image file: image_191_jpg.rf.d5eaee5f1d99025f99c914bbbb77e3e3.jpg. Detected amenity: hairdryer. Detection confidence: low (0.26). Source prompt type: baseline. Question:",What is a hairdryer in a hotel?,What is the name of the hotel that has a hairdryer?,Is a hairdryer provided in the room?,Is a hairdryer provided in the room?
image_153_jpg.rf.607fe10e0f34d3f18c5bf50aa6148931.jpg,hairdryer,0.2775490283966064,360.5882568359375,93.80291748046876,619.9378051757812,393.9161987304688,baseline,Image file: image_153_jpg.rf.607fe10e0f34d3f18c5bf50aa6148931.jpg. Detected amenity: hairdryer. Detection confidence: low (0.28). Source prompt type: baseline.,"You are generating hotel amenity questions for guests browsing accommodation photos. Given the detection summary below, generate a hotel amenity related question that a guest may ask or a guest might want to be answeredwhile browsing accommodation images. Keep the question short, factual, and neutral. Detection summary: Image file: image_153_jpg.rf.607fe10e0f34d3f18c5bf50aa6148931.jpg. Detected amenity: hairdryer. Detection confidence: low (0.28). Source prompt type: baseline. Question:",What is a hairdryer in a hotel?,What is the name of the hotel that has a hairdryer?,Is a hairdryer provided in the room?,Is a hairdryer available in the room?
image_101_jpg.rf.b66c79c540c6228f27ca3207e1ea611f.jpg,hairdryer,0.3227131068706512,36.227989196777344,128.40396118164062,620.1455078125,639.0357666015625,baseline,Image file: image_101_jpg.rf.b66c79c540c6228f27ca3207e1ea611f.jpg. Detected amenity: hairdryer. Detection confidence: medium (0.32). Source prompt type: baseline.,"You are generating hotel amenity questions for guests browsing accommodation photos. Given the detection summary below, generate a hotel amenity related question that a guest may ask or a guest might want to be answeredwhile browsing accommodation images. Keep the question short, factual, and neutral. Detection summary: Image file: image_101_jpg.rf.b66c79c540c6228f27ca3207e1ea611f.jpg. Detected amenity: hairdryer. Detection confidence: medium (0.32). Source prompt type: baseline. Question:",What type of amenity does the hairdryer have?,What is the name of the hotel amenity in the image?,Is a hairdryer provided in the room?,Is a hairdryer provided in the room?
image_110_jpg.rf.c266e05379a7b351ff487f6635b952d6.jpg,hairdryer,0.2818789184093475,50.28087615966797,109.73766326904295,627.51806640625,635.771728515625,baseline,Image file: image_110_jpg.rf.c266e05379a7b351ff487f6635b952d6.jpg. Detected amenity: hairdryer. Detection confidence: low (0.28). Source prompt type: baseline.,"You are generating hotel amenity questions for guests browsing accommodation photos. Given the detection summary below, generate a hotel amenity related question that a guest may ask or a guest might want to be answeredwhile browsing accommodation images. Keep the question short, factual, and neutral. Detection summary: Image file: image_110_jpg.rf.c266e05379a7b351ff487f6635b952d6.jpg. Detected amenity: hairdryer. Detection confidence: low (0.28). Source prompt type: baseline. Question:",What is a hairdryer in a hotel?,What is the name of the hotel that has a hairdryer?,Is a hairdryer provided in the room?,Is a hairdryer provided in the room?
image_131_jpg.rf.ab10d5f99f91af1372a6e0892ec4a985.jpg,hairdryer,0.1799267679452896,97.4334716796875,42.89020538330078,546.035400390625,633.2619018554688,baseline,Image file: image_131_jpg.rf.ab10d5f99f91af1372a6e0892ec4a985.jpg. Detected amenity: hairdryer. Detection confidence: low (0.18). Source prompt type: baseline.,"You are generating hotel amenity questions for guests browsing accommodation photos. Given the detection summary below, generate a hotel amenity related question that a guest may ask or a guest might want to be answeredwhile browsing accommodation images. Keep the question short, factual, and neutral. Detection summary: Image file: image_131_jpg.rf.ab10d5f99f91af1372a6e0892ec4a985.jpg. Detected amenity: hairdryer. Detection confidence: low (0.18). Source prompt type: baseline. Question:",What is a hairdryer in a hotel?,What is the name of the hotel that has a hairdryer?,Is a hairdryer provided in the room?,Is there a hairdryer available in the room?
image_73_jpg.rf.818dcd65ce3a7db6d2d639cedd7db043.jpg,hairdryer,0.1252127885818481,18.89474868774414,56.49480819702149,594.733154296875,639.7071533203125,baseline,Image file: image_73_jpg.rf.818dcd65ce3a7db6d2d639cedd7db043.jpg. Detected amenity: hairdryer. Detection confidence: low (0.13). Source prompt type: baseline.,"You are generating hotel amenity questions for guests browsing accommodation photos. Given the detection summary below, generate a hotel amenity related question that a guest may ask or a guest might want to be answeredwhile browsing accommodation images. Keep the question short, factual, and neutral. Detection summary: Image file: image_73_jpg.rf.818dcd65ce3a7db6d2d639cedd7db043.jpg. Detected amenity: hairdryer. Detection confidence: low (0.13). Source prompt type: baseline. Question:",What is a hairdryer in a hotel?,What is the name of the amenity that is detected in this image?,Is a hairdryer provided in the room?,Is a hairdryer provided in the room?
image_172_jpg.rf.d10436cde3de3de6ee99a7ae8091e539.jpg,hairdryer,0.3422451913356781,131.316650390625,62.074928283691406,410.8716125488281,634.7986450195312,baseline,Image file: image_172_jpg.rf.d10436cde3de3de6ee99a7ae8091e539.jpg. Detected amenity: hairdryer. Detection confidence: medium (0.34). Source prompt type: baseline.,"You are generating hotel amenity questions for guests browsing accommodation photos. Given the detection summary below, generate a hotel amenity related question that a guest may ask or a guest might want to be answeredwhile browsing accommodation images. Keep the question short, factual, and neutral. Detection summary: Image file: image_172_jpg.rf.d10436cde3de3de6ee99a7ae8091e539.jpg. Detected amenity: hairdryer. Detection confidence: medium (0.34). Source prompt type: baseline. Question:",What type of amenity is hairdryer?,What is the hairdryer used for?,Is a hairdryer provided in the room?,Is there a hairdryer available in the room?
image_172_jpg.rf.d10436cde3de3de6ee99a7ae8091e539.jpg,hairdryer,0.2998474836349487,129.70594787597656,63.6454963684082,410.701904296875,636.6024780273438,baseline,Image file: image_172_jpg.rf.d10436cde3de3de6ee99a7ae8091e539.jpg. Detected amenity: hairdryer. Detection confidence: low (0.30). Source prompt type: baseline.,"You are generating hotel amenity questions for guests browsing accommodation photos. Given the detection summary below, generate a hotel amenity related question that a guest may ask or a guest might want to be answeredwhile browsing accommodation images. Keep the question short, factual, and neutral. Detection summary: Image file: image_172_jpg.rf.d10436cde3de3de6ee99a7ae8091e539.jpg. Detected amenity: hairdryer. Detection confidence: low (0.30). Source prompt type: baseline. Question:",What type of amenity is hairdryer?,What is the name of the hotel that has a hairdryer?,Is a hairdryer provided in the room?,Is a hairdryer provided in the room?
image_119_jpg.rf.6de66f2558a1c952bbb78940f3a30f27.jpg,hairdryer,0.4286862909793854,135.67991638183594,25.46770095825196,475.700927734375,601.9693603515625,baseline,Image file: image_119_jpg.rf.6de66f2558a1c952bbb78940f3a30f27.jpg. Detected amenity: hairdryer. Detection confidence: medium (0.43). Source prompt type: baseline.,"You are generating hotel amenity questions for guests browsing accommodation photos. Given the detection summary below, generate a hotel amenity related question that a guest may ask or a guest might want to be answeredwhile browsing accommodation images. Keep the question short, factual, and neutral. Detection summary: Image file: image_119_jpg.rf.6de66f2558a1c952bbb78940f3a30f27.jpg. Detected amenity: hairdryer. Detection confidence: medium (0.43). Source prompt type: baseline. Question:",What type of amenity is hairdryer?,What is the name of the hotel amenity in the image?,Is a hairdryer provided in the room?,Is a hairdryer provided in the room?
image_30_jpg.rf.0fc060fe054f272ddc11590f0cfb05e9.jpg,hairdryer,0.1473276764154434,121.79611206054688,15.939769744873049,514.521240234375,626.2380981445312,baseline,Image file: image_30_jpg.rf.0fc060fe054f272ddc11590f0cfb05e9.jpg. Detected amenity: hairdryer. Detection confidence: low (0.15). Source prompt type: baseline.,"You are generating hotel amenity questions for guests browsing accommodation photos. Given the detection summary below, generate a hotel amenity related question that a guest may ask or a guest might want to be answeredwhile browsing accommodation images. Keep the question short, factual, and neutral. Detection summary: Image file: image_30_jpg.rf.0fc060fe054f272ddc11590f0cfb05e9.jpg. Detected amenity: hairdryer. Detection confidence: low (0.15). Source prompt type: baseline. Question:",What is a hairdryer in a hotel?,What is the name of the hotel that has a hairdryer?,Is a hairdryer provided in the room?,Is a hairdryer provided in the room?
image_157_jpg.rf.4799dd619d8175d1e581567ae0fadccb.jpg,hairdryer,0.1825654059648513,54.37824249267578,282.2378234863281,578.9107666015625,635.1874389648438,baseline,Image file: image_157_jpg.rf.4799dd619d8175d1e581567ae0fadccb.jpg. Detected amenity: hairdryer. Detection confidence: low (0.18). Source prompt type: baseline.,"You are generating hotel amenity questions for guests browsing accommodation photos. Given the detection summary below, generate a hotel amenity related question that a guest may ask or a guest might want to be answeredwhile browsing accommodation images. Keep the question short, factual, and neutral. Detection summary: Image file: image_157_jpg.rf.4799dd619d8175d1e581567ae0fadccb.jpg. Detected amenity: hairdryer. Detection confidence: low (0.18). Source prompt type: baseline. Question:",What is a hairdryer in a hotel?,What is the name of the hotel that has a hairdryer?,Is a hairdryer provided in the room?,Is a hairdryer provided in the room?
image_169_jpg.rf.3fe4ba3cb7f7a5e94ebb20632d5a33bb.jpg,hairdryer,0.1385091692209243,32.04374313354492,155.0518035888672,592.5848388671875,638.2843017578125,baseline,Image file: image_169_jpg.rf.3fe4ba3cb7f7a5e94ebb20632d5a33bb.jpg. Detected amenity: hairdryer. Detection confidence: low (0.14). Source prompt type: baseline.,"You are generating hotel amenity questions for guests browsing accommodation photos. Given the detection summary below, generate a hotel amenity related question that a guest may ask or a guest might want to be answeredwhile browsing accommodation images. Keep the question short, factual, and neutral. Detection summary: Image file: image_169_jpg.rf.3fe4ba3cb7f7a5e94ebb20632d5a33bb.jpg. Detected amenity: hairdryer. Detection confidence: low (0.14). Source prompt type: baseline. Question:",What type of amenity is hairdryer?,What is the name of the amenity that is detected in this image?,Is a hairdryer provided in the room?,Is a hairdryer provided in the room?
image_221_jpg.rf.23e255a055982864c4c13d38bbdb6896.jpg,hairdryer,0.1768224090337753,71.36015319824219,134.92050170898438,622.6260375976562,588.598388671875,baseline,Image file: image_221_jpg.rf.23e255a055982864c4c13d38bbdb6896.jpg. Detected amenity: hairdryer. Detection confidence: low (0.18). Source prompt type: baseline.,"You are generating hotel amenity questions for guests browsing accommodation photos. Given the detection summary below, generate a hotel amenity related question that a guest may ask or a guest might want to be answeredwhile browsing accommodation images. Keep the question short, factual, and neutral. Detection summary: Image file: image_221_jpg.rf.23e255a055982864c4c13d38bbdb6896.jpg. Detected amenity: hairdryer. Detection confidence: low (0.18). Source prompt type: baseline. Question:",What is a hairdryer in a hotel?,What is the name of the hotel that has a hairdryer?,Is a hairdryer provided in the room?,Is there a hairdryer available in the room?
image_46_jpg.rf.e93d272311fc099941feef6611a7d6d3.jpg,hairdryer,0.1169138923287391,116.8777847290039,364.3359375,519.0567016601562,640.9240112304688,baseline,Image file: image_46_jpg.rf.e93d272311fc099941feef6611a7d6d3.jpg. Detected amenity: hairdryer. Detection confidence: low (0.12). Source prompt type: baseline.,"You are generating hotel amenity questions for guests browsing accommodation photos. Given the detection summary below, generate a hotel amenity related question that a guest may ask or a guest might want to be answeredwhile browsing accommodation images. Keep the question short, factual, and neutral. Detection summary: Image file: image_46_jpg.rf.e93d272311fc099941feef6611a7d6d3.jpg. Detected amenity: hairdryer. Detection confidence: low (0.12). Source prompt type: baseline. Question:",What type of amenity is hairdryer?,What is the name of the hotel that has a hairdryer?,Is a hairdryer provided in the room?,Is a hairdryer provided in the room?
image_179_jpg.rf.dfcab6f34aac37fde9e8914a8d46e717.jpg,hairdryer,0.1517044156789779,2.944202423095703,63.17005157470703,637.6234130859375,636.7832641601562,baseline,Image file: image_179_jpg.rf.dfcab6f34aac37fde9e8914a8d46e717.jpg. Detected amenity: hairdryer. Detection confidence: low (0.15). Source prompt type: baseline.,"You are generating hotel amenity questions for guests browsing accommodation photos. Given the detection summary below, generate a hotel amenity related question that a guest may ask or a guest might want to be answeredwhile browsing accommodation images. Keep the question short, factual, and neutral. Detection summary: Image file: image_179_jpg.rf.dfcab6f34aac37fde9e8914a8d46e717.jpg. Detected amenity: hairdryer. Detection confidence: low (0.15). Source prompt type: baseline. Question:",What is a hairdryer in a hotel?,What is the name of the hotel that has a hairdryer?,Is a hairdryer provided in the room?,Is a hairdryer provided in the room?
image_198_jpg.rf.29a9fb14446788a27b19b04e220c6e5d.jpg,hairdryer,0.2811053097248077,106.03679656982422,365.51361083984375,445.2978210449219,565.0317993164062,baseline,Image file: image_198_jpg.rf.29a9fb14446788a27b19b04e220c6e5d.jpg. Detected amenity: hairdryer. Detection confidence: low (0.28). Source prompt type: baseline.,"You are generating hotel amenity questions for guests browsing accommodation photos. Given the detection summary below, generate a hotel amenity related question that a guest may ask or a guest might want to be answeredwhile browsing accommodation images. Keep the question short, factual, and neutral. Detection summary: Image file: image_198_jpg.rf.29a9fb14446788a27b19b04e220c6e5d.jpg. Detected amenity: hairdryer. Detection confidence: low (0.28). Source prompt type: baseline. Question:",What is a hairdryer in a hotel?,What is the name of the hotel that has a hairdryer?,Is a hairdryer provided in the room?,Is a hairdryer provided in the room?
image_198_jpg.rf.29a9fb14446788a27b19b04e220c6e5d.jpg,hairdryer,0.1383716762065887,107.42448425292967,361.4703063964844,458.18701171875,635.2509155273438,baseline,Image file: image_198_jpg.rf.29a9fb14446788a27b19b04e220c6e5d.jpg. Detected amenity: hairdryer. Detection confidence: low (0.14). Source prompt type: baseline.,"You are generating hotel amenity questions for guests browsing accommodation photos. Given the detection summary below, generate a hotel amenity related question that a guest may ask or a guest might want to be answeredwhile browsing accommodation images. Keep the question short, factual, and neutral. Detection summary: Image file: image_198_jpg.rf.29a9fb14446788a27b19b04e220c6e5d.jpg. Detected amenity: hairdryer. Detection confidence: low (0.14). Source prompt type: baseline. Question:",What type of amenity is hairdryer?,What is the name of the hotel that has a hairdryer?,Is a hairdryer provided in the room?,Is a hairdryer provided in the room?
image_198_jpg.rf.29a9fb14446788a27b19b04e220c6e5d.jpg,hairdryer,0.116882100701332,106.3801727294922,370.712890625,377.4803161621094,563.2390747070312,baseline,Image file: image_198_jpg.rf.29a9fb14446788a27b19b04e220c6e5d.jpg. Detected amenity: hairdryer. Detection confidence: low (0.12). Source prompt type: baseline.,"You are generating hotel amenity questions for guests browsing accommodation photos. Given the detection summary below, generate a hotel amenity related question that a guest may ask or a guest might want to be answeredwhile browsing accommodation images. Keep the question short, factual, and neutral. Detection summary: Image file: image_198_jpg.rf.29a9fb14446788a27b19b04e220c6e5d.jpg. Detected amenity: hairdryer. Detection confidence: low (0.12). Source prompt type: baseline. Question:",What type of amenity does the hairdryer have?,What is the name of the hotel that has a hairdryer?,Is a hairdryer provided in the room?,Is a hairdryer provided in the room?
image_13_jpg.rf.32bf2d0bc5caa4f74a07ed7554e02a41.jpg,hairdryer,0.1095287576317787,92.52356719970705,71.74986267089844,281.5773010253906,511.6055908203125,baseline,Image file: image_13_jpg.rf.32bf2d0bc5caa4f74a07ed7554e02a41.jpg. Detected amenity: hairdryer. Detection confidence: low (0.11). Source prompt type: baseline.,"You are generating hotel amenity questions for guests browsing accommodation photos. Given the detection summary below, generate a hotel amenity related question that a guest may ask or a guest might want to be answeredwhile browsing accommodation images. Keep the question short, factual, and neutral. Detection summary: Image file: image_13_jpg.rf.32bf2d0bc5caa4f74a07ed7554e02a41.jpg. Detected amenity: hairdryer. Detection confidence: low (0.11). Source prompt type: baseline. Question:",What type of amenity is hairdryer?,What is the name of the hotel that has a hairdryer?,Is a hairdryer provided in the room?,Is a hairdryer provided in the room?
image_85_jpg.rf.893c2e91bd918ef63b40e1c64c73c2c9.jpg,hairdryer,0.305697351694107,102.84562683105467,176.4366455078125,432.4527587890625,458.2891845703125,baseline,Image file: image_85_jpg.rf.893c2e91bd918ef63b40e1c64c73c2c9.jpg. Detected amenity: hairdryer. Detection confidence: medium (0.31). Source prompt type: baseline.,"You are generating hotel amenity questions for guests browsing accommodation photos. Given the detection summary below, generate a hotel amenity related question that a guest may ask or a guest might want to be answeredwhile browsing accommodation images. Keep the question short, factual, and neutral. Detection summary: Image file: image_85_jpg.rf.893c2e91bd918ef63b40e1c64c73c2c9.jpg. Detected amenity: hairdryer. Detection confidence: medium (0.31). Source prompt type: baseline. Question:",What type of amenity does the hairdryer have?,What is the name of the hotel amenity in the image?,Is a hairdryer provided in the room?,Is a hairdryer provided in the room?
image_82_jpg.rf.a29dbe798ea3500d618b7f734decaebc.jpg,hairdryer,0.2983596920967102,70.74150085449219,46.873779296875,426.9036254882813,636.6043090820312,baseline,Image file: image_82_jpg.rf.a29dbe798ea3500d618b7f734decaebc.jpg. Detected amenity: hairdryer. Detection confidence: low (0.30). Source prompt type: baseline.,"You are generating hotel amenity questions for guests browsing accommodation photos. Given the detection summary below, generate a hotel amenity related question that a guest may ask or a guest might want to be answeredwhile browsing accommodation images. Keep the question short, factual, and neutral. Detection summary: Image file: image_82_jpg.rf.a29dbe798ea3500d618b7f734decaebc.jpg. Detected amenity: hairdryer. Detection confidence: low (0.30). Source prompt type: baseline. Question:",What is a hairdryer in a hotel?,What is the name of the hotel that has a hairdryer?,Is a hairdryer provided in the room?,Is a hairdryer provided in the room?
image_271_fp_jpg.rf.0e4e62afe686fa0001b7f2d47257705e.jpg,hairdryer,0.1118561252951622,246.4794006347656,26.202449798583984,410.516357421875,618.0846557617188,baseline,Image file: image_271_fp_jpg.rf.0e4e62afe686fa0001b7f2d47257705e.jpg. Detected amenity: hairdryer. Detection confidence: low (0.11). Source prompt type: baseline.,"You are generating hotel amenity questions for guests browsing accommodation photos. Given the detection summary below, generate a hotel amenity related question that a guest may ask or a guest might want to be answeredwhile browsing accommodation images. Keep the question short, factual, and neutral. Detection summary: Image file: image_271_fp_jpg.rf.0e4e62afe686fa0001b7f2d47257705e.jpg. Detected amenity: hairdryer. Detection confidence: low (0.11). Source prompt type: baseline. Question:",What type of amenity is hairdryer?,What is the name of the amenity that is detected in this image?,Is a hairdryer provided in the room?,Is a hairdryer provided in the room?
image_23_jpg.rf.b7395d244b718d2ef69840037e0b8a9f.jpg,hairdryer,0.1105253994464874,99.20223236083984,148.87551879882812,499.75384521484375,631.9067993164062,baseline,Image file: image_23_jpg.rf.b7395d244b718d2ef69840037e0b8a9f.jpg. Detected amenity: hairdryer. Detection confidence: low (0.11). Source prompt type: baseline.,"You are generating hotel amenity questions for guests browsing accommodation photos. Given the detection summary below, generate a hotel amenity related question that a guest may ask or a guest might want to be answeredwhile browsing accommodation images. Keep the question short, factual, and neutral. Detection summary: Image file: image_23_jpg.rf.b7395d244b718d2ef69840037e0b8a9f.jpg. Detected amenity: hairdryer. Detection confidence: low (0.11). Source prompt type: baseline. Question:",What is a hairdryer in a hotel?,What is the name of the hotel that has a hairdryer?,Is a hairdryer provided in the room?,Is a hairdryer provided in the room?
image_126_jpg.rf.351a777844b804d2a48127d84a813661.jpg,hairdryer,0.1363690495491027,224.41896057128903,161.9575653076172,586.0009155273438,644.9175415039062,baseline,Image file: image_126_jpg.rf.351a777844b804d2a48127d84a813661.jpg. Detected amenity: hairdryer. Detection confidence: low (0.14). Source prompt type: baseline.,"You are generating hotel amenity questions for guests browsing accommodation photos. Given the detection summary below, generate a hotel amenity related question that a guest may ask or a guest might want to be answeredwhile browsing accommodation images. Keep the question short, factual, and neutral. Detection summary: Image file: image_126_jpg.rf.351a777844b804d2a48127d84a813661.jpg. Detected amenity: hairdryer. Detection confidence: low (0.14). Source prompt type: baseline. Question:",What type of amenity is hairdryer?,What is the name of the hotel that has a hairdryer?,Is a hairdryer provided in the room?,Is a hairdryer provided in the room?
image_39_jpg.rf.1a290a9da392a913afc0080c4df5e187.jpg,hairdryer,0.1686639338731765,5.978355407714844,79.8250961303711,591.9254150390625,637.7501831054688,baseline,Image file: image_39_jpg.rf.1a290a9da392a913afc0080c4df5e187.jpg. Detected amenity: hairdryer. Detection confidence: low (0.17). Source prompt type: baseline.,"You are generating hotel amenity questions for guests browsing accommodation photos. Given the detection summary below, generate a hotel amenity related question that a guest may ask or a guest might want to be answeredwhile browsing accommodation images. Keep the question short, factual, and neutral. Detection summary: Image file: image_39_jpg.rf.1a290a9da392a913afc0080c4df5e187.jpg. Detected amenity: hairdryer. Detection confidence: low (0.17). Source prompt type: baseline. Question:",What is a hairdryer in a hotel?,What is the name of the hotel that has a hairdryer?,Is a hairdryer provided in the room?,Does the room have a hairdryer?
image_189_jpg.rf.ccdc4f2fa16335dca3133bdb6b2d88cb.jpg,hairdryer,0.1980234384536743,133.7899169921875,108.64849090576172,599.51708984375,635.1093139648438,baseline,Image file: image_189_jpg.rf.ccdc4f2fa16335dca3133bdb6b2d88cb.jpg. Detected amenity: hairdryer. Detection confidence: low (0.20). Source prompt type: baseline.,"You are generating hotel amenity questions for guests browsing accommodation photos. Given the detection summary below, generate a hotel amenity related question that a guest may ask or a guest might want to be answeredwhile browsing accommodation images. Keep the question short, factual, and neutral. Detection summary: Image file: image_189_jpg.rf.ccdc4f2fa16335dca3133bdb6b2d88cb.jpg. Detected amenity: hairdryer. Detection confidence: low (0.20). Source prompt type: baseline. Question:",What is a hairdryer in a hotel?,What is the name of the hotel that has a hairdryer?,Is a hairdryer provided in the room?,Is a hairdryer provided in the room?
image_102_jpg.rf.e3ff3ffec13f854b65223d728912a53d.jpg,hairdryer,0.2146227210760116,125.86744689941406,137.72607421875,631.9878540039062,640.7156982421875,baseline,Image file: image_102_jpg.rf.e3ff3ffec13f854b65223d728912a53d.jpg. Detected amenity: hairdryer. Detection confidence: low (0.21). Source prompt type: baseline.,"You are generating hotel amenity questions for guests browsing accommodation photos. Given the detection summary below, generate a hotel amenity related question that a guest may ask or a guest might want to be answeredwhile browsing accommodation images. Keep the question short, factual, and neutral. Detection summary: Image file: image_102_jpg.rf.e3ff3ffec13f854b65223d728912a53d.jpg. Detected amenity: hairdryer. Detection confidence: low (0.21). Source prompt type: baseline. Question:",What type of amenity is hairdryer?,What is the name of the hotel amenity in the image?,Is a hairdryer provided in the room?,Is a hairdryer available in the room?
image_98_jpg.rf.1627fe0d93bfea7199628dcf80dc7e15.jpg,hairdryer,0.3195865750312805,78.9377212524414,174.29244995117188,537.912109375,633.956787109375,baseline,Image file: image_98_jpg.rf.1627fe0d93bfea7199628dcf80dc7e15.jpg. Detected amenity: hairdryer. Detection confidence: medium (0.32). Source prompt type: baseline.,"You are generating hotel amenity questions for guests browsing accommodation photos. Given the detection summary below, generate a hotel amenity related question that a guest may ask or a guest might want to be answeredwhile browsing accommodation images. Keep the question short, factual, and neutral. Detection summary: Image file: image_98_jpg.rf.1627fe0d93bfea7199628dcf80dc7e15.jpg. Detected amenity: hairdryer. Detection confidence: medium (0.32). Source prompt type: baseline. Question:",What type of amenity is hairdryer?,What is the name of the amenity that is detected in this image?,Is a hairdryer provided in the room?,Is a hairdryer provided in the room?
image_149_jpg.rf.0a7c59d9295c5ec989dfa13faccc742f.jpg,hairdryer,0.1055843159556388,113.04605102539062,143.56507873535156,581.4356689453125,526.5009765625,baseline,Image file: image_149_jpg.rf.0a7c59d9295c5ec989dfa13faccc742f.jpg. Detected amenity: hairdryer. Detection confidence: low (0.11). Source prompt type: baseline.,"You are generating hotel amenity questions for guests browsing accommodation photos. Given the detection summary below, generate a hotel amenity related question that a guest may ask or a guest might want to be answeredwhile browsing accommodation images. Keep the question short, factual, and neutral. Detection summary: Image file: image_149_jpg.rf.0a7c59d9295c5ec989dfa13faccc742f.jpg. Detected amenity: hairdryer. Detection confidence: low (0.11). Source prompt type: baseline. Question:",What is a hairdryer in a hotel?,What is the name of the hotel that has a hairdryer?,Is a hairdryer provided in the room?,Is a hairdryer provided in the room?
image_149_jpg.rf.0a7c59d9295c5ec989dfa13faccc742f.jpg,hairdryer,0.3996227383613586,5.133323669433594,141.2216339111328,573.4387817382812,534.9378051757812,baseline,Image file: image_149_jpg.rf.0a7c59d9295c5ec989dfa13faccc742f.jpg. Detected amenity: hairdryer. Detection confidence: medium (0.40). Source prompt type: baseline.,"You are generating hotel amenity questions for guests browsing accommodation photos. Given the detection summary below, generate a hotel amenity related question that a guest may ask or a guest might want to be answeredwhile browsing accommodation images. Keep the question short, factual, and neutral. Detection summary: Image file: image_149_jpg.rf.0a7c59d9295c5ec989dfa13faccc742f.jpg. Detected amenity: hairdryer. Detection confidence: medium (0.40). Source prompt type: baseline. Question:",What type of amenity is hairdryer?,What is the name of the hotel that has a hairdryer?,Is a hairdryer provided in the room?,Is a hairdryer provided in the room?
image_149_jpg.rf.0a7c59d9295c5ec989dfa13faccc742f.jpg,hairdryer,0.1264064162969589,4.770030975341797,398.2849426269531,499.2876586914063,543.036865234375,baseline,Image file: image_149_jpg.rf.0a7c59d9295c5ec989dfa13faccc742f.jpg. Detected amenity: hairdryer. Detection confidence: low (0.13). Source prompt type: baseline.,"You are generating hotel amenity questions for guests browsing accommodation photos. Given the detection summary below, generate a hotel amenity related question that a guest may ask or a guest might want to be answeredwhile browsing accommodation images. Keep the question short, factual, and neutral. Detection summary: Image file: image_149_jpg.rf.0a7c59d9295c5ec989dfa13faccc742f.jpg. Detected amenity: hairdryer. Detection confidence: low (0.13). Source prompt type: baseline. Question:",What is a hairdryer in a hotel?,What is the name of the hotel that has a hairdryer?,Is a hairdryer provided in the room?,Is a hairdryer provided in the room?
image_135_jpg.rf.2b354ab2ab466592db5d2e93f1c3a082.jpg,hairdryer,0.1754622012376785,17.14202880859375,3.542194366455078,558.8739013671875,639.5858764648438,baseline,Image file: image_135_jpg.rf.2b354ab2ab466592db5d2e93f1c3a082.jpg. Detected amenity: hairdryer. Detection confidence: low (0.18). Source prompt type: baseline.,"You are generating hotel amenity questions for guests browsing accommodation photos. Given the detection summary below, generate a hotel amenity related question that a guest may ask or a guest might want to be answeredwhile browsing accommodation images. Keep the question short, factual, and neutral. Detection summary: Image file: image_135_jpg.rf.2b354ab2ab466592db5d2e93f1c3a082.jpg. Detected amenity: hairdryer. Detection confidence: low (0.18). Source prompt type: baseline. Question:",What type of amenity is hairdryer?,What is the name of the hotel that has a hairdryer?,Is a hairdryer provided in the room?,Is a hairdryer provided in the room?
image_135_jpg.rf.2b354ab2ab466592db5d2e93f1c3a082.jpg,hairdryer,0.2534880042076111,213.91665649414065,83.8717269897461,552.48876953125,623.047607421875,baseline,Image file: image_135_jpg.rf.2b354ab2ab466592db5d2e93f1c3a082.jpg. Detected amenity: hairdryer. Detection confidence: low (0.25). Source prompt type: baseline.,"You are generating hotel amenity questions for guests browsing accommodation photos. Given the detection summary below, generate a hotel amenity related question that a guest may ask or a guest might want to be answeredwhile browsing accommodation images. Keep the question short, factual, and neutral. Detection summary: Image file: image_135_jpg.rf.2b354ab2ab466592db5d2e93f1c3a082.jpg. Detected amenity: hairdryer. Detection confidence: low (0.25). Source prompt type: baseline. Question:",What type of amenity is hairdryer?,What is the name of the hotel that has a hairdryer?,Is a hairdryer provided in the room?,Is a hairdryer available in the room?
image_41_jpg.rf.7dcdacab192420b6c654e2d5c36025ba.jpg,hairdryer,0.1216818541288375,105.23316955566406,16.090354919433594,544.2285766601562,639.9735107421875,baseline,Image file: image_41_jpg.rf.7dcdacab192420b6c654e2d5c36025ba.jpg. Detected amenity: hairdryer. Detection confidence: low (0.12). Source prompt type: baseline.,"You are generating hotel amenity questions for guests browsing accommodation photos. Given the detection summary below, generate a hotel amenity related question that a guest may ask or a guest might want to be answeredwhile browsing accommodation images. Keep the question short, factual, and neutral. Detection summary: Image file: image_41_jpg.rf.7dcdacab192420b6c654e2d5c36025ba.jpg. Detected amenity: hairdryer. Detection confidence: low (0.12). Source prompt type: baseline. Question:",What type of amenity is hairdryer?,What is the name of the amenity that is detected in this image?,Is a hairdryer provided in the room?,Is a hairdryer provided in the room?
image_67_jpg.rf.25db84bf014ec6d91e485e6854068c88.jpg,hairdryer,0.1469309628009796,2.937335968017578,36.12651824951172,528.996826171875,559.220947265625,baseline,Image file: image_67_jpg.rf.25db84bf014ec6d91e485e6854068c88.jpg. Detected amenity: hairdryer. Detection confidence: low (0.15). Source prompt type: baseline.,"You are generating hotel amenity questions for guests browsing accommodation photos. Given the detection summary below, generate a hotel amenity related question that a guest may ask or a guest might want to be answeredwhile browsing accommodation images. Keep the question short, factual, and neutral. Detection summary: Image file: image_67_jpg.rf.25db84bf014ec6d91e485e6854068c88.jpg. Detected amenity: hairdryer. Detection confidence: low (0.15). Source prompt type: baseline. Question:",What is a hairdryer in a hotel?,What is the name of the hotel that has a hairdryer?,Is a hairdryer provided in the room?,Is a hairdryer provided in the room?
image_218_jpg.rf.d0589163d6378b2e47f4136657929466.jpg,hairdryer,0.1814950555562973,198.5040435791016,117.60153198242188,639.9694213867188,485.8409118652344,baseline,Image file: image_218_jpg.rf.d0589163d6378b2e47f4136657929466.jpg. Detected amenity: hairdryer. Detection confidence: low (0.18). Source prompt type: baseline.,"You are generating hotel amenity questions for guests browsing accommodation photos. Given the detection summary below, generate a hotel amenity related question that a guest may ask or a guest might want to be answeredwhile browsing accommodation images. Keep the question short, factual, and neutral. Detection summary: Image file: image_218_jpg.rf.d0589163d6378b2e47f4136657929466.jpg. Detected amenity: hairdryer. Detection confidence: low (0.18). Source prompt type: baseline. Question:",What is a hairdryer in a hotel?,What is the name of the hotel that has a hairdryer?,Is a hairdryer provided in the room?,Is there a hairdryer available in the room?
image_218_jpg.rf.d0589163d6378b2e47f4136657929466.jpg,hairdryer,0.1116594225168228,199.14089965820312,120.24555206298828,403.4769287109375,478.240234375,baseline,Image file: image_218_jpg.rf.d0589163d6378b2e47f4136657929466.jpg. Detected amenity: hairdryer. Detection confidence: low (0.11). Source prompt type: baseline.,"You are generating hotel amenity questions for guests browsing accommodation photos. Given the detection summary below, generate a hotel amenity related question that a guest may ask or a guest might want to be answeredwhile browsing accommodation images. Keep the question short, factual, and neutral. Detection summary: Image file: image_218_jpg.rf.d0589163d6378b2e47f4136657929466.jpg. Detected amenity: hairdryer. Detection confidence: low (0.11). Source prompt type: baseline. Question:",What is a hairdryer in a hotel?,What is the name of the hotel amenity in the image?,Is a hairdryer provided in the room?,Is a hairdryer provided in the room?
image_218_jpg.rf.d0589163d6378b2e47f4136657929466.jpg,hairdryer,0.1034389585256576,355.7772827148437,211.43638610839844,638.3422241210938,471.1974487304688,baseline,Image file: image_218_jpg.rf.d0589163d6378b2e47f4136657929466.jpg. Detected amenity: hairdryer. Detection confidence: low (0.10). Source prompt type: baseline.,"You are generating hotel amenity questions for guests browsing accommodation photos. Given the detection summary below, generate a hotel amenity related question that a guest may ask or a guest might want to be answeredwhile browsing accommodation images. Keep the question short, factual, and neutral. Detection summary: Image file: image_218_jpg.rf.d0589163d6378b2e47f4136657929466.jpg. Detected amenity: hairdryer. Detection confidence: low (0.10). Source prompt type: baseline. Question:",What is a hairdryer in a hotel?,What is the name of the hotel that has a hairdryer?,Is a hairdryer provided in the room?,Is a hairdryer provided in the room?
image_38_jpg.rf.f992f64b13efceca765b8b26fb53fddb.jpg,hairdryer,0.1539533287286758,418.74603271484375,165.33688354492188,580.510009765625,564.1646118164062,baseline,Image file: image_38_jpg.rf.f992f64b13efceca765b8b26fb53fddb.jpg. Detected amenity: hairdryer. Detection confidence: low (0.15). Source prompt type: baseline.,"You are generating hotel amenity questions for guests browsing accommodation photos. Given the detection summary below, generate a hotel amenity related question that a guest may ask or a guest might want to be answeredwhile browsing accommodation images. Keep the question short, factual, and neutral. Detection summary: Image file: image_38_jpg.rf.f992f64b13efceca765b8b26fb53fddb.jpg. Detected amenity: hairdryer. Detection confidence: low (0.15). Source prompt type: baseline. Question:",What is a hairdryer in a hotel?,What is the name of the hotel that has a hairdryer?,Is a hairdryer provided in the room?,Is a hairdryer provided in the room?
image_38_jpg.rf.f992f64b13efceca765b8b26fb53fddb.jpg,hairdryer,0.3406619429588318,2.6388931274414062,126.49919128417967,378.966064453125,578.755859375,baseline,Image file: image_38_jpg.rf.f992f64b13efceca765b8b26fb53fddb.jpg. Detected amenity: hairdryer. Detection confidence: medium (0.34). Source prompt type: baseline.,"You are generating hotel amenity questions for guests browsing accommodation photos. Given the detection summary below, generate a hotel amenity related question that a guest may ask or a guest might want to be answeredwhile browsing accommodation images. Keep the question short, factual, and neutral. Detection summary: Image file: image_38_jpg.rf.f992f64b13efceca765b8b26fb53fddb.jpg. Detected amenity: hairdryer. Detection confidence: medium (0.34). Source prompt type: baseline. Question:",What type of amenity is hairdryer?,What is the name of the amenity that is detected in this image?,Is a hairdryer provided in the room?,Is there a hairdryer available in the room?
image_93_jpg.rf.1bd27da69fc492fb9605a9b55f013122.jpg,hairdryer,0.3809221982955932,92.32804870605467,6.169700622558594,637.15771484375,637.8587036132812,baseline,Image file: image_93_jpg.rf.1bd27da69fc492fb9605a9b55f013122.jpg. Detected amenity: hairdryer. Detection confidence: medium (0.38). Source prompt type: baseline.,"You are generating hotel amenity questions for guests browsing accommodation photos. Given the detection summary below, generate a hotel amenity related question that a guest may ask or a guest might want to be answeredwhile browsing accommodation images. Keep the question short, factual, and neutral. Detection summary: Image file: image_93_jpg.rf.1bd27da69fc492fb9605a9b55f013122.jpg. Detected amenity: hairdryer. Detection confidence: medium (0.38). Source prompt type: baseline. Question:",What type of amenity is hairdryer?,What is the name of the hotel that has a hairdryer?,Is a hairdryer provided in the room?,Is a hairdryer provided in the room?
image_93_jpg.rf.1bd27da69fc492fb9605a9b55f013122.jpg,hairdryer,0.1294015049934387,88.93707275390625,17.19003677368164,638.0111694335938,418.32763671875,baseline,Image file: image_93_jpg.rf.1bd27da69fc492fb9605a9b55f013122.jpg. Detected amenity: hairdryer. Detection confidence: low (0.13). Source prompt type: baseline.,"You are generating hotel amenity questions for guests browsing accommodation photos. Given the detection summary below, generate a hotel amenity related question that a guest may ask or a guest might want to be answeredwhile browsing accommodation images. Keep the question short, factual, and neutral. Detection summary: Image file: image_93_jpg.rf.1bd27da69fc492fb9605a9b55f013122.jpg. Detected amenity: hairdryer. Detection confidence: low (0.13). Source prompt type: baseline. Question:",What type of amenity is hairdryer?,What is the name of the hotel amenity in the image?,Is a hairdryer provided in the room?,Is a hairdryer provided in the room?
image_183_jpg.rf.96a2a90576363f3ded7c801f6c561d75.jpg,hairdryer,0.2664172649383545,23.344268798828125,99.41638946533205,563.244384765625,443.5380554199219,baseline,Image file: image_183_jpg.rf.96a2a90576363f3ded7c801f6c561d75.jpg. Detected amenity: hairdryer. Detection confidence: low (0.27). Source prompt type: baseline.,"You are generating hotel amenity questions for guests browsing accommodation photos. Given the detection summary below, generate a hotel amenity related question that a guest may ask or a guest might want to be answeredwhile browsing accommodation images. Keep the question short, factual, and neutral. Detection summary: Image file: image_183_jpg.rf.96a2a90576363f3ded7c801f6c561d75.jpg. Detected amenity: hairdryer. Detection confidence: low (0.27). Source prompt type: baseline. Question:",What is a hairdryer in a hotel?,What is the name of the hotel that has a hairdryer?,Is a hairdryer provided in the room?,Is there a hairdryer available in the room?
image_168_jpg.rf.2f6853b97ee45acd179c14020c5262c1.jpg,hairdryer,0.1190390810370445,42.21773147583008,11.080951690673828,634.0413818359375,544.427490234375,baseline,Image file: image_168_jpg.rf.2f6853b97ee45acd179c14020c5262c1.jpg. Detected amenity: hairdryer. Detection confidence: low (0.12). Source prompt type: baseline.,"You are generating hotel amenity questions for guests browsing accommodation photos. Given the detection summary below, generate a hotel amenity related question that a guest may ask or a guest might want to be answeredwhile browsing accommodation images. Keep the question short, factual, and neutral. Detection summary: Image file: image_168_jpg.rf.2f6853b97ee45acd179c14020c5262c1.jpg. Detected amenity: hairdryer. Detection confidence: low (0.12). Source prompt type: baseline. Question:",What type of amenity is hairdryer?,What is the name of the hotel that has a hairdryer?,Is a hairdryer provided in the room?,Does the room have a hairdryer?
image_58_jpg.rf.1d685ca5d4fd289fcd56501c28edd853.jpg,hairdryer,0.1750039905309677,265.1601867675781,147.18121337890625,488.0904846191406,632.9320678710938,baseline,Image file: image_58_jpg.rf.1d685ca5d4fd289fcd56501c28edd853.jpg. Detected amenity: hairdryer. Detection confidence: low (0.18). Source prompt type: baseline.,"You are generating hotel amenity questions for guests browsing accommodation photos. Given the detection summary below, generate a hotel amenity related question that a guest may ask or a guest might want to be answeredwhile browsing accommodation images. Keep the question short, factual, and neutral. Detection summary: Image file: image_58_jpg.rf.1d685ca5d4fd289fcd56501c28edd853.jpg. Detected amenity: hairdryer. Detection confidence: low (0.18). Source prompt type: baseline. Question:",What is a hairdryer in a hotel?,What is the name of the hotel that has a hairdryer?,Is a hairdryer provided in the room?,Is a hairdryer provided in the room?
image_141_jpg.rf.17837d546911dbca46ae994d663c4ab8.jpg,hairdryer,0.1425652801990509,281.9812316894531,139.3464813232422,640.4153442382812,470.82220458984375,baseline,Image file: image_141_jpg.rf.17837d546911dbca46ae994d663c4ab8.jpg. Detected amenity: hairdryer. Detection confidence: low (0.14). Source prompt type: baseline.,"You are generating hotel amenity questions for guests browsing accommodation photos. Given the detection summary below, generate a hotel amenity related question that a guest may ask or a guest might want to be answeredwhile browsing accommodation images. Keep the question short, factual, and neutral. Detection summary: Image file: image_141_jpg.rf.17837d546911dbca46ae994d663c4ab8.jpg. Detected amenity: hairdryer. Detection confidence: low (0.14). Source prompt type: baseline. Question:",What type of amenity is hairdryer?,What is the name of the hotel that has a hairdryer?,Is a hairdryer provided in the room?,Is a hairdryer provided in the room?
image_141_jpg.rf.17837d546911dbca46ae994d663c4ab8.jpg,hairdryer,0.1004054769873619,418.20068359375,160.5181121826172,639.0436401367188,431.2896728515625,baseline,Image file: image_141_jpg.rf.17837d546911dbca46ae994d663c4ab8.jpg. Detected amenity: hairdryer. Detection confidence: low (0.10). Source prompt type: baseline.,"You are generating hotel amenity questions for guests browsing accommodation photos. Given the detection summary below, generate a hotel amenity related question that a guest may ask or a guest might want to be answeredwhile browsing accommodation images. Keep the question short, factual, and neutral. Detection summary: Image file: image_141_jpg.rf.17837d546911dbca46ae994d663c4ab8.jpg. Detected amenity: hairdryer. Detection confidence: low (0.10). Source prompt type: baseline. Question:",What is a hairdryer in a hotel?,What is the name of the hotel that has a hairdryer?,Is a hairdryer provided in the room?,Is a hairdryer provided in the room?
image_193_jpg.rf.77ef6f19e0fbe41cf2f3e81423561676.jpg,hairdryer,0.1522400975227356,63.23032379150391,76.54499053955078,416.1787414550781,642.5672607421875,baseline,Image file: image_193_jpg.rf.77ef6f19e0fbe41cf2f3e81423561676.jpg. Detected amenity: hairdryer. Detection confidence: low (0.15). Source prompt type: baseline.,"You are generating hotel amenity questions for guests browsing accommodation photos. Given the detection summary below, generate a hotel amenity related question that a guest may ask or a guest might want to be answeredwhile browsing accommodation images. Keep the question short, factual, and neutral. Detection summary: Image file: image_193_jpg.rf.77ef6f19e0fbe41cf2f3e81423561676.jpg. Detected amenity: hairdryer. Detection confidence: low (0.15). Source prompt type: baseline. Question:",What is a hairdryer in a hotel?,What is the name of the hotel that has a hairdryer?,Is a hairdryer provided in the room?,Is a hairdryer provided in the room?
image_220_jpg.rf.39ef05d4c7b9689a1bd049d7920ac172.jpg,hairdryer,0.1217900142073631,271.05419921875,31.16067886352539,608.060546875,613.1748046875,baseline,Image file: image_220_jpg.rf.39ef05d4c7b9689a1bd049d7920ac172.jpg. Detected amenity: hairdryer. Detection confidence: low (0.12). Source prompt type: baseline.,"You are generating hotel amenity questions for guests browsing accommodation photos. Given the detection summary below, generate a hotel amenity related question that a guest may ask or a guest might want to be answeredwhile browsing accommodation images. Keep the question short, factual, and neutral. Detection summary: Image file: image_220_jpg.rf.39ef05d4c7b9689a1bd049d7920ac172.jpg. Detected amenity: hairdryer. Detection confidence: low (0.12). Source prompt type: baseline. Question:",What type of amenity is hairdryer?,What is the name of the hotel that has a hairdryer?,Is a hairdryer provided in the room?,Is a hairdryer provided in the room?
image_19_jpg.rf.babd1f0e1aacada4cd3a74b747b6e227.jpg,hairdryer,0.1385682821273803,151.23388671875,103.87855529785156,556.8193359375,638.8477783203125,baseline,Image file: image_19_jpg.rf.babd1f0e1aacada4cd3a74b747b6e227.jpg. Detected amenity: hairdryer. Detection confidence: low (0.14). Source prompt type: baseline.,"You are generating hotel amenity questions for guests browsing accommodation photos. Given the detection summary below, generate a hotel amenity related question that a guest may ask or a guest might want to be answeredwhile browsing accommodation images. Keep the question short, factual, and neutral. Detection summary: Image file: image_19_jpg.rf.babd1f0e1aacada4cd3a74b747b6e227.jpg. Detected amenity: hairdryer. Detection confidence: low (0.14). Source prompt type: baseline. Question:",What type of amenity is hairdryer?,What is the name of the amenity that is detected in this image?,Is a hairdryer provided in the room?,Is a hairdryer provided in the room?
image_87_jpg.rf.7c5ffa22fc0b410974c2957fd4044fb6.jpg,hairdryer,0.2087127566337585,334.6060791015625,220.0828857421875,532.1265258789062,641.05517578125,baseline,Image file: image_87_jpg.rf.7c5ffa22fc0b410974c2957fd4044fb6.jpg. Detected amenity: hairdryer. Detection confidence: low (0.21). Source prompt type: baseline.,"You are generating hotel amenity questions for guests browsing accommodation photos. Given the detection summary below, generate a hotel amenity related question that a guest may ask or a guest might want to be answeredwhile browsing accommodation images. Keep the question short, factual, and neutral. Detection summary: Image file: image_87_jpg.rf.7c5ffa22fc0b410974c2957fd4044fb6.jpg. Detected amenity: hairdryer. Detection confidence: low (0.21). Source prompt type: baseline. Question:",What type of amenity is hairdryer?,What is the name of the amenity that is detected in this image?,Is a hairdryer provided in the room?,Does the room have a hairdryer?
image_159_jpg.rf.a001eb0ceb28dfaa42595961d84e7cfb.jpg,hairdryer,0.1231102868914604,8.25998306274414,85.32525634765625,562.1566162109375,638.0233764648438,baseline,Image file: image_159_jpg.rf.a001eb0ceb28dfaa42595961d84e7cfb.jpg. Detected amenity: hairdryer. Detection confidence: low (0.12). Source prompt type: baseline.,"You are generating hotel amenity questions for guests browsing accommodation photos. Given the detection summary below, generate a hotel amenity related question that a guest may ask or a guest might want to be answeredwhile browsing accommodation images. Keep the question short, factual, and neutral. Detection summary: Image file: image_159_jpg.rf.a001eb0ceb28dfaa42595961d84e7cfb.jpg. Detected amenity: hairdryer. Detection confidence: low (0.12). Source prompt type: baseline. Question:",What is a hairdryer in a hotel?,What is the name of the hotel that has a hairdryer?,Is a hairdryer provided in the room?,Is a hairdryer provided in the room?
image_140_jpg.rf.ecfafd823b8d966b9403d25acd2f31c7.jpg,hairdryer,0.3122389912605285,34.65919494628906,26.215267181396484,628.5306396484375,548.4949951171875,baseline,Image file: image_140_jpg.rf.ecfafd823b8d966b9403d25acd2f31c7.jpg. Detected amenity: hairdryer. Detection confidence: medium (0.31). Source prompt type: baseline.,"You are generating hotel amenity questions for guests browsing accommodation photos. Given the detection summary below, generate a hotel amenity related question that a guest may ask or a guest might want to be answeredwhile browsing accommodation images. Keep the question short, factual, and neutral. Detection summary: Image file: image_140_jpg.rf.ecfafd823b8d966b9403d25acd2f31c7.jpg. Detected amenity: hairdryer. Detection confidence: medium (0.31). Source prompt type: baseline. Question:",What type of amenity is hairdryer?,What is the name of the amenity that is detected in this image?,Is a hairdryer provided in the room?,Is there a hairdryer available in the room?
image_35_jpg.rf.92d2669cb459a07099d1d344bf7bc0ab.jpg,hairdryer,0.149620920419693,145.04452514648438,34.07611846923828,447.9009704589844,417.3252868652344,baseline,Image file: image_35_jpg.rf.92d2669cb459a07099d1d344bf7bc0ab.jpg. Detected amenity: hairdryer. Detection confidence: low (0.15). Source prompt type: baseline.,"You are generating hotel amenity questions for guests browsing accommodation photos. Given the detection summary below, generate a hotel amenity related question that a guest may ask or a guest might want to be answeredwhile browsing accommodation images. Keep the question short, factual, and neutral. Detection summary: Image file: image_35_jpg.rf.92d2669cb459a07099d1d344bf7bc0ab.jpg. Detected amenity: hairdryer. Detection confidence: low (0.15). Source prompt type: baseline. Question:",What is a hairdryer in a hotel?,What is the name of the hotel that has a hairdryer?,Is a hairdryer provided in the room?,Is a hairdryer provided in the room?
image_35_jpg.rf.92d2669cb459a07099d1d344bf7bc0ab.jpg,hairdryer,0.233511283993721,140.65675354003906,32.77290344238281,471.003173828125,633.990234375,baseline,Image file: image_35_jpg.rf.92d2669cb459a07099d1d344bf7bc0ab.jpg. Detected amenity: hairdryer. Detection confidence: low (0.23). Source prompt type: baseline.,"You are generating hotel amenity questions for guests browsing accommodation photos. Given the detection summary below, generate a hotel amenity related question that a guest may ask or a guest might want to be answeredwhile browsing accommodation images. Keep the question short, factual, and neutral. Detection summary: Image file: image_35_jpg.rf.92d2669cb459a07099d1d344bf7bc0ab.jpg. Detected amenity: hairdryer. Detection confidence: low (0.23). Source prompt type: baseline. Question:",What is a hairdryer in a hotel?,What is the name of the hotel that has a hairdryer?,Is a hairdryer provided in the room?,Is a hairdryer provided in the room?
image_111_jpg.rf.fe73dc2005a76add0d0d19bec4d2a5a1.jpg,hairdryer,0.1157067492604255,11.908607482910156,119.41280364990234,616.355224609375,601.4691772460938,baseline,Image file: image_111_jpg.rf.fe73dc2005a76add0d0d19bec4d2a5a1.jpg. Detected amenity: hairdryer. Detection confidence: low (0.12). Source prompt type: baseline.,"You are generating hotel amenity questions for guests browsing accommodation photos. Given the detection summary below, generate a hotel amenity related question that a guest may ask or a guest might want to be answeredwhile browsing accommodation images. Keep the question short, factual, and neutral. Detection summary: Image file: image_111_jpg.rf.fe73dc2005a76add0d0d19bec4d2a5a1.jpg. Detected amenity: hairdryer. Detection confidence: low (0.12). Source prompt type: baseline. Question:",What type of amenity is hairdryer?,What is the name of the amenity that is detected in this image?,Is a hairdryer provided in the room?,Is there a hairdryer available in the room?
image_111_jpg.rf.fe73dc2005a76add0d0d19bec4d2a5a1.jpg,hairdryer,0.3853462934494018,18.743896484375,116.13990783691406,613.123779296875,601.2042236328125,baseline,Image file: image_111_jpg.rf.fe73dc2005a76add0d0d19bec4d2a5a1.jpg. Detected amenity: hairdryer. Detection confidence: medium (0.39). Source prompt type: baseline.,"You are generating hotel amenity questions for guests browsing accommodation photos. Given the detection summary below, generate a hotel amenity related question that a guest may ask or a guest might want to be answeredwhile browsing accommodation images. Keep the question short, factual, and neutral. Detection summary: Image file: image_111_jpg.rf.fe73dc2005a76add0d0d19bec4d2a5a1.jpg. Detected amenity: hairdryer. Detection confidence: medium (0.39). Source prompt type: baseline. Question:",What type of amenity is hairdryer?,What is the name of the amenity that is detected in this image?,Is a hairdryer provided in the room?,Is a hairdryer provided in the room?
image_33_jpg.rf.2c41d500258045b379b0b052fe2a834a.jpg,hairdryer,0.1916614919900894,16.391677856445312,189.8686981201172,637.6993408203125,588.5521240234375,baseline,Image file: image_33_jpg.rf.2c41d500258045b379b0b052fe2a834a.jpg. Detected amenity: hairdryer. Detection confidence: low (0.19). Source prompt type: baseline.,"You are generating hotel amenity questions for guests browsing accommodation photos. Given the detection summary below, generate a hotel amenity related question that a guest may ask or a guest might want to be answeredwhile browsing accommodation images. Keep the question short, factual, and neutral. Detection summary: Image file: image_33_jpg.rf.2c41d500258045b379b0b052fe2a834a.jpg. Detected amenity: hairdryer. Detection confidence: low (0.19). Source prompt type: baseline. Question:",What is a hairdryer in a hotel?,What is the name of the hotel that has a hairdryer?,Is a hairdryer provided in the room?,Is a hairdryer provided in the room?
image_33_jpg.rf.2c41d500258045b379b0b052fe2a834a.jpg,hairdryer,0.1412840783596038,18.616867065429688,191.55734252929688,636.2146606445312,588.804443359375,baseline,Image file: image_33_jpg.rf.2c41d500258045b379b0b052fe2a834a.jpg. Detected amenity: hairdryer. Detection confidence: low (0.14). Source prompt type: baseline.,"You are generating hotel amenity questions for guests browsing accommodation photos. Given the detection summary below, generate a hotel amenity related question that a guest may ask or a guest might want to be answeredwhile browsing accommodation images. Keep the question short, factual, and neutral. Detection summary: Image file: image_33_jpg.rf.2c41d500258045b379b0b052fe2a834a.jpg. Detected amenity: hairdryer. Detection confidence: low (0.14). Source prompt type: baseline. Question:",What type of amenity is hairdryer?,What is the name of the hotel that has a hairdryer?,Is a hairdryer provided in the room?,Is a hairdryer provided in the room?
image_79_jpg.rf.704f737f667ccd2538cdf47ab692bdd4.jpg,hairdryer,0.155851811170578,226.4446258544922,111.56378936767578,396.6326599121094,372.0462646484375,baseline,Image file: image_79_jpg.rf.704f737f667ccd2538cdf47ab692bdd4.jpg. Detected amenity: hairdryer. Detection confidence: low (0.16). Source prompt type: baseline.,"You are generating hotel amenity questions for guests browsing accommodation photos. Given the detection summary below, generate a hotel amenity related question that a guest may ask or a guest might want to be answeredwhile browsing accommodation images. Keep the question short, factual, and neutral. Detection summary: Image file: image_79_jpg.rf.704f737f667ccd2538cdf47ab692bdd4.jpg. Detected amenity: hairdryer. Detection confidence: low (0.16). Source prompt type: baseline. Question:",What type of amenity is hairdryer?,What is the name of the hotel amenity in the image?,Is a hairdryer provided in the room?,Is there a hairdryer available in the room?
image_79_jpg.rf.704f737f667ccd2538cdf47ab692bdd4.jpg,hairdryer,0.115432322025299,63.47618865966797,228.63446044921875,174.91783142089844,466.927001953125,baseline,Image file: image_79_jpg.rf.704f737f667ccd2538cdf47ab692bdd4.jpg. Detected amenity: hairdryer. Detection confidence: low (0.12). Source prompt type: baseline.,"You are generating hotel amenity questions for guests browsing accommodation photos. Given the detection summary below, generate a hotel amenity related question that a guest may ask or a guest might want to be answeredwhile browsing accommodation images. Keep the question short, factual, and neutral. Detection summary: Image file: image_79_jpg.rf.704f737f667ccd2538cdf47ab692bdd4.jpg. Detected amenity: hairdryer. Detection confidence: low (0.12). Source prompt type: baseline. Question:",What type of amenity is hairdryer?,What is the name of the amenity that is detected in this image?,Is a hairdryer provided in the room?,Is a hairdryer available in the room?
image_51_jpg.rf.703097ccf6bb4b1bcfbe54e8c8eb0ee5.jpg,hairdryer,0.1588080376386642,1.323080062866211,109.21110534667967,248.5211944580078,455.9195556640625,baseline,Image file: image_51_jpg.rf.703097ccf6bb4b1bcfbe54e8c8eb0ee5.jpg. Detected amenity: hairdryer. Detection confidence: low (0.16). Source prompt type: baseline.,"You are generating hotel amenity questions for guests browsing accommodation photos. Given the detection summary below, generate a hotel amenity related question that a guest may ask or a guest might want to be answeredwhile browsing accommodation images. Keep the question short, factual, and neutral. Detection summary: Image file: image_51_jpg.rf.703097ccf6bb4b1bcfbe54e8c8eb0ee5.jpg. Detected amenity: hairdryer. Detection confidence: low (0.16). Source prompt type: baseline. Question:",What type of amenity is hairdryer?,What is the name of the amenity that is detected in this image?,Is a hairdryer provided in the room?,Is a hairdryer provided in the room?
image_51_jpg.rf.703097ccf6bb4b1bcfbe54e8c8eb0ee5.jpg,hairdryer,0.1087404862046241,2.493295669555664,115.4487762451172,258.9288024902344,627.7147216796875,baseline,Image file: image_51_jpg.rf.703097ccf6bb4b1bcfbe54e8c8eb0ee5.jpg. Detected amenity: hairdryer. Detection confidence: low (0.11). Source prompt type: baseline.,"You are generating hotel amenity questions for guests browsing accommodation photos. Given the detection summary below, generate a hotel amenity related question that a guest may ask or a guest might want to be answeredwhile browsing accommodation images. Keep the question short, factual, and neutral. Detection summary: Image file: image_51_jpg.rf.703097ccf6bb4b1bcfbe54e8c8eb0ee5.jpg. Detected amenity: hairdryer. Detection confidence: low (0.11). Source prompt type: baseline. Question:",What type of amenity does the hairdryer have?,What is the name of the amenity that is detected in this image?,Is a hairdryer provided in the room?,Is a hairdryer provided in the room?
image_8_jpg.rf.11601bd883b7e15d2fa4ca71d8b9b389.jpg,hairdryer,0.3003154993057251,0.0628471374511718,-6.873607635498047,636.4122314453125,618.208984375,baseline,Image file: image_8_jpg.rf.11601bd883b7e15d2fa4ca71d8b9b389.jpg. Detected amenity: hairdryer. Detection confidence: medium (0.30). Source prompt type: baseline.,"You are generating hotel amenity questions for guests browsing accommodation photos. Given the detection summary below, generate a hotel amenity related question that a guest may ask or a guest might want to be answeredwhile browsing accommodation images. Keep the question short, factual, and neutral. Detection summary: Image file: image_8_jpg.rf.11601bd883b7e15d2fa4ca71d8b9b389.jpg. Detected amenity: hairdryer. Detection confidence: medium (0.30). Source prompt type: baseline. Question:",What type of amenity does the hairdryer have?,What is the name of the hotel that has a hairdryer?,Is a hairdryer provided in the room?,Is a hairdryer provided in the room?
image_4_jpg.rf.fc7ff111c3e09e476590d2486a4bb71c.jpg,hairdryer,0.2597418427467346,96.22720336914062,26.150436401367188,608.5572509765625,616.6747436523438,baseline,Image file: image_4_jpg.rf.fc7ff111c3e09e476590d2486a4bb71c.jpg. Detected amenity: hairdryer. Detection confidence: low (0.26). Source prompt type: baseline.,"You are generating hotel amenity questions for guests browsing accommodation photos. Given the detection summary below, generate a hotel amenity related question that a guest may ask or a guest might want to be answeredwhile browsing accommodation images. Keep the question short, factual, and neutral. Detection summary: Image file: image_4_jpg.rf.fc7ff111c3e09e476590d2486a4bb71c.jpg. Detected amenity: hairdryer. Detection confidence: low (0.26). Source prompt type: baseline. Question:",What is a hairdryer in a hotel?,What is the name of the hotel that has a hairdryer?,Is a hairdryer provided in the room?,Is a hairdryer provided in the room?
image_18_jpg.rf.89ada46cb2fc490b31b604ba0fcfb06b.jpg,hairdryer,0.2360337078571319,91.83073425292967,66.13227844238281,581.5474853515625,637.1676635742188,baseline,Image file: image_18_jpg.rf.89ada46cb2fc490b31b604ba0fcfb06b.jpg. Detected amenity: hairdryer. Detection confidence: low (0.24). Source prompt type: baseline.,"You are generating hotel amenity questions for guests browsing accommodation photos. Given the detection summary below, generate a hotel amenity related question that a guest may ask or a guest might want to be answeredwhile browsing accommodation images. Keep the question short, factual, and neutral. Detection summary: Image file: image_18_jpg.rf.89ada46cb2fc490b31b604ba0fcfb06b.jpg. Detected amenity: hairdryer. Detection confidence: low (0.24). Source prompt type: baseline. Question:",What is a hairdryer in a hotel?,What is the name of the amenity that is detected in this image?,Is a hairdryer provided in the room?,Is a hairdryer available in the room?
image_100_jpg.rf.e63c16b99068114bc9cf4812d5ad027c.jpg,hairdryer,0.2841864824295044,58.40810775756836,45.19580841064453,635.4083251953125,628.1660766601562,baseline,Image file: image_100_jpg.rf.e63c16b99068114bc9cf4812d5ad027c.jpg. Detected amenity: hairdryer. Detection confidence: low (0.28). Source prompt type: baseline.,"You are generating hotel amenity questions for guests browsing accommodation photos. Given the detection summary below, generate a hotel amenity related question that a guest may ask or a guest might want to be answeredwhile browsing accommodation images. Keep the question short, factual, and neutral. Detection summary: Image file: image_100_jpg.rf.e63c16b99068114bc9cf4812d5ad027c.jpg. Detected amenity: hairdryer. Detection confidence: low (0.28). Source prompt type: baseline. Question:",What is a hairdryer in a hotel?,What is the name of the hotel that has a hairdryer?,Is a hairdryer provided in the room?,Is there a hairdryer available in the room?
image_116_jpg.rf.23cd7a9780ff4f778b911db59317d50a.jpg,hairdryer,0.1235502287745475,101.48771667480467,-3.611621856689453,456.31683349609375,583.6001586914062,baseline,Image file: image_116_jpg.rf.23cd7a9780ff4f778b911db59317d50a.jpg. Detected amenity: hairdryer. Detection confidence: low (0.12). Source prompt type: baseline.,"You are generating hotel amenity questions for guests browsing accommodation photos. Given the detection summary below, generate a hotel amenity related question that a guest may ask or a guest might want to be answeredwhile browsing accommodation images. Keep the question short, factual, and neutral. Detection summary: Image file: image_116_jpg.rf.23cd7a9780ff4f778b911db59317d50a.jpg. Detected amenity: hairdryer. Detection confidence: low (0.12). Source prompt type: baseline. Question:",What type of amenity is hairdryer?,What is the name of the hotel that has a hairdryer?,Is a hairdryer provided in the room?,Is a hairdryer provided in the room?
image_161_jpg.rf.08887424ce1e57678e43bc299c2733c1.jpg,hairdryer,0.2258881628513336,15.410003662109377,147.21017456054688,421.5534973144531,451.9329223632813,baseline,Image file: image_161_jpg.rf.08887424ce1e57678e43bc299c2733c1.jpg. Detected amenity: hairdryer. Detection confidence: low (0.23). Source prompt type: baseline.,"You are generating hotel amenity questions for guests browsing accommodation photos. Given the detection summary below, generate a hotel amenity related question that a guest may ask or a guest might want to be answeredwhile browsing accommodation images. Keep the question short, factual, and neutral. Detection summary: Image file: image_161_jpg.rf.08887424ce1e57678e43bc299c2733c1.jpg. Detected amenity: hairdryer. Detection confidence: low (0.23). Source prompt type: baseline. Question:",What is a hairdryer?,What is the name of the amenity that is detected in this image?,Is a hairdryer provided in the room?,Is a hairdryer provided in the room?
image_161_jpg.rf.08887424ce1e57678e43bc299c2733c1.jpg,hairdryer,0.2141627669334411,17.20041275024414,137.08563232421875,613.0846557617188,640.9417114257812,baseline,Image file: image_161_jpg.rf.08887424ce1e57678e43bc299c2733c1.jpg. Detected amenity: hairdryer. Detection confidence: low (0.21). Source prompt type: baseline.,"You are generating hotel amenity questions for guests browsing accommodation photos. Given the detection summary below, generate a hotel amenity related question that a guest may ask or a guest might want to be answeredwhile browsing accommodation images. Keep the question short, factual, and neutral. Detection summary: Image file: image_161_jpg.rf.08887424ce1e57678e43bc299c2733c1.jpg. Detected amenity: hairdryer. Detection confidence: low (0.21). Source prompt type: baseline. Question:",What type of amenity is hairdryer?,What is the name of the hotel amenity in the image?,Is a hairdryer provided in the room?,Is a hairdryer provided in the room?
image_52_jpg.rf.d734ef5487affd4d01dab8036be3fbbc.jpg,hairdryer,0.3774229884147644,-0.3747177124023437,3.7187576293945312,471.2832336425781,631.9432983398438,baseline,Image file: image_52_jpg.rf.d734ef5487affd4d01dab8036be3fbbc.jpg. Detected amenity: hairdryer. Detection confidence: medium (0.38). Source prompt type: baseline.,"You are generating hotel amenity questions for guests browsing accommodation photos. Given the detection summary below, generate a hotel amenity related question that a guest may ask or a guest might want to be answeredwhile browsing accommodation images. Keep the question short, factual, and neutral. Detection summary: Image file: image_52_jpg.rf.d734ef5487affd4d01dab8036be3fbbc.jpg. Detected amenity: hairdryer. Detection confidence: medium (0.38). Source prompt type: baseline. Question:",What type of amenity does the hairdryer have?,What is the name of the hotel that has a hairdryer?,Is a hairdryer provided in the room?,Is a hairdryer provided in the room?
image_11_jpg.rf.2276a95bb47a7f6e2d77652016dcf56e.jpg,hairdryer,0.1988391131162643,1.0118865966796875,62.55687713623047,571.0228881835938,561.84765625,baseline,Image file: image_11_jpg.rf.2276a95bb47a7f6e2d77652016dcf56e.jpg. Detected amenity: hairdryer. Detection confidence: low (0.20). Source prompt type: baseline.,"You are generating hotel amenity questions for guests browsing accommodation photos. Given the detection summary below, generate a hotel amenity related question that a guest may ask or a guest might want to be answeredwhile browsing accommodation images. Keep the question short, factual, and neutral. Detection summary: Image file: image_11_jpg.rf.2276a95bb47a7f6e2d77652016dcf56e.jpg. Detected amenity: hairdryer. Detection confidence: low (0.20). Source prompt type: baseline. Question:",What is a hairdryer in a hotel?,What is the name of the hotel that has a hairdryer?,Is a hairdryer provided in the room?,Is a hairdryer provided in the room?
image_53_jpg.rf.447d57e09746fe768aae85ff375b0b00.jpg,hairdryer,0.2001342177391052,458.99658203125,56.91373825073242,605.771484375,489.7130737304688,baseline,Image file: image_53_jpg.rf.447d57e09746fe768aae85ff375b0b00.jpg. Detected amenity: hairdryer. Detection confidence: low (0.20). Source prompt type: baseline.,"You are generating hotel amenity questions for guests browsing accommodation photos. Given the detection summary below, generate a hotel amenity related question that a guest may ask or a guest might want to be answeredwhile browsing accommodation images. Keep the question short, factual, and neutral. Detection summary: Image file: image_53_jpg.rf.447d57e09746fe768aae85ff375b0b00.jpg. Detected amenity: hairdryer. Detection confidence: low (0.20). Source prompt type: baseline. Question:",What is a hairdryer in a hotel?,What is the name of the hotel that has a hairdryer?,Is a hairdryer provided in the room?,Is a hairdryer provided in the room?
image_9_jpg.rf.d4ffcb300c5f1ee63829325fd954420b.jpg,hairdryer,0.3307494223117828,95.6967315673828,71.6220703125,630.555419921875,572.3212280273438,baseline,Image file: image_9_jpg.rf.d4ffcb300c5f1ee63829325fd954420b.jpg. Detected amenity: hairdryer. Detection confidence: medium (0.33). Source prompt type: baseline.,"You are generating hotel amenity questions for guests browsing accommodation photos. Given the detection summary below, generate a hotel amenity related question that a guest may ask or a guest might want to be answeredwhile browsing accommodation images. Keep the question short, factual, and neutral. Detection summary: Image file: image_9_jpg.rf.d4ffcb300c5f1ee63829325fd954420b.jpg. Detected amenity: hairdryer. Detection confidence: medium (0.33). Source prompt type: baseline. Question:",What is a hairdryer?,What is the name of the hotel amenity in the image?,Is a hairdryer provided in the room?,Does the hotel room have a hairdryer?
image_34_jpg.rf.1424f6048e5aea069644073ed4439227.jpg,hairdryer,0.2662351131439209,141.82237243652344,55.748329162597656,546.512451171875,516.854736328125,baseline,Image file: image_34_jpg.rf.1424f6048e5aea069644073ed4439227.jpg. Detected amenity: hairdryer. Detection confidence: low (0.27). Source prompt type: baseline.,"You are generating hotel amenity questions for guests browsing accommodation photos. Given the detection summary below, generate a hotel amenity related question that a guest may ask or a guest might want to be answeredwhile browsing accommodation images. Keep the question short, factual, and neutral. Detection summary: Image file: image_34_jpg.rf.1424f6048e5aea069644073ed4439227.jpg. Detected amenity: hairdryer. Detection confidence: low (0.27). Source prompt type: baseline. Question:",What is a hairdryer in a hotel?,What is the name of the hotel that has a hairdryer?,Is a hairdryer provided in the room?,Is a hairdryer provided in the room?
image_158_jpg.rf.62dcc7e585e05b449daee3ada5b0dabf.jpg,hairdryer,0.4067293405532837,189.6986694335937,144.88035583496094,482.801025390625,489.72955322265625,baseline,Image file: image_158_jpg.rf.62dcc7e585e05b449daee3ada5b0dabf.jpg. Detected amenity: hairdryer. Detection confidence: medium (0.41). Source prompt type: baseline.,"You are generating hotel amenity questions for guests browsing accommodation photos. Given the detection summary below, generate a hotel amenity related question that a guest may ask or a guest might want to be answeredwhile browsing accommodation images. Keep the question short, factual, and neutral. Detection summary: Image file: image_158_jpg.rf.62dcc7e585e05b449daee3ada5b0dabf.jpg. Detected amenity: hairdryer. Detection confidence: medium (0.41). Source prompt type: baseline. Question:",What type of amenity is hairdryer?,What type of amenity is the hairdryer?,Is a hairdryer provided in the room?,Is a hairdryer available in the room?
image_69_jpg.rf.6316a43511d8420c8fdb12bb58493a49.jpg,hairdryer,0.1486733257770538,107.05875396728516,37.94912338256836,502.38861083984375,518.9766845703125,baseline,Image file: image_69_jpg.rf.6316a43511d8420c8fdb12bb58493a49.jpg. Detected amenity: hairdryer. Detection confidence: low (0.15). Source prompt type: baseline.,"You are generating hotel amenity questions for guests browsing accommodation photos. Given the detection summary below, generate a hotel amenity related question that a guest may ask or a guest might want to be answeredwhile browsing accommodation images. Keep the question short, factual, and neutral. Detection summary: Image file: image_69_jpg.rf.6316a43511d8420c8fdb12bb58493a49.jpg. Detected amenity: hairdryer. Detection confidence: low (0.15). Source prompt type: baseline. Question:",What is a hairdryer in a hotel?,What is the name of the hotel that has a hairdryer?,Is a hairdryer provided in the room?,Is a hairdryer provided in the room?
image_105_jpg.rf.64f144f4633e51e97c7a2e11265a3221.jpg,hairdryer,0.2135851234197616,303.2206420898437,229.0469665527344,606.2333374023438,555.4157104492188,baseline,Image file: image_105_jpg.rf.64f144f4633e51e97c7a2e11265a3221.jpg. Detected amenity: hairdryer. Detection confidence: low (0.21). Source prompt type: baseline.,"You are generating hotel amenity questions for guests browsing accommodation photos. Given the detection summary below, generate a hotel amenity related question that a guest may ask or a guest might want to be answeredwhile browsing accommodation images. Keep the question short, factual, and neutral. Detection summary: Image file: image_105_jpg.rf.64f144f4633e51e97c7a2e11265a3221.jpg. Detected amenity: hairdryer. Detection confidence: low (0.21). Source prompt type: baseline. Question:",What type of amenity is hairdryer?,What is the name of the amenity that is detected in this image?,Is a hairdryer provided in the room?,Is a hairdryer provided in the room?
image_75_jpg.rf.6050895ab28d5a8e09bdbb147312f659.jpg,hairdryer,0.1860056817531585,154.6398162841797,202.294677734375,605.9076538085938,643.5875244140625,baseline,Image file: image_75_jpg.rf.6050895ab28d5a8e09bdbb147312f659.jpg. Detected amenity: hairdryer. Detection confidence: low (0.19). Source prompt type: baseline.,"You are generating hotel amenity questions for guests browsing accommodation photos. Given the detection summary below, generate a hotel amenity related question that a guest may ask or a guest might want to be answeredwhile browsing accommodation images. Keep the question short, factual, and neutral. Detection summary: Image file: image_75_jpg.rf.6050895ab28d5a8e09bdbb147312f659.jpg. Detected amenity: hairdryer. Detection confidence: low (0.19). Source prompt type: baseline. Question:",What is a hairdryer in a hotel?,What is the name of the hotel that has a hairdryer?,Is a hairdryer provided in the room?,Is a hairdryer provided in the room?
image_142_jpg.rf.e0ca69bf431a958c5bb1e87682fde56b.jpg,hairdryer,0.1574438959360122,126.61444091796876,167.15457153320312,639.8699951171875,623.518798828125,baseline,Image file: image_142_jpg.rf.e0ca69bf431a958c5bb1e87682fde56b.jpg. Detected amenity: hairdryer. Detection confidence: low (0.16). Source prompt type: baseline.,"You are generating hotel amenity questions for guests browsing accommodation photos. Given the detection summary below, generate a hotel amenity related question that a guest may ask or a guest might want to be answeredwhile browsing accommodation images. Keep the question short, factual, and neutral. Detection summary: Image file: image_142_jpg.rf.e0ca69bf431a958c5bb1e87682fde56b.jpg. Detected amenity: hairdryer. Detection confidence: low (0.16). Source prompt type: baseline. Question:",What type of amenity is hairdryer?,What is the name of the hotel that has a hairdryer?,Is a hairdryer provided in the room?,Is a hairdryer provided in the room?
image_203_jpg.rf.0396ec617c8c6164aea7cb1ca39e669a.jpg,hairdryer,0.3733591735363006,53.12387466430664,62.96272277832031,596.9890747070312,621.8074951171875,baseline,Image file: image_203_jpg.rf.0396ec617c8c6164aea7cb1ca39e669a.jpg. Detected amenity: hairdryer. Detection confidence: medium (0.37). Source prompt type: baseline.,"You are generating hotel amenity questions for guests browsing accommodation photos. Given the detection summary below, generate a hotel amenity related question that a guest may ask or a guest might want to be answeredwhile browsing accommodation images. Keep the question short, factual, and neutral. Detection summary: Image file: image_203_jpg.rf.0396ec617c8c6164aea7cb1ca39e669a.jpg. Detected amenity: hairdryer. Detection confidence: medium (0.37). Source prompt type: baseline. Question:",What type of amenity is hairdryer?,What is the name of the hotel amenity in the image?,Is a hairdryer provided in the room?,Is a hairdryer provided in the room?
image_112_jpg.rf.8740df40d78625b733c1e007dc8a3726.jpg,hairdryer,0.3409570753574371,-1.0118293762207031,47.82621383666992,626.5921630859375,637.557861328125,baseline,Image file: image_112_jpg.rf.8740df40d78625b733c1e007dc8a3726.jpg. Detected amenity: hairdryer. Detection confidence: medium (0.34). Source prompt type: baseline.,"You are generating hotel amenity questions for guests browsing accommodation photos. Given the detection summary below, generate a hotel amenity related question that a guest may ask or a guest might want to be answeredwhile browsing accommodation images. Keep the question short, factual, and neutral. Detection summary: Image file: image_112_jpg.rf.8740df40d78625b733c1e007dc8a3726.jpg. Detected amenity: hairdryer. Detection confidence: medium (0.34). Source prompt type: baseline. Question:",What type of amenity is hairdryer?,What is the hairdryer used for?,Is a hairdryer provided in the room?,Is a hairdryer provided in the room?
image_107_jpg.rf.c3a5ee791b360e0e11b5be86d3a89454.jpg,hairdryer,0.136814072728157,266.7422180175781,159.068115234375,518.2055053710938,449.2001037597656,baseline,Image file: image_107_jpg.rf.c3a5ee791b360e0e11b5be86d3a89454.jpg. Detected amenity: hairdryer. Detection confidence: low (0.14). Source prompt type: baseline.,"You are generating hotel amenity questions for guests browsing accommodation photos. Given the detection summary below, generate a hotel amenity related question that a guest may ask or a guest might want to be answeredwhile browsing accommodation images. Keep the question short, factual, and neutral. Detection summary: Image file: image_107_jpg.rf.c3a5ee791b360e0e11b5be86d3a89454.jpg. Detected amenity: hairdryer. Detection confidence: low (0.14). Source prompt type: baseline. Question:",What type of amenity is hairdryer?,What is the name of the hotel amenity in the image?,Is a hairdryer provided in the room?,Is a hairdryer provided in the room?
image_147_jpg.rf.16cf5d1edca6fa44012042e61e9eb918.jpg,hairdryer,0.1055303961038589,230.16751098632807,151.3944854736328,515.9920043945312,553.3311767578125,baseline,Image file: image_147_jpg.rf.16cf5d1edca6fa44012042e61e9eb918.jpg. Detected amenity: hairdryer. Detection confidence: low (0.11). Source prompt type: baseline.,"You are generating hotel amenity questions for guests browsing accommodation photos. Given the detection summary below, generate a hotel amenity related question that a guest may ask or a guest might want to be answeredwhile browsing accommodation images. Keep the question short, factual, and neutral. Detection summary: Image file: image_147_jpg.rf.16cf5d1edca6fa44012042e61e9eb918.jpg. Detected amenity: hairdryer. Detection confidence: low (0.11). Source prompt type: baseline. Question:",What is a hairdryer in a hotel?,What is the name of the hotel amenity in the image?,Is a hairdryer provided in the room?,Is a hairdryer provided in the room?
image_150_jpg.rf.d799d44a5640cf3a4920ddda0c8659ce.jpg,hairdryer,0.3473914563655853,16.720600128173828,5.888462066650391,637.270263671875,631.8885498046875,baseline,Image file: image_150_jpg.rf.d799d44a5640cf3a4920ddda0c8659ce.jpg. Detected amenity: hairdryer. Detection confidence: medium (0.35). Source prompt type: baseline.,"You are generating hotel amenity questions for guests browsing accommodation photos. Given the detection summary below, generate a hotel amenity related question that a guest may ask or a guest might want to be answeredwhile browsing accommodation images. Keep the question short, factual, and neutral. Detection summary: Image file: image_150_jpg.rf.d799d44a5640cf3a4920ddda0c8659ce.jpg. Detected amenity: hairdryer. Detection confidence: medium (0.35). Source prompt type: baseline. Question:",What type of amenity is hairdryer?,What is the name of the hotel that has a hairdryer?,Is a hairdryer provided in the room?,Is there a hairdryer available in the room?
image_76_jpg.rf.9c63266dc6ff469fbc1a1f2cca4c26f8.jpg,hairdryer,0.2886694669723511,117.48405456542967,201.30886840820312,636.7801513671875,641.099365234375,baseline,Image file: image_76_jpg.rf.9c63266dc6ff469fbc1a1f2cca4c26f8.jpg. Detected amenity: hairdryer. Detection confidence: low (0.29). Source prompt type: baseline.,"You are generating hotel amenity questions for guests browsing accommodation photos. Given the detection summary below, generate a hotel amenity related question that a guest may ask or a guest might want to be answeredwhile browsing accommodation images. Keep the question short, factual, and neutral. Detection summary: Image file: image_76_jpg.rf.9c63266dc6ff469fbc1a1f2cca4c26f8.jpg. Detected amenity: hairdryer. Detection confidence: low (0.29). Source prompt type: baseline. Question:",What type of amenity is hairdryer?,What is the name of the hotel that has a hairdryer?,Is a hairdryer provided in the room?,Is a hairdryer available in the room?
image_164_jpg.rf.892e6fbb89a1c512237fcada49ce1106.jpg,hairdryer,0.2308322340250015,52.248783111572266,0.7785415649414062,592.6016235351562,636.454345703125,baseline,Image file: image_164_jpg.rf.892e6fbb89a1c512237fcada49ce1106.jpg. Detected amenity: hairdryer. Detection confidence: low (0.23). Source prompt type: baseline.,"You are generating hotel amenity questions for guests browsing accommodation photos. Given the detection summary below, generate a hotel amenity related question that a guest may ask or a guest might want to be answeredwhile browsing accommodation images. Keep the question short, factual, and neutral. Detection summary: Image file: image_164_jpg.rf.892e6fbb89a1c512237fcada49ce1106.jpg. Detected amenity: hairdryer. Detection confidence: low (0.23). Source prompt type: baseline. Question:",What type of amenity is hairdryer?,What is the name of the amenity that is detected in this image?,Is a hairdryer provided in the room?,Is a hairdryer available in the room?
image_59_jpg.rf.8760fdb5f09295c2898f59e286ac9d68.jpg,hairdryer,0.1121139749884605,16.55792236328125,143.7783966064453,545.2744140625,636.257568359375,baseline,Image file: image_59_jpg.rf.8760fdb5f09295c2898f59e286ac9d68.jpg. Detected amenity: hairdryer. Detection confidence: low (0.11). Source prompt type: baseline.,"You are generating hotel amenity questions for guests browsing accommodation photos. Given the detection summary below, generate a hotel amenity related question that a guest may ask or a guest might want to be answeredwhile browsing accommodation images. Keep the question short, factual, and neutral. Detection summary: Image file: image_59_jpg.rf.8760fdb5f09295c2898f59e286ac9d68.jpg. Detected amenity: hairdryer. Detection confidence: low (0.11). Source prompt type: baseline. Question:",What is a hairdryer in a hotel?,What is the name of the hotel that has a hairdryer?,Is a hairdryer provided in the room?,Is a hairdryer provided in the room?
image_84_jpg.rf.96f0515b63327c2378fa154388ec7757.jpg,hairdryer,0.131527841091156,4.406881332397461,83.53477478027344,273.37091064453125,558.1096801757812,baseline,Image file: image_84_jpg.rf.96f0515b63327c2378fa154388ec7757.jpg. Detected amenity: hairdryer. Detection confidence: low (0.13). Source prompt type: baseline.,"You are generating hotel amenity questions for guests browsing accommodation photos. Given the detection summary below, generate a hotel amenity related question that a guest may ask or a guest might want to be answeredwhile browsing accommodation images. Keep the question short, factual, and neutral. Detection summary: Image file: image_84_jpg.rf.96f0515b63327c2378fa154388ec7757.jpg. Detected amenity: hairdryer. Detection confidence: low (0.13). Source prompt type: baseline. Question:",What type of amenity is hairdryer?,What is the name of the hotel amenity in the image?,Is a hairdryer provided in the room?,Is there a hairdryer available in the room?
image_68_jpg.rf.60c152712150c6b1209b3176d488f7d9.jpg,hairdryer,0.2084429115056991,90.891357421875,119.52033996582033,635.7992553710938,600.3553466796875,baseline,Image file: image_68_jpg.rf.60c152712150c6b1209b3176d488f7d9.jpg. Detected amenity: hairdryer. Detection confidence: low (0.21). Source prompt type: baseline.,"You are generating hotel amenity questions for guests browsing accommodation photos. Given the detection summary below, generate a hotel amenity related question that a guest may ask or a guest might want to be answeredwhile browsing accommodation images. Keep the question short, factual, and neutral. Detection summary: Image file: image_68_jpg.rf.60c152712150c6b1209b3176d488f7d9.jpg. Detected amenity: hairdryer. Detection confidence: low (0.21). Source prompt type: baseline. Question:",What is a hairdryer in a hotel?,What is the name of the hotel that has a hairdryer?,Is a hairdryer provided in the room?,Is a hairdryer provided in the room?
image_192_jpg.rf.1058835cc67b80c43f85fcc1fb546c47.jpg,hairdryer,0.1108139157295227,94.05111694335938,88.14469909667969,464.9876403808594,575.3182373046875,baseline,Image file: image_192_jpg.rf.1058835cc67b80c43f85fcc1fb546c47.jpg. Detected amenity: hairdryer. Detection confidence: low (0.11). Source prompt type: baseline.,"You are generating hotel amenity questions for guests browsing accommodation photos. Given the detection summary below, generate a hotel amenity related question that a guest may ask or a guest might want to be answeredwhile browsing accommodation images. Keep the question short, factual, and neutral. Detection summary: Image file: image_192_jpg.rf.1058835cc67b80c43f85fcc1fb546c47.jpg. Detected amenity: hairdryer. Detection confidence: low (0.11). Source prompt type: baseline. Question:",What type of amenity is hairdryer?,What is the name of the hotel that has a hairdryer?,Is a hairdryer provided in the room?,Is a hairdryer provided in the room?
image_176_jpg.rf.f8960b4ca25cfbf5369ba3ec570f7d75.jpg,hairdryer,0.1070845499634742,41.82239532470703,-3.1496620178222656,587.1399536132812,349.1221618652344,baseline,Image file: image_176_jpg.rf.f8960b4ca25cfbf5369ba3ec570f7d75.jpg. Detected amenity: hairdryer. Detection confidence: low (0.11). Source prompt type: baseline.,"You are generating hotel amenity questions for guests browsing accommodation photos. Given the detection summary below, generate a hotel amenity related question that a guest may ask or a guest might want to be answeredwhile browsing accommodation images. Keep the question short, factual, and neutral. Detection summary: Image file: image_176_jpg.rf.f8960b4ca25cfbf5369ba3ec570f7d75.jpg. Detected amenity: hairdryer. Detection confidence: low (0.11). Source prompt type: baseline. Question:",What type of amenity is hairdryer?,What is the name of the hotel that has a hairdryer?,Is a hairdryer provided in the room?,Is a hairdryer provided in the room?
image_261_fp_jpg.rf.11b12123acd5b5d8b3bc6b5794108202.jpg,hairdryer,0.1306657642126083,72.29953002929688,89.66079711914062,215.95138549804688,522.9041748046875,baseline,Image file: image_261_fp_jpg.rf.11b12123acd5b5d8b3bc6b5794108202.jpg. Detected amenity: hairdryer. Detection confidence: low (0.13). Source prompt type: baseline.,"You are generating hotel amenity questions for guests browsing accommodation photos. Given the detection summary below, generate a hotel amenity related question that a guest may ask or a guest might want to be answeredwhile browsing accommodation images. Keep the question short, factual, and neutral. Detection summary: Image file: image_261_fp_jpg.rf.11b12123acd5b5d8b3bc6b5794108202.jpg. Detected amenity: hairdryer. Detection confidence: low (0.13). Source prompt type: baseline. Question:",What type of amenity is hairdryer?,What is the name of the amenity that is detected in this image?,Is a hairdryer provided in the room?,Is a hairdryer provided in the room?
image_146_jpg.rf.43c5e0d59a4572f3479caecbcac1b0f2.jpg,hairdryer,0.2829293310642242,145.4371337890625,200.6748809814453,531.9716796875,528.2418823242188,baseline,Image file: image_146_jpg.rf.43c5e0d59a4572f3479caecbcac1b0f2.jpg. Detected amenity: hairdryer. Detection confidence: low (0.28). Source prompt type: baseline.,"You are generating hotel amenity questions for guests browsing accommodation photos. Given the detection summary below, generate a hotel amenity related question that a guest may ask or a guest might want to be answeredwhile browsing accommodation images. Keep the question short, factual, and neutral. Detection summary: Image file: image_146_jpg.rf.43c5e0d59a4572f3479caecbcac1b0f2.jpg. Detected amenity: hairdryer. Detection confidence: low (0.28). Source prompt type: baseline. Question:",What is a hairdryer in a hotel?,What is the name of the hotel that has a hairdryer?,Is a hairdryer provided in the room?,Does the hotel room have a hairdryer?
image_298_fp_jpg.rf.8678c69e970e972a7531b6cd5bba3241.jpg,hairdryer,0.1145211979746818,208.23941040039065,153.13357543945312,244.0057067871093,231.16151428222656,baseline,Image file: image_298_fp_jpg.rf.8678c69e970e972a7531b6cd5bba3241.jpg. Detected amenity: hairdryer. Detection confidence: low (0.11). Source prompt type: baseline.,"You are generating hotel amenity questions for guests browsing accommodation photos. Given the detection summary below, generate a hotel amenity related question that a guest may ask or a guest might want to be answeredwhile browsing accommodation images. Keep the question short, factual, and neutral. Detection summary: Image file: image_298_fp_jpg.rf.8678c69e970e972a7531b6cd5bba3241.jpg. Detected amenity: hairdryer. Detection confidence: low (0.11). Source prompt type: baseline. Question:",What type of amenity is hairdryer?,What is the name of the amenity that is detected in this image?,Is a hairdryer provided in the room?,Is a hairdryer provided in the room?
image_173_jpg.rf.f90197d9090deb101a4ffd03623afda7.jpg,hairdryer,0.1130422949790954,418.1742858886719,172.552001953125,641.1770629882812,460.2360534667969,baseline,Image file: image_173_jpg.rf.f90197d9090deb101a4ffd03623afda7.jpg. Detected amenity: hairdryer. Detection confidence: low (0.11). Source prompt type: baseline.,"You are generating hotel amenity questions for guests browsing accommodation photos. Given the detection summary below, generate a hotel amenity related question that a guest may ask or a guest might want to be answeredwhile browsing accommodation images. Keep the question short, factual, and neutral. Detection summary: Image file: image_173_jpg.rf.f90197d9090deb101a4ffd03623afda7.jpg. Detected amenity: hairdryer. Detection confidence: low (0.11). Source prompt type: baseline. Question:",What is a hairdryer in a hotel?,What is the name of the hotel that has a hairdryer?,Is a hairdryer provided in the room?,Is there a hairdryer available in the room?
image_83_jpg.rf.d24bff3c3bd670731ccee032c13177ff.jpg,hairdryer,0.2512450218200683,60.42699813842773,87.85844421386719,581.0765991210938,527.0678100585938,baseline,Image file: image_83_jpg.rf.d24bff3c3bd670731ccee032c13177ff.jpg. Detected amenity: hairdryer. Detection confidence: low (0.25). Source prompt type: baseline.,"You are generating hotel amenity questions for guests browsing accommodation photos. Given the detection summary below, generate a hotel amenity related question that a guest may ask or a guest might want to be answeredwhile browsing accommodation images. Keep the question short, factual, and neutral. Detection summary: Image file: image_83_jpg.rf.d24bff3c3bd670731ccee032c13177ff.jpg. Detected amenity: hairdryer. Detection confidence: low (0.25). Source prompt type: baseline. Question:",What is a hairdryer in a hotel?,What is the name of the hotel that has a hairdryer?,Is a hairdryer provided in the room?,Is a hairdryer provided in the room?
image_65_jpg.rf.0d17d8f391a497e6ddb0a3d7b2575297.jpg,hairdryer,0.1406081914901733,1.8190574645996087,5.550079345703125,290.5351867675781,409.7248840332031,baseline,Image file: image_65_jpg.rf.0d17d8f391a497e6ddb0a3d7b2575297.jpg. Detected amenity: hairdryer. Detection confidence: low (0.14). Source prompt type: baseline.,"You are generating hotel amenity questions for guests browsing accommodation photos. Given the detection summary below, generate a hotel amenity related question that a guest may ask or a guest might want to be answeredwhile browsing accommodation images. Keep the question short, factual, and neutral. Detection summary: Image file: image_65_jpg.rf.0d17d8f391a497e6ddb0a3d7b2575297.jpg. Detected amenity: hairdryer. Detection confidence: low (0.14). Source prompt type: baseline. Question:",What type of amenity is hairdryer?,What is the name of the amenity that is detected in this image?,Is a hairdryer provided in the room?,Is a hairdryer provided in the room?
image_71_jpg.rf.2b6006fb3c2cba2156fcf7c8bcc1887c.jpg,hairdryer,0.237386405467987,57.63507843017578,9.14438247680664,544.0677490234375,492.4137878417969,baseline,Image file: image_71_jpg.rf.2b6006fb3c2cba2156fcf7c8bcc1887c.jpg. Detected amenity: hairdryer. Detection confidence: low (0.24). Source prompt type: baseline.,"You are generating hotel amenity questions for guests browsing accommodation photos. Given the detection summary below, generate a hotel amenity related question that a guest may ask or a guest might want to be answeredwhile browsing accommodation images. Keep the question short, factual, and neutral. Detection summary: Image file: image_71_jpg.rf.2b6006fb3c2cba2156fcf7c8bcc1887c.jpg. Detected amenity: hairdryer. Detection confidence: low (0.24). Source prompt type: baseline. Question:",What type of amenity is hairdryer?,What is the name of the amenity that is detected in this image?,Is a hairdryer provided in the room?,Is a hairdryer available in the room?
image_215_jpg.rf.2aa99ea7df6af247a429573d1ee192d4.jpg,hairdryer,0.1358388513326645,86.11221313476562,203.79376220703125,527.0784301757812,533.9284057617188,baseline,Image file: image_215_jpg.rf.2aa99ea7df6af247a429573d1ee192d4.jpg. Detected amenity: hairdryer. Detection confidence: low (0.14). Source prompt type: baseline.,"You are generating hotel amenity questions for guests browsing accommodation photos. Given the detection summary below, generate a hotel amenity related question that a guest may ask or a guest might want to be answeredwhile browsing accommodation images. Keep the question short, factual, and neutral. Detection summary: Image file: image_215_jpg.rf.2aa99ea7df6af247a429573d1ee192d4.jpg. Detected amenity: hairdryer. Detection confidence: low (0.14). Source prompt type: baseline. Question:",What type of amenity is hairdryer?,What is the name of the amenity that is detected in this image?,Is a hairdryer provided in the room?,Is a hairdryer provided in the room?
image_137_jpg.rf.86d1a8dd70d1f62edfe88741b8d185e3.jpg,hairdryer,0.238068088889122,122.16228485107422,182.8601226806641,447.3320007324219,602.8070068359375,baseline,Image file: image_137_jpg.rf.86d1a8dd70d1f62edfe88741b8d185e3.jpg. Detected amenity: hairdryer. Detection confidence: low (0.24). Source prompt type: baseline.,"You are generating hotel amenity questions for guests browsing accommodation photos. Given the detection summary below, generate a hotel amenity related question that a guest may ask or a guest might want to be answeredwhile browsing accommodation images. Keep the question short, factual, and neutral. Detection summary: Image file: image_137_jpg.rf.86d1a8dd70d1f62edfe88741b8d185e3.jpg. Detected amenity: hairdryer. Detection confidence: low (0.24). Source prompt type: baseline. Question:",What is a hairdryer in a hotel?,What is the name of the hotel that has a hairdryer?,Is a hairdryer provided in the room?,Does the room have a hairdryer?
image_137_jpg.rf.86d1a8dd70d1f62edfe88741b8d185e3.jpg,hairdryer,0.1190143823623657,122.48687744140624,188.14938354492188,308.0621643066406,601.567138671875,baseline,Image file: image_137_jpg.rf.86d1a8dd70d1f62edfe88741b8d185e3.jpg. Detected amenity: hairdryer. Detection confidence: low (0.12). Source prompt type: baseline.,"You are generating hotel amenity questions for guests browsing accommodation photos. Given the detection summary below, generate a hotel amenity related question that a guest may ask or a guest might want to be answeredwhile browsing accommodation images. Keep the question short, factual, and neutral. Detection summary: Image file: image_137_jpg.rf.86d1a8dd70d1f62edfe88741b8d185e3.jpg. Detected amenity: hairdryer. Detection confidence: low (0.12). Source prompt type: baseline. Question:",What is a hairdryer in a hotel?,What is the name of the hotel that has a hairdryer?,Is a hairdryer provided in the room?,Is a hairdryer provided in the room?
image_25_jpg.rf.5a9dc64c208ef3f8fa3c385bfff8302d.jpg,hairdryer,0.1183196455240249,63.633975982666016,4.0802001953125,540.7372436523438,624.5347900390625,baseline,Image file: image_25_jpg.rf.5a9dc64c208ef3f8fa3c385bfff8302d.jpg. Detected amenity: hairdryer. Detection confidence: low (0.12). Source prompt type: baseline.,"You are generating hotel amenity questions for guests browsing accommodation photos. Given the detection summary below, generate a hotel amenity related question that a guest may ask or a guest might want to be answeredwhile browsing accommodation images. Keep the question short, factual, and neutral. Detection summary: Image file: image_25_jpg.rf.5a9dc64c208ef3f8fa3c385bfff8302d.jpg. Detected amenity: hairdryer. Detection confidence: low (0.12). Source prompt type: baseline. Question:",What type of amenity does the hairdryer have?,What is the name of the hotel that has a hairdryer?,Is a hairdryer provided in the room?,Is a hairdryer provided in the room?
image_3_jpg.rf.b0aa366ebbf555c57aa9d25b11c62508.jpg,black and silver electric hairdryer on a bathroom wall,0.1244657933712005,78.98811340332031,9.918651580810549,591.8076171875,632.7880859375,long,Image file: image_3_jpg.rf.b0aa366ebbf555c57aa9d25b11c62508.jpg. Detected amenity: black and silver electric hairdryer on a bathroom wall. Detection confidence: low (0.12). Source prompt type: long.,"You are generating hotel amenity questions for guests browsing accommodation photos. Given the detection summary below, generate a hotel amenity related question that a guest may ask or a guest might want to be answeredwhile browsing accommodation images. Keep the question short, factual, and neutral. Detection summary: Image file: image_3_jpg.rf.b0aa366ebbf555c57aa9d25b11c62508.jpg. Detected amenity: black and silver electric hairdryer on a bathroom wall. Detection confidence: low (0.12). Source prompt type: long. Question:",What is the name of the hotel amenity?,What is the color of the electric hairdryer?,Does the hotel room have a hairdryer?,Is the hairdryer provided in the room or only available in the bathroom?
image_120_jpg.rf.e4b2ddad1fc0c6291c75e29b800c7cb2.jpg,black and silver electric hairdryer on a bathroom wall,0.1395173072814941,40.22274017333984,7.414264678955078,557.0294189453125,638.7670288085938,long,Image file: image_120_jpg.rf.e4b2ddad1fc0c6291c75e29b800c7cb2.jpg. Detected amenity: black and silver electric hairdryer on a bathroom wall. Detection confidence: low (0.14). Source prompt type: long.,"You are generating hotel amenity questions for guests browsing accommodation photos. Given the detection summary below, generate a hotel amenity related question that a guest may ask or a guest might want to be answeredwhile browsing accommodation images. Keep the question short, factual, and neutral. Detection summary: Image file: image_120_jpg.rf.e4b2ddad1fc0c6291c75e29b800c7cb2.jpg. Detected amenity: black and silver electric hairdryer on a bathroom wall. Detection confidence: low (0.14). Source prompt type: long. Question:",What type of amenity does the hairdryer have?,What is the color of the electric hairdryer?,Does the hotel room have a hairdryer?,Is the hairdryer provided with the room or is it available for guest use?
image_223_jpg.rf.a8468978715313d3034110ecfe3a71be.jpg,black and silver electric hairdryer on a bathroom wall,0.20932437479496,104.02711486816406,27.13644027709961,545.8306884765625,638.8361206054688,long,Image file: image_223_jpg.rf.a8468978715313d3034110ecfe3a71be.jpg. Detected amenity: black and silver electric hairdryer on a bathroom wall. Detection confidence: low (0.21). Source prompt type: long.,"You are generating hotel amenity questions for guests browsing accommodation photos. Given the detection summary below, generate a hotel amenity related question that a guest may ask or a guest might want to be answeredwhile browsing accommodation images. Keep the question short, factual, and neutral. Detection summary: Image file: image_223_jpg.rf.a8468978715313d3034110ecfe3a71be.jpg. Detected amenity: black and silver electric hairdryer on a bathroom wall. Detection confidence: low (0.21). Source prompt type: long. Question:",What is the name of the hotel amenity?,What is the color of the electric hairdryer?,Does the hotel room have a hairdryer?,Is the hairdryer provided in the room or shared among guests?
image_182_jpg.rf.3f7a9330c603e926eb91fc8e48ca1fa6.jpg,black and silver electric hairdryer on a bathroom wall,0.2272197008132934,7.472438812255859,126.13531494140624,632.6736450195312,581.0186157226562,long,Image file: image_182_jpg.rf.3f7a9330c603e926eb91fc8e48ca1fa6.jpg. Detected amenity: black and silver electric hairdryer on a bathroom wall. Detection confidence: low (0.23). Source prompt type: long.,"You are generating hotel amenity questions for guests browsing accommodation photos. Given the detection summary below, generate a hotel amenity related question that a guest may ask or a guest might want to be answeredwhile browsing accommodation images. Keep the question short, factual, and neutral. Detection summary: Image file: image_182_jpg.rf.3f7a9330c603e926eb91fc8e48ca1fa6.jpg. Detected amenity: black and silver electric hairdryer on a bathroom wall. Detection confidence: low (0.23). Source prompt type: long. Question:",What type of amenity does the hairdryer have?,What is the color of the electric hairdryer?,Does the hotel room have a hairdryer?,Does the hotel provide a hairdryer in every room?
image_121_jpg.rf.c97725f3cda2e24d214b1299a23e3ba6.jpg,black and silver electric hairdryer on a bathroom wall,0.1058065667748451,78.37478637695312,58.93199920654297,549.39111328125,638.6539916992188,long,Image file: image_121_jpg.rf.c97725f3cda2e24d214b1299a23e3ba6.jpg. Detected amenity: black and silver electric hairdryer on a bathroom wall. Detection confidence: low (0.11). Source prompt type: long.,"You are generating hotel amenity questions for guests browsing accommodation photos. Given the detection summary below, generate a hotel amenity related question that a guest may ask or a guest might want to be answeredwhile browsing accommodation images. Keep the question short, factual, and neutral. Detection summary: Image file: image_121_jpg.rf.c97725f3cda2e24d214b1299a23e3ba6.jpg. Detected amenity: black and silver electric hairdryer on a bathroom wall. Detection confidence: low (0.11). Source prompt type: long. Question:",What is the name of the hotel amenity?,What is the color of the electric hairdryer?,Does the hotel room have a hairdryer?,Is a hairdryer provided in the bathroom?
image_212_jpg.rf.513d3d8d3c589989790f5bd712037b9e.jpg,black and silver electric hairdryer on a bathroom wall,0.1209772080183029,280.10028076171875,103.83689880371094,630.3875732421875,621.4309692382812,long,Image file: image_212_jpg.rf.513d3d8d3c589989790f5bd712037b9e.jpg. Detected amenity: black and silver electric hairdryer on a bathroom wall. Detection confidence: low (0.12). Source prompt type: long.,"You are generating hotel amenity questions for guests browsing accommodation photos. Given the detection summary below, generate a hotel amenity related question that a guest may ask or a guest might want to be answeredwhile browsing accommodation images. Keep the question short, factual, and neutral. Detection summary: Image file: image_212_jpg.rf.513d3d8d3c589989790f5bd712037b9e.jpg. Detected amenity: black and silver electric hairdryer on a bathroom wall. Detection confidence: low (0.12). Source prompt type: long. Question:",What is the name of the hotel amenity?,What is the color of the electric hairdryer?,Does the hotel room have a hairdryer?,Is a hairdryer provided in the room?
image_17_jpg.rf.b673ad741572ab3396f75b58362cdd14.jpg,black and silver electric hairdryer on a bathroom wall,0.1087348684668541,81.87567138671875,6.897239685058594,591.38134765625,631.85888671875,long,Image file: image_17_jpg.rf.b673ad741572ab3396f75b58362cdd14.jpg. Detected amenity: black and silver electric hairdryer on a bathroom wall. Detection confidence: low (0.11). Source prompt type: long.,"You are generating hotel amenity questions for guests browsing accommodation photos. Given the detection summary below, generate a hotel amenity related question that a guest may ask or a guest might want to be answeredwhile browsing accommodation images. Keep the question short, factual, and neutral. Detection summary: Image file: image_17_jpg.rf.b673ad741572ab3396f75b58362cdd14.jpg. Detected amenity: black and silver electric hairdryer on a bathroom wall. Detection confidence: low (0.11). Source prompt type: long. Question:",What is the name of the hotel amenity?,What is the color of the electric hairdryer?,Does the hotel room have a hairdryer?,Is a hairdryer provided in the room?
image_134_jpg.rf.1c9e6a38c6483660e2049e24293a3e89.jpg,black and silver electric hairdryer on a bathroom wall,0.1015738919377327,15.39104461669922,204.5677185058593,562.4326782226562,639.673828125,long,Image file: image_134_jpg.rf.1c9e6a38c6483660e2049e24293a3e89.jpg. Detected amenity: black and silver electric hairdryer on a bathroom wall. Detection confidence: low (0.10). Source prompt type: long.,"You are generating hotel amenity questions for guests browsing accommodation photos. Given the detection summary below, generate a hotel amenity related question that a guest may ask or a guest might want to be answeredwhile browsing accommodation images. Keep the question short, factual, and neutral. Detection summary: Image file: image_134_jpg.rf.1c9e6a38c6483660e2049e24293a3e89.jpg. Detected amenity: black and silver electric hairdryer on a bathroom wall. Detection confidence: low (0.10). Source prompt type: long. Question:",What type of amenity does the hairdryer have?,What is the color of the electric hairdryer?,Does the hotel room have a hairdryer?,Is there a hairdryer available in the room?
image_217_jpg.rf.9ff102abfffe891a26c5fc9db2ea8d93.jpg,black and silver electric hairdryer on a bathroom wall,0.1099041253328323,120.72914123535156,4.695529937744141,639.7219848632812,421.24505615234375,long,Image file: image_217_jpg.rf.9ff102abfffe891a26c5fc9db2ea8d93.jpg. Detected amenity: black and silver electric hairdryer on a bathroom wall. Detection confidence: low (0.11). Source prompt type: long.,"You are generating hotel amenity questions for guests browsing accommodation photos. Given the detection summary below, generate a hotel amenity related question that a guest may ask or a guest might want to be answeredwhile browsing accommodation images. Keep the question short, factual, and neutral. Detection summary: Image file: image_217_jpg.rf.9ff102abfffe891a26c5fc9db2ea8d93.jpg. Detected amenity: black and silver electric hairdryer on a bathroom wall. Detection confidence: low (0.11). Source prompt type: long. Question:",What is the name of the hotel amenity?,What is the color of the electric hairdryer?,Is a hairdryer provided in the bathroom of this room?,Does the hotel provide a hairdryer in every room?
image_217_jpg.rf.9ff102abfffe891a26c5fc9db2ea8d93.jpg,black and silver electric hairdryer on a bathroom wall,0.1621327996253967,41.35017395019531,6.170463562011719,632.6305541992188,634.3482666015625,long,Image file: image_217_jpg.rf.9ff102abfffe891a26c5fc9db2ea8d93.jpg. Detected amenity: black and silver electric hairdryer on a bathroom wall. Detection confidence: low (0.16). Source prompt type: long.,"You are generating hotel amenity questions for guests browsing accommodation photos. Given the detection summary below, generate a hotel amenity related question that a guest may ask or a guest might want to be answeredwhile browsing accommodation images. Keep the question short, factual, and neutral. Detection summary: Image file: image_217_jpg.rf.9ff102abfffe891a26c5fc9db2ea8d93.jpg. Detected amenity: black and silver electric hairdryer on a bathroom wall. Detection confidence: low (0.16). Source prompt type: long. Question:",What type of amenity does the hairdryer have?,What is the color of the electric hairdryer?,Is a hairdryer provided in the bathroom of this room?,Is the hairdryer provided with the room or is it available for guest use?
image_50_jpg.rf.d3f60e1317c3b5d84880ddb7e7012572.jpg,black and silver electric hairdryer on a bathroom wall,0.1066443175077438,277.6809387207031,98.57292938232422,576.0201416015625,393.3492431640625,long,Image file: image_50_jpg.rf.d3f60e1317c3b5d84880ddb7e7012572.jpg. Detected amenity: black and silver electric hairdryer on a bathroom wall. Detection confidence: low (0.11). Source prompt type: long.,"You are generating hotel amenity questions for guests browsing accommodation photos. Given the detection summary below, generate a hotel amenity related question that a guest may ask or a guest might want to be answeredwhile browsing accommodation images. Keep the question short, factual, and neutral. Detection summary: Image file: image_50_jpg.rf.d3f60e1317c3b5d84880ddb7e7012572.jpg. Detected amenity: black and silver electric hairdryer on a bathroom wall. Detection confidence: low (0.11). Source prompt type: long. Question:",What is the name of the hotel amenity?,What is the color of the electric hairdryer?,Does the hotel room have a hairdryer?,Is there a hairdryer available in the room?
image_108_jpg.rf.737e2cf438196c741d4a9d69b8496da8.jpg,black and silver electric hairdryer on a bathroom wall,0.1541616767644882,103.14102172851562,213.99435424804688,423.8611450195313,638.5455322265625,long,Image file: image_108_jpg.rf.737e2cf438196c741d4a9d69b8496da8.jpg. Detected amenity: black and silver electric hairdryer on a bathroom wall. Detection confidence: low (0.15). Source prompt type: long.,"You are generating hotel amenity questions for guests browsing accommodation photos. Given the detection summary below, generate a hotel amenity related question that a guest may ask or a guest might want to be answeredwhile browsing accommodation images. Keep the question short, factual, and neutral. Detection summary: Image file: image_108_jpg.rf.737e2cf438196c741d4a9d69b8496da8.jpg. Detected amenity: black and silver electric hairdryer on a bathroom wall. Detection confidence: low (0.15). Source prompt type: long. Question:",What type of amenity is on a bathroom wall?,What is the color of the electric hairdryer?,Does the hotel room have a hairdryer?,Does the hotel provide a hairdryer in every room?
image_29_jpg.rf.a90c20a79c680ed1754cdfa9b9219bd1.jpg,black and silver electric hairdryer on a bathroom wall,0.1073835045099258,1.5841102600097656,120.5629425048828,456.998046875,393.3763427734375,long,Image file: image_29_jpg.rf.a90c20a79c680ed1754cdfa9b9219bd1.jpg. Detected amenity: black and silver electric hairdryer on a bathroom wall. Detection confidence: low (0.11). Source prompt type: long.,"You are generating hotel amenity questions for guests browsing accommodation photos. Given the detection summary below, generate a hotel amenity related question that a guest may ask or a guest might want to be answeredwhile browsing accommodation images. Keep the question short, factual, and neutral. Detection summary: Image file: image_29_jpg.rf.a90c20a79c680ed1754cdfa9b9219bd1.jpg. Detected amenity: black and silver electric hairdryer on a bathroom wall. Detection confidence: low (0.11). Source prompt type: long. Question:",What is the name of the hotel amenity?,What is the color of the electric hairdryer?,Does the hotel room have a hairdryer?,Is the hairdryer provided in the room or only available in the public area?
image_194_jpg.rf.abd2c9fe075135aceeb7b815da254d40.jpg,black and silver electric hairdryer on a bathroom wall,0.1619387716054916,89.38163757324219,129.7724151611328,430.6404418945313,544.27685546875,long,Image file: image_194_jpg.rf.abd2c9fe075135aceeb7b815da254d40.jpg. Detected amenity: black and silver electric hairdryer on a bathroom wall. Detection confidence: low (0.16). Source prompt type: long.,"You are generating hotel amenity questions for guests browsing accommodation photos. Given the detection summary below, generate a hotel amenity related question that a guest may ask or a guest might want to be answeredwhile browsing accommodation images. Keep the question short, factual, and neutral. Detection summary: Image file: image_194_jpg.rf.abd2c9fe075135aceeb7b815da254d40.jpg. Detected amenity: black and silver electric hairdryer on a bathroom wall. Detection confidence: low (0.16). Source prompt type: long. Question:",What type of amenity does the hairdryer have?,What is the color of the electric hairdryer?,Is a hairdryer provided in the bathroom of this room?,Is the hairdryer provided in the room or available upon request?
image_266_fp_jpg.rf.995760b59cf42bdb91c4af0f2abfdaa8.jpg,black and silver electric hairdryer on a bathroom wall,0.1539565473794937,96.12332153320312,144.58322143554688,367.6031188964844,556.0972900390625,long,Image file: image_266_fp_jpg.rf.995760b59cf42bdb91c4af0f2abfdaa8.jpg. Detected amenity: black and silver electric hairdryer on a bathroom wall. Detection confidence: low (0.15). Source prompt type: long.,"You are generating hotel amenity questions for guests browsing accommodation photos. Given the detection summary below, generate a hotel amenity related question that a guest may ask or a guest might want to be answeredwhile browsing accommodation images. Keep the question short, factual, and neutral. Detection summary: Image file: image_266_fp_jpg.rf.995760b59cf42bdb91c4af0f2abfdaa8.jpg. Detected amenity: black and silver electric hairdryer on a bathroom wall. Detection confidence: low (0.15). Source prompt type: long. Question:",What type of amenity is on a bathroom wall?,What color is the electric hairdryer?,Does the hotel room have a hairdryer?,Is the hairdryer provided in the room or available upon request?
image_78_jpg.rf.5be20c1c0d94720f18923e248cb45163.jpg,black and silver electric hairdryer on a bathroom wall,0.1935447603464126,115.95218658447266,55.83637237548828,517.8583984375,639.1880493164062,long,Image file: image_78_jpg.rf.5be20c1c0d94720f18923e248cb45163.jpg. Detected amenity: black and silver electric hairdryer on a bathroom wall. Detection confidence: low (0.19). Source prompt type: long.,"You are generating hotel amenity questions for guests browsing accommodation photos. Given the detection summary below, generate a hotel amenity related question that a guest may ask or a guest might want to be answeredwhile browsing accommodation images. Keep the question short, factual, and neutral. Detection summary: Image file: image_78_jpg.rf.5be20c1c0d94720f18923e248cb45163.jpg. Detected amenity: black and silver electric hairdryer on a bathroom wall. Detection confidence: low (0.19). Source prompt type: long. Question:",What type of amenity is on a bathroom wall?,What color is the electric hairdryer?,Does the hotel room have a hairdryer?,Is a hairdryer provided in the room?
image_332_fp_jpg.rf.614c1e37cde8c3bc203ab02453629165.jpg,black and silver electric hairdryer on a bathroom wall,0.1206850558519363,1.065654754638672,185.4438934326172,60.57197952270508,331.983642578125,long,Image file: image_332_fp_jpg.rf.614c1e37cde8c3bc203ab02453629165.jpg. Detected amenity: black and silver electric hairdryer on a bathroom wall. Detection confidence: low (0.12). Source prompt type: long.,"You are generating hotel amenity questions for guests browsing accommodation photos. Given the detection summary below, generate a hotel amenity related question that a guest may ask or a guest might want to be answeredwhile browsing accommodation images. Keep the question short, factual, and neutral. Detection summary: Image file: image_332_fp_jpg.rf.614c1e37cde8c3bc203ab02453629165.jpg. Detected amenity: black and silver electric hairdryer on a bathroom wall. Detection confidence: low (0.12). Source prompt type: long. Question:",How long is the hotel amenity?,What is the color of the electric hairdryer?,Does the hotel room have a hairdryer?,Is there a hairdryer available in the room?
image_130_jpg.rf.e25214f43b1771a689ecd1570f8500ec.jpg,black and silver electric hairdryer on a bathroom wall,0.2083666771650314,224.2945556640625,62.11997985839844,584.0632934570312,547.9400634765625,long,Image file: image_130_jpg.rf.e25214f43b1771a689ecd1570f8500ec.jpg. Detected amenity: black and silver electric hairdryer on a bathroom wall. Detection confidence: low (0.21). Source prompt type: long.,"You are generating hotel amenity questions for guests browsing accommodation photos. Given the detection summary below, generate a hotel amenity related question that a guest may ask or a guest might want to be answeredwhile browsing accommodation images. Keep the question short, factual, and neutral. Detection summary: Image file: image_130_jpg.rf.e25214f43b1771a689ecd1570f8500ec.jpg. Detected amenity: black and silver electric hairdryer on a bathroom wall. Detection confidence: low (0.21). Source prompt type: long. Question:",What is the name of the hotel amenity?,What is the color of the electric hairdryer?,Does the hotel room have a hairdryer?,Is the hairdryer provided in the room or available upon request?
image_185_jpg.rf.c7d5307dcc20964109d4e5de708d707e.jpg,black and silver electric hairdryer on a bathroom wall,0.1000178754329681,301.56689453125,377.7955932617188,501.217041015625,539.3098754882812,long,Image file: image_185_jpg.rf.c7d5307dcc20964109d4e5de708d707e.jpg. Detected amenity: black and silver electric hairdryer on a bathroom wall. Detection confidence: low (0.10). Source prompt type: long.,"You are generating hotel amenity questions for guests browsing accommodation photos. Given the detection summary below, generate a hotel amenity related question that a guest may ask or a guest might want to be answeredwhile browsing accommodation images. Keep the question short, factual, and neutral. Detection summary: Image file: image_185_jpg.rf.c7d5307dcc20964109d4e5de708d707e.jpg. Detected amenity: black and silver electric hairdryer on a bathroom wall. Detection confidence: low (0.10). Source prompt type: long. Question:",What type of amenity does the hairdryer have?,What is the color of the electric hairdryer?,Does the hotel room have a hairdryer?,Is the hairdryer provided in the room or is it available upon request?
image_185_jpg.rf.c7d5307dcc20964109d4e5de708d707e.jpg,black and silver electric hairdryer on a bathroom wall,0.1450013369321823,293.73638916015625,375.756591796875,638.7381591796875,541.43017578125,long,Image file: image_185_jpg.rf.c7d5307dcc20964109d4e5de708d707e.jpg. Detected amenity: black and silver electric hairdryer on a bathroom wall. Detection confidence: low (0.15). Source prompt type: long.,"You are generating hotel amenity questions for guests browsing accommodation photos. Given the detection summary below, generate a hotel amenity related question that a guest may ask or a guest might want to be answeredwhile browsing accommodation images. Keep the question short, factual, and neutral. Detection summary: Image file: image_185_jpg.rf.c7d5307dcc20964109d4e5de708d707e.jpg. Detected amenity: black and silver electric hairdryer on a bathroom wall. Detection confidence: low (0.15). Source prompt type: long. Question:",What type of amenity is on a bathroom wall?,What color is the electric hairdryer?,Does the hotel room have a hairdryer?,Is the hairdryer provided in the room or available upon request?
image_122_jpg.rf.78ac15a066f3e8d9877ed048400e899c.jpg,black and silver electric hairdryer on a bathroom wall,0.1446285247802734,98.9803237915039,203.3197021484375,279.6986389160156,453.642333984375,long,Image file: image_122_jpg.rf.78ac15a066f3e8d9877ed048400e899c.jpg. Detected amenity: black and silver electric hairdryer on a bathroom wall. Detection confidence: low (0.14). Source prompt type: long.,"You are generating hotel amenity questions for guests browsing accommodation photos. Given the detection summary below, generate a hotel amenity related question that a guest may ask or a guest might want to be answeredwhile browsing accommodation images. Keep the question short, factual, and neutral. Detection summary: Image file: image_122_jpg.rf.78ac15a066f3e8d9877ed048400e899c.jpg. Detected amenity: black and silver electric hairdryer on a bathroom wall. Detection confidence: low (0.14). Source prompt type: long. Question:",What type of amenity does the hairdryer have?,What is the color of the electric hairdryer?,Does the hotel room have a hairdryer?,Is the hairdryer provided in the room or just available in the bathroom?
image_10_jpg.rf.6e74427b18cf4da25292eb8dc9f1ad8b.jpg,black and silver electric hairdryer on a bathroom wall,0.1667405217885971,158.9196014404297,134.72030639648438,521.2762451171875,513.7862548828125,long,Image file: image_10_jpg.rf.6e74427b18cf4da25292eb8dc9f1ad8b.jpg. Detected amenity: black and silver electric hairdryer on a bathroom wall. Detection confidence: low (0.17). Source prompt type: long.,"You are generating hotel amenity questions for guests browsing accommodation photos. Given the detection summary below, generate a hotel amenity related question that a guest may ask or a guest might want to be answeredwhile browsing accommodation images. Keep the question short, factual, and neutral. Detection summary: Image file: image_10_jpg.rf.6e74427b18cf4da25292eb8dc9f1ad8b.jpg. Detected amenity: black and silver electric hairdryer on a bathroom wall. Detection confidence: low (0.17). Source prompt type: long. Question:",What type of amenity does the hairdryer have?,What color is the electric hairdryer?,Does the hotel room have a hairdryer?,Is a hairdryer provided in the room?
image_317_fp_jpg.rf.b318a363e6c32c1e1b16279b0e94621a.jpg,black and silver electric hairdryer on a bathroom wall,0.2005545347929,5.971336364746094,203.288803100586,74.25257873535156,300.2221984863281,long,Image file: image_317_fp_jpg.rf.b318a363e6c32c1e1b16279b0e94621a.jpg. Detected amenity: black and silver electric hairdryer on a bathroom wall. Detection confidence: low (0.20). Source prompt type: long.,"You are generating hotel amenity questions for guests browsing accommodation photos. Given the detection summary below, generate a hotel amenity related question that a guest may ask or a guest might want to be answeredwhile browsing accommodation images. Keep the question short, factual, and neutral. Detection summary: Image file: image_317_fp_jpg.rf.b318a363e6c32c1e1b16279b0e94621a.jpg. Detected amenity: black and silver electric hairdryer on a bathroom wall. Detection confidence: low (0.20). Source prompt type: long. Question:",What type of amenity is on a bathroom wall?,What is the color of the electric hairdryer?,Does the hotel room have a hairdryer?,Is there an electric hairdryer available in the room?
image_177_jpg.rf.39ae7f995d68738270115b772015f3a6.jpg,black and silver electric hairdryer on a bathroom wall,0.1125615835189819,137.6292266845703,65.39167785644531,471.8717956542969,643.1701049804688,long,Image file: image_177_jpg.rf.39ae7f995d68738270115b772015f3a6.jpg. Detected amenity: black and silver electric hairdryer on a bathroom wall. Detection confidence: low (0.11). Source prompt type: long.,"You are generating hotel amenity questions for guests browsing accommodation photos. Given the detection summary below, generate a hotel amenity related question that a guest may ask or a guest might want to be answeredwhile browsing accommodation images. Keep the question short, factual, and neutral. Detection summary: Image file: image_177_jpg.rf.39ae7f995d68738270115b772015f3a6.jpg. Detected amenity: black and silver electric hairdryer on a bathroom wall. Detection confidence: low (0.11). Source prompt type: long. Question:",What is the name of the hotel amenity?,What is the color of the electric hairdryer?,Does the hotel room have a hairdryer?,Is the hairdryer provided in the room or is it available for guest use in the bathroom?
image_181_jpg.rf.df1e0eeeed558587920a15b00aa17983.jpg,black and silver electric hairdryer on a bathroom wall,0.2654701471328735,20.903301239013672,31.825313568115234,569.747314453125,638.9594116210938,long,Image file: image_181_jpg.rf.df1e0eeeed558587920a15b00aa17983.jpg. Detected amenity: black and silver electric hairdryer on a bathroom wall. Detection confidence: low (0.27). Source prompt type: long.,"You are generating hotel amenity questions for guests browsing accommodation photos. Given the detection summary below, generate a hotel amenity related question that a guest may ask or a guest might want to be answeredwhile browsing accommodation images. Keep the question short, factual, and neutral. Detection summary: Image file: image_181_jpg.rf.df1e0eeeed558587920a15b00aa17983.jpg. Detected amenity: black and silver electric hairdryer on a bathroom wall. Detection confidence: low (0.27). Source prompt type: long. Question:",What type of amenity does the hairdryer have?,What color is the electric hairdryer?,Does the hotel room have a hairdryer?,Is a hairdryer provided in the room?
image_151_jpg.rf.cac66f96279d81e0a7d749f5f550ed1a.jpg,black and silver electric hairdryer on a bathroom wall,0.1195844784379005,96.05335235595705,80.96044921875,463.3908081054688,602.1340942382812,long,Image file: image_151_jpg.rf.cac66f96279d81e0a7d749f5f550ed1a.jpg. Detected amenity: black and silver electric hairdryer on a bathroom wall. Detection confidence: low (0.12). Source prompt type: long.,"You are generating hotel amenity questions for guests browsing accommodation photos. Given the detection summary below, generate a hotel amenity related question that a guest may ask or a guest might want to be answeredwhile browsing accommodation images. Keep the question short, factual, and neutral. Detection summary: Image file: image_151_jpg.rf.cac66f96279d81e0a7d749f5f550ed1a.jpg. Detected amenity: black and silver electric hairdryer on a bathroom wall. Detection confidence: low (0.12). Source prompt type: long. Question:",What is the name of the hotel amenity?,What is the color of the electric hairdryer?,Does the hotel room have a hairdryer?,Is there a hairdryer provided in the room?
image_154_jpg.rf.98bbae110983b590d1aa1c016ec77dcf.jpg,black and silver electric hairdryer on a bathroom wall,0.1228944361209869,351.9873352050781,3.882312774658203,619.6611938476562,487.763427734375,long,Image file: image_154_jpg.rf.98bbae110983b590d1aa1c016ec77dcf.jpg. Detected amenity: black and silver electric hairdryer on a bathroom wall. Detection confidence: low (0.12). Source prompt type: long.,"You are generating hotel amenity questions for guests browsing accommodation photos. Given the detection summary below, generate a hotel amenity related question that a guest may ask or a guest might want to be answeredwhile browsing accommodation images. Keep the question short, factual, and neutral. Detection summary: Image file: image_154_jpg.rf.98bbae110983b590d1aa1c016ec77dcf.jpg. Detected amenity: black and silver electric hairdryer on a bathroom wall. Detection confidence: low (0.12). Source prompt type: long. Question:",How long is the hotel amenity?,What is the color of the electric hairdryer?,Does the hotel room have a hairdryer?,Does the hotel provide a hairdryer in every room?
image_154_jpg.rf.98bbae110983b590d1aa1c016ec77dcf.jpg,black and silver electric hairdryer on a bathroom wall,0.1400822699069976,530.9935913085938,447.1159057617188,612.2196044921875,634.048583984375,long,Image file: image_154_jpg.rf.98bbae110983b590d1aa1c016ec77dcf.jpg. Detected amenity: black and silver electric hairdryer on a bathroom wall. Detection confidence: low (0.14). Source prompt type: long.,"You are generating hotel amenity questions for guests browsing accommodation photos. Given the detection summary below, generate a hotel amenity related question that a guest may ask or a guest might want to be answeredwhile browsing accommodation images. Keep the question short, factual, and neutral. Detection summary: Image file: image_154_jpg.rf.98bbae110983b590d1aa1c016ec77dcf.jpg. Detected amenity: black and silver electric hairdryer on a bathroom wall. Detection confidence: low (0.14). Source prompt type: long. Question:",What type of amenity does the hairdryer have?,What is the color of the electric hairdryer?,Does the hotel room have a hairdryer?,Is the hairdryer provided in the room or is it available upon request?
image_12_jpg.rf.db11c3c0c6f97ae964e69031e37edc88.jpg,black and silver electric hairdryer on a bathroom wall,0.2423630207777023,134.89990234375,333.8924865722656,428.2748718261719,643.1788330078125,long,Image file: image_12_jpg.rf.db11c3c0c6f97ae964e69031e37edc88.jpg. Detected amenity: black and silver electric hairdryer on a bathroom wall. Detection confidence: low (0.24). Source prompt type: long.,"You are generating hotel amenity questions for guests browsing accommodation photos. Given the detection summary below, generate a hotel amenity related question that a guest may ask or a guest might want to be answeredwhile browsing accommodation images. Keep the question short, factual, and neutral. Detection summary: Image file: image_12_jpg.rf.db11c3c0c6f97ae964e69031e37edc88.jpg. Detected amenity: black and silver electric hairdryer on a bathroom wall. Detection confidence: low (0.24). Source prompt type: long. Question:",What type of amenity does the hairdryer have?,What is the color of the electric hairdryer?,Does the hotel room have a hairdryer?,Is the hairdryer provided in the room or available upon request?
image_77_jpg.rf.55d8d082aae0891edaeb927e6af3e5f5.jpg,black and silver electric hairdryer on a bathroom wall,0.1383760720491409,15.013103485107422,190.2312469482422,522.8232421875,545.1309204101562,long,Image file: image_77_jpg.rf.55d8d082aae0891edaeb927e6af3e5f5.jpg. Detected amenity: black and silver electric hairdryer on a bathroom wall. Detection confidence: low (0.14). Source prompt type: long.,"You are generating hotel amenity questions for guests browsing accommodation photos. Given the detection summary below, generate a hotel amenity related question that a guest may ask or a guest might want to be answeredwhile browsing accommodation images. Keep the question short, factual, and neutral. Detection summary: Image file: image_77_jpg.rf.55d8d082aae0891edaeb927e6af3e5f5.jpg. Detected amenity: black and silver electric hairdryer on a bathroom wall. Detection confidence: low (0.14). Source prompt type: long. Question:",What type of amenity does the hairdryer have?,What is the color of the electric hairdryer?,Does the hotel room have a hairdryer?,Is there a hairdryer available in the room?
image_296_fp_jpg.rf.c84a184a0a2aeb19b11f46734afb89ef.jpg,black and silver electric hairdryer on a bathroom wall,0.1126954331994056,197.43218994140625,94.78604125976562,232.69796752929688,369.2472534179688,long,Image file: image_296_fp_jpg.rf.c84a184a0a2aeb19b11f46734afb89ef.jpg. Detected amenity: black and silver electric hairdryer on a bathroom wall. Detection confidence: low (0.11). Source prompt type: long.,"You are generating hotel amenity questions for guests browsing accommodation photos. Given the detection summary below, generate a hotel amenity related question that a guest may ask or a guest might want to be answeredwhile browsing accommodation images. Keep the question short, factual, and neutral. Detection summary: Image file: image_296_fp_jpg.rf.c84a184a0a2aeb19b11f46734afb89ef.jpg. Detected amenity: black and silver electric hairdryer on a bathroom wall. Detection confidence: low (0.11). Source prompt type: long. Question:",What is the name of the hotel amenity?,What is the color of the electric hairdryer?,Does the hotel room have a hairdryer?,Is the hairdryer provided in the room or only available in the public area?
image_167_jpg.rf.8cbb4a2ce9aab6b9d330194e9213d8c6.jpg,black and silver electric hairdryer on a bathroom wall,0.127432569861412,38.21958541870117,235.0541076660156,427.0593872070313,637.9324951171875,long,Image file: image_167_jpg.rf.8cbb4a2ce9aab6b9d330194e9213d8c6.jpg. Detected amenity: black and silver electric hairdryer on a bathroom wall. Detection confidence: low (0.13). Source prompt type: long.,"You are generating hotel amenity questions for guests browsing accommodation photos. Given the detection summary below, generate a hotel amenity related question that a guest may ask or a guest might want to be answeredwhile browsing accommodation images. Keep the question short, factual, and neutral. Detection summary: Image file: image_167_jpg.rf.8cbb4a2ce9aab6b9d330194e9213d8c6.jpg. Detected amenity: black and silver electric hairdryer on a bathroom wall. Detection confidence: low (0.13). Source prompt type: long. Question:",What type of amenity does the hairdryer have?,What is the color of the electric hairdryer?,Does the hotel room have a hairdryer?,Is the hairdryer provided in the room or is it available upon request?
image_96_jpg.rf.ada0f04c22084c367cf9c6aacc53570a.jpg,black and silver electric hairdryer on a bathroom wall,0.1454235464334488,2.3914146423339844,58.87250900268555,577.1219482421875,545.279296875,long,Image file: image_96_jpg.rf.ada0f04c22084c367cf9c6aacc53570a.jpg. Detected amenity: black and silver electric hairdryer on a bathroom wall. Detection confidence: low (0.15). Source prompt type: long.,"You are generating hotel amenity questions for guests browsing accommodation photos. Given the detection summary below, generate a hotel amenity related question that a guest may ask or a guest might want to be answeredwhile browsing accommodation images. Keep the question short, factual, and neutral. Detection summary: Image file: image_96_jpg.rf.ada0f04c22084c367cf9c6aacc53570a.jpg. Detected amenity: black and silver electric hairdryer on a bathroom wall. Detection confidence: low (0.15). Source prompt type: long. Question:",What type of amenity does the hairdryer have?,What color is the electric hairdryer?,Does the hotel room have a hairdryer?,Is a hairdryer provided in the room?
image_6_jpg.rf.362de8ab4ed13cb87af7954d0587c12b.jpg,black and silver electric hairdryer on a bathroom wall,0.1908783316612243,324.2683410644531,212.4330902099609,599.729248046875,495.4708251953125,long,Image file: image_6_jpg.rf.362de8ab4ed13cb87af7954d0587c12b.jpg. Detected amenity: black and silver electric hairdryer on a bathroom wall. Detection confidence: low (0.19). Source prompt type: long.,"You are generating hotel amenity questions for guests browsing accommodation photos. Given the detection summary below, generate a hotel amenity related question that a guest may ask or a guest might want to be answeredwhile browsing accommodation images. Keep the question short, factual, and neutral. Detection summary: Image file: image_6_jpg.rf.362de8ab4ed13cb87af7954d0587c12b.jpg. Detected amenity: black and silver electric hairdryer on a bathroom wall. Detection confidence: low (0.19). Source prompt type: long. Question:",What type of amenity does the hairdryer have?,What color is the electric hairdryer?,Does the hotel room have a hairdryer?,Is a hairdryer provided in the room?
image_74_jpg.rf.31cddcdb0f1fa41c46ab1da41f2b63c5.jpg,black and silver electric hairdryer on a bathroom wall,0.1447445154190063,117.32444763183594,193.19395446777344,564.9319458007812,550.7449951171875,long,Image file: image_74_jpg.rf.31cddcdb0f1fa41c46ab1da41f2b63c5.jpg. Detected amenity: black and silver electric hairdryer on a bathroom wall. Detection confidence: low (0.14). Source prompt type: long.,"You are generating hotel amenity questions for guests browsing accommodation photos. Given the detection summary below, generate a hotel amenity related question that a guest may ask or a guest might want to be answeredwhile browsing accommodation images. Keep the question short, factual, and neutral. Detection summary: Image file: image_74_jpg.rf.31cddcdb0f1fa41c46ab1da41f2b63c5.jpg. Detected amenity: black and silver electric hairdryer on a bathroom wall. Detection confidence: low (0.14). Source prompt type: long. Question:",What type of amenity does the hairdryer have?,What is the color of the electric hairdryer?,Does the hotel room have a hairdryer?,Is the hairdryer provided in the room or just in the bathroom?
image_74_jpg.rf.31cddcdb0f1fa41c46ab1da41f2b63c5.jpg,black and silver electric hairdryer on a bathroom wall,0.1315653473138809,126.83647918701172,200.59927368164065,346.33819580078125,548.528076171875,long,Image file: image_74_jpg.rf.31cddcdb0f1fa41c46ab1da41f2b63c5.jpg. Detected amenity: black and silver electric hairdryer on a bathroom wall. Detection confidence: low (0.13). Source prompt type: long.,"You are generating hotel amenity questions for guests browsing accommodation photos. Given the detection summary below, generate a hotel amenity related question that a guest may ask or a guest might want to be answeredwhile browsing accommodation images. Keep the question short, factual, and neutral. Detection summary: Image file: image_74_jpg.rf.31cddcdb0f1fa41c46ab1da41f2b63c5.jpg. Detected amenity: black and silver electric hairdryer on a bathroom wall. Detection confidence: low (0.13). Source prompt type: long. Question:",What type of amenity does the hairdryer have?,What is the color of the electric hairdryer?,Does the hotel room have a hairdryer?,Is the hairdryer provided in the room or available upon request?
image_270_fp_jpg.rf.dcb60bfc28653a28e8657743a9284746.jpg,black and silver electric hairdryer on a bathroom wall,0.1009570658206939,403.7883911132813,38.43639373779297,641.3565063476562,538.14501953125,long,Image file: image_270_fp_jpg.rf.dcb60bfc28653a28e8657743a9284746.jpg. Detected amenity: black and silver electric hairdryer on a bathroom wall. Detection confidence: low (0.10). Source prompt type: long.,"You are generating hotel amenity questions for guests browsing accommodation photos. Given the detection summary below, generate a hotel amenity related question that a guest may ask or a guest might want to be answeredwhile browsing accommodation images. Keep the question short, factual, and neutral. Detection summary: Image file: image_270_fp_jpg.rf.dcb60bfc28653a28e8657743a9284746.jpg. Detected amenity: black and silver electric hairdryer on a bathroom wall. Detection confidence: low (0.10). Source prompt type: long. Question:",What type of amenity does the hairdryer have?,What is the color of the electric hairdryer?,Does the hotel room have a hairdryer?,Is the hairdryer provided in the room or just available in the bathroom?
image_191_jpg.rf.d5eaee5f1d99025f99c914bbbb77e3e3.jpg,black and silver electric hairdryer on a bathroom wall,0.1007575616240501,166.80523681640625,57.84219741821289,527.9845581054688,636.2503051757812,long,Image file: image_191_jpg.rf.d5eaee5f1d99025f99c914bbbb77e3e3.jpg. Detected amenity: black and silver electric hairdryer on a bathroom wall. Detection confidence: low (0.10). Source prompt type: long.,"You are generating hotel amenity questions for guests browsing accommodation photos. Given the detection summary below, generate a hotel amenity related question that a guest may ask or a guest might want to be answeredwhile browsing accommodation images. Keep the question short, factual, and neutral. Detection summary: Image file: image_191_jpg.rf.d5eaee5f1d99025f99c914bbbb77e3e3.jpg. Detected amenity: black and silver electric hairdryer on a bathroom wall. Detection confidence: low (0.10). Source prompt type: long. Question:",What type of amenity does the hairdryer have?,What is the color of the electric hairdryer?,Does the hotel room have a hairdryer?,Is there a hairdryer available in the room?
image_153_jpg.rf.607fe10e0f34d3f18c5bf50aa6148931.jpg,black and silver electric hairdryer on a bathroom wall,0.1306681334972381,360.5882568359375,93.80291748046876,619.9378051757812,393.9161987304688,long,Image file: image_153_jpg.rf.607fe10e0f34d3f18c5bf50aa6148931.jpg. Detected amenity: black and silver electric hairdryer on a bathroom wall. Detection confidence: low (0.13). Source prompt type: long.,"You are generating hotel amenity questions for guests browsing accommodation photos. Given the detection summary below, generate a hotel amenity related question that a guest may ask or a guest might want to be answeredwhile browsing accommodation images. Keep the question short, factual, and neutral. Detection summary: Image file: image_153_jpg.rf.607fe10e0f34d3f18c5bf50aa6148931.jpg. Detected amenity: black and silver electric hairdryer on a bathroom wall. Detection confidence: low (0.13). Source prompt type: long. Question:",What type of amenity does the hairdryer have?,What is the color of the electric hairdryer?,Does the hotel room have a hairdryer?,Is the hairdryer provided in the room or is it available upon request?
image_110_jpg.rf.c266e05379a7b351ff487f6635b952d6.jpg,black and silver electric hairdryer on a bathroom wall,0.1572798937559127,50.28087615966797,109.73766326904295,627.51806640625,635.771728515625,long,Image file: image_110_jpg.rf.c266e05379a7b351ff487f6635b952d6.jpg. Detected amenity: black and silver electric hairdryer on a bathroom wall. Detection confidence: low (0.16). Source prompt type: long.,"You are generating hotel amenity questions for guests browsing accommodation photos. Given the detection summary below, generate a hotel amenity related question that a guest may ask or a guest might want to be answeredwhile browsing accommodation images. Keep the question short, factual, and neutral. Detection summary: Image file: image_110_jpg.rf.c266e05379a7b351ff487f6635b952d6.jpg. Detected amenity: black and silver electric hairdryer on a bathroom wall. Detection confidence: low (0.16). Source prompt type: long. Question:",What type of amenity does the hairdryer have?,What is the color of the electric hairdryer?,Does the hotel room have a hairdryer?,Is the hairdryer provided in the room or is it available upon request?
image_73_jpg.rf.818dcd65ce3a7db6d2d639cedd7db043.jpg,black and silver electric hairdryer on a bathroom wall,0.1339085698127746,18.89474868774414,56.49480819702149,594.733154296875,639.7071533203125,long,Image file: image_73_jpg.rf.818dcd65ce3a7db6d2d639cedd7db043.jpg. Detected amenity: black and silver electric hairdryer on a bathroom wall. Detection confidence: low (0.13). Source prompt type: long.,"You are generating hotel amenity questions for guests browsing accommodation photos. Given the detection summary below, generate a hotel amenity related question that a guest may ask or a guest might want to be answeredwhile browsing accommodation images. Keep the question short, factual, and neutral. Detection summary: Image file: image_73_jpg.rf.818dcd65ce3a7db6d2d639cedd7db043.jpg. Detected amenity: black and silver electric hairdryer on a bathroom wall. Detection confidence: low (0.13). Source prompt type: long. Question:",What type of amenity does the hairdryer have?,What is the color of the electric hairdryer?,Does the hotel room have a hairdryer?,Is a hairdryer provided in the room?
image_290_fp_jpg.rf.927dc1eafbdae6c9daa037d061878432.jpg,black and silver electric hairdryer on a bathroom wall,0.1504745781421661,594.4310913085938,102.63194274902344,636.0106201171875,201.98208618164065,long,Image file: image_290_fp_jpg.rf.927dc1eafbdae6c9daa037d061878432.jpg. Detected amenity: black and silver electric hairdryer on a bathroom wall. Detection confidence: low (0.15). Source prompt type: long.,"You are generating hotel amenity questions for guests browsing accommodation photos. Given the detection summary below, generate a hotel amenity related question that a guest may ask or a guest might want to be answeredwhile browsing accommodation images. Keep the question short, factual, and neutral. Detection summary: Image file: image_290_fp_jpg.rf.927dc1eafbdae6c9daa037d061878432.jpg. Detected amenity: black and silver electric hairdryer on a bathroom wall. Detection confidence: low (0.15). Source prompt type: long. Question:",What type of amenity does the hairdryer have?,What color is the electric hairdryer?,Does the hotel room have a hairdryer?,Is the hairdryer provided in the room or only available in the bathroom?
image_294_fp_jpg.rf.d7761af0b2968044af30000217d9ab95.jpg,black and silver electric hairdryer on a bathroom wall,0.1334515064954757,126.65022277832033,-1.7619991302490234,209.4100799560547,213.48831176757807,long,Image file: image_294_fp_jpg.rf.d7761af0b2968044af30000217d9ab95.jpg. Detected amenity: black and silver electric hairdryer on a bathroom wall. Detection confidence: low (0.13). Source prompt type: long.,"You are generating hotel amenity questions for guests browsing accommodation photos. Given the detection summary below, generate a hotel amenity related question that a guest may ask or a guest might want to be answeredwhile browsing accommodation images. Keep the question short, factual, and neutral. Detection summary: Image file: image_294_fp_jpg.rf.d7761af0b2968044af30000217d9ab95.jpg. Detected amenity: black and silver electric hairdryer on a bathroom wall. Detection confidence: low (0.13). Source prompt type: long. Question:",What type of amenity does the hairdryer have?,What is the color of the electric hairdryer?,Is a hairdryer provided in the bathroom of this room?,Is a hairdryer provided in the room?
image_264_fp_jpg.rf.abf0d42047c8302b63375cc0868859f8.jpg,black and silver electric hairdryer on a bathroom wall,0.1331758052110672,63.40078353881836,1.7921257019042969,540.4279174804688,638.656005859375,long,Image file: image_264_fp_jpg.rf.abf0d42047c8302b63375cc0868859f8.jpg. Detected amenity: black and silver electric hairdryer on a bathroom wall. Detection confidence: low (0.13). Source prompt type: long.,"You are generating hotel amenity questions for guests browsing accommodation photos. Given the detection summary below, generate a hotel amenity related question that a guest may ask or a guest might want to be answeredwhile browsing accommodation images. Keep the question short, factual, and neutral. Detection summary: Image file: image_264_fp_jpg.rf.abf0d42047c8302b63375cc0868859f8.jpg. Detected amenity: black and silver electric hairdryer on a bathroom wall. Detection confidence: low (0.13). Source prompt type: long. Question:",What is the name of the hotel amenity?,What is the color of the electric hairdryer?,Does the hotel room have a hairdryer?,Is a hairdryer provided in the room?
image_13_jpg.rf.32bf2d0bc5caa4f74a07ed7554e02a41.jpg,black and silver electric hairdryer on a bathroom wall,0.1299682855606079,165.43685913085938,45.353736877441406,631.8041381835938,584.4423828125,long,Image file: image_13_jpg.rf.32bf2d0bc5caa4f74a07ed7554e02a41.jpg. Detected amenity: black and silver electric hairdryer on a bathroom wall. Detection confidence: low (0.13). Source prompt type: long.,"You are generating hotel amenity questions for guests browsing accommodation photos. Given the detection summary below, generate a hotel amenity related question that a guest may ask or a guest might want to be answeredwhile browsing accommodation images. Keep the question short, factual, and neutral. Detection summary: Image file: image_13_jpg.rf.32bf2d0bc5caa4f74a07ed7554e02a41.jpg. Detected amenity: black and silver electric hairdryer on a bathroom wall. Detection confidence: low (0.13). Source prompt type: long. Question:",What type of amenity does the hairdryer have?,What is the color of the electric hairdryer?,Does the hotel room have a hairdryer?,Is the electric hairdryer in the bathroom wall-mounted or handheld?
image_126_jpg.rf.351a777844b804d2a48127d84a813661.jpg,black and silver electric hairdryer on a bathroom wall,0.1208798661828041,224.41896057128903,161.9575653076172,586.0009155273438,644.9175415039062,long,Image file: image_126_jpg.rf.351a777844b804d2a48127d84a813661.jpg. Detected amenity: black and silver electric hairdryer on a bathroom wall. Detection confidence: low (0.12). Source prompt type: long.,"You are generating hotel amenity questions for guests browsing accommodation photos. Given the detection summary below, generate a hotel amenity related question that a guest may ask or a guest might want to be answeredwhile browsing accommodation images. Keep the question short, factual, and neutral. Detection summary: Image file: image_126_jpg.rf.351a777844b804d2a48127d84a813661.jpg. Detected amenity: black and silver electric hairdryer on a bathroom wall. Detection confidence: low (0.12). Source prompt type: long. Question:",How long is the hotel amenity?,What is the color of the electric hairdryer?,Does the hotel room have a hairdryer?,Is a hairdryer provided in the room?
image_189_jpg.rf.ccdc4f2fa16335dca3133bdb6b2d88cb.jpg,black and silver electric hairdryer on a bathroom wall,0.1107782050967216,133.7899169921875,108.64849090576172,599.51708984375,635.1093139648438,long,Image file: image_189_jpg.rf.ccdc4f2fa16335dca3133bdb6b2d88cb.jpg. Detected amenity: black and silver electric hairdryer on a bathroom wall. Detection confidence: low (0.11). Source prompt type: long.,"You are generating hotel amenity questions for guests browsing accommodation photos. Given the detection summary below, generate a hotel amenity related question that a guest may ask or a guest might want to be answeredwhile browsing accommodation images. Keep the question short, factual, and neutral. Detection summary: Image file: image_189_jpg.rf.ccdc4f2fa16335dca3133bdb6b2d88cb.jpg. Detected amenity: black and silver electric hairdryer on a bathroom wall. Detection confidence: low (0.11). Source prompt type: long. Question:",What is the name of the hotel amenity?,What is the color of the electric hairdryer?,Does the hotel room have a hairdryer?,Is there a hairdryer available in the room?
image_102_jpg.rf.e3ff3ffec13f854b65223d728912a53d.jpg,black and silver electric hairdryer on a bathroom wall,0.1177431643009185,125.86744689941406,137.72607421875,631.9878540039062,640.7156982421875,long,Image file: image_102_jpg.rf.e3ff3ffec13f854b65223d728912a53d.jpg. Detected amenity: black and silver electric hairdryer on a bathroom wall. Detection confidence: low (0.12). Source prompt type: long.,"You are generating hotel amenity questions for guests browsing accommodation photos. Given the detection summary below, generate a hotel amenity related question that a guest may ask or a guest might want to be answeredwhile browsing accommodation images. Keep the question short, factual, and neutral. Detection summary: Image file: image_102_jpg.rf.e3ff3ffec13f854b65223d728912a53d.jpg. Detected amenity: black and silver electric hairdryer on a bathroom wall. Detection confidence: low (0.12). Source prompt type: long. Question:",How long is the hotel amenity?,What is the color of the electric hairdryer?,Is a hairdryer provided in the bathroom of this room?,Is a hairdryer provided in the room?
image_149_jpg.rf.0a7c59d9295c5ec989dfa13faccc742f.jpg,black and silver electric hairdryer on a bathroom wall,0.1378650665283203,5.133323669433594,141.2216339111328,573.4387817382812,534.9378051757812,long,Image file: image_149_jpg.rf.0a7c59d9295c5ec989dfa13faccc742f.jpg. Detected amenity: black and silver electric hairdryer on a bathroom wall. Detection confidence: low (0.14). Source prompt type: long.,"You are generating hotel amenity questions for guests browsing accommodation photos. Given the detection summary below, generate a hotel amenity related question that a guest may ask or a guest might want to be answeredwhile browsing accommodation images. Keep the question short, factual, and neutral. Detection summary: Image file: image_149_jpg.rf.0a7c59d9295c5ec989dfa13faccc742f.jpg. Detected amenity: black and silver electric hairdryer on a bathroom wall. Detection confidence: low (0.14). Source prompt type: long. Question:",What type of amenity does the hairdryer have?,What is the color of the electric hairdryer?,Does the hotel room have a hairdryer?,Is the hairdryer provided in the room or is it available upon request?
image_135_jpg.rf.2b354ab2ab466592db5d2e93f1c3a082.jpg,black and silver electric hairdryer on a bathroom wall,0.2281399220228195,213.91665649414065,83.8717269897461,552.48876953125,623.047607421875,long,Image file: image_135_jpg.rf.2b354ab2ab466592db5d2e93f1c3a082.jpg. Detected amenity: black and silver electric hairdryer on a bathroom wall. Detection confidence: low (0.23). Source prompt type: long.,"You are generating hotel amenity questions for guests browsing accommodation photos. Given the detection summary below, generate a hotel amenity related question that a guest may ask or a guest might want to be answeredwhile browsing accommodation images. Keep the question short, factual, and neutral. Detection summary: Image file: image_135_jpg.rf.2b354ab2ab466592db5d2e93f1c3a082.jpg. Detected amenity: black and silver electric hairdryer on a bathroom wall. Detection confidence: low (0.23). Source prompt type: long. Question:",What type of amenity does the hairdryer have?,What is the color of the electric hairdryer?,Does the hotel room have a hairdryer?,Is the hairdryer provided in the room or only available in the bathroom?
image_218_jpg.rf.d0589163d6378b2e47f4136657929466.jpg,black and silver electric hairdryer on a bathroom wall,0.1034845560789108,198.5040435791016,117.60153198242188,639.9694213867188,485.8409118652344,long,Image file: image_218_jpg.rf.d0589163d6378b2e47f4136657929466.jpg. Detected amenity: black and silver electric hairdryer on a bathroom wall. Detection confidence: low (0.10). Source prompt type: long.,"You are generating hotel amenity questions for guests browsing accommodation photos. Given the detection summary below, generate a hotel amenity related question that a guest may ask or a guest might want to be answeredwhile browsing accommodation images. Keep the question short, factual, and neutral. Detection summary: Image file: image_218_jpg.rf.d0589163d6378b2e47f4136657929466.jpg. Detected amenity: black and silver electric hairdryer on a bathroom wall. Detection confidence: low (0.10). Source prompt type: long. Question:",What type of amenity does the hairdryer have?,What is the color of the electric hairdryer?,Does the hotel room have a hairdryer?,Is the electric hairdryer provided in the room or available upon request?
image_38_jpg.rf.f992f64b13efceca765b8b26fb53fddb.jpg,black and silver electric hairdryer on a bathroom wall,0.1079692840576171,418.74603271484375,165.33688354492188,580.510009765625,564.1646118164062,long,Image file: image_38_jpg.rf.f992f64b13efceca765b8b26fb53fddb.jpg. Detected amenity: black and silver electric hairdryer on a bathroom wall. Detection confidence: low (0.11). Source prompt type: long.,"You are generating hotel amenity questions for guests browsing accommodation photos. Given the detection summary below, generate a hotel amenity related question that a guest may ask or a guest might want to be answeredwhile browsing accommodation images. Keep the question short, factual, and neutral. Detection summary: Image file: image_38_jpg.rf.f992f64b13efceca765b8b26fb53fddb.jpg. Detected amenity: black and silver electric hairdryer on a bathroom wall. Detection confidence: low (0.11). Source prompt type: long. Question:",What is the name of the hotel amenity?,What is the color of the electric hairdryer?,Does the hotel room have a hairdryer?,Is there an electric hairdryer available in the room?
image_38_jpg.rf.f992f64b13efceca765b8b26fb53fddb.jpg,black and silver electric hairdryer on a bathroom wall,0.3679107129573822,2.6388931274414062,126.49919128417967,378.966064453125,578.755859375,long,Image file: image_38_jpg.rf.f992f64b13efceca765b8b26fb53fddb.jpg. Detected amenity: black and silver electric hairdryer on a bathroom wall. Detection confidence: medium (0.37). Source prompt type: long.,"You are generating hotel amenity questions for guests browsing accommodation photos. Given the detection summary below, generate a hotel amenity related question that a guest may ask or a guest might want to be answeredwhile browsing accommodation images. Keep the question short, factual, and neutral. Detection summary: Image file: image_38_jpg.rf.f992f64b13efceca765b8b26fb53fddb.jpg. Detected amenity: black and silver electric hairdryer on a bathroom wall. Detection confidence: medium (0.37). Source prompt type: long. Question:",What type of amenity does the hairdryer have?,What is the color of the electric hairdryer?,Does the hotel room have a hairdryer?,Is the hairdryer provided in the room or available upon request?
image_38_jpg.rf.f992f64b13efceca765b8b26fb53fddb.jpg,black and silver electric hairdryer on a bathroom wall,0.113321341574192,195.5595703125,135.81935119628906,381.2823791503906,439.0773010253906,long,Image file: image_38_jpg.rf.f992f64b13efceca765b8b26fb53fddb.jpg. Detected amenity: black and silver electric hairdryer on a bathroom wall. Detection confidence: low (0.11). Source prompt type: long.,"You are generating hotel amenity questions for guests browsing accommodation photos. Given the detection summary below, generate a hotel amenity related question that a guest may ask or a guest might want to be answeredwhile browsing accommodation images. Keep the question short, factual, and neutral. Detection summary: Image file: image_38_jpg.rf.f992f64b13efceca765b8b26fb53fddb.jpg. Detected amenity: black and silver electric hairdryer on a bathroom wall. Detection confidence: low (0.11). Source prompt type: long. Question:",What is the name of the hotel amenity?,What is the color of the electric hairdryer?,Does the hotel room have a hairdryer?,Does the hotel provide a hairdryer in each room?
image_93_jpg.rf.1bd27da69fc492fb9605a9b55f013122.jpg,black and silver electric hairdryer on a bathroom wall,0.1782878786325454,92.32804870605467,6.169700622558594,637.15771484375,637.8587036132812,long,Image file: image_93_jpg.rf.1bd27da69fc492fb9605a9b55f013122.jpg. Detected amenity: black and silver electric hairdryer on a bathroom wall. Detection confidence: low (0.18). Source prompt type: long.,"You are generating hotel amenity questions for guests browsing accommodation photos. Given the detection summary below, generate a hotel amenity related question that a guest may ask or a guest might want to be answeredwhile browsing accommodation images. Keep the question short, factual, and neutral. Detection summary: Image file: image_93_jpg.rf.1bd27da69fc492fb9605a9b55f013122.jpg. Detected amenity: black and silver electric hairdryer on a bathroom wall. Detection confidence: low (0.18). Source prompt type: long. Question:",What type of amenity does the hairdryer have?,What color is the electric hairdryer?,Does the hotel room have a hairdryer?,Is a hairdryer provided in the room?
image_93_jpg.rf.1bd27da69fc492fb9605a9b55f013122.jpg,black and silver electric hairdryer on a bathroom wall,0.1183166354894638,88.93707275390625,17.19003677368164,638.0111694335938,418.32763671875,long,Image file: image_93_jpg.rf.1bd27da69fc492fb9605a9b55f013122.jpg. Detected amenity: black and silver electric hairdryer on a bathroom wall. Detection confidence: low (0.12). Source prompt type: long.,"You are generating hotel amenity questions for guests browsing accommodation photos. Given the detection summary below, generate a hotel amenity related question that a guest may ask or a guest might want to be answeredwhile browsing accommodation images. Keep the question short, factual, and neutral. Detection summary: Image file: image_93_jpg.rf.1bd27da69fc492fb9605a9b55f013122.jpg. Detected amenity: black and silver electric hairdryer on a bathroom wall. Detection confidence: low (0.12). Source prompt type: long. Question:",What is the name of the hotel amenity?,What is the color of the electric hairdryer?,Does the hotel room have a hairdryer?,Is the hairdryer provided in the room or only available in the bathroom?
image_183_jpg.rf.96a2a90576363f3ded7c801f6c561d75.jpg,black and silver electric hairdryer on a bathroom wall,0.1599465459585189,23.344268798828125,99.41638946533205,563.244384765625,443.5380554199219,long,Image file: image_183_jpg.rf.96a2a90576363f3ded7c801f6c561d75.jpg. Detected amenity: black and silver electric hairdryer on a bathroom wall. Detection confidence: low (0.16). Source prompt type: long.,"You are generating hotel amenity questions for guests browsing accommodation photos. Given the detection summary below, generate a hotel amenity related question that a guest may ask or a guest might want to be answeredwhile browsing accommodation images. Keep the question short, factual, and neutral. Detection summary: Image file: image_183_jpg.rf.96a2a90576363f3ded7c801f6c561d75.jpg. Detected amenity: black and silver electric hairdryer on a bathroom wall. Detection confidence: low (0.16). Source prompt type: long. Question:",What is the name of the hotel amenity?,What is the color of the electric hairdryer?,Does the hotel room have a hairdryer?,Is the hairdryer provided in the room or only available in the bathroom?
image_58_jpg.rf.1d685ca5d4fd289fcd56501c28edd853.jpg,black and silver electric hairdryer on a bathroom wall,0.1983488947153091,271.095458984375,143.34197998046875,489.1354675292969,342.458984375,long,Image file: image_58_jpg.rf.1d685ca5d4fd289fcd56501c28edd853.jpg. Detected amenity: black and silver electric hairdryer on a bathroom wall. Detection confidence: low (0.20). Source prompt type: long.,"You are generating hotel amenity questions for guests browsing accommodation photos. Given the detection summary below, generate a hotel amenity related question that a guest may ask or a guest might want to be answeredwhile browsing accommodation images. Keep the question short, factual, and neutral. Detection summary: Image file: image_58_jpg.rf.1d685ca5d4fd289fcd56501c28edd853.jpg. Detected amenity: black and silver electric hairdryer on a bathroom wall. Detection confidence: low (0.20). Source prompt type: long. Question:",What type of amenity does the hairdryer have?,What color is the electric hairdryer?,Does the hotel room have a hairdryer?,Does the hotel provide a hairdryer in every room?
image_193_jpg.rf.77ef6f19e0fbe41cf2f3e81423561676.jpg,black and silver electric hairdryer on a bathroom wall,0.1895812898874282,175.19070434570312,82.21642303466797,414.3402404785156,314.01123046875,long,Image file: image_193_jpg.rf.77ef6f19e0fbe41cf2f3e81423561676.jpg. Detected amenity: black and silver electric hairdryer on a bathroom wall. Detection confidence: low (0.19). Source prompt type: long.,"You are generating hotel amenity questions for guests browsing accommodation photos. Given the detection summary below, generate a hotel amenity related question that a guest may ask or a guest might want to be answeredwhile browsing accommodation images. Keep the question short, factual, and neutral. Detection summary: Image file: image_193_jpg.rf.77ef6f19e0fbe41cf2f3e81423561676.jpg. Detected amenity: black and silver electric hairdryer on a bathroom wall. Detection confidence: low (0.19). Source prompt type: long. Question:",What type of amenity does the hairdryer have?,What color is the electric hairdryer?,Does the hotel room have a hairdryer?,Is there a hairdryer provided in the room?
image_292_fp_jpg.rf.826f2f795825d8dd4a5cf7cad6728c03.jpg,black and silver electric hairdryer on a bathroom wall,0.1037066951394081,124.51412963867188,86.67893981933594,164.2192840576172,139.67160034179688,long,Image file: image_292_fp_jpg.rf.826f2f795825d8dd4a5cf7cad6728c03.jpg. Detected amenity: black and silver electric hairdryer on a bathroom wall. Detection confidence: low (0.10). Source prompt type: long.,"You are generating hotel amenity questions for guests browsing accommodation photos. Given the detection summary below, generate a hotel amenity related question that a guest may ask or a guest might want to be answeredwhile browsing accommodation images. Keep the question short, factual, and neutral. Detection summary: Image file: image_292_fp_jpg.rf.826f2f795825d8dd4a5cf7cad6728c03.jpg. Detected amenity: black and silver electric hairdryer on a bathroom wall. Detection confidence: low (0.10). Source prompt type: long. Question:",What type of amenity does the hairdryer have?,What is the color of the electric hairdryer?,Does the hotel room have a hairdryer?,Is a hairdryer provided in the room?
image_292_fp_jpg.rf.826f2f795825d8dd4a5cf7cad6728c03.jpg,black and silver electric hairdryer on a bathroom wall,0.1026331111788749,143.19293212890625,233.35679626464844,176.44442749023438,297.7796325683594,long,Image file: image_292_fp_jpg.rf.826f2f795825d8dd4a5cf7cad6728c03.jpg. Detected amenity: black and silver electric hairdryer on a bathroom wall. Detection confidence: low (0.10). Source prompt type: long.,"You are generating hotel amenity questions for guests browsing accommodation photos. Given the detection summary below, generate a hotel amenity related question that a guest may ask or a guest might want to be answeredwhile browsing accommodation images. Keep the question short, factual, and neutral. Detection summary: Image file: image_292_fp_jpg.rf.826f2f795825d8dd4a5cf7cad6728c03.jpg. Detected amenity: black and silver electric hairdryer on a bathroom wall. Detection confidence: low (0.10). Source prompt type: long. Question:",What type of amenity does the hairdryer have?,What is the color of the electric hairdryer?,Does the hotel room have a hairdryer?,Is the hairdryer provided in the room or available upon request?
image_202_jpg.rf.4db2527b500d0fa3bfc80b82649e3be6.jpg,black and silver electric hairdryer on a bathroom wall,0.1533609479665756,66.98532104492188,83.42487335205078,514.9107666015625,637.8208618164062,long,Image file: image_202_jpg.rf.4db2527b500d0fa3bfc80b82649e3be6.jpg. Detected amenity: black and silver electric hairdryer on a bathroom wall. Detection confidence: low (0.15). Source prompt type: long.,"You are generating hotel amenity questions for guests browsing accommodation photos. Given the detection summary below, generate a hotel amenity related question that a guest may ask or a guest might want to be answeredwhile browsing accommodation images. Keep the question short, factual, and neutral. Detection summary: Image file: image_202_jpg.rf.4db2527b500d0fa3bfc80b82649e3be6.jpg. Detected amenity: black and silver electric hairdryer on a bathroom wall. Detection confidence: low (0.15). Source prompt type: long. Question:",What type of amenity does the hairdryer have?,What color is the electric hairdryer?,Does the hotel room have a hairdryer?,Is there a hairdryer available in the room?
image_19_jpg.rf.babd1f0e1aacada4cd3a74b747b6e227.jpg,black and silver electric hairdryer on a bathroom wall,0.1288362741470337,152.55740356445312,106.18154907226562,552.5614624023438,428.9240112304688,long,Image file: image_19_jpg.rf.babd1f0e1aacada4cd3a74b747b6e227.jpg. Detected amenity: black and silver electric hairdryer on a bathroom wall. Detection confidence: low (0.13). Source prompt type: long.,"You are generating hotel amenity questions for guests browsing accommodation photos. Given the detection summary below, generate a hotel amenity related question that a guest may ask or a guest might want to be answeredwhile browsing accommodation images. Keep the question short, factual, and neutral. Detection summary: Image file: image_19_jpg.rf.babd1f0e1aacada4cd3a74b747b6e227.jpg. Detected amenity: black and silver electric hairdryer on a bathroom wall. Detection confidence: low (0.13). Source prompt type: long. Question:",What type of amenity does the hairdryer have?,What is the color of the electric hairdryer?,Does the hotel room have a hairdryer?,Is the hairdryer provided in the room or is it a shared amenity?
image_140_jpg.rf.ecfafd823b8d966b9403d25acd2f31c7.jpg,black and silver electric hairdryer on a bathroom wall,0.1062717586755752,34.65919494628906,26.215267181396484,628.5306396484375,548.4949951171875,long,Image file: image_140_jpg.rf.ecfafd823b8d966b9403d25acd2f31c7.jpg. Detected amenity: black and silver electric hairdryer on a bathroom wall. Detection confidence: low (0.11). Source prompt type: long.,"You are generating hotel amenity questions for guests browsing accommodation photos. Given the detection summary below, generate a hotel amenity related question that a guest may ask or a guest might want to be answeredwhile browsing accommodation images. Keep the question short, factual, and neutral. Detection summary: Image file: image_140_jpg.rf.ecfafd823b8d966b9403d25acd2f31c7.jpg. Detected amenity: black and silver electric hairdryer on a bathroom wall. Detection confidence: low (0.11). Source prompt type: long. Question:",What is the name of the hotel amenity?,What is the color of the electric hairdryer?,Does the hotel room have a hairdryer?,Is there a hairdryer available in the room?
image_79_jpg.rf.704f737f667ccd2538cdf47ab692bdd4.jpg,black and silver electric hairdryer on a bathroom wall,0.217569887638092,226.4446258544922,111.56378936767578,396.6326599121094,372.0462646484375,long,Image file: image_79_jpg.rf.704f737f667ccd2538cdf47ab692bdd4.jpg. Detected amenity: black and silver electric hairdryer on a bathroom wall. Detection confidence: low (0.22). Source prompt type: long.,"You are generating hotel amenity questions for guests browsing accommodation photos. Given the detection summary below, generate a hotel amenity related question that a guest may ask or a guest might want to be answeredwhile browsing accommodation images. Keep the question short, factual, and neutral. Detection summary: Image file: image_79_jpg.rf.704f737f667ccd2538cdf47ab692bdd4.jpg. Detected amenity: black and silver electric hairdryer on a bathroom wall. Detection confidence: low (0.22). Source prompt type: long. Question:",What is the name of the hotel amenity?,What is the color of the electric hairdryer?,Does the hotel room have a hairdryer?,Is a hairdryer provided in the room?
image_51_jpg.rf.703097ccf6bb4b1bcfbe54e8c8eb0ee5.jpg,black and silver electric hairdryer on a bathroom wall,0.2406002879142761,1.323080062866211,109.21110534667967,248.5211944580078,455.9195556640625,long,Image file: image_51_jpg.rf.703097ccf6bb4b1bcfbe54e8c8eb0ee5.jpg. Detected amenity: black and silver electric hairdryer on a bathroom wall. Detection confidence: low (0.24). Source prompt type: long.,"You are generating hotel amenity questions for guests browsing accommodation photos. Given the detection summary below, generate a hotel amenity related question that a guest may ask or a guest might want to be answeredwhile browsing accommodation images. Keep the question short, factual, and neutral. Detection summary: Image file: image_51_jpg.rf.703097ccf6bb4b1bcfbe54e8c8eb0ee5.jpg. Detected amenity: black and silver electric hairdryer on a bathroom wall. Detection confidence: low (0.24). Source prompt type: long. Question:",What type of amenity does the hairdryer have?,What is the color of the electric hairdryer?,Does the hotel room have a hairdryer?,Is a hairdryer provided in the room?
image_8_jpg.rf.11601bd883b7e15d2fa4ca71d8b9b389.jpg,black and silver electric hairdryer on a bathroom wall,0.1587334275245666,0.0628471374511718,-6.873607635498047,636.4122314453125,618.208984375,long,Image file: image_8_jpg.rf.11601bd883b7e15d2fa4ca71d8b9b389.jpg. Detected amenity: black and silver electric hairdryer on a bathroom wall. Detection confidence: low (0.16). Source prompt type: long.,"You are generating hotel amenity questions for guests browsing accommodation photos. Given the detection summary below, generate a hotel amenity related question that a guest may ask or a guest might want to be answeredwhile browsing accommodation images. Keep the question short, factual, and neutral. Detection summary: Image file: image_8_jpg.rf.11601bd883b7e15d2fa4ca71d8b9b389.jpg. Detected amenity: black and silver electric hairdryer on a bathroom wall. Detection confidence: low (0.16). Source prompt type: long. Question:",What type of amenity does the hairdryer have?,What is the color of the electric hairdryer?,Does the hotel room have a hairdryer?,Is the hairdryer provided in the room or only available in the public bathroom?
image_18_jpg.rf.89ada46cb2fc490b31b604ba0fcfb06b.jpg,black and silver electric hairdryer on a bathroom wall,0.1492985188961029,91.83073425292967,66.13227844238281,581.5474853515625,637.1676635742188,long,Image file: image_18_jpg.rf.89ada46cb2fc490b31b604ba0fcfb06b.jpg. Detected amenity: black and silver electric hairdryer on a bathroom wall. Detection confidence: low (0.15). Source prompt type: long.,"You are generating hotel amenity questions for guests browsing accommodation photos. Given the detection summary below, generate a hotel amenity related question that a guest may ask or a guest might want to be answeredwhile browsing accommodation images. Keep the question short, factual, and neutral. Detection summary: Image file: image_18_jpg.rf.89ada46cb2fc490b31b604ba0fcfb06b.jpg. Detected amenity: black and silver electric hairdryer on a bathroom wall. Detection confidence: low (0.15). Source prompt type: long. Question:",What type of amenity does the hairdryer have?,What color is the electric hairdryer?,Does the hotel room have a hairdryer?,Is a hairdryer provided in the room?
image_161_jpg.rf.08887424ce1e57678e43bc299c2733c1.jpg,black and silver electric hairdryer on a bathroom wall,0.239181712269783,15.410003662109377,147.21017456054688,421.5534973144531,451.9329223632813,long,Image file: image_161_jpg.rf.08887424ce1e57678e43bc299c2733c1.jpg. Detected amenity: black and silver electric hairdryer on a bathroom wall. Detection confidence: low (0.24). Source prompt type: long.,"You are generating hotel amenity questions for guests browsing accommodation photos. Given the detection summary below, generate a hotel amenity related question that a guest may ask or a guest might want to be answeredwhile browsing accommodation images. Keep the question short, factual, and neutral. Detection summary: Image file: image_161_jpg.rf.08887424ce1e57678e43bc299c2733c1.jpg. Detected amenity: black and silver electric hairdryer on a bathroom wall. Detection confidence: low (0.24). Source prompt type: long. Question:",What type of amenity does the hairdryer have?,What is the color of the electric hairdryer?,Is a hairdryer provided in the bathroom of this room?,Is the hairdryer provided in the room or is it a shared amenity?
image_52_jpg.rf.d734ef5487affd4d01dab8036be3fbbc.jpg,black and silver electric hairdryer on a bathroom wall,0.3935379683971405,-0.3747177124023437,3.7187576293945312,471.2832336425781,631.9432983398438,long,Image file: image_52_jpg.rf.d734ef5487affd4d01dab8036be3fbbc.jpg. Detected amenity: black and silver electric hairdryer on a bathroom wall. Detection confidence: medium (0.39). Source prompt type: long.,"You are generating hotel amenity questions for guests browsing accommodation photos. Given the detection summary below, generate a hotel amenity related question that a guest may ask or a guest might want to be answeredwhile browsing accommodation images. Keep the question short, factual, and neutral. Detection summary: Image file: image_52_jpg.rf.d734ef5487affd4d01dab8036be3fbbc.jpg. Detected amenity: black and silver electric hairdryer on a bathroom wall. Detection confidence: medium (0.39). Source prompt type: long. Question:",What type of amenity does the hairdryer have?,What is the color of the electric hairdryer?,Does the hotel room have a hairdryer?,Is the hairdryer provided in the room or is it a shared amenity?
image_11_jpg.rf.2276a95bb47a7f6e2d77652016dcf56e.jpg,black and silver electric hairdryer on a bathroom wall,0.1569075733423233,1.0118865966796875,62.55687713623047,571.0228881835938,561.84765625,long,Image file: image_11_jpg.rf.2276a95bb47a7f6e2d77652016dcf56e.jpg. Detected amenity: black and silver electric hairdryer on a bathroom wall. Detection confidence: low (0.16). Source prompt type: long.,"You are generating hotel amenity questions for guests browsing accommodation photos. Given the detection summary below, generate a hotel amenity related question that a guest may ask or a guest might want to be answeredwhile browsing accommodation images. Keep the question short, factual, and neutral. Detection summary: Image file: image_11_jpg.rf.2276a95bb47a7f6e2d77652016dcf56e.jpg. Detected amenity: black and silver electric hairdryer on a bathroom wall. Detection confidence: low (0.16). Source prompt type: long. Question:",What type of amenity does the hairdryer have?,What is the color of the electric hairdryer?,Does the hotel room have a hairdryer?,Is the hairdryer provided in the room or only available in the public bathroom?
image_34_jpg.rf.1424f6048e5aea069644073ed4439227.jpg,black and silver electric hairdryer on a bathroom wall,0.1332269310951233,141.82237243652344,55.748329162597656,546.512451171875,516.854736328125,long,Image file: image_34_jpg.rf.1424f6048e5aea069644073ed4439227.jpg. Detected amenity: black and silver electric hairdryer on a bathroom wall. Detection confidence: low (0.13). Source prompt type: long.,"You are generating hotel amenity questions for guests browsing accommodation photos. Given the detection summary below, generate a hotel amenity related question that a guest may ask or a guest might want to be answeredwhile browsing accommodation images. Keep the question short, factual, and neutral. Detection summary: Image file: image_34_jpg.rf.1424f6048e5aea069644073ed4439227.jpg. Detected amenity: black and silver electric hairdryer on a bathroom wall. Detection confidence: low (0.13). Source prompt type: long. Question:",What is the name of the hotel amenity?,What is the color of the electric hairdryer?,Does the hotel room have a hairdryer?,Is there a hairdryer available in the room?
image_22_jpg.rf.86672429227f066420cd910335e7a3d9.jpg,black and silver electric hairdryer on a bathroom wall,0.1123456358909607,14.563560485839844,319.540283203125,227.86729431152344,458.01019287109375,long,Image file: image_22_jpg.rf.86672429227f066420cd910335e7a3d9.jpg. Detected amenity: black and silver electric hairdryer on a bathroom wall. Detection confidence: low (0.11). Source prompt type: long.,"You are generating hotel amenity questions for guests browsing accommodation photos. Given the detection summary below, generate a hotel amenity related question that a guest may ask or a guest might want to be answeredwhile browsing accommodation images. Keep the question short, factual, and neutral. Detection summary: Image file: image_22_jpg.rf.86672429227f066420cd910335e7a3d9.jpg. Detected amenity: black and silver electric hairdryer on a bathroom wall. Detection confidence: low (0.11). Source prompt type: long. Question:",What is the name of the hotel amenity?,What is the color of the electric hairdryer?,Does the hotel room have a hairdryer?,Is the hairdryer provided in the room or is it available upon request?
image_158_jpg.rf.62dcc7e585e05b449daee3ada5b0dabf.jpg,black and silver electric hairdryer on a bathroom wall,0.1300173550844192,189.6986694335937,144.88035583496094,482.801025390625,489.72955322265625,long,Image file: image_158_jpg.rf.62dcc7e585e05b449daee3ada5b0dabf.jpg. Detected amenity: black and silver electric hairdryer on a bathroom wall. Detection confidence: low (0.13). Source prompt type: long.,"You are generating hotel amenity questions for guests browsing accommodation photos. Given the detection summary below, generate a hotel amenity related question that a guest may ask or a guest might want to be answeredwhile browsing accommodation images. Keep the question short, factual, and neutral. Detection summary: Image file: image_158_jpg.rf.62dcc7e585e05b449daee3ada5b0dabf.jpg. Detected amenity: black and silver electric hairdryer on a bathroom wall. Detection confidence: low (0.13). Source prompt type: long. Question:",What type of amenity does the hairdryer have?,What is the color of the electric hairdryer?,Does the hotel room have a hairdryer?,Is there a hairdryer provided in the room?
image_142_jpg.rf.e0ca69bf431a958c5bb1e87682fde56b.jpg,black and silver electric hairdryer on a bathroom wall,0.115413911640644,126.61444091796876,167.15457153320312,639.8699951171875,623.518798828125,long,Image file: image_142_jpg.rf.e0ca69bf431a958c5bb1e87682fde56b.jpg. Detected amenity: black and silver electric hairdryer on a bathroom wall. Detection confidence: low (0.12). Source prompt type: long.,"You are generating hotel amenity questions for guests browsing accommodation photos. Given the detection summary below, generate a hotel amenity related question that a guest may ask or a guest might want to be answeredwhile browsing accommodation images. Keep the question short, factual, and neutral. Detection summary: Image file: image_142_jpg.rf.e0ca69bf431a958c5bb1e87682fde56b.jpg. Detected amenity: black and silver electric hairdryer on a bathroom wall. Detection confidence: low (0.12). Source prompt type: long. Question:",What is the name of the hotel amenity?,What is the color of the electric hairdryer?,Does the hotel room have a hairdryer?,Is the hairdryer provided in the room or is it available upon request?
image_203_jpg.rf.0396ec617c8c6164aea7cb1ca39e669a.jpg,black and silver electric hairdryer on a bathroom wall,0.1328697055578231,53.12387466430664,62.96272277832031,596.9890747070312,621.8074951171875,long,Image file: image_203_jpg.rf.0396ec617c8c6164aea7cb1ca39e669a.jpg. Detected amenity: black and silver electric hairdryer on a bathroom wall. Detection confidence: low (0.13). Source prompt type: long.,"You are generating hotel amenity questions for guests browsing accommodation photos. Given the detection summary below, generate a hotel amenity related question that a guest may ask or a guest might want to be answeredwhile browsing accommodation images. Keep the question short, factual, and neutral. Detection summary: Image file: image_203_jpg.rf.0396ec617c8c6164aea7cb1ca39e669a.jpg. Detected amenity: black and silver electric hairdryer on a bathroom wall. Detection confidence: low (0.13). Source prompt type: long. Question:",What type of amenity does the hairdryer have?,What is the color of the electric hairdryer?,Does the hotel room have a hairdryer?,Is there a hairdryer available in the room?
image_150_jpg.rf.d799d44a5640cf3a4920ddda0c8659ce.jpg,black and silver electric hairdryer on a bathroom wall,0.1048943251371383,16.720600128173828,5.888462066650391,637.270263671875,631.8885498046875,long,Image file: image_150_jpg.rf.d799d44a5640cf3a4920ddda0c8659ce.jpg. Detected amenity: black and silver electric hairdryer on a bathroom wall. Detection confidence: low (0.10). Source prompt type: long.,"You are generating hotel amenity questions for guests browsing accommodation photos. Given the detection summary below, generate a hotel amenity related question that a guest may ask or a guest might want to be answeredwhile browsing accommodation images. Keep the question short, factual, and neutral. Detection summary: Image file: image_150_jpg.rf.d799d44a5640cf3a4920ddda0c8659ce.jpg. Detected amenity: black and silver electric hairdryer on a bathroom wall. Detection confidence: low (0.10). Source prompt type: long. Question:",What type of amenity does the hairdryer have?,What is the color of the electric hairdryer?,Does the hotel room have a hairdryer?,Is a hairdryer provided in the room?
image_125_jpg.rf.2a8138a9f9c06b4e8b4fc4a3044f97f0.jpg,black and silver electric hairdryer on a bathroom wall,0.1407337635755539,87.47465515136719,63.36183547973633,554.7369995117188,554.8031616210938,long,Image file: image_125_jpg.rf.2a8138a9f9c06b4e8b4fc4a3044f97f0.jpg. Detected amenity: black and silver electric hairdryer on a bathroom wall. Detection confidence: low (0.14). Source prompt type: long.,"You are generating hotel amenity questions for guests browsing accommodation photos. Given the detection summary below, generate a hotel amenity related question that a guest may ask or a guest might want to be answeredwhile browsing accommodation images. Keep the question short, factual, and neutral. Detection summary: Image file: image_125_jpg.rf.2a8138a9f9c06b4e8b4fc4a3044f97f0.jpg. Detected amenity: black and silver electric hairdryer on a bathroom wall. Detection confidence: low (0.14). Source prompt type: long. Question:",What type of amenity does the hairdryer have?,What is the color of the electric hairdryer?,Does the hotel room have a hairdryer?,Is the hairdryer provided in the room or is it shared with other guests?
image_76_jpg.rf.9c63266dc6ff469fbc1a1f2cca4c26f8.jpg,black and silver electric hairdryer on a bathroom wall,0.1392615139484405,117.48405456542967,201.30886840820312,636.7801513671875,641.099365234375,long,Image file: image_76_jpg.rf.9c63266dc6ff469fbc1a1f2cca4c26f8.jpg. Detected amenity: black and silver electric hairdryer on a bathroom wall. Detection confidence: low (0.14). Source prompt type: long.,"You are generating hotel amenity questions for guests browsing accommodation photos. Given the detection summary below, generate a hotel amenity related question that a guest may ask or a guest might want to be answeredwhile browsing accommodation images. Keep the question short, factual, and neutral. Detection summary: Image file: image_76_jpg.rf.9c63266dc6ff469fbc1a1f2cca4c26f8.jpg. Detected amenity: black and silver electric hairdryer on a bathroom wall. Detection confidence: low (0.14). Source prompt type: long. Question:",What type of amenity does the hairdryer have?,What is the color of the electric hairdryer?,Does the hotel room have a hairdryer?,Is a hairdryer provided in the room?
image_84_jpg.rf.96f0515b63327c2378fa154388ec7757.jpg,black and silver electric hairdryer on a bathroom wall,0.1347984373569488,4.406881332397461,83.53477478027344,273.37091064453125,558.1096801757812,long,Image file: image_84_jpg.rf.96f0515b63327c2378fa154388ec7757.jpg. Detected amenity: black and silver electric hairdryer on a bathroom wall. Detection confidence: low (0.13). Source prompt type: long.,"You are generating hotel amenity questions for guests browsing accommodation photos. Given the detection summary below, generate a hotel amenity related question that a guest may ask or a guest might want to be answeredwhile browsing accommodation images. Keep the question short, factual, and neutral. Detection summary: Image file: image_84_jpg.rf.96f0515b63327c2378fa154388ec7757.jpg. Detected amenity: black and silver electric hairdryer on a bathroom wall. Detection confidence: low (0.13). Source prompt type: long. Question:",What type of amenity does the hairdryer have?,What is the color of the electric hairdryer?,Does the hotel room have a hairdryer?,Is a hairdryer provided in the room?
image_176_jpg.rf.f8960b4ca25cfbf5369ba3ec570f7d75.jpg,black and silver electric hairdryer on a bathroom wall,0.1242954134941101,41.82239532470703,-3.1496620178222656,587.1399536132812,349.1221618652344,long,Image file: image_176_jpg.rf.f8960b4ca25cfbf5369ba3ec570f7d75.jpg. Detected amenity: black and silver electric hairdryer on a bathroom wall. Detection confidence: low (0.12). Source prompt type: long.,"You are generating hotel amenity questions for guests browsing accommodation photos. Given the detection summary below, generate a hotel amenity related question that a guest may ask or a guest might want to be answeredwhile browsing accommodation images. Keep the question short, factual, and neutral. Detection summary: Image file: image_176_jpg.rf.f8960b4ca25cfbf5369ba3ec570f7d75.jpg. Detected amenity: black and silver electric hairdryer on a bathroom wall. Detection confidence: low (0.12). Source prompt type: long. Question:",What is the name of the hotel amenity?,What is the color of the electric hairdryer?,Does the hotel room have a hairdryer?,Is the hairdryer provided in the room or available upon request?
image_146_jpg.rf.43c5e0d59a4572f3479caecbcac1b0f2.jpg,black and silver electric hairdryer on a bathroom wall,0.1185148507356643,145.4371337890625,200.6748809814453,531.9716796875,528.2418823242188,long,Image file: image_146_jpg.rf.43c5e0d59a4572f3479caecbcac1b0f2.jpg. Detected amenity: black and silver electric hairdryer on a bathroom wall. Detection confidence: low (0.12). Source prompt type: long.,"You are generating hotel amenity questions for guests browsing accommodation photos. Given the detection summary below, generate a hotel amenity related question that a guest may ask or a guest might want to be answeredwhile browsing accommodation images. Keep the question short, factual, and neutral. Detection summary: Image file: image_146_jpg.rf.43c5e0d59a4572f3479caecbcac1b0f2.jpg. Detected amenity: black and silver electric hairdryer on a bathroom wall. Detection confidence: low (0.12). Source prompt type: long. Question:",What is the name of the hotel amenity?,What is the color of the electric hairdryer?,Does the hotel room have a hairdryer?,Is the hairdryer provided in the room or is it available upon request?
image_298_fp_jpg.rf.8678c69e970e972a7531b6cd5bba3241.jpg,black and silver electric hairdryer on a bathroom wall,0.1105390414595604,208.23941040039065,153.13357543945312,244.0057067871093,231.16151428222656,long,Image file: image_298_fp_jpg.rf.8678c69e970e972a7531b6cd5bba3241.jpg. Detected amenity: black and silver electric hairdryer on a bathroom wall. Detection confidence: low (0.11). Source prompt type: long.,"You are generating hotel amenity questions for guests browsing accommodation photos. Given the detection summary below, generate a hotel amenity related question that a guest may ask or a guest might want to be answeredwhile browsing accommodation images. Keep the question short, factual, and neutral. Detection summary: Image file: image_298_fp_jpg.rf.8678c69e970e972a7531b6cd5bba3241.jpg. Detected amenity: black and silver electric hairdryer on a bathroom wall. Detection confidence: low (0.11). Source prompt type: long. Question:",What is the name of the hotel amenity?,What is the color of the electric hairdryer?,Does the hotel room have a hairdryer?,Is the hairdryer provided in the room or is it available upon request?
image_298_fp_jpg.rf.8678c69e970e972a7531b6cd5bba3241.jpg,black and silver electric hairdryer on a bathroom wall,0.2043876647949218,315.9627380371094,248.53564453125,363.0781555175781,301.0870666503906,long,Image file: image_298_fp_jpg.rf.8678c69e970e972a7531b6cd5bba3241.jpg. Detected amenity: black and silver electric hairdryer on a bathroom wall. Detection confidence: low (0.20). Source prompt type: long.,"You are generating hotel amenity questions for guests browsing accommodation photos. Given the detection summary below, generate a hotel amenity related question that a guest may ask or a guest might want to be answeredwhile browsing accommodation images. Keep the question short, factual, and neutral. Detection summary: Image file: image_298_fp_jpg.rf.8678c69e970e972a7531b6cd5bba3241.jpg. Detected amenity: black and silver electric hairdryer on a bathroom wall. Detection confidence: low (0.20). Source prompt type: long. Question:",What type of amenity is on a bathroom wall?,What color is the electric hairdryer?,Does the hotel room have a hairdryer?,Is a hairdryer provided in the room?
image_71_jpg.rf.2b6006fb3c2cba2156fcf7c8bcc1887c.jpg,black and silver electric hairdryer on a bathroom wall,0.1174077093601226,57.63507843017578,9.14438247680664,544.0677490234375,492.4137878417969,long,Image file: image_71_jpg.rf.2b6006fb3c2cba2156fcf7c8bcc1887c.jpg. Detected amenity: black and silver electric hairdryer on a bathroom wall. Detection confidence: low (0.12). Source prompt type: long.,"You are generating hotel amenity questions for guests browsing accommodation photos. Given the detection summary below, generate a hotel amenity related question that a guest may ask or a guest might want to be answeredwhile browsing accommodation images. Keep the question short, factual, and neutral. Detection summary: Image file: image_71_jpg.rf.2b6006fb3c2cba2156fcf7c8bcc1887c.jpg. Detected amenity: black and silver electric hairdryer on a bathroom wall. Detection confidence: low (0.12). Source prompt type: long. Question:",What is the name of the hotel amenity?,What is the color of the electric hairdryer?,Does the hotel room have a hairdryer?,Is the hairdryer provided in the room or only available in the bathroom?
image_137_jpg.rf.86d1a8dd70d1f62edfe88741b8d185e3.jpg,black and silver electric hairdryer on a bathroom wall,0.1022974103689193,122.16228485107422,182.8601226806641,447.3320007324219,602.8070068359375,long,Image file: image_137_jpg.rf.86d1a8dd70d1f62edfe88741b8d185e3.jpg. Detected amenity: black and silver electric hairdryer on a bathroom wall. Detection confidence: low (0.10). Source prompt type: long.,"You are generating hotel amenity questions for guests browsing accommodation photos. Given the detection summary below, generate a hotel amenity related question that a guest may ask or a guest might want to be answeredwhile browsing accommodation images. Keep the question short, factual, and neutral. Detection summary: Image file: image_137_jpg.rf.86d1a8dd70d1f62edfe88741b8d185e3.jpg. Detected amenity: black and silver electric hairdryer on a bathroom wall. Detection confidence: low (0.10). Source prompt type: long. Question:",What type of amenity does the hairdryer have?,What is the color of the electric hairdryer?,Does the hotel room have a hairdryer?,Is a hairdryer provided in the room?
image_25_jpg.rf.5a9dc64c208ef3f8fa3c385bfff8302d.jpg,black and silver electric hairdryer on a bathroom wall,0.1092331409454345,63.633975982666016,4.0802001953125,540.7372436523438,624.5347900390625,long,Image file: image_25_jpg.rf.5a9dc64c208ef3f8fa3c385bfff8302d.jpg. Detected amenity: black and silver electric hairdryer on a bathroom wall. Detection confidence: low (0.11). Source prompt type: long.,"You are generating hotel amenity questions for guests browsing accommodation photos. Given the detection summary below, generate a hotel amenity related question that a guest may ask or a guest might want to be answeredwhile browsing accommodation images. Keep the question short, factual, and neutral. Detection summary: Image file: image_25_jpg.rf.5a9dc64c208ef3f8fa3c385bfff8302d.jpg. Detected amenity: black and silver electric hairdryer on a bathroom wall. Detection confidence: low (0.11). Source prompt type: long. Question:",What is the name of the hotel amenity?,What is the color of the electric hairdryer?,Does the hotel room have a hairdryer?,Is the hairdryer provided in the room or only available in the bathroom?
image_2_jpg.rf.8df448081dde58fa8af07a416bdd84b3.jpg,wall-mounted hotel hairdryer,0.1339107453823089,82.90086364746094,68.41072082519531,532.421875,613.5489501953125,variants,Image file: image_2_jpg.rf.8df448081dde58fa8af07a416bdd84b3.jpg. Detected amenity: wall-mounted hotel hairdryer. Detection confidence: low (0.13). Source prompt type: variants.,"You are generating hotel amenity questions for guests browsing accommodation photos. Given the detection summary below, generate a hotel amenity related question that a guest may ask or a guest might want to be answeredwhile browsing accommodation images. Keep the question short, factual, and neutral. Detection summary: Image file: image_2_jpg.rf.8df448081dde58fa8af07a416bdd84b3.jpg. Detected amenity: wall-mounted hotel hairdryer. Detection confidence: low (0.13). Source prompt type: variants. Question:",What is the name of the hotel hairdryer?,What is the location of the hotel hairdryer?,Is a hairdryer provided in the room?,Is a hairdryer provided in the room?
image_184_jpg.rf.1494cb37009e1f8e4b49d18168d13076.jpg,wall-mounted hotel hairdryer,0.1107300445437431,353.92578125,108.60490417480467,637.7528076171875,613.1641845703125,variants,Image file: image_184_jpg.rf.1494cb37009e1f8e4b49d18168d13076.jpg. Detected amenity: wall-mounted hotel hairdryer. Detection confidence: low (0.11). Source prompt type: variants.,"You are generating hotel amenity questions for guests browsing accommodation photos. Given the detection summary below, generate a hotel amenity related question that a guest may ask or a guest might want to be answeredwhile browsing accommodation images. Keep the question short, factual, and neutral. Detection summary: Image file: image_184_jpg.rf.1494cb37009e1f8e4b49d18168d13076.jpg. Detected amenity: wall-mounted hotel hairdryer. Detection confidence: low (0.11). Source prompt type: variants. Question:",What is the name of the hotel hairdryer?,What type of amenity is the hotel hairdryer?,Is a hairdryer provided in the room?,Does the room have a wall-mounted hairdryer?
image_184_jpg.rf.1494cb37009e1f8e4b49d18168d13076.jpg,wall-mounted hotel hairdryer,0.1008945629000663,362.4530334472656,355.820068359375,639.779296875,603.1417236328125,variants,Image file: image_184_jpg.rf.1494cb37009e1f8e4b49d18168d13076.jpg. Detected amenity: wall-mounted hotel hairdryer. Detection confidence: low (0.10). Source prompt type: variants.,"You are generating hotel amenity questions for guests browsing accommodation photos. Given the detection summary below, generate a hotel amenity related question that a guest may ask or a guest might want to be answeredwhile browsing accommodation images. Keep the question short, factual, and neutral. Detection summary: Image file: image_184_jpg.rf.1494cb37009e1f8e4b49d18168d13076.jpg. Detected amenity: wall-mounted hotel hairdryer. Detection confidence: low (0.10). Source prompt type: variants. Question:",What is the name of the hotel hairdryer?,What is the name of the hotel hairdryer?,Is a hairdryer provided in the room?,Is a hairdryer provided in the room?
image_213_jpg.rf.7f391b31c32428bb89678b1648b2fe93.jpg,wall-mounted hotel hairdryer,0.2852652966976166,9.37875747680664,78.19174194335938,646.2325439453125,518.2324829101562,variants,Image file: image_213_jpg.rf.7f391b31c32428bb89678b1648b2fe93.jpg. Detected amenity: wall-mounted hotel hairdryer. Detection confidence: low (0.29). Source prompt type: variants.,"You are generating hotel amenity questions for guests browsing accommodation photos. Given the detection summary below, generate a hotel amenity related question that a guest may ask or a guest might want to be answeredwhile browsing accommodation images. Keep the question short, factual, and neutral. Detection summary: Image file: image_213_jpg.rf.7f391b31c32428bb89678b1648b2fe93.jpg. Detected amenity: wall-mounted hotel hairdryer. Detection confidence: low (0.29). Source prompt type: variants. Question:",What is the name of the hotel hairdryer?,What is the location of the hotel hairdryer?,Is a hairdryer provided in the room?,Does the hotel room come with a hairdryer?
image_3_jpg.rf.b0aa366ebbf555c57aa9d25b11c62508.jpg,hairdryer,0.4496845602989197,78.98811340332031,9.918651580810549,591.8076171875,632.7880859375,variants,Image file: image_3_jpg.rf.b0aa366ebbf555c57aa9d25b11c62508.jpg. Detected amenity: hairdryer. Detection confidence: medium (0.45). Source prompt type: variants.,"You are generating hotel amenity questions for guests browsing accommodation photos. Given the detection summary below, generate a hotel amenity related question that a guest may ask or a guest might want to be answeredwhile browsing accommodation images. Keep the question short, factual, and neutral. Detection summary: Image file: image_3_jpg.rf.b0aa366ebbf555c57aa9d25b11c62508.jpg. Detected amenity: hairdryer. Detection confidence: medium (0.45). Source prompt type: variants. Question:",What type of amenity is hairdryer?,What is the name of the hotel that has a hairdryer?,Is a hairdryer provided in the room?,Is a hairdryer provided in the room?
image_113_jpg.rf.8fe60c21b8e1d39aeac00c7caf2ec323.jpg,portable travel hair dryer,0.1385917216539383,365.1463012695313,173.96644592285156,575.54296875,444.49798583984375,variants,Image file: image_113_jpg.rf.8fe60c21b8e1d39aeac00c7caf2ec323.jpg. Detected amenity: portable travel hair dryer. Detection confidence: low (0.14). Source prompt type: variants.,"You are generating hotel amenity questions for guests browsing accommodation photos. Given the detection summary below, generate a hotel amenity related question that a guest may ask or a guest might want to be answeredwhile browsing accommodation images. Keep the question short, factual, and neutral. Detection summary: Image file: image_113_jpg.rf.8fe60c21b8e1d39aeac00c7caf2ec323.jpg. Detected amenity: portable travel hair dryer. Detection confidence: low (0.14). Source prompt type: variants. Question:",What is the name of the portable travel hair dryer?,What type of amenity is the portable travel hair dryer?,Does the room come with a hair dryer?,Is a portable travel hair dryer provided in the room?
image_113_jpg.rf.8fe60c21b8e1d39aeac00c7caf2ec323.jpg,hairdryer,0.3518679440021515,366.5673522949219,175.99684143066406,576.7930297851562,643.19140625,variants,Image file: image_113_jpg.rf.8fe60c21b8e1d39aeac00c7caf2ec323.jpg. Detected amenity: hairdryer. Detection confidence: medium (0.35). Source prompt type: variants.,"You are generating hotel amenity questions for guests browsing accommodation photos. Given the detection summary below, generate a hotel amenity related question that a guest may ask or a guest might want to be answeredwhile browsing accommodation images. Keep the question short, factual, and neutral. Detection summary: Image file: image_113_jpg.rf.8fe60c21b8e1d39aeac00c7caf2ec323.jpg. Detected amenity: hairdryer. Detection confidence: medium (0.35). Source prompt type: variants. Question:",What type of amenity is hairdryer?,What is the name of the hotel that has a hairdryer?,Does the room come with a hairdryer?,Is a hairdryer provided in the room?
image_120_jpg.rf.e4b2ddad1fc0c6291c75e29b800c7cb2.jpg,wall-mounted hotel hairdryer,0.3001886010169983,40.22274017333984,7.414264678955078,557.0294189453125,638.7670288085938,variants,Image file: image_120_jpg.rf.e4b2ddad1fc0c6291c75e29b800c7cb2.jpg. Detected amenity: wall-mounted hotel hairdryer. Detection confidence: medium (0.30). Source prompt type: variants.,"You are generating hotel amenity questions for guests browsing accommodation photos. Given the detection summary below, generate a hotel amenity related question that a guest may ask or a guest might want to be answeredwhile browsing accommodation images. Keep the question short, factual, and neutral. Detection summary: Image file: image_120_jpg.rf.e4b2ddad1fc0c6291c75e29b800c7cb2.jpg. Detected amenity: wall-mounted hotel hairdryer. Detection confidence: medium (0.30). Source prompt type: variants. Question:",What is the name of the hotel hairdryer?,What is the location of the hotel hairdryer?,Is a hairdryer provided in the room?,Is there a wall-mounted hairdryer available in the room?
image_187_jpg.rf.0f544c0522e09095abbde905d8d987e0.jpg,wall-mounted hotel hairdryer,0.3273085951805115,18.78276824951172,53.331031799316406,643.475830078125,636.804931640625,variants,Image file: image_187_jpg.rf.0f544c0522e09095abbde905d8d987e0.jpg. Detected amenity: wall-mounted hotel hairdryer. Detection confidence: medium (0.33). Source prompt type: variants.,"You are generating hotel amenity questions for guests browsing accommodation photos. Given the detection summary below, generate a hotel amenity related question that a guest may ask or a guest might want to be answeredwhile browsing accommodation images. Keep the question short, factual, and neutral. Detection summary: Image file: image_187_jpg.rf.0f544c0522e09095abbde905d8d987e0.jpg. Detected amenity: wall-mounted hotel hairdryer. Detection confidence: medium (0.33). Source prompt type: variants. Question:",What is the name of the hotel hairdryer?,What is the name of the hotel hairdryer?,Is a hairdryer provided in the hotel room?,Is there a hairdryer available in the room?
image_208_jpg.rf.7f5f7997086cc940882df9a3c38c9c8e.jpg,wall-mounted hotel hairdryer,0.1420233696699142,47.90922164916992,157.8619842529297,471.38861083984375,431.52056884765625,variants,Image file: image_208_jpg.rf.7f5f7997086cc940882df9a3c38c9c8e.jpg. Detected amenity: wall-mounted hotel hairdryer. Detection confidence: low (0.14). Source prompt type: variants.,"You are generating hotel amenity questions for guests browsing accommodation photos. Given the detection summary below, generate a hotel amenity related question that a guest may ask or a guest might want to be answeredwhile browsing accommodation images. Keep the question short, factual, and neutral. Detection summary: Image file: image_208_jpg.rf.7f5f7997086cc940882df9a3c38c9c8e.jpg. Detected amenity: wall-mounted hotel hairdryer. Detection confidence: low (0.14). Source prompt type: variants. Question:",What is the name of the hotel hairdryer?,What is the location of the hotel hairdryer?,Is there a hairdryer provided in the room?,Does the hotel room have a wall-mounted hairdryer?
image_208_jpg.rf.7f5f7997086cc940882df9a3c38c9c8e.jpg,wall-mounted hotel hairdryer,0.1984992623329162,43.50858688354492,153.9801025390625,477.8877258300781,638.2564697265625,variants,Image file: image_208_jpg.rf.7f5f7997086cc940882df9a3c38c9c8e.jpg. Detected amenity: wall-mounted hotel hairdryer. Detection confidence: low (0.20). Source prompt type: variants.,"You are generating hotel amenity questions for guests browsing accommodation photos. Given the detection summary below, generate a hotel amenity related question that a guest may ask or a guest might want to be answeredwhile browsing accommodation images. Keep the question short, factual, and neutral. Detection summary: Image file: image_208_jpg.rf.7f5f7997086cc940882df9a3c38c9c8e.jpg. Detected amenity: wall-mounted hotel hairdryer. Detection confidence: low (0.20). Source prompt type: variants. Question:",What is the name of the hotel hairdryer?,What is the location of the hotel hairdryer?,Is a hairdryer provided in the hotel room?,Is there a hairdryer available in the room?
image_223_jpg.rf.a8468978715313d3034110ecfe3a71be.jpg,wall-mounted hotel hairdryer,0.3642561733722687,104.02711486816406,27.13644027709961,545.8306884765625,638.8361206054688,variants,Image file: image_223_jpg.rf.a8468978715313d3034110ecfe3a71be.jpg. Detected amenity: wall-mounted hotel hairdryer. Detection confidence: medium (0.36). Source prompt type: variants.,"You are generating hotel amenity questions for guests browsing accommodation photos. Given the detection summary below, generate a hotel amenity related question that a guest may ask or a guest might want to be answeredwhile browsing accommodation images. Keep the question short, factual, and neutral. Detection summary: Image file: image_223_jpg.rf.a8468978715313d3034110ecfe3a71be.jpg. Detected amenity: wall-mounted hotel hairdryer. Detection confidence: medium (0.36). Source prompt type: variants. Question:",What is the name of the hotel hairdryer?,What is the size of the hotel hairdryer?,Is a hairdryer provided in the hotel room?,Is there a wall-mounted hairdryer available in the room?
image_182_jpg.rf.3f7a9330c603e926eb91fc8e48ca1fa6.jpg,wall-mounted hotel hairdryer,0.122123546898365,-5.497779846191406,3.387413024902344,630.3917846679688,577.4351806640625,variants,Image file: image_182_jpg.rf.3f7a9330c603e926eb91fc8e48ca1fa6.jpg. Detected amenity: wall-mounted hotel hairdryer. Detection confidence: low (0.12). Source prompt type: variants.,"You are generating hotel amenity questions for guests browsing accommodation photos. Given the detection summary below, generate a hotel amenity related question that a guest may ask or a guest might want to be answeredwhile browsing accommodation images. Keep the question short, factual, and neutral. Detection summary: Image file: image_182_jpg.rf.3f7a9330c603e926eb91fc8e48ca1fa6.jpg. Detected amenity: wall-mounted hotel hairdryer. Detection confidence: low (0.12). Source prompt type: variants. Question:",What is the name of the hotel hairdryer?,What is the location of the hotel hairdryer?,Is a hairdryer provided in the room?,Does the hotel room have a hairdryer?
image_182_jpg.rf.3f7a9330c603e926eb91fc8e48ca1fa6.jpg,wall-mounted hotel hairdryer,0.5859508514404297,7.472438812255859,126.13531494140624,632.6736450195312,581.0186157226562,variants,Image file: image_182_jpg.rf.3f7a9330c603e926eb91fc8e48ca1fa6.jpg. Detected amenity: wall-mounted hotel hairdryer. Detection confidence: medium (0.59). Source prompt type: variants.,"You are generating hotel amenity questions for guests browsing accommodation photos. Given the detection summary below, generate a hotel amenity related question that a guest may ask or a guest might want to be answeredwhile browsing accommodation images. Keep the question short, factual, and neutral. Detection summary: Image file: image_182_jpg.rf.3f7a9330c603e926eb91fc8e48ca1fa6.jpg. Detected amenity: wall-mounted hotel hairdryer. Detection confidence: medium (0.59). Source prompt type: variants. Question:",What is the name of the hotel hairdryer?,What is the location of the hotel hairdryer?,Is a hairdryer provided in the hotel room?,Is the hairdryer wall-mounted in the room?
image_121_jpg.rf.c97725f3cda2e24d214b1299a23e3ba6.jpg,wall-mounted hotel hairdryer,0.4032838046550751,78.37478637695312,58.93199920654297,549.39111328125,638.6539916992188,variants,Image file: image_121_jpg.rf.c97725f3cda2e24d214b1299a23e3ba6.jpg. Detected amenity: wall-mounted hotel hairdryer. Detection confidence: medium (0.40). Source prompt type: variants.,"You are generating hotel amenity questions for guests browsing accommodation photos. Given the detection summary below, generate a hotel amenity related question that a guest may ask or a guest might want to be answeredwhile browsing accommodation images. Keep the question short, factual, and neutral. Detection summary: Image file: image_121_jpg.rf.c97725f3cda2e24d214b1299a23e3ba6.jpg. Detected amenity: wall-mounted hotel hairdryer. Detection confidence: medium (0.40). Source prompt type: variants. Question:",What is the name of the hotel hairdryer?,What is the location of the hotel hairdryer?,Is a hairdryer provided in the room?,Is there a hairdryer available in the room?
image_212_jpg.rf.513d3d8d3c589989790f5bd712037b9e.jpg,wall-mounted hotel hairdryer,0.2101267725229263,27.05760955810547,32.38670349121094,628.3426513671875,640.2198486328125,variants,Image file: image_212_jpg.rf.513d3d8d3c589989790f5bd712037b9e.jpg. Detected amenity: wall-mounted hotel hairdryer. Detection confidence: low (0.21). Source prompt type: variants.,"You are generating hotel amenity questions for guests browsing accommodation photos. Given the detection summary below, generate a hotel amenity related question that a guest may ask or a guest might want to be answeredwhile browsing accommodation images. Keep the question short, factual, and neutral. Detection summary: Image file: image_212_jpg.rf.513d3d8d3c589989790f5bd712037b9e.jpg. Detected amenity: wall-mounted hotel hairdryer. Detection confidence: low (0.21). Source prompt type: variants. Question:",What is the name of the hotel hairdryer?,What is the name of the hotel hairdryer?,Is a hairdryer provided in the room?,Is a hairdryer provided in the room?
image_212_jpg.rf.513d3d8d3c589989790f5bd712037b9e.jpg,portable travel hair dryer,0.3417466580867767,280.10028076171875,103.83689880371094,630.3875732421875,621.4309692382812,variants,Image file: image_212_jpg.rf.513d3d8d3c589989790f5bd712037b9e.jpg. Detected amenity: portable travel hair dryer. Detection confidence: medium (0.34). Source prompt type: variants.,"You are generating hotel amenity questions for guests browsing accommodation photos. Given the detection summary below, generate a hotel amenity related question that a guest may ask or a guest might want to be answeredwhile browsing accommodation images. Keep the question short, factual, and neutral. Detection summary: Image file: image_212_jpg.rf.513d3d8d3c589989790f5bd712037b9e.jpg. Detected amenity: portable travel hair dryer. Detection confidence: medium (0.34). Source prompt type: variants. Question:",What is the name of the hotel amenity?,What type of amenity is the portable travel hair dryer?,Does the room come with a hair dryer?,Does the hotel room have a portable travel hair dryer?
image_212_jpg.rf.513d3d8d3c589989790f5bd712037b9e.jpg,portable travel hair dryer,0.1241703033447265,19.276371002197266,10.92041015625,227.3433074951172,627.4505004882812,variants,Image file: image_212_jpg.rf.513d3d8d3c589989790f5bd712037b9e.jpg. Detected amenity: portable travel hair dryer. Detection confidence: low (0.12). Source prompt type: variants.,"You are generating hotel amenity questions for guests browsing accommodation photos. Given the detection summary below, generate a hotel amenity related question that a guest may ask or a guest might want to be answeredwhile browsing accommodation images. Keep the question short, factual, and neutral. Detection summary: Image file: image_212_jpg.rf.513d3d8d3c589989790f5bd712037b9e.jpg. Detected amenity: portable travel hair dryer. Detection confidence: low (0.12). Source prompt type: variants. Question:",What is the name of the hotel amenity?,What type of amenity is the portable travel hair dryer?,Does the room come with a hair dryer?,Does the hotel room have a portable travel hair dryer available?
image_81_jpg.rf.96b8fcb55da1561f40269a4587f5fad4.jpg,wall-mounted hotel hairdryer,0.1482552736997604,31.451377868652344,85.2414321899414,597.254150390625,644.1409301757812,variants,Image file: image_81_jpg.rf.96b8fcb55da1561f40269a4587f5fad4.jpg. Detected amenity: wall-mounted hotel hairdryer. Detection confidence: low (0.15). Source prompt type: variants.,"You are generating hotel amenity questions for guests browsing accommodation photos. Given the detection summary below, generate a hotel amenity related question that a guest may ask or a guest might want to be answeredwhile browsing accommodation images. Keep the question short, factual, and neutral. Detection summary: Image file: image_81_jpg.rf.96b8fcb55da1561f40269a4587f5fad4.jpg. Detected amenity: wall-mounted hotel hairdryer. Detection confidence: low (0.15). Source prompt type: variants. Question:",What is the name of the hotel hairdryer?,What is the location of the hotel hairdryer?,Is a hairdryer provided in the hotel room?,Does the room have a wall-mounted hairdryer?
image_81_jpg.rf.96b8fcb55da1561f40269a4587f5fad4.jpg,wall-mounted hotel hairdryer,0.2221551388502121,29.6096420288086,82.99999237060547,609.0653076171875,646.8658447265625,variants,Image file: image_81_jpg.rf.96b8fcb55da1561f40269a4587f5fad4.jpg. Detected amenity: wall-mounted hotel hairdryer. Detection confidence: low (0.22). Source prompt type: variants.,"You are generating hotel amenity questions for guests browsing accommodation photos. Given the detection summary below, generate a hotel amenity related question that a guest may ask or a guest might want to be answeredwhile browsing accommodation images. Keep the question short, factual, and neutral. Detection summary: Image file: image_81_jpg.rf.96b8fcb55da1561f40269a4587f5fad4.jpg. Detected amenity: wall-mounted hotel hairdryer. Detection confidence: low (0.22). Source prompt type: variants. Question:",What is the name of the hotel hairdryer?,What is the name of the hotel hairdryer?,Is a hairdryer provided in the room?,Is there a hairdryer available in the room?
image_15_jpg.rf.a86bef245694e8805535fb08469421b5.jpg,wall-mounted hotel hairdryer,0.1385207623243332,32.09522247314453,28.19601058959961,582.5953979492188,594.1344604492188,variants,Image file: image_15_jpg.rf.a86bef245694e8805535fb08469421b5.jpg. Detected amenity: wall-mounted hotel hairdryer. Detection confidence: low (0.14). Source prompt type: variants.,"You are generating hotel amenity questions for guests browsing accommodation photos. Given the detection summary below, generate a hotel amenity related question that a guest may ask or a guest might want to be answeredwhile browsing accommodation images. Keep the question short, factual, and neutral. Detection summary: Image file: image_15_jpg.rf.a86bef245694e8805535fb08469421b5.jpg. Detected amenity: wall-mounted hotel hairdryer. Detection confidence: low (0.14). Source prompt type: variants. Question:",What is the name of the hotel hairdryer?,What type of amenity is the hotel hairdryer?,Is a hairdryer provided in the room?,Does the room come with a hairdryer?
image_15_jpg.rf.a86bef245694e8805535fb08469421b5.jpg,wall-mounted hotel hairdryer,0.1087481305003166,34.85213851928711,190.24728393554688,182.14181518554688,480.99798583984375,variants,Image file: image_15_jpg.rf.a86bef245694e8805535fb08469421b5.jpg. Detected amenity: wall-mounted hotel hairdryer. Detection confidence: low (0.11). Source prompt type: variants.,"You are generating hotel amenity questions for guests browsing accommodation photos. Given the detection summary below, generate a hotel amenity related question that a guest may ask or a guest might want to be answeredwhile browsing accommodation images. Keep the question short, factual, and neutral. Detection summary: Image file: image_15_jpg.rf.a86bef245694e8805535fb08469421b5.jpg. Detected amenity: wall-mounted hotel hairdryer. Detection confidence: low (0.11). Source prompt type: variants. Question:",What is the name of the hotel hairdryer?,What type of amenity is the hotel hairdryer?,Is a hairdryer provided in the room?,Does the room have a wall-mounted hairdryer?
image_15_jpg.rf.a86bef245694e8805535fb08469421b5.jpg,wall-mounted hotel hairdryer,0.1720271557569503,32.74707794189453,195.27166748046875,315.58087158203125,536.6280517578125,variants,Image file: image_15_jpg.rf.a86bef245694e8805535fb08469421b5.jpg. Detected amenity: wall-mounted hotel hairdryer. Detection confidence: low (0.17). Source prompt type: variants.,"You are generating hotel amenity questions for guests browsing accommodation photos. Given the detection summary below, generate a hotel amenity related question that a guest may ask or a guest might want to be answeredwhile browsing accommodation images. Keep the question short, factual, and neutral. Detection summary: Image file: image_15_jpg.rf.a86bef245694e8805535fb08469421b5.jpg. Detected amenity: wall-mounted hotel hairdryer. Detection confidence: low (0.17). Source prompt type: variants. Question:",What is the name of the hotel hairdryer?,What is the location of the hotel hairdryer?,Is a hairdryer provided in the room?,Does the hotel room have a hairdryer?
image_180_jpg.rf.f203059aebd70a3d03b0a78518772eed.jpg,portable travel hair dryer,0.1355459541082382,88.29063415527344,219.1285400390625,561.5563354492188,419.0301513671875,variants,Image file: image_180_jpg.rf.f203059aebd70a3d03b0a78518772eed.jpg. Detected amenity: portable travel hair dryer. Detection confidence: low (0.14). Source prompt type: variants.,"You are generating hotel amenity questions for guests browsing accommodation photos. Given the detection summary below, generate a hotel amenity related question that a guest may ask or a guest might want to be answeredwhile browsing accommodation images. Keep the question short, factual, and neutral. Detection summary: Image file: image_180_jpg.rf.f203059aebd70a3d03b0a78518772eed.jpg. Detected amenity: portable travel hair dryer. Detection confidence: low (0.14). Source prompt type: variants. Question:",What is the name of the portable travel hair dryer?,What type of amenity is the portable travel hair dryer?,Does the room come with a hair dryer?,Does the hotel room have a portable travel hair dryer?
image_24_jpg.rf.32f4a380b1ea6a5e5578cd59b7bcacbf.jpg,wall-mounted hotel hairdryer,0.1343152821063995,346.9708557128906,336.51202392578125,627.1022338867188,640.426025390625,variants,Image file: image_24_jpg.rf.32f4a380b1ea6a5e5578cd59b7bcacbf.jpg. Detected amenity: wall-mounted hotel hairdryer. Detection confidence: low (0.13). Source prompt type: variants.,"You are generating hotel amenity questions for guests browsing accommodation photos. Given the detection summary below, generate a hotel amenity related question that a guest may ask or a guest might want to be answeredwhile browsing accommodation images. Keep the question short, factual, and neutral. Detection summary: Image file: image_24_jpg.rf.32f4a380b1ea6a5e5578cd59b7bcacbf.jpg. Detected amenity: wall-mounted hotel hairdryer. Detection confidence: low (0.13). Source prompt type: variants. Question:",What is the name of the hotel hairdryer?,What is the location of the hotel hairdryer?,Is a hairdryer provided in the hotel room?,Is a hairdryer provided in the room?
image_66_jpg.rf.af050c556c5cd20d9219cdc2b457eca1.jpg,wall-mounted hotel hairdryer,0.1706510484218597,56.8543815612793,41.04860305786133,520.214111328125,635.8487548828125,variants,Image file: image_66_jpg.rf.af050c556c5cd20d9219cdc2b457eca1.jpg. Detected amenity: wall-mounted hotel hairdryer. Detection confidence: low (0.17). Source prompt type: variants.,"You are generating hotel amenity questions for guests browsing accommodation photos. Given the detection summary below, generate a hotel amenity related question that a guest may ask or a guest might want to be answeredwhile browsing accommodation images. Keep the question short, factual, and neutral. Detection summary: Image file: image_66_jpg.rf.af050c556c5cd20d9219cdc2b457eca1.jpg. Detected amenity: wall-mounted hotel hairdryer. Detection confidence: low (0.17). Source prompt type: variants. Question:",What is the name of the hotel hairdryer?,What is the location of the hotel hairdryer?,Is a hairdryer provided in the room?,Is a hairdryer provided in the room?
image_17_jpg.rf.b673ad741572ab3396f75b58362cdd14.jpg,hairdryer,0.445760577917099,81.87567138671875,6.897239685058594,591.38134765625,631.85888671875,variants,Image file: image_17_jpg.rf.b673ad741572ab3396f75b58362cdd14.jpg. Detected amenity: hairdryer. Detection confidence: medium (0.45). Source prompt type: variants.,"You are generating hotel amenity questions for guests browsing accommodation photos. Given the detection summary below, generate a hotel amenity related question that a guest may ask or a guest might want to be answeredwhile browsing accommodation images. Keep the question short, factual, and neutral. Detection summary: Image file: image_17_jpg.rf.b673ad741572ab3396f75b58362cdd14.jpg. Detected amenity: hairdryer. Detection confidence: medium (0.45). Source prompt type: variants. Question:",What type of amenity is hairdryer?,What is the name of the hotel that has a hairdryer?,Does the room come with a hairdryer?,Is a hairdryer provided in the room?
image_210_jpg.rf.53404c2712d1be8c2f6dccd8974d4639.jpg,wall-mounted hotel hairdryer,0.2272594422101974,7.405128479003906,320.3544616699219,564.0821533203125,640.6688232421875,variants,Image file: image_210_jpg.rf.53404c2712d1be8c2f6dccd8974d4639.jpg. Detected amenity: wall-mounted hotel hairdryer. Detection confidence: low (0.23). Source prompt type: variants.,"You are generating hotel amenity questions for guests browsing accommodation photos. Given the detection summary below, generate a hotel amenity related question that a guest may ask or a guest might want to be answeredwhile browsing accommodation images. Keep the question short, factual, and neutral. Detection summary: Image file: image_210_jpg.rf.53404c2712d1be8c2f6dccd8974d4639.jpg. Detected amenity: wall-mounted hotel hairdryer. Detection confidence: low (0.23). Source prompt type: variants. Question:",What is the name of the hotel hairdryer?,What is the name of the hotel hairdryer?,Is a hairdryer provided in the room?,Is a hairdryer provided in the room?
image_27_jpg.rf.f8c616f9bad5a0fbc302976a32b6bae8.jpg,hairdryer,0.4043796062469482,71.12432861328125,103.80722045898438,504.8543701171875,636.9561157226562,variants,Image file: image_27_jpg.rf.f8c616f9bad5a0fbc302976a32b6bae8.jpg. Detected amenity: hairdryer. Detection confidence: medium (0.40). Source prompt type: variants.,"You are generating hotel amenity questions for guests browsing accommodation photos. Given the detection summary below, generate a hotel amenity related question that a guest may ask or a guest might want to be answeredwhile browsing accommodation images. Keep the question short, factual, and neutral. Detection summary: Image file: image_27_jpg.rf.f8c616f9bad5a0fbc302976a32b6bae8.jpg. Detected amenity: hairdryer. Detection confidence: medium (0.40). Source prompt type: variants. Question:",What type of amenity is hairdryer?,What type of amenity is the hairdryer?,Is a hairdryer provided in the room?,Is a hairdryer provided in the room?
image_56_jpg.rf.40336d66e18a46f793f1ae1c6dbbd6ca.jpg,wall-mounted hotel hairdryer,0.1480477452278137,43.20644378662109,96.47886657714844,631.7115478515625,478.4485473632813,variants,Image file: image_56_jpg.rf.40336d66e18a46f793f1ae1c6dbbd6ca.jpg. Detected amenity: wall-mounted hotel hairdryer. Detection confidence: low (0.15). Source prompt type: variants.,"You are generating hotel amenity questions for guests browsing accommodation photos. Given the detection summary below, generate a hotel amenity related question that a guest may ask or a guest might want to be answeredwhile browsing accommodation images. Keep the question short, factual, and neutral. Detection summary: Image file: image_56_jpg.rf.40336d66e18a46f793f1ae1c6dbbd6ca.jpg. Detected amenity: wall-mounted hotel hairdryer. Detection confidence: low (0.15). Source prompt type: variants. Question:",What is the name of the hotel hairdryer?,What is the location of the hotel hairdryer?,Is a hairdryer provided in the hotel room?,Is a hairdryer provided in the room?
image_124_jpg.rf.bc4213e7f09001692f89e708b6f3ae9a.jpg,portable travel hair dryer,0.3800705969333648,116.33195495605467,30.33590316772461,427.29400634765625,444.1443481445313,variants,Image file: image_124_jpg.rf.bc4213e7f09001692f89e708b6f3ae9a.jpg. Detected amenity: portable travel hair dryer. Detection confidence: medium (0.38). Source prompt type: variants.,"You are generating hotel amenity questions for guests browsing accommodation photos. Given the detection summary below, generate a hotel amenity related question that a guest may ask or a guest might want to be answeredwhile browsing accommodation images. Keep the question short, factual, and neutral. Detection summary: Image file: image_124_jpg.rf.bc4213e7f09001692f89e708b6f3ae9a.jpg. Detected amenity: portable travel hair dryer. Detection confidence: medium (0.38). Source prompt type: variants. Question:",What is the name of the hotel amenity?,What type of amenity is the portable travel hair dryer?,Does the room come with a hair dryer?,Does the room have a portable travel hair dryer?
image_197_jpg.rf.b010a4e9c4cf7b558546634e17678d6b.jpg,hairdryer,0.2878447473049164,165.26876831054688,100.70387268066406,633.3292236328125,620.8050537109375,variants,Image file: image_197_jpg.rf.b010a4e9c4cf7b558546634e17678d6b.jpg. Detected amenity: hairdryer. Detection confidence: low (0.29). Source prompt type: variants.,"You are generating hotel amenity questions for guests browsing accommodation photos. Given the detection summary below, generate a hotel amenity related question that a guest may ask or a guest might want to be answeredwhile browsing accommodation images. Keep the question short, factual, and neutral. Detection summary: Image file: image_197_jpg.rf.b010a4e9c4cf7b558546634e17678d6b.jpg. Detected amenity: hairdryer. Detection confidence: low (0.29). Source prompt type: variants. Question:",What type of amenity is hairdryer?,What is the name of the hotel that has a hairdryer?,Is a hairdryer provided in the room?,Is a hairdryer available in the room?
image_127_jpg.rf.86c4f679c51a99dfa01e58959a5439a6.jpg,wall-mounted hotel hairdryer,0.2057407051324844,65.66788482666016,143.0221710205078,333.21539306640625,324.8775634765625,variants,Image file: image_127_jpg.rf.86c4f679c51a99dfa01e58959a5439a6.jpg. Detected amenity: wall-mounted hotel hairdryer. Detection confidence: low (0.21). Source prompt type: variants.,"You are generating hotel amenity questions for guests browsing accommodation photos. Given the detection summary below, generate a hotel amenity related question that a guest may ask or a guest might want to be answeredwhile browsing accommodation images. Keep the question short, factual, and neutral. Detection summary: Image file: image_127_jpg.rf.86c4f679c51a99dfa01e58959a5439a6.jpg. Detected amenity: wall-mounted hotel hairdryer. Detection confidence: low (0.21). Source prompt type: variants. Question:",What is the name of the hotel hairdryer?,What is the name of the hotel hairdryer?,Is a hairdryer provided in the hotel room?,Is a hairdryer provided in the room?
image_127_jpg.rf.86c4f679c51a99dfa01e58959a5439a6.jpg,wall-mounted hotel hairdryer,0.2649230360984802,149.13180541992188,343.8333740234375,572.4720458984375,637.5872802734375,variants,Image file: image_127_jpg.rf.86c4f679c51a99dfa01e58959a5439a6.jpg. Detected amenity: wall-mounted hotel hairdryer. Detection confidence: low (0.26). Source prompt type: variants.,"You are generating hotel amenity questions for guests browsing accommodation photos. Given the detection summary below, generate a hotel amenity related question that a guest may ask or a guest might want to be answeredwhile browsing accommodation images. Keep the question short, factual, and neutral. Detection summary: Image file: image_127_jpg.rf.86c4f679c51a99dfa01e58959a5439a6.jpg. Detected amenity: wall-mounted hotel hairdryer. Detection confidence: low (0.26). Source prompt type: variants. Question:",What is the name of the hotel hairdryer?,What is the location of the hotel hairdryer?,Is a hairdryer provided in the room?,Is a hairdryer provided in the room?
image_293_fp_jpg.rf.bd93e83bc51c9071ea9cd9e8c6d9a74a.jpg,wall-mounted hotel hairdryer,0.1061679348349571,452.3036193847656,279.7582702636719,509.7471618652344,335.4130859375,variants,Image file: image_293_fp_jpg.rf.bd93e83bc51c9071ea9cd9e8c6d9a74a.jpg. Detected amenity: wall-mounted hotel hairdryer. Detection confidence: low (0.11). Source prompt type: variants.,"You are generating hotel amenity questions for guests browsing accommodation photos. Given the detection summary below, generate a hotel amenity related question that a guest may ask or a guest might want to be answeredwhile browsing accommodation images. Keep the question short, factual, and neutral. Detection summary: Image file: image_293_fp_jpg.rf.bd93e83bc51c9071ea9cd9e8c6d9a74a.jpg. Detected amenity: wall-mounted hotel hairdryer. Detection confidence: low (0.11). Source prompt type: variants. Question:",What is the name of the hotel hairdryer?,What is the location of the hotel hairdryer?,Is a hairdryer provided in the room?,Does the hotel room have a hairdryer?
image_293_fp_jpg.rf.bd93e83bc51c9071ea9cd9e8c6d9a74a.jpg,wall-mounted hotel hairdryer,0.1018000841140747,453.21295166015625,476.5554504394531,517.6879272460938,512.342041015625,variants,Image file: image_293_fp_jpg.rf.bd93e83bc51c9071ea9cd9e8c6d9a74a.jpg. Detected amenity: wall-mounted hotel hairdryer. Detection confidence: low (0.10). Source prompt type: variants.,"You are generating hotel amenity questions for guests browsing accommodation photos. Given the detection summary below, generate a hotel amenity related question that a guest may ask or a guest might want to be answeredwhile browsing accommodation images. Keep the question short, factual, and neutral. Detection summary: Image file: image_293_fp_jpg.rf.bd93e83bc51c9071ea9cd9e8c6d9a74a.jpg. Detected amenity: wall-mounted hotel hairdryer. Detection confidence: low (0.10). Source prompt type: variants. Question:",What is the name of the hotel hairdryer?,What is the location of the hotel hairdryer?,Is a hairdryer provided in the room?,Does the room have a wall-mounted hairdryer?
image_138_jpg.rf.99873109fb946a5a17cd2206ddca1387.jpg,wall-mounted hotel hairdryer,0.3606855571269989,99.31967163085938,-0.3460502624511719,504.43994140625,615.1588134765625,variants,Image file: image_138_jpg.rf.99873109fb946a5a17cd2206ddca1387.jpg. Detected amenity: wall-mounted hotel hairdryer. Detection confidence: medium (0.36). Source prompt type: variants.,"You are generating hotel amenity questions for guests browsing accommodation photos. Given the detection summary below, generate a hotel amenity related question that a guest may ask or a guest might want to be answeredwhile browsing accommodation images. Keep the question short, factual, and neutral. Detection summary: Image file: image_138_jpg.rf.99873109fb946a5a17cd2206ddca1387.jpg. Detected amenity: wall-mounted hotel hairdryer. Detection confidence: medium (0.36). Source prompt type: variants. Question:",What is the name of the hotel hairdryer?,What is the size of the hotel hairdryer?,Is there a hairdryer provided in the room?,Is a hairdryer provided in the room?
image_134_jpg.rf.1c9e6a38c6483660e2049e24293a3e89.jpg,wall-mounted hotel hairdryer,0.1525105237960815,7.004108428955078,107.04779052734376,561.8988037109375,639.6451416015625,variants,Image file: image_134_jpg.rf.1c9e6a38c6483660e2049e24293a3e89.jpg. Detected amenity: wall-mounted hotel hairdryer. Detection confidence: low (0.15). Source prompt type: variants.,"You are generating hotel amenity questions for guests browsing accommodation photos. Given the detection summary below, generate a hotel amenity related question that a guest may ask or a guest might want to be answeredwhile browsing accommodation images. Keep the question short, factual, and neutral. Detection summary: Image file: image_134_jpg.rf.1c9e6a38c6483660e2049e24293a3e89.jpg. Detected amenity: wall-mounted hotel hairdryer. Detection confidence: low (0.15). Source prompt type: variants. Question:",What is the name of the hotel hairdryer?,What is the location of the hotel hairdryer?,Is a hairdryer provided in the room?,Is a hairdryer provided in the room?
image_134_jpg.rf.1c9e6a38c6483660e2049e24293a3e89.jpg,wall-mounted hotel hairdryer,0.3275292515754699,15.39104461669922,204.5677185058593,562.4326782226562,639.673828125,variants,Image file: image_134_jpg.rf.1c9e6a38c6483660e2049e24293a3e89.jpg. Detected amenity: wall-mounted hotel hairdryer. Detection confidence: medium (0.33). Source prompt type: variants.,"You are generating hotel amenity questions for guests browsing accommodation photos. Given the detection summary below, generate a hotel amenity related question that a guest may ask or a guest might want to be answeredwhile browsing accommodation images. Keep the question short, factual, and neutral. Detection summary: Image file: image_134_jpg.rf.1c9e6a38c6483660e2049e24293a3e89.jpg. Detected amenity: wall-mounted hotel hairdryer. Detection confidence: medium (0.33). Source prompt type: variants. Question:",What is the name of the hotel hairdryer?,What is the size of the hotel hairdryer?,Is a hairdryer provided in the hotel room?,Is a hairdryer provided in the room?
image_217_jpg.rf.9ff102abfffe891a26c5fc9db2ea8d93.jpg,wall-mounted hotel hairdryer,0.1849078983068466,120.72914123535156,4.695529937744141,639.7219848632812,421.24505615234375,variants,Image file: image_217_jpg.rf.9ff102abfffe891a26c5fc9db2ea8d93.jpg. Detected amenity: wall-mounted hotel hairdryer. Detection confidence: low (0.18). Source prompt type: variants.,"You are generating hotel amenity questions for guests browsing accommodation photos. Given the detection summary below, generate a hotel amenity related question that a guest may ask or a guest might want to be answeredwhile browsing accommodation images. Keep the question short, factual, and neutral. Detection summary: Image file: image_217_jpg.rf.9ff102abfffe891a26c5fc9db2ea8d93.jpg. Detected amenity: wall-mounted hotel hairdryer. Detection confidence: low (0.18). Source prompt type: variants. Question:",What is the name of the hotel hairdryer?,What is the location of the hotel hairdryer?,Is a hairdryer provided in the hotel room?,Does the hotel provide a hairdryer in the room?
image_217_jpg.rf.9ff102abfffe891a26c5fc9db2ea8d93.jpg,wall-mounted hotel hairdryer,0.4054198265075683,41.35017395019531,6.170463562011719,632.6305541992188,634.3482666015625,variants,Image file: image_217_jpg.rf.9ff102abfffe891a26c5fc9db2ea8d93.jpg. Detected amenity: wall-mounted hotel hairdryer. Detection confidence: medium (0.41). Source prompt type: variants.,"You are generating hotel amenity questions for guests browsing accommodation photos. Given the detection summary below, generate a hotel amenity related question that a guest may ask or a guest might want to be answeredwhile browsing accommodation images. Keep the question short, factual, and neutral. Detection summary: Image file: image_217_jpg.rf.9ff102abfffe891a26c5fc9db2ea8d93.jpg. Detected amenity: wall-mounted hotel hairdryer. Detection confidence: medium (0.41). Source prompt type: variants. Question:",What is the name of the hotel hairdryer?,What is the location of the hotel hairdryer?,Is a hairdryer provided in the hotel room?,Is the hairdryer wall-mounted in the room?
image_289_fp_jpg.rf.099ab5c358b233e588e3a18a23bde849.jpg,wall-mounted hotel hairdryer,0.1176495775580406,458.199462890625,107.38570404052734,492.7564086914063,150.7031707763672,variants,Image file: image_289_fp_jpg.rf.099ab5c358b233e588e3a18a23bde849.jpg. Detected amenity: wall-mounted hotel hairdryer. Detection confidence: low (0.12). Source prompt type: variants.,"You are generating hotel amenity questions for guests browsing accommodation photos. Given the detection summary below, generate a hotel amenity related question that a guest may ask or a guest might want to be answeredwhile browsing accommodation images. Keep the question short, factual, and neutral. Detection summary: Image file: image_289_fp_jpg.rf.099ab5c358b233e588e3a18a23bde849.jpg. Detected amenity: wall-mounted hotel hairdryer. Detection confidence: low (0.12). Source prompt type: variants. Question:",What is the name of the hotel hairdryer?,What is the location of the hotel hairdryer?,Is a hairdryer provided in the room?,Is a hairdryer provided in the room?
image_170_jpg.rf.ce4c98cc91d884c566607cdeb969c7e6.jpg,portable travel hair dryer,0.1523269861936569,138.0709228515625,108.57940673828124,492.1151123046875,497.78070068359375,variants,Image file: image_170_jpg.rf.ce4c98cc91d884c566607cdeb969c7e6.jpg. Detected amenity: portable travel hair dryer. Detection confidence: low (0.15). Source prompt type: variants.,"You are generating hotel amenity questions for guests browsing accommodation photos. Given the detection summary below, generate a hotel amenity related question that a guest may ask or a guest might want to be answeredwhile browsing accommodation images. Keep the question short, factual, and neutral. Detection summary: Image file: image_170_jpg.rf.ce4c98cc91d884c566607cdeb969c7e6.jpg. Detected amenity: portable travel hair dryer. Detection confidence: low (0.15). Source prompt type: variants. Question:",What is the name of the hotel amenity?,What type of amenity is the portable travel hair dryer?,Does the room come with a hair dryer?,Does the room have a hair dryer?
image_225_jpg.rf.adc994aa348d38b10f5167778a693738.jpg,electric hair dryer,0.1237164363265037,102.47430419921876,13.865070343017578,566.3934936523438,589.7966918945312,variants,Image file: image_225_jpg.rf.adc994aa348d38b10f5167778a693738.jpg. Detected amenity: electric hair dryer. Detection confidence: low (0.12). Source prompt type: variants.,"You are generating hotel amenity questions for guests browsing accommodation photos. Given the detection summary below, generate a hotel amenity related question that a guest may ask or a guest might want to be answeredwhile browsing accommodation images. Keep the question short, factual, and neutral. Detection summary: Image file: image_225_jpg.rf.adc994aa348d38b10f5167778a693738.jpg. Detected amenity: electric hair dryer. Detection confidence: low (0.12). Source prompt type: variants. Question:",What is the name of the hotel that has an electric hair dryer?,What type of amenity is the electric hair dryer?,Does the room come with an electric hair dryer?,Does the hotel room have an electric hair dryer available?
image_1_jpg.rf.fc586b3362ea1b4318966a9da87af261.jpg,wall-mounted hotel hairdryer,0.1343268901109695,64.68544006347656,274.299560546875,594.724609375,602.9570922851562,variants,Image file: image_1_jpg.rf.fc586b3362ea1b4318966a9da87af261.jpg. Detected amenity: wall-mounted hotel hairdryer. Detection confidence: low (0.13). Source prompt type: variants.,"You are generating hotel amenity questions for guests browsing accommodation photos. Given the detection summary below, generate a hotel amenity related question that a guest may ask or a guest might want to be answeredwhile browsing accommodation images. Keep the question short, factual, and neutral. Detection summary: Image file: image_1_jpg.rf.fc586b3362ea1b4318966a9da87af261.jpg. Detected amenity: wall-mounted hotel hairdryer. Detection confidence: low (0.13). Source prompt type: variants. Question:",What is the name of the hotel hairdryer?,What is the location of the hotel hairdryer?,Is there a hairdryer provided in the room?,Does the room come with a wall-mounted hairdryer?
image_64_jpg.rf.48a348ac43124b3e109635b3a0e538d6.jpg,wall-mounted hotel hairdryer,0.2217447161674499,20.424461364746094,45.777587890625,540.9917602539062,636.015625,variants,Image file: image_64_jpg.rf.48a348ac43124b3e109635b3a0e538d6.jpg. Detected amenity: wall-mounted hotel hairdryer. Detection confidence: low (0.22). Source prompt type: variants.,"You are generating hotel amenity questions for guests browsing accommodation photos. Given the detection summary below, generate a hotel amenity related question that a guest may ask or a guest might want to be answeredwhile browsing accommodation images. Keep the question short, factual, and neutral. Detection summary: Image file: image_64_jpg.rf.48a348ac43124b3e109635b3a0e538d6.jpg. Detected amenity: wall-mounted hotel hairdryer. Detection confidence: low (0.22). Source prompt type: variants. Question:",What is the name of the hotel hairdryer?,What is the name of the hotel hairdryer?,Is a hairdryer provided in the room?,Is a hairdryer provided in the room?
image_64_jpg.rf.48a348ac43124b3e109635b3a0e538d6.jpg,wall-mounted hotel hairdryer,0.1425554454326629,-0.7242774963378906,286.17547607421875,484.80767822265625,638.7037353515625,variants,Image file: image_64_jpg.rf.48a348ac43124b3e109635b3a0e538d6.jpg. Detected amenity: wall-mounted hotel hairdryer. Detection confidence: low (0.14). Source prompt type: variants.,"You are generating hotel amenity questions for guests browsing accommodation photos. Given the detection summary below, generate a hotel amenity related question that a guest may ask or a guest might want to be answeredwhile browsing accommodation images. Keep the question short, factual, and neutral. Detection summary: Image file: image_64_jpg.rf.48a348ac43124b3e109635b3a0e538d6.jpg. Detected amenity: wall-mounted hotel hairdryer. Detection confidence: low (0.14). Source prompt type: variants. Question:",What is the name of the hotel hairdryer?,What is the name of the hotel hairdryer?,Is a hairdryer provided in the room?,Is a hairdryer provided in the room?
image_50_jpg.rf.d3f60e1317c3b5d84880ddb7e7012572.jpg,wall-mounted hotel hairdryer,0.340173065662384,277.6809387207031,98.57292938232422,576.0201416015625,393.3492431640625,variants,Image file: image_50_jpg.rf.d3f60e1317c3b5d84880ddb7e7012572.jpg. Detected amenity: wall-mounted hotel hairdryer. Detection confidence: medium (0.34). Source prompt type: variants.,"You are generating hotel amenity questions for guests browsing accommodation photos. Given the detection summary below, generate a hotel amenity related question that a guest may ask or a guest might want to be answeredwhile browsing accommodation images. Keep the question short, factual, and neutral. Detection summary: Image file: image_50_jpg.rf.d3f60e1317c3b5d84880ddb7e7012572.jpg. Detected amenity: wall-mounted hotel hairdryer. Detection confidence: medium (0.34). Source prompt type: variants. Question:",What is the name of the hotel hairdryer?,What is the name of the hotel hairdryer?,Is a hairdryer provided in the room?,Does the hotel room have a wall-mounted hairdryer?
image_108_jpg.rf.737e2cf438196c741d4a9d69b8496da8.jpg,portable travel hair dryer,0.3406651020050049,103.14102172851562,213.99435424804688,423.8611450195313,638.5455322265625,variants,Image file: image_108_jpg.rf.737e2cf438196c741d4a9d69b8496da8.jpg. Detected amenity: portable travel hair dryer. Detection confidence: medium (0.34). Source prompt type: variants.,"You are generating hotel amenity questions for guests browsing accommodation photos. Given the detection summary below, generate a hotel amenity related question that a guest may ask or a guest might want to be answeredwhile browsing accommodation images. Keep the question short, factual, and neutral. Detection summary: Image file: image_108_jpg.rf.737e2cf438196c741d4a9d69b8496da8.jpg. Detected amenity: portable travel hair dryer. Detection confidence: medium (0.34). Source prompt type: variants. Question:",What is the name of the hotel amenity?,What type of amenity is the portable travel hair dryer?,Does the hotel room come with a hair dryer?,Is a portable travel hair dryer provided in the room?
image_108_jpg.rf.737e2cf438196c741d4a9d69b8496da8.jpg,wall-mounted hotel hairdryer,0.1077422350645065,95.57823181152344,175.90670776367188,643.0512084960938,639.147216796875,variants,Image file: image_108_jpg.rf.737e2cf438196c741d4a9d69b8496da8.jpg. Detected amenity: wall-mounted hotel hairdryer. Detection confidence: low (0.11). Source prompt type: variants.,"You are generating hotel amenity questions for guests browsing accommodation photos. Given the detection summary below, generate a hotel amenity related question that a guest may ask or a guest might want to be answeredwhile browsing accommodation images. Keep the question short, factual, and neutral. Detection summary: Image file: image_108_jpg.rf.737e2cf438196c741d4a9d69b8496da8.jpg. Detected amenity: wall-mounted hotel hairdryer. Detection confidence: low (0.11). Source prompt type: variants. Question:",What is the name of the hotel hairdryer?,What is the name of the hotel hairdryer?,Is a hairdryer provided in the room?,Is a hairdryer provided in the room?
image_108_jpg.rf.737e2cf438196c741d4a9d69b8496da8.jpg,wall-mounted hotel hairdryer,0.1095944494009018,103.1705322265625,216.4217987060547,442.0954895019531,642.262451171875,variants,Image file: image_108_jpg.rf.737e2cf438196c741d4a9d69b8496da8.jpg. Detected amenity: wall-mounted hotel hairdryer. Detection confidence: low (0.11). Source prompt type: variants.,"You are generating hotel amenity questions for guests browsing accommodation photos. Given the detection summary below, generate a hotel amenity related question that a guest may ask or a guest might want to be answeredwhile browsing accommodation images. Keep the question short, factual, and neutral. Detection summary: Image file: image_108_jpg.rf.737e2cf438196c741d4a9d69b8496da8.jpg. Detected amenity: wall-mounted hotel hairdryer. Detection confidence: low (0.11). Source prompt type: variants. Question:",What is the name of the hotel hairdryer?,What is the name of the hotel hairdryer?,Is a hairdryer provided in the room?,Is a hairdryer provided in the room?
image_145_jpg.rf.26f88d83b1a434eb960e586bf2a9f378.jpg,portable travel hair dryer,0.1387828141450882,98.55241394042967,28.812150955200195,504.0646362304688,332.494873046875,variants,Image file: image_145_jpg.rf.26f88d83b1a434eb960e586bf2a9f378.jpg. Detected amenity: portable travel hair dryer. Detection confidence: low (0.14). Source prompt type: variants.,"You are generating hotel amenity questions for guests browsing accommodation photos. Given the detection summary below, generate a hotel amenity related question that a guest may ask or a guest might want to be answeredwhile browsing accommodation images. Keep the question short, factual, and neutral. Detection summary: Image file: image_145_jpg.rf.26f88d83b1a434eb960e586bf2a9f378.jpg. Detected amenity: portable travel hair dryer. Detection confidence: low (0.14). Source prompt type: variants. Question:",What is the name of the portable travel hair dryer?,What type of amenity is the portable travel hair dryer?,Does the room come with a hair dryer?,Does the hotel room have a portable travel hair dryer available?
image_145_jpg.rf.26f88d83b1a434eb960e586bf2a9f378.jpg,wall-mounted hotel hairdryer,0.1239185258746147,51.95587158203125,26.833171844482425,581.4456787109375,580.9942016601562,variants,Image file: image_145_jpg.rf.26f88d83b1a434eb960e586bf2a9f378.jpg. Detected amenity: wall-mounted hotel hairdryer. Detection confidence: low (0.12). Source prompt type: variants.,"You are generating hotel amenity questions for guests browsing accommodation photos. Given the detection summary below, generate a hotel amenity related question that a guest may ask or a guest might want to be answeredwhile browsing accommodation images. Keep the question short, factual, and neutral. Detection summary: Image file: image_145_jpg.rf.26f88d83b1a434eb960e586bf2a9f378.jpg. Detected amenity: wall-mounted hotel hairdryer. Detection confidence: low (0.12). Source prompt type: variants. Question:",What is the name of the hotel hairdryer?,What is the name of the hotel hairdryer?,Is a hairdryer provided in the room?,Does the room have a wall-mounted hairdryer?
image_29_jpg.rf.a90c20a79c680ed1754cdfa9b9219bd1.jpg,wall-mounted hotel hairdryer,0.2007919698953628,3.69649887084961,121.44142150878906,627.5863037109375,635.788818359375,variants,Image file: image_29_jpg.rf.a90c20a79c680ed1754cdfa9b9219bd1.jpg. Detected amenity: wall-mounted hotel hairdryer. Detection confidence: low (0.20). Source prompt type: variants.,"You are generating hotel amenity questions for guests browsing accommodation photos. Given the detection summary below, generate a hotel amenity related question that a guest may ask or a guest might want to be answeredwhile browsing accommodation images. Keep the question short, factual, and neutral. Detection summary: Image file: image_29_jpg.rf.a90c20a79c680ed1754cdfa9b9219bd1.jpg. Detected amenity: wall-mounted hotel hairdryer. Detection confidence: low (0.20). Source prompt type: variants. Question:",What is the name of the hotel hairdryer?,What is the location of the hotel hairdryer?,Is a hairdryer provided in the room?,Is there a hairdryer available in the room?
image_29_jpg.rf.a90c20a79c680ed1754cdfa9b9219bd1.jpg,wall-mounted hotel hairdryer,0.1046739891171455,1.5841102600097656,120.5629425048828,456.998046875,393.3763427734375,variants,Image file: image_29_jpg.rf.a90c20a79c680ed1754cdfa9b9219bd1.jpg. Detected amenity: wall-mounted hotel hairdryer. Detection confidence: low (0.10). Source prompt type: variants.,"You are generating hotel amenity questions for guests browsing accommodation photos. Given the detection summary below, generate a hotel amenity related question that a guest may ask or a guest might want to be answeredwhile browsing accommodation images. Keep the question short, factual, and neutral. Detection summary: Image file: image_29_jpg.rf.a90c20a79c680ed1754cdfa9b9219bd1.jpg. Detected amenity: wall-mounted hotel hairdryer. Detection confidence: low (0.10). Source prompt type: variants. Question:",What is the name of the hotel hairdryer?,What is the name of the hotel hairdryer?,Is a hairdryer provided in the hotel room?,Does the room have a wall-mounted hairdryer?
image_60_jpg.rf.b29966f56913c52432bc50b3f4ae6ed5.jpg,hairdryer,0.1913196593523025,73.69190216064453,202.17459106445312,561.70068359375,571.3823852539062,variants,Image file: image_60_jpg.rf.b29966f56913c52432bc50b3f4ae6ed5.jpg. Detected amenity: hairdryer. Detection confidence: low (0.19). Source prompt type: variants.,"You are generating hotel amenity questions for guests browsing accommodation photos. Given the detection summary below, generate a hotel amenity related question that a guest may ask or a guest might want to be answeredwhile browsing accommodation images. Keep the question short, factual, and neutral. Detection summary: Image file: image_60_jpg.rf.b29966f56913c52432bc50b3f4ae6ed5.jpg. Detected amenity: hairdryer. Detection confidence: low (0.19). Source prompt type: variants. Question:",What type of amenity is hairdryer?,What is the name of the hotel that has a hairdryer?,Is a hairdryer provided in the room?,Is a hairdryer provided in the room?
image_194_jpg.rf.abd2c9fe075135aceeb7b815da254d40.jpg,wall-mounted hotel hairdryer,0.4557216465473175,89.38163757324219,129.7724151611328,430.6404418945313,544.27685546875,variants,Image file: image_194_jpg.rf.abd2c9fe075135aceeb7b815da254d40.jpg. Detected amenity: wall-mounted hotel hairdryer. Detection confidence: medium (0.46). Source prompt type: variants.,"You are generating hotel amenity questions for guests browsing accommodation photos. Given the detection summary below, generate a hotel amenity related question that a guest may ask or a guest might want to be answeredwhile browsing accommodation images. Keep the question short, factual, and neutral. Detection summary: Image file: image_194_jpg.rf.abd2c9fe075135aceeb7b815da254d40.jpg. Detected amenity: wall-mounted hotel hairdryer. Detection confidence: medium (0.46). Source prompt type: variants. Question:",What is the name of the hotel hairdryer?,What is the location of the hotel hairdryer?,Is a hairdryer provided in the room?,Is the wall-mounted hairdryer available in all rooms?
image_94_jpg.rf.22a14d6573487d9a3d749d33fdfcfefa.jpg,hairdryer,0.1515325605869293,441.1275634765625,92.98326110839844,581.3917236328125,523.5765991210938,variants,Image file: image_94_jpg.rf.22a14d6573487d9a3d749d33fdfcfefa.jpg. Detected amenity: hairdryer. Detection confidence: low (0.15). Source prompt type: variants.,"You are generating hotel amenity questions for guests browsing accommodation photos. Given the detection summary below, generate a hotel amenity related question that a guest may ask or a guest might want to be answeredwhile browsing accommodation images. Keep the question short, factual, and neutral. Detection summary: Image file: image_94_jpg.rf.22a14d6573487d9a3d749d33fdfcfefa.jpg. Detected amenity: hairdryer. Detection confidence: low (0.15). Source prompt type: variants. Question:",What type of amenity is hairdryer?,What is the name of the hotel that has a hairdryer?,Is a hairdryer provided in the room?,Is a hairdryer provided in the room?
image_94_jpg.rf.22a14d6573487d9a3d749d33fdfcfefa.jpg,hairdryer,0.1429375857114792,22.00977325439453,88.45386505126953,467.9646606445313,511.60943603515625,variants,Image file: image_94_jpg.rf.22a14d6573487d9a3d749d33fdfcfefa.jpg. Detected amenity: hairdryer. Detection confidence: low (0.14). Source prompt type: variants.,"You are generating hotel amenity questions for guests browsing accommodation photos. Given the detection summary below, generate a hotel amenity related question that a guest may ask or a guest might want to be answeredwhile browsing accommodation images. Keep the question short, factual, and neutral. Detection summary: Image file: image_94_jpg.rf.22a14d6573487d9a3d749d33fdfcfefa.jpg. Detected amenity: hairdryer. Detection confidence: low (0.14). Source prompt type: variants. Question:",What type of amenity is hairdryer?,What is the name of the hotel that has a hairdryer?,Is a hairdryer provided in the room?,Is a hairdryer provided in the room?
image_139_jpg.rf.a96316d65f400e9496df26b8b7affe97.jpg,portable travel hair dryer,0.3209669589996338,252.66070556640625,317.568603515625,639.5829467773438,642.710693359375,variants,Image file: image_139_jpg.rf.a96316d65f400e9496df26b8b7affe97.jpg. Detected amenity: portable travel hair dryer. Detection confidence: medium (0.32). Source prompt type: variants.,"You are generating hotel amenity questions for guests browsing accommodation photos. Given the detection summary below, generate a hotel amenity related question that a guest may ask or a guest might want to be answeredwhile browsing accommodation images. Keep the question short, factual, and neutral. Detection summary: Image file: image_139_jpg.rf.a96316d65f400e9496df26b8b7affe97.jpg. Detected amenity: portable travel hair dryer. Detection confidence: medium (0.32). Source prompt type: variants. Question:",What is the name of the hotel amenity?,What type of amenity is the portable travel hair dryer?,Does the room come with a hair dryer?,Does the hotel room have a portable travel hair dryer available?
image_199_jpg.rf.9651f094f30b33a7366a8b9e76484d83.jpg,hairdryer,0.1495229005813598,48.340919494628906,93.45343017578124,212.71807861328125,562.1181640625,variants,Image file: image_199_jpg.rf.9651f094f30b33a7366a8b9e76484d83.jpg. Detected amenity: hairdryer. Detection confidence: low (0.15). Source prompt type: variants.,"You are generating hotel amenity questions for guests browsing accommodation photos. Given the detection summary below, generate a hotel amenity related question that a guest may ask or a guest might want to be answeredwhile browsing accommodation images. Keep the question short, factual, and neutral. Detection summary: Image file: image_199_jpg.rf.9651f094f30b33a7366a8b9e76484d83.jpg. Detected amenity: hairdryer. Detection confidence: low (0.15). Source prompt type: variants. Question:",What is the name of the hotel amenity?,What is the name of the hotel that has a hairdryer?,Is a hairdryer provided in the room?,Is a hairdryer available in the room?
image_230_jpg.rf.83ddb0a3e6b12aeb2af1182cbc71fe2c.jpg,wall-mounted hotel hairdryer,0.2570899426937103,2.4332046508789062,327.9578857421875,474.4054565429688,635.5347290039062,variants,Image file: image_230_jpg.rf.83ddb0a3e6b12aeb2af1182cbc71fe2c.jpg. Detected amenity: wall-mounted hotel hairdryer. Detection confidence: low (0.26). Source prompt type: variants.,"You are generating hotel amenity questions for guests browsing accommodation photos. Given the detection summary below, generate a hotel amenity related question that a guest may ask or a guest might want to be answeredwhile browsing accommodation images. Keep the question short, factual, and neutral. Detection summary: Image file: image_230_jpg.rf.83ddb0a3e6b12aeb2af1182cbc71fe2c.jpg. Detected amenity: wall-mounted hotel hairdryer. Detection confidence: low (0.26). Source prompt type: variants. Question:",What is the name of the hotel hairdryer?,What is the location of the hotel hairdryer?,Is a hairdryer provided in the hotel room?,Is there a hairdryer available in the room?
image_200_jpg.rf.e9759f8e0aab5b79dc861d6639fd67d6.jpg,portable travel hair dryer,0.1202303245663642,133.3731689453125,120.30967712402344,541.53759765625,510.4232482910156,variants,Image file: image_200_jpg.rf.e9759f8e0aab5b79dc861d6639fd67d6.jpg. Detected amenity: portable travel hair dryer. Detection confidence: low (0.12). Source prompt type: variants.,"You are generating hotel amenity questions for guests browsing accommodation photos. Given the detection summary below, generate a hotel amenity related question that a guest may ask or a guest might want to be answeredwhile browsing accommodation images. Keep the question short, factual, and neutral. Detection summary: Image file: image_200_jpg.rf.e9759f8e0aab5b79dc861d6639fd67d6.jpg. Detected amenity: portable travel hair dryer. Detection confidence: low (0.12). Source prompt type: variants. Question:",What is the name of the hotel amenity?,What type of amenity is the portable travel hair dryer?,Does the room come with a hair dryer?,Does the hotel room have a portable travel hair dryer available?
image_200_jpg.rf.e9759f8e0aab5b79dc861d6639fd67d6.jpg,wall-mounted hotel hairdryer,0.424759030342102,127.1405029296875,124.84022521972656,608.328369140625,568.201416015625,variants,Image file: image_200_jpg.rf.e9759f8e0aab5b79dc861d6639fd67d6.jpg. Detected amenity: wall-mounted hotel hairdryer. Detection confidence: medium (0.42). Source prompt type: variants.,"You are generating hotel amenity questions for guests browsing accommodation photos. Given the detection summary below, generate a hotel amenity related question that a guest may ask or a guest might want to be answeredwhile browsing accommodation images. Keep the question short, factual, and neutral. Detection summary: Image file: image_200_jpg.rf.e9759f8e0aab5b79dc861d6639fd67d6.jpg. Detected amenity: wall-mounted hotel hairdryer. Detection confidence: medium (0.42). Source prompt type: variants. Question:",What is the name of the hotel hairdryer?,What is the location of the hotel hairdryer?,Is a hairdryer provided in the room?,Does the room come with a wall-mounted hairdryer?
image_288_fp_jpg.rf.a586a7a8a38097439b7e13ad0e02c731.jpg,wall-mounted hotel hairdryer,0.101847656071186,166.9755859375,194.7301483154297,264.8839111328125,257.16961669921875,variants,Image file: image_288_fp_jpg.rf.a586a7a8a38097439b7e13ad0e02c731.jpg. Detected amenity: wall-mounted hotel hairdryer. Detection confidence: low (0.10). Source prompt type: variants.,"You are generating hotel amenity questions for guests browsing accommodation photos. Given the detection summary below, generate a hotel amenity related question that a guest may ask or a guest might want to be answeredwhile browsing accommodation images. Keep the question short, factual, and neutral. Detection summary: Image file: image_288_fp_jpg.rf.a586a7a8a38097439b7e13ad0e02c731.jpg. Detected amenity: wall-mounted hotel hairdryer. Detection confidence: low (0.10). Source prompt type: variants. Question:",What is the name of the hotel hairdryer?,What is the location of the hotel hairdryer?,Is a hairdryer provided in the hotel room?,Does the hotel room have a wall-mounted hairdryer?
image_219_jpg.rf.b7b1c2e5da0f5a0819b9579699b51ec1.jpg,wall-mounted hotel hairdryer,0.2548085153102875,357.4338073730469,229.0345916748047,641.5277709960938,551.4095458984375,variants,Image file: image_219_jpg.rf.b7b1c2e5da0f5a0819b9579699b51ec1.jpg. Detected amenity: wall-mounted hotel hairdryer. Detection confidence: low (0.25). Source prompt type: variants.,"You are generating hotel amenity questions for guests browsing accommodation photos. Given the detection summary below, generate a hotel amenity related question that a guest may ask or a guest might want to be answeredwhile browsing accommodation images. Keep the question short, factual, and neutral. Detection summary: Image file: image_219_jpg.rf.b7b1c2e5da0f5a0819b9579699b51ec1.jpg. Detected amenity: wall-mounted hotel hairdryer. Detection confidence: low (0.25). Source prompt type: variants. Question:",What is the name of the hotel hairdryer?,What is the location of the hotel hairdryer?,Is a hairdryer provided in the hotel room?,Does the room have a wall-mounted hairdryer?
image_123_jpg.rf.76b71486020fecaf299b8d2f5d8a0ebd.jpg,wall-mounted hotel hairdryer,0.2857397198677063,0.6543159484863281,95.80814361572266,429.6221923828125,647.42236328125,variants,Image file: image_123_jpg.rf.76b71486020fecaf299b8d2f5d8a0ebd.jpg. Detected amenity: wall-mounted hotel hairdryer. Detection confidence: low (0.29). Source prompt type: variants.,"You are generating hotel amenity questions for guests browsing accommodation photos. Given the detection summary below, generate a hotel amenity related question that a guest may ask or a guest might want to be answeredwhile browsing accommodation images. Keep the question short, factual, and neutral. Detection summary: Image file: image_123_jpg.rf.76b71486020fecaf299b8d2f5d8a0ebd.jpg. Detected amenity: wall-mounted hotel hairdryer. Detection confidence: low (0.29). Source prompt type: variants. Question:",What is the name of the hotel hairdryer?,What is the location of the hotel hairdryer?,Is a hairdryer provided in the room?,Is a hairdryer provided in the room?
image_266_fp_jpg.rf.995760b59cf42bdb91c4af0f2abfdaa8.jpg,electric hair dryer,0.3273200392723083,96.12332153320312,144.58322143554688,367.6031188964844,556.0972900390625,variants,Image file: image_266_fp_jpg.rf.995760b59cf42bdb91c4af0f2abfdaa8.jpg. Detected amenity: electric hair dryer. Detection confidence: medium (0.33). Source prompt type: variants.,"You are generating hotel amenity questions for guests browsing accommodation photos. Given the detection summary below, generate a hotel amenity related question that a guest may ask or a guest might want to be answeredwhile browsing accommodation images. Keep the question short, factual, and neutral. Detection summary: Image file: image_266_fp_jpg.rf.995760b59cf42bdb91c4af0f2abfdaa8.jpg. Detected amenity: electric hair dryer. Detection confidence: medium (0.33). Source prompt type: variants. Question:",What is the name of the hotel that has a hair dryer?,What type of amenity is the electric hair dryer?,Does the room come with an electric hair dryer?,Is there an electric hair dryer available in the room?
image_78_jpg.rf.5be20c1c0d94720f18923e248cb45163.jpg,wall-mounted hotel hairdryer,0.5452371835708618,115.95218658447266,55.83637237548828,517.8583984375,639.1880493164062,variants,Image file: image_78_jpg.rf.5be20c1c0d94720f18923e248cb45163.jpg. Detected amenity: wall-mounted hotel hairdryer. Detection confidence: medium (0.55). Source prompt type: variants.,"You are generating hotel amenity questions for guests browsing accommodation photos. Given the detection summary below, generate a hotel amenity related question that a guest may ask or a guest might want to be answeredwhile browsing accommodation images. Keep the question short, factual, and neutral. Detection summary: Image file: image_78_jpg.rf.5be20c1c0d94720f18923e248cb45163.jpg. Detected amenity: wall-mounted hotel hairdryer. Detection confidence: medium (0.55). Source prompt type: variants. Question:",What is the name of the hotel hairdryer?,What is the name of the hotel hairdryer?,Is a hairdryer provided in the room?,Is the hairdryer wall-mounted in the room?
image_205_jpg.rf.25678e33e3b5bef2ecad231938d12d0a.jpg,wall-mounted hotel hairdryer,0.160601407289505,83.84171295166016,179.4907989501953,377.7065734863281,644.042236328125,variants,Image file: image_205_jpg.rf.25678e33e3b5bef2ecad231938d12d0a.jpg. Detected amenity: wall-mounted hotel hairdryer. Detection confidence: low (0.16). Source prompt type: variants.,"You are generating hotel amenity questions for guests browsing accommodation photos. Given the detection summary below, generate a hotel amenity related question that a guest may ask or a guest might want to be answeredwhile browsing accommodation images. Keep the question short, factual, and neutral. Detection summary: Image file: image_205_jpg.rf.25678e33e3b5bef2ecad231938d12d0a.jpg. Detected amenity: wall-mounted hotel hairdryer. Detection confidence: low (0.16). Source prompt type: variants. Question:",What is the name of the hotel hairdryer?,What is the name of the hotel hairdryer?,Is a hairdryer provided in the room?,Does the hotel room have a wall-mounted hairdryer?
image_226_jpg.rf.8911da1981553c0e2a49903631ca3039.jpg,wall-mounted hotel hairdryer,0.1450376808643341,382.9989929199219,394.6568298339844,618.3799438476562,641.38427734375,variants,Image file: image_226_jpg.rf.8911da1981553c0e2a49903631ca3039.jpg. Detected amenity: wall-mounted hotel hairdryer. Detection confidence: low (0.15). Source prompt type: variants.,"You are generating hotel amenity questions for guests browsing accommodation photos. Given the detection summary below, generate a hotel amenity related question that a guest may ask or a guest might want to be answeredwhile browsing accommodation images. Keep the question short, factual, and neutral. Detection summary: Image file: image_226_jpg.rf.8911da1981553c0e2a49903631ca3039.jpg. Detected amenity: wall-mounted hotel hairdryer. Detection confidence: low (0.15). Source prompt type: variants. Question:",What is the name of the hotel hairdryer?,What is the name of the hotel hairdryer?,Is a hairdryer provided in the room?,Does the room come with a hairdryer?
image_332_fp_jpg.rf.614c1e37cde8c3bc203ab02453629165.jpg,hairdryer,0.1392053365707397,1.065654754638672,185.4438934326172,60.57197952270508,331.983642578125,variants,Image file: image_332_fp_jpg.rf.614c1e37cde8c3bc203ab02453629165.jpg. Detected amenity: hairdryer. Detection confidence: low (0.14). Source prompt type: variants.,"You are generating hotel amenity questions for guests browsing accommodation photos. Given the detection summary below, generate a hotel amenity related question that a guest may ask or a guest might want to be answeredwhile browsing accommodation images. Keep the question short, factual, and neutral. Detection summary: Image file: image_332_fp_jpg.rf.614c1e37cde8c3bc203ab02453629165.jpg. Detected amenity: hairdryer. Detection confidence: low (0.14). Source prompt type: variants. Question:",What type of amenity is hairdryer?,What is the name of the hotel that has a hairdryer?,Is a hairdryer provided in the room?,Is a hairdryer provided in the room?
image_174_jpg.rf.d62ef07b1ea45fa1b6af7b99134260a9.jpg,wall-mounted hotel hairdryer,0.2194578051567077,165.2391815185547,62.82283782958984,497.9510498046875,622.2547607421875,variants,Image file: image_174_jpg.rf.d62ef07b1ea45fa1b6af7b99134260a9.jpg. Detected amenity: wall-mounted hotel hairdryer. Detection confidence: low (0.22). Source prompt type: variants.,"You are generating hotel amenity questions for guests browsing accommodation photos. Given the detection summary below, generate a hotel amenity related question that a guest may ask or a guest might want to be answeredwhile browsing accommodation images. Keep the question short, factual, and neutral. Detection summary: Image file: image_174_jpg.rf.d62ef07b1ea45fa1b6af7b99134260a9.jpg. Detected amenity: wall-mounted hotel hairdryer. Detection confidence: low (0.22). Source prompt type: variants. Question:",What is the name of the hotel hairdryer?,What is the name of the hotel hairdryer?,Is a hairdryer provided in the hotel room?,Does the hotel room have a wall-mounted hairdryer?
image_130_jpg.rf.e25214f43b1771a689ecd1570f8500ec.jpg,wall-mounted hotel hairdryer,0.4311484098434448,224.2945556640625,62.11997985839844,584.0632934570312,547.9400634765625,variants,Image file: image_130_jpg.rf.e25214f43b1771a689ecd1570f8500ec.jpg. Detected amenity: wall-mounted hotel hairdryer. Detection confidence: medium (0.43). Source prompt type: variants.,"You are generating hotel amenity questions for guests browsing accommodation photos. Given the detection summary below, generate a hotel amenity related question that a guest may ask or a guest might want to be answeredwhile browsing accommodation images. Keep the question short, factual, and neutral. Detection summary: Image file: image_130_jpg.rf.e25214f43b1771a689ecd1570f8500ec.jpg. Detected amenity: wall-mounted hotel hairdryer. Detection confidence: medium (0.43). Source prompt type: variants. Question:",What is the name of the hotel hairdryer?,What is the size of the hotel hairdryer?,Is a hairdryer provided in the room?,Is the hairdryer wall-mounted in the room?
image_214_jpg.rf.c04505ebd55fbd7cc0afcc567c87b5d8.jpg,wall-mounted hotel hairdryer,0.1845481544733047,198.68142700195312,23.81021499633789,560.9740600585938,616.8984375,variants,Image file: image_214_jpg.rf.c04505ebd55fbd7cc0afcc567c87b5d8.jpg. Detected amenity: wall-mounted hotel hairdryer. Detection confidence: low (0.18). Source prompt type: variants.,"You are generating hotel amenity questions for guests browsing accommodation photos. Given the detection summary below, generate a hotel amenity related question that a guest may ask or a guest might want to be answeredwhile browsing accommodation images. Keep the question short, factual, and neutral. Detection summary: Image file: image_214_jpg.rf.c04505ebd55fbd7cc0afcc567c87b5d8.jpg. Detected amenity: wall-mounted hotel hairdryer. Detection confidence: low (0.18). Source prompt type: variants. Question:",What is the name of the hotel hairdryer?,What is the location of the hotel hairdryer?,Is a hairdryer provided in the room?,Does the hotel room come with a hairdryer?
image_40_jpg.rf.a199870b57bca59b9c4919c9080fcca3.jpg,hairdryer,0.3590812683105469,159.9107666015625,136.679443359375,599.5813598632812,587.5049438476562,variants,Image file: image_40_jpg.rf.a199870b57bca59b9c4919c9080fcca3.jpg. Detected amenity: hairdryer. Detection confidence: medium (0.36). Source prompt type: variants.,"You are generating hotel amenity questions for guests browsing accommodation photos. Given the detection summary below, generate a hotel amenity related question that a guest may ask or a guest might want to be answeredwhile browsing accommodation images. Keep the question short, factual, and neutral. Detection summary: Image file: image_40_jpg.rf.a199870b57bca59b9c4919c9080fcca3.jpg. Detected amenity: hairdryer. Detection confidence: medium (0.36). Source prompt type: variants. Question:",What type of amenity is hairdryer?,What is the name of the hotel that has a hairdryer?,Is a hairdryer provided in the room?,Is a hairdryer provided in the room?
image_185_jpg.rf.c7d5307dcc20964109d4e5de708d707e.jpg,wall-mounted hotel hairdryer,0.1315545886754989,301.56689453125,377.7955932617188,501.217041015625,539.3098754882812,variants,Image file: image_185_jpg.rf.c7d5307dcc20964109d4e5de708d707e.jpg. Detected amenity: wall-mounted hotel hairdryer. Detection confidence: low (0.13). Source prompt type: variants.,"You are generating hotel amenity questions for guests browsing accommodation photos. Given the detection summary below, generate a hotel amenity related question that a guest may ask or a guest might want to be answeredwhile browsing accommodation images. Keep the question short, factual, and neutral. Detection summary: Image file: image_185_jpg.rf.c7d5307dcc20964109d4e5de708d707e.jpg. Detected amenity: wall-mounted hotel hairdryer. Detection confidence: low (0.13). Source prompt type: variants. Question:",What is the name of the hotel hairdryer?,What is the name of the hotel hairdryer?,Is a hairdryer provided in the room?,Is a hairdryer provided in the room?
image_185_jpg.rf.c7d5307dcc20964109d4e5de708d707e.jpg,wall-mounted hotel hairdryer,0.422602117061615,293.73638916015625,375.756591796875,638.7381591796875,541.43017578125,variants,Image file: image_185_jpg.rf.c7d5307dcc20964109d4e5de708d707e.jpg. Detected amenity: wall-mounted hotel hairdryer. Detection confidence: medium (0.42). Source prompt type: variants.,"You are generating hotel amenity questions for guests browsing accommodation photos. Given the detection summary below, generate a hotel amenity related question that a guest may ask or a guest might want to be answeredwhile browsing accommodation images. Keep the question short, factual, and neutral. Detection summary: Image file: image_185_jpg.rf.c7d5307dcc20964109d4e5de708d707e.jpg. Detected amenity: wall-mounted hotel hairdryer. Detection confidence: medium (0.42). Source prompt type: variants. Question:",What is the name of the hotel hairdryer?,What is the location of the hotel hairdryer?,Is a hairdryer provided in the room?,Is the wall-mounted hairdryer provided in the room?
image_36_jpg.rf.7b981dc888975d8ce34b81d1f5b4d3b7.jpg,wall-mounted hotel hairdryer,0.2331279069185257,92.51323699951172,4.373683929443359,505.71002197265625,586.1268310546875,variants,Image file: image_36_jpg.rf.7b981dc888975d8ce34b81d1f5b4d3b7.jpg. Detected amenity: wall-mounted hotel hairdryer. Detection confidence: low (0.23). Source prompt type: variants.,"You are generating hotel amenity questions for guests browsing accommodation photos. Given the detection summary below, generate a hotel amenity related question that a guest may ask or a guest might want to be answeredwhile browsing accommodation images. Keep the question short, factual, and neutral. Detection summary: Image file: image_36_jpg.rf.7b981dc888975d8ce34b81d1f5b4d3b7.jpg. Detected amenity: wall-mounted hotel hairdryer. Detection confidence: low (0.23). Source prompt type: variants. Question:",What is the name of the hotel hairdryer?,What is the name of the hotel hairdryer?,Is there a hairdryer provided in the room?,Does the hotel room have a wall-mounted hairdryer?
image_49_jpg.rf.3ed5c3766fa17dd7f6dbaff18e7ffb48.jpg,portable travel hair dryer,0.1315142959356308,245.6227264404297,176.24314880371094,636.7871704101562,561.0863647460938,variants,Image file: image_49_jpg.rf.3ed5c3766fa17dd7f6dbaff18e7ffb48.jpg. Detected amenity: portable travel hair dryer. Detection confidence: low (0.13). Source prompt type: variants.,"You are generating hotel amenity questions for guests browsing accommodation photos. Given the detection summary below, generate a hotel amenity related question that a guest may ask or a guest might want to be answeredwhile browsing accommodation images. Keep the question short, factual, and neutral. Detection summary: Image file: image_49_jpg.rf.3ed5c3766fa17dd7f6dbaff18e7ffb48.jpg. Detected amenity: portable travel hair dryer. Detection confidence: low (0.13). Source prompt type: variants. Question:",What is the name of the portable travel hair dryer?,What type of amenity is the portable travel hair dryer?,Does the room come with a hair dryer?,Does the hotel room have a portable travel hair dryer?
image_49_jpg.rf.3ed5c3766fa17dd7f6dbaff18e7ffb48.jpg,wall-mounted hotel hairdryer,0.4543095529079437,208.73046875,178.76693725585938,636.182861328125,557.486328125,variants,Image file: image_49_jpg.rf.3ed5c3766fa17dd7f6dbaff18e7ffb48.jpg. Detected amenity: wall-mounted hotel hairdryer. Detection confidence: medium (0.45). Source prompt type: variants.,"You are generating hotel amenity questions for guests browsing accommodation photos. Given the detection summary below, generate a hotel amenity related question that a guest may ask or a guest might want to be answeredwhile browsing accommodation images. Keep the question short, factual, and neutral. Detection summary: Image file: image_49_jpg.rf.3ed5c3766fa17dd7f6dbaff18e7ffb48.jpg. Detected amenity: wall-mounted hotel hairdryer. Detection confidence: medium (0.45). Source prompt type: variants. Question:",What is the name of the hotel hairdryer?,What is the location of the hotel hairdryer?,Is a hairdryer provided in the hotel room?,Is a hairdryer provided in the room?
image_222_jpg.rf.55764fe32c20e6b83f1904e6dcf2aec3.jpg,portable travel hair dryer,0.1088458001613617,133.06622314453125,120.66534423828124,536.33154296875,505.89447021484375,variants,Image file: image_222_jpg.rf.55764fe32c20e6b83f1904e6dcf2aec3.jpg. Detected amenity: portable travel hair dryer. Detection confidence: low (0.11). Source prompt type: variants.,"You are generating hotel amenity questions for guests browsing accommodation photos. Given the detection summary below, generate a hotel amenity related question that a guest may ask or a guest might want to be answeredwhile browsing accommodation images. Keep the question short, factual, and neutral. Detection summary: Image file: image_222_jpg.rf.55764fe32c20e6b83f1904e6dcf2aec3.jpg. Detected amenity: portable travel hair dryer. Detection confidence: low (0.11). Source prompt type: variants. Question:",What is the name of the hotel amenity?,What type of amenity is the portable travel hair dryer?,Is a hair dryer provided in the room?,Does the room have a hair dryer?
image_222_jpg.rf.55764fe32c20e6b83f1904e6dcf2aec3.jpg,wall-mounted hotel hairdryer,0.4553528726100921,127.4738311767578,125.73402404785156,608.0526123046875,567.7255249023438,variants,Image file: image_222_jpg.rf.55764fe32c20e6b83f1904e6dcf2aec3.jpg. Detected amenity: wall-mounted hotel hairdryer. Detection confidence: medium (0.46). Source prompt type: variants.,"You are generating hotel amenity questions for guests browsing accommodation photos. Given the detection summary below, generate a hotel amenity related question that a guest may ask or a guest might want to be answeredwhile browsing accommodation images. Keep the question short, factual, and neutral. Detection summary: Image file: image_222_jpg.rf.55764fe32c20e6b83f1904e6dcf2aec3.jpg. Detected amenity: wall-mounted hotel hairdryer. Detection confidence: medium (0.46). Source prompt type: variants. Question:",What is the name of the hotel hairdryer?,What is the name of the hotel hairdryer?,Is a hairdryer provided in the room?,Is there a hairdryer available in the room?
image_122_jpg.rf.78ac15a066f3e8d9877ed048400e899c.jpg,wall-mounted hotel hairdryer,0.1841748356819152,-1.7636680603027344,0.2002716064453125,326.3492431640625,564.6544799804688,variants,Image file: image_122_jpg.rf.78ac15a066f3e8d9877ed048400e899c.jpg. Detected amenity: wall-mounted hotel hairdryer. Detection confidence: low (0.18). Source prompt type: variants.,"You are generating hotel amenity questions for guests browsing accommodation photos. Given the detection summary below, generate a hotel amenity related question that a guest may ask or a guest might want to be answeredwhile browsing accommodation images. Keep the question short, factual, and neutral. Detection summary: Image file: image_122_jpg.rf.78ac15a066f3e8d9877ed048400e899c.jpg. Detected amenity: wall-mounted hotel hairdryer. Detection confidence: low (0.18). Source prompt type: variants. Question:",What is the name of the hotel hairdryer?,What is the location of the hotel hairdryer?,Is a hairdryer provided in the room?,Does the hotel room have a hairdryer?
image_122_jpg.rf.78ac15a066f3e8d9877ed048400e899c.jpg,portable travel hair dryer,0.2474943399429321,98.9803237915039,203.3197021484375,279.6986389160156,453.642333984375,variants,Image file: image_122_jpg.rf.78ac15a066f3e8d9877ed048400e899c.jpg. Detected amenity: portable travel hair dryer. Detection confidence: low (0.25). Source prompt type: variants.,"You are generating hotel amenity questions for guests browsing accommodation photos. Given the detection summary below, generate a hotel amenity related question that a guest may ask or a guest might want to be answeredwhile browsing accommodation images. Keep the question short, factual, and neutral. Detection summary: Image file: image_122_jpg.rf.78ac15a066f3e8d9877ed048400e899c.jpg. Detected amenity: portable travel hair dryer. Detection confidence: low (0.25). Source prompt type: variants. Question:",What is the name of the hotel amenity?,What type of amenity is the portable travel hair dryer?,Does the room come with a hair dryer?,Is a portable travel hair dryer available in the room?
image_10_jpg.rf.6e74427b18cf4da25292eb8dc9f1ad8b.jpg,wall-mounted hotel hairdryer,0.4526585638523102,158.9196014404297,134.72030639648438,521.2762451171875,513.7862548828125,variants,Image file: image_10_jpg.rf.6e74427b18cf4da25292eb8dc9f1ad8b.jpg. Detected amenity: wall-mounted hotel hairdryer. Detection confidence: medium (0.45). Source prompt type: variants.,"You are generating hotel amenity questions for guests browsing accommodation photos. Given the detection summary below, generate a hotel amenity related question that a guest may ask or a guest might want to be answeredwhile browsing accommodation images. Keep the question short, factual, and neutral. Detection summary: Image file: image_10_jpg.rf.6e74427b18cf4da25292eb8dc9f1ad8b.jpg. Detected amenity: wall-mounted hotel hairdryer. Detection confidence: medium (0.45). Source prompt type: variants. Question:",What is the name of the hotel hairdryer?,What is the location of the hotel hairdryer?,Is a hairdryer provided in the hotel room?,Is the hairdryer wall-mounted in the room?
image_178_jpg.rf.e0e981e0cda2395aa2259c70373dc64e.jpg,wall-mounted hotel hairdryer,0.1495663523674011,144.41786193847656,-2.0322418212890625,419.8778076171875,574.8759155273438,variants,Image file: image_178_jpg.rf.e0e981e0cda2395aa2259c70373dc64e.jpg. Detected amenity: wall-mounted hotel hairdryer. Detection confidence: low (0.15). Source prompt type: variants.,"You are generating hotel amenity questions for guests browsing accommodation photos. Given the detection summary below, generate a hotel amenity related question that a guest may ask or a guest might want to be answeredwhile browsing accommodation images. Keep the question short, factual, and neutral. Detection summary: Image file: image_178_jpg.rf.e0e981e0cda2395aa2259c70373dc64e.jpg. Detected amenity: wall-mounted hotel hairdryer. Detection confidence: low (0.15). Source prompt type: variants. Question:",What is the name of the hotel hairdryer?,What is the location of the hotel hairdryer?,Is a hairdryer provided in the room?,Is a hairdryer provided in the room?
image_178_jpg.rf.e0e981e0cda2395aa2259c70373dc64e.jpg,wall-mounted hotel hairdryer,0.1645146012306213,144.4790496826172,144.1929473876953,418.4097900390625,572.271728515625,variants,Image file: image_178_jpg.rf.e0e981e0cda2395aa2259c70373dc64e.jpg. Detected amenity: wall-mounted hotel hairdryer. Detection confidence: low (0.16). Source prompt type: variants.,"You are generating hotel amenity questions for guests browsing accommodation photos. Given the detection summary below, generate a hotel amenity related question that a guest may ask or a guest might want to be answeredwhile browsing accommodation images. Keep the question short, factual, and neutral. Detection summary: Image file: image_178_jpg.rf.e0e981e0cda2395aa2259c70373dc64e.jpg. Detected amenity: wall-mounted hotel hairdryer. Detection confidence: low (0.16). Source prompt type: variants. Question:",What is the name of the hotel hairdryer?,What is the name of the hotel hairdryer?,Is a hairdryer provided in the room?,Is there a hairdryer available in the room?
image_317_fp_jpg.rf.b318a363e6c32c1e1b16279b0e94621a.jpg,wall-mounted hotel hairdryer,0.2523945569992065,5.971336364746094,203.288803100586,74.25257873535156,300.2221984863281,variants,Image file: image_317_fp_jpg.rf.b318a363e6c32c1e1b16279b0e94621a.jpg. Detected amenity: wall-mounted hotel hairdryer. Detection confidence: low (0.25). Source prompt type: variants.,"You are generating hotel amenity questions for guests browsing accommodation photos. Given the detection summary below, generate a hotel amenity related question that a guest may ask or a guest might want to be answeredwhile browsing accommodation images. Keep the question short, factual, and neutral. Detection summary: Image file: image_317_fp_jpg.rf.b318a363e6c32c1e1b16279b0e94621a.jpg. Detected amenity: wall-mounted hotel hairdryer. Detection confidence: low (0.25). Source prompt type: variants. Question:",What is the name of the hotel hairdryer?,What is the location of the hotel hairdryer?,Is a hairdryer provided in the hotel room?,Is a hairdryer provided in the room?
image_177_jpg.rf.39ae7f995d68738270115b772015f3a6.jpg,wall-mounted hotel hairdryer,0.4232379198074341,137.6292266845703,65.39167785644531,471.8717956542969,643.1701049804688,variants,Image file: image_177_jpg.rf.39ae7f995d68738270115b772015f3a6.jpg. Detected amenity: wall-mounted hotel hairdryer. Detection confidence: medium (0.42). Source prompt type: variants.,"You are generating hotel amenity questions for guests browsing accommodation photos. Given the detection summary below, generate a hotel amenity related question that a guest may ask or a guest might want to be answeredwhile browsing accommodation images. Keep the question short, factual, and neutral. Detection summary: Image file: image_177_jpg.rf.39ae7f995d68738270115b772015f3a6.jpg. Detected amenity: wall-mounted hotel hairdryer. Detection confidence: medium (0.42). Source prompt type: variants. Question:",What is the name of the hotel hairdryer?,What is the size of the hotel hairdryer?,Does the room come with a hairdryer?,Is there a wall-mounted hairdryer in the room?
image_114_jpg.rf.39dd9ec812495de8beb34acf6ed1f818.jpg,portable travel hair dryer,0.2066361904144287,217.19790649414065,161.1937713623047,479.3455200195313,515.2941284179688,variants,Image file: image_114_jpg.rf.39dd9ec812495de8beb34acf6ed1f818.jpg. Detected amenity: portable travel hair dryer. Detection confidence: low (0.21). Source prompt type: variants.,"You are generating hotel amenity questions for guests browsing accommodation photos. Given the detection summary below, generate a hotel amenity related question that a guest may ask or a guest might want to be answeredwhile browsing accommodation images. Keep the question short, factual, and neutral. Detection summary: Image file: image_114_jpg.rf.39dd9ec812495de8beb34acf6ed1f818.jpg. Detected amenity: portable travel hair dryer. Detection confidence: low (0.21). Source prompt type: variants. Question:",What is the name of the hotel amenity?,What type of amenity is the portable travel hair dryer?,Does the room come with a hair dryer?,Does the room have a hair dryer?
image_16_jpg.rf.01b6932fd21787cf7b2cd99f221efd80.jpg,wall-mounted hotel hairdryer,0.2965359985828399,104.58563232421876,242.48583984375,611.2283325195312,636.1461181640625,variants,Image file: image_16_jpg.rf.01b6932fd21787cf7b2cd99f221efd80.jpg. Detected amenity: wall-mounted hotel hairdryer. Detection confidence: low (0.30). Source prompt type: variants.,"You are generating hotel amenity questions for guests browsing accommodation photos. Given the detection summary below, generate a hotel amenity related question that a guest may ask or a guest might want to be answeredwhile browsing accommodation images. Keep the question short, factual, and neutral. Detection summary: Image file: image_16_jpg.rf.01b6932fd21787cf7b2cd99f221efd80.jpg. Detected amenity: wall-mounted hotel hairdryer. Detection confidence: low (0.30). Source prompt type: variants. Question:",What is the name of the hotel hairdryer?,What is the location of the hotel hairdryer?,Is a hairdryer provided in the room?,Is there a hairdryer available in the room?
image_181_jpg.rf.df1e0eeeed558587920a15b00aa17983.jpg,wall-mounted hotel hairdryer,0.5159340500831604,20.903301239013672,31.825313568115234,569.747314453125,638.9594116210938,variants,Image file: image_181_jpg.rf.df1e0eeeed558587920a15b00aa17983.jpg. Detected amenity: wall-mounted hotel hairdryer. Detection confidence: medium (0.52). Source prompt type: variants.,"You are generating hotel amenity questions for guests browsing accommodation photos. Given the detection summary below, generate a hotel amenity related question that a guest may ask or a guest might want to be answeredwhile browsing accommodation images. Keep the question short, factual, and neutral. Detection summary: Image file: image_181_jpg.rf.df1e0eeeed558587920a15b00aa17983.jpg. Detected amenity: wall-mounted hotel hairdryer. Detection confidence: medium (0.52). Source prompt type: variants. Question:",What is the name of the hotel hairdryer?,What is the size of the hotel hairdryer?,Is a hairdryer provided in the hotel room?,Is there a hairdryer available in the room?
image_57_jpg.rf.b9b53095b77f9d1ec136cc7209d8bc5a.jpg,wall-mounted hotel hairdryer,0.2948102951049804,53.40854644775391,184.6813201904297,637.8788452148438,481.1540222167969,variants,Image file: image_57_jpg.rf.b9b53095b77f9d1ec136cc7209d8bc5a.jpg. Detected amenity: wall-mounted hotel hairdryer. Detection confidence: low (0.29). Source prompt type: variants.,"You are generating hotel amenity questions for guests browsing accommodation photos. Given the detection summary below, generate a hotel amenity related question that a guest may ask or a guest might want to be answeredwhile browsing accommodation images. Keep the question short, factual, and neutral. Detection summary: Image file: image_57_jpg.rf.b9b53095b77f9d1ec136cc7209d8bc5a.jpg. Detected amenity: wall-mounted hotel hairdryer. Detection confidence: low (0.29). Source prompt type: variants. Question:",What is the name of the hotel hairdryer?,What is the location of the hotel hairdryer?,Is a hairdryer provided in the room?,Does the room have a hairdryer?
image_303_fp_jpg.rf.b231aed6f80189437f48fa5e18714b91.jpg,hairdryer,0.1679541319608688,11.79502010345459,302.75372314453125,57.520774841308594,480.1575317382813,variants,Image file: image_303_fp_jpg.rf.b231aed6f80189437f48fa5e18714b91.jpg. Detected amenity: hairdryer. Detection confidence: low (0.17). Source prompt type: variants.,"You are generating hotel amenity questions for guests browsing accommodation photos. Given the detection summary below, generate a hotel amenity related question that a guest may ask or a guest might want to be answeredwhile browsing accommodation images. Keep the question short, factual, and neutral. Detection summary: Image file: image_303_fp_jpg.rf.b231aed6f80189437f48fa5e18714b91.jpg. Detected amenity: hairdryer. Detection confidence: low (0.17). Source prompt type: variants. Question:",What type of amenity is hairdryer?,What is the name of the hotel that has a hairdryer?,Is a hairdryer provided in the room?,Is a hairdryer provided in the room?
image_144_jpg.rf.de961357bc14cbe994dccfa553ce7b68.jpg,hairdryer,0.1904103755950927,223.296630859375,-1.5227699279785156,539.927734375,632.725341796875,variants,Image file: image_144_jpg.rf.de961357bc14cbe994dccfa553ce7b68.jpg. Detected amenity: hairdryer. Detection confidence: low (0.19). Source prompt type: variants.,"You are generating hotel amenity questions for guests browsing accommodation photos. Given the detection summary below, generate a hotel amenity related question that a guest may ask or a guest might want to be answeredwhile browsing accommodation images. Keep the question short, factual, and neutral. Detection summary: Image file: image_144_jpg.rf.de961357bc14cbe994dccfa553ce7b68.jpg. Detected amenity: hairdryer. Detection confidence: low (0.19). Source prompt type: variants. Question:",What is the name of the hotel amenity?,What is the name of the hotel that has a hairdryer?,Is a hairdryer provided in the room?,Is there a hairdryer available in the room?
image_95_jpg.rf.390affcd1460fd2839a2c4b2a7e0a0e4.jpg,hairdryer,0.2240877896547317,240.84817504882807,83.12300109863281,575.7391357421875,643.17529296875,variants,Image file: image_95_jpg.rf.390affcd1460fd2839a2c4b2a7e0a0e4.jpg. Detected amenity: hairdryer. Detection confidence: low (0.22). Source prompt type: variants.,"You are generating hotel amenity questions for guests browsing accommodation photos. Given the detection summary below, generate a hotel amenity related question that a guest may ask or a guest might want to be answeredwhile browsing accommodation images. Keep the question short, factual, and neutral. Detection summary: Image file: image_95_jpg.rf.390affcd1460fd2839a2c4b2a7e0a0e4.jpg. Detected amenity: hairdryer. Detection confidence: low (0.22). Source prompt type: variants. Question:",What type of amenity is hairdryer?,What is the name of the hotel that has a hairdryer?,Is a hairdryer provided in the room?,Is a hairdryer provided in the room?
image_231_jpg.rf.0f4756745fe147571d941aa7626e9721.jpg,wall-mounted hotel hairdryer,0.1004149764776229,196.34071350097656,10.65213680267334,285.0682373046875,130.1804962158203,variants,Image file: image_231_jpg.rf.0f4756745fe147571d941aa7626e9721.jpg. Detected amenity: wall-mounted hotel hairdryer. Detection confidence: low (0.10). Source prompt type: variants.,"You are generating hotel amenity questions for guests browsing accommodation photos. Given the detection summary below, generate a hotel amenity related question that a guest may ask or a guest might want to be answeredwhile browsing accommodation images. Keep the question short, factual, and neutral. Detection summary: Image file: image_231_jpg.rf.0f4756745fe147571d941aa7626e9721.jpg. Detected amenity: wall-mounted hotel hairdryer. Detection confidence: low (0.10). Source prompt type: variants. Question:",What is the name of the hotel hairdryer?,What is the name of the hotel hairdryer?,Is a hairdryer provided in the room?,Does the room come with a wall-mounted hairdryer?
image_231_jpg.rf.0f4756745fe147571d941aa7626e9721.jpg,wall-mounted hotel hairdryer,0.1047199964523315,211.43618774414065,5.652790069580078,468.0592651367188,322.73309326171875,variants,Image file: image_231_jpg.rf.0f4756745fe147571d941aa7626e9721.jpg. Detected amenity: wall-mounted hotel hairdryer. Detection confidence: low (0.10). Source prompt type: variants.,"You are generating hotel amenity questions for guests browsing accommodation photos. Given the detection summary below, generate a hotel amenity related question that a guest may ask or a guest might want to be answeredwhile browsing accommodation images. Keep the question short, factual, and neutral. Detection summary: Image file: image_231_jpg.rf.0f4756745fe147571d941aa7626e9721.jpg. Detected amenity: wall-mounted hotel hairdryer. Detection confidence: low (0.10). Source prompt type: variants. Question:",What is the name of the hotel hairdryer?,What is the name of the hotel hairdryer?,Is a hairdryer provided in the room?,Does the hotel room come with a hairdryer?
image_231_jpg.rf.0f4756745fe147571d941aa7626e9721.jpg,hairdryer,0.2613838016986847,193.4703063964844,314.6127014160156,468.0792846679688,508.3946228027344,variants,Image file: image_231_jpg.rf.0f4756745fe147571d941aa7626e9721.jpg. Detected amenity: hairdryer. Detection confidence: low (0.26). Source prompt type: variants.,"You are generating hotel amenity questions for guests browsing accommodation photos. Given the detection summary below, generate a hotel amenity related question that a guest may ask or a guest might want to be answeredwhile browsing accommodation images. Keep the question short, factual, and neutral. Detection summary: Image file: image_231_jpg.rf.0f4756745fe147571d941aa7626e9721.jpg. Detected amenity: hairdryer. Detection confidence: low (0.26). Source prompt type: variants. Question:",What is the name of the hotel's hairdryer?,What is the name of the hotel that has a hairdryer?,Is a hairdryer provided in the room?,Is a hairdryer provided in the room?
image_55_jpg.rf.1d7f2ff3a428e1bf6b38054d934e8d42.jpg,wall-mounted hotel hairdryer,0.3732843399047851,1.7598533630371094,51.30840301513672,634.0368041992188,432.2920227050781,variants,Image file: image_55_jpg.rf.1d7f2ff3a428e1bf6b38054d934e8d42.jpg. Detected amenity: wall-mounted hotel hairdryer. Detection confidence: medium (0.37). Source prompt type: variants.,"You are generating hotel amenity questions for guests browsing accommodation photos. Given the detection summary below, generate a hotel amenity related question that a guest may ask or a guest might want to be answeredwhile browsing accommodation images. Keep the question short, factual, and neutral. Detection summary: Image file: image_55_jpg.rf.1d7f2ff3a428e1bf6b38054d934e8d42.jpg. Detected amenity: wall-mounted hotel hairdryer. Detection confidence: medium (0.37). Source prompt type: variants. Question:",What is the name of the hotel hairdryer?,What is the name of the hotel hairdryer?,Is a hairdryer provided in the room?,Is the hairdryer wall-mounted in the room?
image_28_jpg.rf.c5ecdb0992ac1c8bfc32dcf8cffaa680.jpg,electric hair dryer,0.1141001209616661,69.7843017578125,90.88417053222656,338.9276733398437,487.9669799804688,variants,Image file: image_28_jpg.rf.c5ecdb0992ac1c8bfc32dcf8cffaa680.jpg. Detected amenity: electric hair dryer. Detection confidence: low (0.11). Source prompt type: variants.,"You are generating hotel amenity questions for guests browsing accommodation photos. Given the detection summary below, generate a hotel amenity related question that a guest may ask or a guest might want to be answeredwhile browsing accommodation images. Keep the question short, factual, and neutral. Detection summary: Image file: image_28_jpg.rf.c5ecdb0992ac1c8bfc32dcf8cffaa680.jpg. Detected amenity: electric hair dryer. Detection confidence: low (0.11). Source prompt type: variants. Question:",What is the name of the hotel that has an electric hair dryer?,What type of amenity is the electric hair dryer?,Does the room come with an electric hair dryer?,Is an electric hair dryer provided in the room?
image_28_jpg.rf.c5ecdb0992ac1c8bfc32dcf8cffaa680.jpg,wall-mounted hotel hairdryer,0.1479448974132537,322.2589416503906,150.77908325195312,631.8977661132812,600.2064208984375,variants,Image file: image_28_jpg.rf.c5ecdb0992ac1c8bfc32dcf8cffaa680.jpg. Detected amenity: wall-mounted hotel hairdryer. Detection confidence: low (0.15). Source prompt type: variants.,"You are generating hotel amenity questions for guests browsing accommodation photos. Given the detection summary below, generate a hotel amenity related question that a guest may ask or a guest might want to be answeredwhile browsing accommodation images. Keep the question short, factual, and neutral. Detection summary: Image file: image_28_jpg.rf.c5ecdb0992ac1c8bfc32dcf8cffaa680.jpg. Detected amenity: wall-mounted hotel hairdryer. Detection confidence: low (0.15). Source prompt type: variants. Question:",What is the name of the hotel hairdryer?,What is the name of the hotel hairdryer?,Is a hairdryer provided in the hotel room?,Does the hotel room have a wall-mounted hairdryer?
image_28_jpg.rf.c5ecdb0992ac1c8bfc32dcf8cffaa680.jpg,wall-mounted hotel hairdryer,0.2478823065757751,40.005130767822266,92.9879379272461,637.7584838867188,609.3619384765625,variants,Image file: image_28_jpg.rf.c5ecdb0992ac1c8bfc32dcf8cffaa680.jpg. Detected amenity: wall-mounted hotel hairdryer. Detection confidence: low (0.25). Source prompt type: variants.,"You are generating hotel amenity questions for guests browsing accommodation photos. Given the detection summary below, generate a hotel amenity related question that a guest may ask or a guest might want to be answeredwhile browsing accommodation images. Keep the question short, factual, and neutral. Detection summary: Image file: image_28_jpg.rf.c5ecdb0992ac1c8bfc32dcf8cffaa680.jpg. Detected amenity: wall-mounted hotel hairdryer. Detection confidence: low (0.25). Source prompt type: variants. Question:",What is the name of the hotel hairdryer?,What is the location of the hotel hairdryer?,Is a hairdryer provided in the hotel room?,Is a hairdryer provided in the room?
image_151_jpg.rf.cac66f96279d81e0a7d749f5f550ed1a.jpg,wall-mounted hotel hairdryer,0.3530910313129425,96.05335235595705,80.96044921875,463.3908081054688,602.1340942382812,variants,Image file: image_151_jpg.rf.cac66f96279d81e0a7d749f5f550ed1a.jpg. Detected amenity: wall-mounted hotel hairdryer. Detection confidence: medium (0.35). Source prompt type: variants.,"You are generating hotel amenity questions for guests browsing accommodation photos. Given the detection summary below, generate a hotel amenity related question that a guest may ask or a guest might want to be answeredwhile browsing accommodation images. Keep the question short, factual, and neutral. Detection summary: Image file: image_151_jpg.rf.cac66f96279d81e0a7d749f5f550ed1a.jpg. Detected amenity: wall-mounted hotel hairdryer. Detection confidence: medium (0.35). Source prompt type: variants. Question:",What is the name of the hotel hairdryer?,What is the location of the hotel hairdryer?,Is there a hairdryer provided in the room?,Is the hairdryer wall-mounted in the room?
image_97_jpg.rf.04cc8df6366859a0b0c658589b08cd9f.jpg,wall-mounted hotel hairdryer,0.3683534860610962,3.9877700805664062,167.74961853027344,604.6979370117188,530.6307373046875,variants,Image file: image_97_jpg.rf.04cc8df6366859a0b0c658589b08cd9f.jpg. Detected amenity: wall-mounted hotel hairdryer. Detection confidence: medium (0.37). Source prompt type: variants.,"You are generating hotel amenity questions for guests browsing accommodation photos. Given the detection summary below, generate a hotel amenity related question that a guest may ask or a guest might want to be answeredwhile browsing accommodation images. Keep the question short, factual, and neutral. Detection summary: Image file: image_97_jpg.rf.04cc8df6366859a0b0c658589b08cd9f.jpg. Detected amenity: wall-mounted hotel hairdryer. Detection confidence: medium (0.37). Source prompt type: variants. Question:",What is the name of the hotel hairdryer?,What is the name of the hotel hairdryer?,Is there a hairdryer provided in the room?,Does the room come with a wall-mounted hairdryer?
image_154_jpg.rf.98bbae110983b590d1aa1c016ec77dcf.jpg,wall-mounted hotel hairdryer,0.1028937622904777,346.01275634765625,0.0471425056457519,616.1143188476562,76.6836929321289,variants,Image file: image_154_jpg.rf.98bbae110983b590d1aa1c016ec77dcf.jpg. Detected amenity: wall-mounted hotel hairdryer. Detection confidence: low (0.10). Source prompt type: variants.,"You are generating hotel amenity questions for guests browsing accommodation photos. Given the detection summary below, generate a hotel amenity related question that a guest may ask or a guest might want to be answeredwhile browsing accommodation images. Keep the question short, factual, and neutral. Detection summary: Image file: image_154_jpg.rf.98bbae110983b590d1aa1c016ec77dcf.jpg. Detected amenity: wall-mounted hotel hairdryer. Detection confidence: low (0.10). Source prompt type: variants. Question:",What is the name of the hotel hairdryer?,What is the name of the hotel hairdryer?,Is a hairdryer provided in the room?,Is there a hairdryer available in the room?
image_154_jpg.rf.98bbae110983b590d1aa1c016ec77dcf.jpg,wall-mounted hotel hairdryer,0.1018105447292327,355.9370422363281,0.0822734832763671,618.9645385742188,72.44571685791016,variants,Image file: image_154_jpg.rf.98bbae110983b590d1aa1c016ec77dcf.jpg. Detected amenity: wall-mounted hotel hairdryer. Detection confidence: low (0.10). Source prompt type: variants.,"You are generating hotel amenity questions for guests browsing accommodation photos. Given the detection summary below, generate a hotel amenity related question that a guest may ask or a guest might want to be answeredwhile browsing accommodation images. Keep the question short, factual, and neutral. Detection summary: Image file: image_154_jpg.rf.98bbae110983b590d1aa1c016ec77dcf.jpg. Detected amenity: wall-mounted hotel hairdryer. Detection confidence: low (0.10). Source prompt type: variants. Question:",What is the name of the hotel hairdryer?,What is the name of the hotel hairdryer?,Is a hairdryer provided in the room?,Is a hairdryer provided in the room?
image_154_jpg.rf.98bbae110983b590d1aa1c016ec77dcf.jpg,wall-mounted hotel hairdryer,0.2538254261016845,351.9873352050781,3.882312774658203,619.6611938476562,487.763427734375,variants,Image file: image_154_jpg.rf.98bbae110983b590d1aa1c016ec77dcf.jpg. Detected amenity: wall-mounted hotel hairdryer. Detection confidence: low (0.25). Source prompt type: variants.,"You are generating hotel amenity questions for guests browsing accommodation photos. Given the detection summary below, generate a hotel amenity related question that a guest may ask or a guest might want to be answeredwhile browsing accommodation images. Keep the question short, factual, and neutral. Detection summary: Image file: image_154_jpg.rf.98bbae110983b590d1aa1c016ec77dcf.jpg. Detected amenity: wall-mounted hotel hairdryer. Detection confidence: low (0.25). Source prompt type: variants. Question:",What is the name of the hotel hairdryer?,What is the location of the hotel hairdryer?,Is a hairdryer provided in the room?,Is there a hairdryer available in the room?
image_154_jpg.rf.98bbae110983b590d1aa1c016ec77dcf.jpg,hairdryer,0.1218926906585693,347.5750732421875,6.35711669921875,624.9876708984375,638.760009765625,variants,Image file: image_154_jpg.rf.98bbae110983b590d1aa1c016ec77dcf.jpg. Detected amenity: hairdryer. Detection confidence: low (0.12). Source prompt type: variants.,"You are generating hotel amenity questions for guests browsing accommodation photos. Given the detection summary below, generate a hotel amenity related question that a guest may ask or a guest might want to be answeredwhile browsing accommodation images. Keep the question short, factual, and neutral. Detection summary: Image file: image_154_jpg.rf.98bbae110983b590d1aa1c016ec77dcf.jpg. Detected amenity: hairdryer. Detection confidence: low (0.12). Source prompt type: variants. Question:",What type of amenity is hairdryer?,What is the name of the hotel that has a hairdryer?,Is a hairdryer provided in the room?,Is a hairdryer provided in the room?
image_154_jpg.rf.98bbae110983b590d1aa1c016ec77dcf.jpg,electric hair dryer,0.1977492719888687,469.0816040039063,395.1220703125,642.29052734375,639.26806640625,variants,Image file: image_154_jpg.rf.98bbae110983b590d1aa1c016ec77dcf.jpg. Detected amenity: electric hair dryer. Detection confidence: low (0.20). Source prompt type: variants.,"You are generating hotel amenity questions for guests browsing accommodation photos. Given the detection summary below, generate a hotel amenity related question that a guest may ask or a guest might want to be answeredwhile browsing accommodation images. Keep the question short, factual, and neutral. Detection summary: Image file: image_154_jpg.rf.98bbae110983b590d1aa1c016ec77dcf.jpg. Detected amenity: electric hair dryer. Detection confidence: low (0.20). Source prompt type: variants. Question:",What is the name of the hotel that has a hair dryer?,What type of amenity is the electric hair dryer?,Is an electric hair dryer provided in the room?,Does the room have an electric hair dryer?
image_154_jpg.rf.98bbae110983b590d1aa1c016ec77dcf.jpg,portable travel hair dryer,0.2194672971963882,14.386639595031738,452.4025268554688,156.16302490234375,640.643310546875,variants,Image file: image_154_jpg.rf.98bbae110983b590d1aa1c016ec77dcf.jpg. Detected amenity: portable travel hair dryer. Detection confidence: low (0.22). Source prompt type: variants.,"You are generating hotel amenity questions for guests browsing accommodation photos. Given the detection summary below, generate a hotel amenity related question that a guest may ask or a guest might want to be answeredwhile browsing accommodation images. Keep the question short, factual, and neutral. Detection summary: Image file: image_154_jpg.rf.98bbae110983b590d1aa1c016ec77dcf.jpg. Detected amenity: portable travel hair dryer. Detection confidence: low (0.22). Source prompt type: variants. Question:",What is the name of the hotel amenity?,What type of amenity is the portable travel hair dryer?,Does the room come with a hair dryer?,Does the hotel room have a portable travel hair dryer available?
image_154_jpg.rf.98bbae110983b590d1aa1c016ec77dcf.jpg,portable travel hair dryer,0.2175090909004211,530.9935913085938,447.1159057617188,612.2196044921875,634.048583984375,variants,Image file: image_154_jpg.rf.98bbae110983b590d1aa1c016ec77dcf.jpg. Detected amenity: portable travel hair dryer. Detection confidence: low (0.22). Source prompt type: variants.,"You are generating hotel amenity questions for guests browsing accommodation photos. Given the detection summary below, generate a hotel amenity related question that a guest may ask or a guest might want to be answeredwhile browsing accommodation images. Keep the question short, factual, and neutral. Detection summary: Image file: image_154_jpg.rf.98bbae110983b590d1aa1c016ec77dcf.jpg. Detected amenity: portable travel hair dryer. Detection confidence: low (0.22). Source prompt type: variants. Question:",What is the name of the hotel amenity?,What type of amenity is the portable travel hair dryer?,Does the room come with a hair dryer?,Does the hotel room have a portable travel hair dryer available?
image_92_jpg.rf.24c51bd376395b3eab4c7eae3d1711e0.jpg,hairdryer,0.1419828534126281,388.6739807128906,201.6275634765625,544.457275390625,418.8878784179688,variants,Image file: image_92_jpg.rf.24c51bd376395b3eab4c7eae3d1711e0.jpg. Detected amenity: hairdryer. Detection confidence: low (0.14). Source prompt type: variants.,"You are generating hotel amenity questions for guests browsing accommodation photos. Given the detection summary below, generate a hotel amenity related question that a guest may ask or a guest might want to be answeredwhile browsing accommodation images. Keep the question short, factual, and neutral. Detection summary: Image file: image_92_jpg.rf.24c51bd376395b3eab4c7eae3d1711e0.jpg. Detected amenity: hairdryer. Detection confidence: low (0.14). Source prompt type: variants. Question:",What type of amenity is hairdryer?,What is the name of the hotel that has a hairdryer?,Is a hairdryer provided in the room?,Is a hairdryer provided in the room?
image_12_jpg.rf.db11c3c0c6f97ae964e69031e37edc88.jpg,portable travel hair dryer,0.2199692130088806,134.89990234375,333.8924865722656,428.2748718261719,643.1788330078125,variants,Image file: image_12_jpg.rf.db11c3c0c6f97ae964e69031e37edc88.jpg. Detected amenity: portable travel hair dryer. Detection confidence: low (0.22). Source prompt type: variants.,"You are generating hotel amenity questions for guests browsing accommodation photos. Given the detection summary below, generate a hotel amenity related question that a guest may ask or a guest might want to be answeredwhile browsing accommodation images. Keep the question short, factual, and neutral. Detection summary: Image file: image_12_jpg.rf.db11c3c0c6f97ae964e69031e37edc88.jpg. Detected amenity: portable travel hair dryer. Detection confidence: low (0.22). Source prompt type: variants. Question:",What is the name of the hotel amenity?,What type of amenity is the portable travel hair dryer?,Does the room come with a hair dryer?,Does the hotel provide a portable travel hair dryer in the room?
image_143_jpg.rf.79908e34de4e3d1f50249dcb19bafdba.jpg,wall-mounted hotel hairdryer,0.2447692900896072,26.864891052246094,81.02100372314453,608.7857666015625,579.4706420898438,variants,Image file: image_143_jpg.rf.79908e34de4e3d1f50249dcb19bafdba.jpg. Detected amenity: wall-mounted hotel hairdryer. Detection confidence: low (0.24). Source prompt type: variants.,"You are generating hotel amenity questions for guests browsing accommodation photos. Given the detection summary below, generate a hotel amenity related question that a guest may ask or a guest might want to be answeredwhile browsing accommodation images. Keep the question short, factual, and neutral. Detection summary: Image file: image_143_jpg.rf.79908e34de4e3d1f50249dcb19bafdba.jpg. Detected amenity: wall-mounted hotel hairdryer. Detection confidence: low (0.24). Source prompt type: variants. Question:",What is the name of the hotel hairdryer?,What is the location of the hotel hairdryer?,Is a hairdryer provided in the room?,Does the hotel room have a wall-mounted hairdryer?
image_143_jpg.rf.79908e34de4e3d1f50249dcb19bafdba.jpg,wall-mounted hotel hairdryer,0.1707355231046676,59.45648193359375,165.2484893798828,604.9889526367188,574.9114990234375,variants,Image file: image_143_jpg.rf.79908e34de4e3d1f50249dcb19bafdba.jpg. Detected amenity: wall-mounted hotel hairdryer. Detection confidence: low (0.17). Source prompt type: variants.,"You are generating hotel amenity questions for guests browsing accommodation photos. Given the detection summary below, generate a hotel amenity related question that a guest may ask or a guest might want to be answeredwhile browsing accommodation images. Keep the question short, factual, and neutral. Detection summary: Image file: image_143_jpg.rf.79908e34de4e3d1f50249dcb19bafdba.jpg. Detected amenity: wall-mounted hotel hairdryer. Detection confidence: low (0.17). Source prompt type: variants. Question:",What is the name of the hotel hairdryer?,What is the location of the hotel hairdryer?,Does the room come with a hairdryer?,Is there a hairdryer available in the room?
image_77_jpg.rf.55d8d082aae0891edaeb927e6af3e5f5.jpg,wall-mounted hotel hairdryer,0.437793880701065,15.013103485107422,190.2312469482422,522.8232421875,545.1309204101562,variants,Image file: image_77_jpg.rf.55d8d082aae0891edaeb927e6af3e5f5.jpg. Detected amenity: wall-mounted hotel hairdryer. Detection confidence: medium (0.44). Source prompt type: variants.,"You are generating hotel amenity questions for guests browsing accommodation photos. Given the detection summary below, generate a hotel amenity related question that a guest may ask or a guest might want to be answeredwhile browsing accommodation images. Keep the question short, factual, and neutral. Detection summary: Image file: image_77_jpg.rf.55d8d082aae0891edaeb927e6af3e5f5.jpg. Detected amenity: wall-mounted hotel hairdryer. Detection confidence: medium (0.44). Source prompt type: variants. Question:",What is the name of the hotel hairdryer?,What is the location of the hotel hairdryer?,Is a hairdryer provided in the hotel room?,Is the hairdryer wall-mounted in the room?
image_263_fp_jpg.rf.62a5bef78eaa28bf27a415506c50700b.jpg,portable travel hair dryer,0.1322823315858841,189.88784790039065,67.30998992919922,448.27874755859375,578.702880859375,variants,Image file: image_263_fp_jpg.rf.62a5bef78eaa28bf27a415506c50700b.jpg. Detected amenity: portable travel hair dryer. Detection confidence: low (0.13). Source prompt type: variants.,"You are generating hotel amenity questions for guests browsing accommodation photos. Given the detection summary below, generate a hotel amenity related question that a guest may ask or a guest might want to be answeredwhile browsing accommodation images. Keep the question short, factual, and neutral. Detection summary: Image file: image_263_fp_jpg.rf.62a5bef78eaa28bf27a415506c50700b.jpg. Detected amenity: portable travel hair dryer. Detection confidence: low (0.13). Source prompt type: variants. Question:",What is the name of the portable travel hair dryer?,What type of amenity is the portable travel hair dryer?,Does the room come with a hair dryer?,Is a portable travel hair dryer available in the room?
image_296_fp_jpg.rf.c84a184a0a2aeb19b11f46734afb89ef.jpg,hairdryer,0.219624251127243,197.43218994140625,94.78604125976562,232.69796752929688,369.2472534179688,variants,Image file: image_296_fp_jpg.rf.c84a184a0a2aeb19b11f46734afb89ef.jpg. Detected amenity: hairdryer. Detection confidence: low (0.22). Source prompt type: variants.,"You are generating hotel amenity questions for guests browsing accommodation photos. Given the detection summary below, generate a hotel amenity related question that a guest may ask or a guest might want to be answeredwhile browsing accommodation images. Keep the question short, factual, and neutral. Detection summary: Image file: image_296_fp_jpg.rf.c84a184a0a2aeb19b11f46734afb89ef.jpg. Detected amenity: hairdryer. Detection confidence: low (0.22). Source prompt type: variants. Question:",What type of amenity is hairdryer?,What is the name of the hotel that has a hairdryer?,Is a hairdryer provided in the room?,Is a hairdryer provided in the room?
image_90_jpg.rf.4e57f8547e0cbe5fc7c86b98cb73f5c7.jpg,wall-mounted hotel hairdryer,0.1164906099438667,299.316162109375,133.36366271972656,564.103271484375,571.63720703125,variants,Image file: image_90_jpg.rf.4e57f8547e0cbe5fc7c86b98cb73f5c7.jpg. Detected amenity: wall-mounted hotel hairdryer. Detection confidence: low (0.12). Source prompt type: variants.,"You are generating hotel amenity questions for guests browsing accommodation photos. Given the detection summary below, generate a hotel amenity related question that a guest may ask or a guest might want to be answeredwhile browsing accommodation images. Keep the question short, factual, and neutral. Detection summary: Image file: image_90_jpg.rf.4e57f8547e0cbe5fc7c86b98cb73f5c7.jpg. Detected amenity: wall-mounted hotel hairdryer. Detection confidence: low (0.12). Source prompt type: variants. Question:",What is the name of the hotel hairdryer?,What is the name of the hotel hairdryer?,Is a hairdryer provided in the room?,Is a hairdryer provided in the room?
image_167_jpg.rf.8cbb4a2ce9aab6b9d330194e9213d8c6.jpg,wall-mounted hotel hairdryer,0.1066790670156478,342.7353210449219,67.39266204833984,454.441650390625,252.5302124023437,variants,Image file: image_167_jpg.rf.8cbb4a2ce9aab6b9d330194e9213d8c6.jpg. Detected amenity: wall-mounted hotel hairdryer. Detection confidence: low (0.11). Source prompt type: variants.,"You are generating hotel amenity questions for guests browsing accommodation photos. Given the detection summary below, generate a hotel amenity related question that a guest may ask or a guest might want to be answeredwhile browsing accommodation images. Keep the question short, factual, and neutral. Detection summary: Image file: image_167_jpg.rf.8cbb4a2ce9aab6b9d330194e9213d8c6.jpg. Detected amenity: wall-mounted hotel hairdryer. Detection confidence: low (0.11). Source prompt type: variants. Question:",What is the name of the hotel hairdryer?,What is the name of the hotel hairdryer?,Is a hairdryer provided in the hotel room?,Is a hairdryer provided in the room?
image_167_jpg.rf.8cbb4a2ce9aab6b9d330194e9213d8c6.jpg,wall-mounted hotel hairdryer,0.3068969249725342,38.21958541870117,235.0541076660156,427.0593872070313,637.9324951171875,variants,Image file: image_167_jpg.rf.8cbb4a2ce9aab6b9d330194e9213d8c6.jpg. Detected amenity: wall-mounted hotel hairdryer. Detection confidence: medium (0.31). Source prompt type: variants.,"You are generating hotel amenity questions for guests browsing accommodation photos. Given the detection summary below, generate a hotel amenity related question that a guest may ask or a guest might want to be answeredwhile browsing accommodation images. Keep the question short, factual, and neutral. Detection summary: Image file: image_167_jpg.rf.8cbb4a2ce9aab6b9d330194e9213d8c6.jpg. Detected amenity: wall-mounted hotel hairdryer. Detection confidence: medium (0.31). Source prompt type: variants. Question:",What is the name of the hotel hairdryer?,What is the name of the hotel hairdryer?,Is a hairdryer provided in the hotel room?,Is there a hairdryer available in the room?
image_32_jpg.rf.7479f174e389812a352ebdec1ccc7d94.jpg,wall-mounted hotel hairdryer,0.1493480652570724,91.4849853515625,46.7848014831543,580.7492065429688,638.7592163085938,variants,Image file: image_32_jpg.rf.7479f174e389812a352ebdec1ccc7d94.jpg. Detected amenity: wall-mounted hotel hairdryer. Detection confidence: low (0.15). Source prompt type: variants.,"You are generating hotel amenity questions for guests browsing accommodation photos. Given the detection summary below, generate a hotel amenity related question that a guest may ask or a guest might want to be answeredwhile browsing accommodation images. Keep the question short, factual, and neutral. Detection summary: Image file: image_32_jpg.rf.7479f174e389812a352ebdec1ccc7d94.jpg. Detected amenity: wall-mounted hotel hairdryer. Detection confidence: low (0.15). Source prompt type: variants. Question:",What is the name of the hotel hairdryer?,What is the location of the hotel hairdryer?,Is a hairdryer provided in the room?,Does the room have a wall-mounted hairdryer?
image_99_jpg.rf.669e834aada7b1091fffe409d9087e07.jpg,hairdryer,0.2609865665435791,26.194477081298828,223.5037841796875,396.44873046875,530.7620849609375,variants,Image file: image_99_jpg.rf.669e834aada7b1091fffe409d9087e07.jpg. Detected amenity: hairdryer. Detection confidence: low (0.26). Source prompt type: variants.,"You are generating hotel amenity questions for guests browsing accommodation photos. Given the detection summary below, generate a hotel amenity related question that a guest may ask or a guest might want to be answeredwhile browsing accommodation images. Keep the question short, factual, and neutral. Detection summary: Image file: image_99_jpg.rf.669e834aada7b1091fffe409d9087e07.jpg. Detected amenity: hairdryer. Detection confidence: low (0.26). Source prompt type: variants. Question:",What is the name of the hotel's hairdryer?,What is the name of the hotel that has a hairdryer?,Is a hairdryer provided in the room?,Is a hairdryer provided in the room?
image_99_jpg.rf.669e834aada7b1091fffe409d9087e07.jpg,wall-mounted hotel hairdryer,0.1226615309715271,-0.5068206787109375,220.8194122314453,616.1265869140625,533.2301025390625,variants,Image file: image_99_jpg.rf.669e834aada7b1091fffe409d9087e07.jpg. Detected amenity: wall-mounted hotel hairdryer. Detection confidence: low (0.12). Source prompt type: variants.,"You are generating hotel amenity questions for guests browsing accommodation photos. Given the detection summary below, generate a hotel amenity related question that a guest may ask or a guest might want to be answeredwhile browsing accommodation images. Keep the question short, factual, and neutral. Detection summary: Image file: image_99_jpg.rf.669e834aada7b1091fffe409d9087e07.jpg. Detected amenity: wall-mounted hotel hairdryer. Detection confidence: low (0.12). Source prompt type: variants. Question:",What is the name of the hotel's hairdryer?,What type of amenity is the hotel hairdryer?,Is a hairdryer provided in the room?,Does the room have a wall-mounted hairdryer?
image_45_jpg.rf.8d02739f9a639aa1487305a3b73f524a.jpg,wall-mounted hotel hairdryer,0.3574757575988769,104.71202850341795,208.40399169921875,507.4542236328125,636.26708984375,variants,Image file: image_45_jpg.rf.8d02739f9a639aa1487305a3b73f524a.jpg. Detected amenity: wall-mounted hotel hairdryer. Detection confidence: medium (0.36). Source prompt type: variants.,"You are generating hotel amenity questions for guests browsing accommodation photos. Given the detection summary below, generate a hotel amenity related question that a guest may ask or a guest might want to be answeredwhile browsing accommodation images. Keep the question short, factual, and neutral. Detection summary: Image file: image_45_jpg.rf.8d02739f9a639aa1487305a3b73f524a.jpg. Detected amenity: wall-mounted hotel hairdryer. Detection confidence: medium (0.36). Source prompt type: variants. Question:",What is the name of the hotel hairdryer?,What is the location of the hotel hairdryer?,Is a hairdryer provided in the room?,Does the hotel room have a wall-mounted hairdryer?
image_265_fp_jpg.rf.8fc314454885cb0dafd2ca17d72619c2.jpg,wall-mounted hotel hairdryer,0.1249331310391426,84.001708984375,-1.307659149169922,631.308349609375,550.6971435546875,variants,Image file: image_265_fp_jpg.rf.8fc314454885cb0dafd2ca17d72619c2.jpg. Detected amenity: wall-mounted hotel hairdryer. Detection confidence: low (0.12). Source prompt type: variants.,"You are generating hotel amenity questions for guests browsing accommodation photos. Given the detection summary below, generate a hotel amenity related question that a guest may ask or a guest might want to be answeredwhile browsing accommodation images. Keep the question short, factual, and neutral. Detection summary: Image file: image_265_fp_jpg.rf.8fc314454885cb0dafd2ca17d72619c2.jpg. Detected amenity: wall-mounted hotel hairdryer. Detection confidence: low (0.12). Source prompt type: variants. Question:",What is the name of the hotel hairdryer?,What is the location of the hotel hairdryer?,Is a hairdryer provided in the room?,Does the hotel room have a wall-mounted hairdryer?
image_96_jpg.rf.ada0f04c22084c367cf9c6aacc53570a.jpg,wall-mounted hotel hairdryer,0.3631105422973633,2.3914146423339844,58.87250900268555,577.1219482421875,545.279296875,variants,Image file: image_96_jpg.rf.ada0f04c22084c367cf9c6aacc53570a.jpg. Detected amenity: wall-mounted hotel hairdryer. Detection confidence: medium (0.36). Source prompt type: variants.,"You are generating hotel amenity questions for guests browsing accommodation photos. Given the detection summary below, generate a hotel amenity related question that a guest may ask or a guest might want to be answeredwhile browsing accommodation images. Keep the question short, factual, and neutral. Detection summary: Image file: image_96_jpg.rf.ada0f04c22084c367cf9c6aacc53570a.jpg. Detected amenity: wall-mounted hotel hairdryer. Detection confidence: medium (0.36). Source prompt type: variants. Question:",What is the name of the hotel hairdryer?,What is the location of the hotel hairdryer?,Is a hairdryer provided in the room?,Is the wall-mounted hairdryer provided in the room?
image_96_jpg.rf.ada0f04c22084c367cf9c6aacc53570a.jpg,wall-mounted hotel hairdryer,0.1328930407762527,1.5726470947265625,57.814884185791016,639.03125,642.4288940429688,variants,Image file: image_96_jpg.rf.ada0f04c22084c367cf9c6aacc53570a.jpg. Detected amenity: wall-mounted hotel hairdryer. Detection confidence: low (0.13). Source prompt type: variants.,"You are generating hotel amenity questions for guests browsing accommodation photos. Given the detection summary below, generate a hotel amenity related question that a guest may ask or a guest might want to be answeredwhile browsing accommodation images. Keep the question short, factual, and neutral. Detection summary: Image file: image_96_jpg.rf.ada0f04c22084c367cf9c6aacc53570a.jpg. Detected amenity: wall-mounted hotel hairdryer. Detection confidence: low (0.13). Source prompt type: variants. Question:",What is the name of the hotel hairdryer?,What is the name of the hotel hairdryer?,Is a hairdryer provided in the room?,Does the hotel room have a wall-mounted hairdryer?
image_96_jpg.rf.ada0f04c22084c367cf9c6aacc53570a.jpg,wall-mounted hotel hairdryer,0.1188737154006958,-1.3614273071289062,56.58512115478516,636.0234985351562,635.4232177734375,variants,Image file: image_96_jpg.rf.ada0f04c22084c367cf9c6aacc53570a.jpg. Detected amenity: wall-mounted hotel hairdryer. Detection confidence: low (0.12). Source prompt type: variants.,"You are generating hotel amenity questions for guests browsing accommodation photos. Given the detection summary below, generate a hotel amenity related question that a guest may ask or a guest might want to be answeredwhile browsing accommodation images. Keep the question short, factual, and neutral. Detection summary: Image file: image_96_jpg.rf.ada0f04c22084c367cf9c6aacc53570a.jpg. Detected amenity: wall-mounted hotel hairdryer. Detection confidence: low (0.12). Source prompt type: variants. Question:",What is the name of the hotel hairdryer?,What type of amenity is the hotel hairdryer?,Is there a hairdryer provided in the room?,Is a hairdryer provided in the room?
image_148_jpg.rf.e1d80d53ba819db0e7c3988339cb4b56.jpg,portable travel hair dryer,0.1514714509248733,33.95051956176758,176.07589721679688,331.3630676269531,579.6301879882812,variants,Image file: image_148_jpg.rf.e1d80d53ba819db0e7c3988339cb4b56.jpg. Detected amenity: portable travel hair dryer. Detection confidence: low (0.15). Source prompt type: variants.,"You are generating hotel amenity questions for guests browsing accommodation photos. Given the detection summary below, generate a hotel amenity related question that a guest may ask or a guest might want to be answeredwhile browsing accommodation images. Keep the question short, factual, and neutral. Detection summary: Image file: image_148_jpg.rf.e1d80d53ba819db0e7c3988339cb4b56.jpg. Detected amenity: portable travel hair dryer. Detection confidence: low (0.15). Source prompt type: variants. Question:",What is the name of the hotel amenity?,What type of amenity is the portable travel hair dryer?,Does the room come with a hair dryer?,Does the hotel room have a portable travel hair dryer available?
image_148_jpg.rf.e1d80d53ba819db0e7c3988339cb4b56.jpg,hairdryer,0.1502830684185028,26.02964401245117,171.92926025390625,341.92987060546875,635.14208984375,variants,Image file: image_148_jpg.rf.e1d80d53ba819db0e7c3988339cb4b56.jpg. Detected amenity: hairdryer. Detection confidence: low (0.15). Source prompt type: variants.,"You are generating hotel amenity questions for guests browsing accommodation photos. Given the detection summary below, generate a hotel amenity related question that a guest may ask or a guest might want to be answeredwhile browsing accommodation images. Keep the question short, factual, and neutral. Detection summary: Image file: image_148_jpg.rf.e1d80d53ba819db0e7c3988339cb4b56.jpg. Detected amenity: hairdryer. Detection confidence: low (0.15). Source prompt type: variants. Question:",What type of amenity is hairdryer?,What is the name of the hotel that has a hairdryer?,Is a hairdryer provided in the room?,Is a hairdryer provided in the room?
image_148_jpg.rf.e1d80d53ba819db0e7c3988339cb4b56.jpg,wall-mounted hotel hairdryer,0.1075393110513687,238.1806182861328,159.93521118164062,629.7337646484375,643.7183227539062,variants,Image file: image_148_jpg.rf.e1d80d53ba819db0e7c3988339cb4b56.jpg. Detected amenity: wall-mounted hotel hairdryer. Detection confidence: low (0.11). Source prompt type: variants.,"You are generating hotel amenity questions for guests browsing accommodation photos. Given the detection summary below, generate a hotel amenity related question that a guest may ask or a guest might want to be answeredwhile browsing accommodation images. Keep the question short, factual, and neutral. Detection summary: Image file: image_148_jpg.rf.e1d80d53ba819db0e7c3988339cb4b56.jpg. Detected amenity: wall-mounted hotel hairdryer. Detection confidence: low (0.11). Source prompt type: variants. Question:",What is the name of the hotel hairdryer?,What is the location of the hotel hairdryer?,Is a hairdryer provided in the room?,Is a hairdryer provided in the room?
image_162_jpg.rf.4cc12b93c7297affd5d43f7dc1c2ca11.jpg,hairdryer,0.3607881069183349,97.7729949951172,87.1683120727539,539.6390380859375,575.9570922851562,variants,Image file: image_162_jpg.rf.4cc12b93c7297affd5d43f7dc1c2ca11.jpg. Detected amenity: hairdryer. Detection confidence: medium (0.36). Source prompt type: variants.,"You are generating hotel amenity questions for guests browsing accommodation photos. Given the detection summary below, generate a hotel amenity related question that a guest may ask or a guest might want to be answeredwhile browsing accommodation images. Keep the question short, factual, and neutral. Detection summary: Image file: image_162_jpg.rf.4cc12b93c7297affd5d43f7dc1c2ca11.jpg. Detected amenity: hairdryer. Detection confidence: medium (0.36). Source prompt type: variants. Question:",What type of amenity is hairdryer?,What is the name of the hotel that has a hairdryer?,Is a hairdryer provided in the room?,Is there a hairdryer available in the room?
image_195_jpg.rf.a65b228ba561bc5716fb2b2e2dd342c9.jpg,wall-mounted hotel hairdryer,0.2956255078315735,95.9365234375,99.44442749023438,509.7498168945313,647.1463012695312,variants,Image file: image_195_jpg.rf.a65b228ba561bc5716fb2b2e2dd342c9.jpg. Detected amenity: wall-mounted hotel hairdryer. Detection confidence: low (0.30). Source prompt type: variants.,"You are generating hotel amenity questions for guests browsing accommodation photos. Given the detection summary below, generate a hotel amenity related question that a guest may ask or a guest might want to be answeredwhile browsing accommodation images. Keep the question short, factual, and neutral. Detection summary: Image file: image_195_jpg.rf.a65b228ba561bc5716fb2b2e2dd342c9.jpg. Detected amenity: wall-mounted hotel hairdryer. Detection confidence: low (0.30). Source prompt type: variants. Question:",What is the name of the hotel hairdryer?,What is the location of the hotel hairdryer?,Does the room come with a hairdryer?,Is there a hairdryer provided in the room?
image_26_jpg.rf.a9c8b20cb01a3bdf9bfec15a5d6e72dd.jpg,wall-mounted hotel hairdryer,0.1987770050764084,162.2990264892578,117.26930236816406,536.39013671875,563.3646240234375,variants,Image file: image_26_jpg.rf.a9c8b20cb01a3bdf9bfec15a5d6e72dd.jpg. Detected amenity: wall-mounted hotel hairdryer. Detection confidence: low (0.20). Source prompt type: variants.,"You are generating hotel amenity questions for guests browsing accommodation photos. Given the detection summary below, generate a hotel amenity related question that a guest may ask or a guest might want to be answeredwhile browsing accommodation images. Keep the question short, factual, and neutral. Detection summary: Image file: image_26_jpg.rf.a9c8b20cb01a3bdf9bfec15a5d6e72dd.jpg. Detected amenity: wall-mounted hotel hairdryer. Detection confidence: low (0.20). Source prompt type: variants. Question:",What is the name of the hotel hairdryer?,What is the location of the hotel hairdryer?,Is there a hairdryer provided in the room?,Is a hairdryer provided in the room?
image_37_jpg.rf.83e013c057e66ee6023b0bd51542337f.jpg,wall-mounted hotel hairdryer,0.2351065129041671,2.4516677856445312,49.30286407470703,620.6875,627.8861694335938,variants,Image file: image_37_jpg.rf.83e013c057e66ee6023b0bd51542337f.jpg. Detected amenity: wall-mounted hotel hairdryer. Detection confidence: low (0.24). Source prompt type: variants.,"You are generating hotel amenity questions for guests browsing accommodation photos. Given the detection summary below, generate a hotel amenity related question that a guest may ask or a guest might want to be answeredwhile browsing accommodation images. Keep the question short, factual, and neutral. Detection summary: Image file: image_37_jpg.rf.83e013c057e66ee6023b0bd51542337f.jpg. Detected amenity: wall-mounted hotel hairdryer. Detection confidence: low (0.24). Source prompt type: variants. Question:",What is the name of the hotel hairdryer?,What is the name of the hotel hairdryer?,Is a hairdryer provided in the hotel room?,Does the hotel room have a hairdryer?
image_37_jpg.rf.83e013c057e66ee6023b0bd51542337f.jpg,wall-mounted hotel hairdryer,0.1167947500944137,19.512977600097656,149.91346740722656,293.2336120605469,607.3885498046875,variants,Image file: image_37_jpg.rf.83e013c057e66ee6023b0bd51542337f.jpg. Detected amenity: wall-mounted hotel hairdryer. Detection confidence: low (0.12). Source prompt type: variants.,"You are generating hotel amenity questions for guests browsing accommodation photos. Given the detection summary below, generate a hotel amenity related question that a guest may ask or a guest might want to be answeredwhile browsing accommodation images. Keep the question short, factual, and neutral. Detection summary: Image file: image_37_jpg.rf.83e013c057e66ee6023b0bd51542337f.jpg. Detected amenity: wall-mounted hotel hairdryer. Detection confidence: low (0.12). Source prompt type: variants. Question:",What is the name of the hotel hairdryer?,What is the name of the hotel hairdryer?,Is a hairdryer provided in the hotel room?,Does the hotel room have a hairdryer?
image_6_jpg.rf.362de8ab4ed13cb87af7954d0587c12b.jpg,portable travel hair dryer,0.6073669791221619,324.2683410644531,212.4330902099609,599.729248046875,495.4708251953125,variants,Image file: image_6_jpg.rf.362de8ab4ed13cb87af7954d0587c12b.jpg. Detected amenity: portable travel hair dryer. Detection confidence: high (0.61). Source prompt type: variants.,"You are generating hotel amenity questions for guests browsing accommodation photos. Given the detection summary below, generate a hotel amenity related question that a guest may ask or a guest might want to be answeredwhile browsing accommodation images. Keep the question short, factual, and neutral. Detection summary: Image file: image_6_jpg.rf.362de8ab4ed13cb87af7954d0587c12b.jpg. Detected amenity: portable travel hair dryer. Detection confidence: high (0.61). Source prompt type: variants. Question:",What is the name of the hotel amenity?,What type of amenity is the portable travel hair dryer?,Is a hair dryer provided in the room?,Does the hotel room have a portable travel hair dryer?
image_74_jpg.rf.31cddcdb0f1fa41c46ab1da41f2b63c5.jpg,wall-mounted hotel hairdryer,0.4476396739482879,117.32444763183594,193.19395446777344,564.9319458007812,550.7449951171875,variants,Image file: image_74_jpg.rf.31cddcdb0f1fa41c46ab1da41f2b63c5.jpg. Detected amenity: wall-mounted hotel hairdryer. Detection confidence: medium (0.45). Source prompt type: variants.,"You are generating hotel amenity questions for guests browsing accommodation photos. Given the detection summary below, generate a hotel amenity related question that a guest may ask or a guest might want to be answeredwhile browsing accommodation images. Keep the question short, factual, and neutral. Detection summary: Image file: image_74_jpg.rf.31cddcdb0f1fa41c46ab1da41f2b63c5.jpg. Detected amenity: wall-mounted hotel hairdryer. Detection confidence: medium (0.45). Source prompt type: variants. Question:",What is the name of the hotel hairdryer?,What is the location of the hotel hairdryer?,Is there a hairdryer provided in the room?,Is a hairdryer provided in the room?
image_74_jpg.rf.31cddcdb0f1fa41c46ab1da41f2b63c5.jpg,portable travel hair dryer,0.2718287110328674,126.83647918701172,200.59927368164065,346.33819580078125,548.528076171875,variants,Image file: image_74_jpg.rf.31cddcdb0f1fa41c46ab1da41f2b63c5.jpg. Detected amenity: portable travel hair dryer. Detection confidence: low (0.27). Source prompt type: variants.,"You are generating hotel amenity questions for guests browsing accommodation photos. Given the detection summary below, generate a hotel amenity related question that a guest may ask or a guest might want to be answeredwhile browsing accommodation images. Keep the question short, factual, and neutral. Detection summary: Image file: image_74_jpg.rf.31cddcdb0f1fa41c46ab1da41f2b63c5.jpg. Detected amenity: portable travel hair dryer. Detection confidence: low (0.27). Source prompt type: variants. Question:",What is the name of the hotel amenity?,What type of amenity is the portable travel hair dryer?,Is a hair dryer provided in the room?,Does the hotel room have a hair dryer?
image_129_jpg.rf.0b4f5a84a2683477ae527a0a7f42b9ea.jpg,wall-mounted hotel hairdryer,0.2277384996414184,48.352317810058594,107.93220520019533,546.6521606445312,638.5611572265625,variants,Image file: image_129_jpg.rf.0b4f5a84a2683477ae527a0a7f42b9ea.jpg. Detected amenity: wall-mounted hotel hairdryer. Detection confidence: low (0.23). Source prompt type: variants.,"You are generating hotel amenity questions for guests browsing accommodation photos. Given the detection summary below, generate a hotel amenity related question that a guest may ask or a guest might want to be answeredwhile browsing accommodation images. Keep the question short, factual, and neutral. Detection summary: Image file: image_129_jpg.rf.0b4f5a84a2683477ae527a0a7f42b9ea.jpg. Detected amenity: wall-mounted hotel hairdryer. Detection confidence: low (0.23). Source prompt type: variants. Question:",What is the name of the hotel hairdryer?,What is the location of the hotel hairdryer?,Is a hairdryer provided in the room?,Does the hotel room have a hairdryer?
image_270_fp_jpg.rf.dcb60bfc28653a28e8657743a9284746.jpg,portable travel hair dryer,0.1905973702669143,403.7883911132813,38.43639373779297,641.3565063476562,538.14501953125,variants,Image file: image_270_fp_jpg.rf.dcb60bfc28653a28e8657743a9284746.jpg. Detected amenity: portable travel hair dryer. Detection confidence: low (0.19). Source prompt type: variants.,"You are generating hotel amenity questions for guests browsing accommodation photos. Given the detection summary below, generate a hotel amenity related question that a guest may ask or a guest might want to be answeredwhile browsing accommodation images. Keep the question short, factual, and neutral. Detection summary: Image file: image_270_fp_jpg.rf.dcb60bfc28653a28e8657743a9284746.jpg. Detected amenity: portable travel hair dryer. Detection confidence: low (0.19). Source prompt type: variants. Question:",What is the name of the hotel amenity?,What type of amenity is the portable travel hair dryer?,Does the room come with a hair dryer?,Does the room have a portable travel hair dryer?
image_270_fp_jpg.rf.dcb60bfc28653a28e8657743a9284746.jpg,wall-mounted hotel hairdryer,0.1884088814258575,105.11564636230467,41.91461563110352,634.1978759765625,542.2055053710938,variants,Image file: image_270_fp_jpg.rf.dcb60bfc28653a28e8657743a9284746.jpg. Detected amenity: wall-mounted hotel hairdryer. Detection confidence: low (0.19). Source prompt type: variants.,"You are generating hotel amenity questions for guests browsing accommodation photos. Given the detection summary below, generate a hotel amenity related question that a guest may ask or a guest might want to be answeredwhile browsing accommodation images. Keep the question short, factual, and neutral. Detection summary: Image file: image_270_fp_jpg.rf.dcb60bfc28653a28e8657743a9284746.jpg. Detected amenity: wall-mounted hotel hairdryer. Detection confidence: low (0.19). Source prompt type: variants. Question:",What is the name of the hotel hairdryer?,What is the location of the hotel hairdryer?,Is a hairdryer provided in the hotel room?,Is a hairdryer provided in the room?
image_171_jpg.rf.fe3eefd411fb92bef4fc810f31154eb0.jpg,wall-mounted hotel hairdryer,0.2273187637329101,75.21180725097656,84.62762451171875,521.9522705078125,609.6060180664062,variants,Image file: image_171_jpg.rf.fe3eefd411fb92bef4fc810f31154eb0.jpg. Detected amenity: wall-mounted hotel hairdryer. Detection confidence: low (0.23). Source prompt type: variants.,"You are generating hotel amenity questions for guests browsing accommodation photos. Given the detection summary below, generate a hotel amenity related question that a guest may ask or a guest might want to be answeredwhile browsing accommodation images. Keep the question short, factual, and neutral. Detection summary: Image file: image_171_jpg.rf.fe3eefd411fb92bef4fc810f31154eb0.jpg. Detected amenity: wall-mounted hotel hairdryer. Detection confidence: low (0.23). Source prompt type: variants. Question:",What is the name of the hotel hairdryer?,What type of amenity is the hotel hairdryer?,Is a hairdryer provided in the hotel room?,Is there a hairdryer available in the room?
image_191_jpg.rf.d5eaee5f1d99025f99c914bbbb77e3e3.jpg,portable travel hair dryer,0.4505886137485504,166.80523681640625,57.84219741821289,527.9845581054688,636.2503051757812,variants,Image file: image_191_jpg.rf.d5eaee5f1d99025f99c914bbbb77e3e3.jpg. Detected amenity: portable travel hair dryer. Detection confidence: medium (0.45). Source prompt type: variants.,"You are generating hotel amenity questions for guests browsing accommodation photos. Given the detection summary below, generate a hotel amenity related question that a guest may ask or a guest might want to be answeredwhile browsing accommodation images. Keep the question short, factual, and neutral. Detection summary: Image file: image_191_jpg.rf.d5eaee5f1d99025f99c914bbbb77e3e3.jpg. Detected amenity: portable travel hair dryer. Detection confidence: medium (0.45). Source prompt type: variants. Question:",What is the name of the hotel amenity?,What type of amenity is the portable travel hair dryer?,Is a hair dryer provided in the room?,Does the hotel room come with a portable travel hair dryer?
image_153_jpg.rf.607fe10e0f34d3f18c5bf50aa6148931.jpg,electric hair dryer,0.3410260081291199,360.5882568359375,93.80291748046876,619.9378051757812,393.9161987304688,variants,Image file: image_153_jpg.rf.607fe10e0f34d3f18c5bf50aa6148931.jpg. Detected amenity: electric hair dryer. Detection confidence: medium (0.34). Source prompt type: variants.,"You are generating hotel amenity questions for guests browsing accommodation photos. Given the detection summary below, generate a hotel amenity related question that a guest may ask or a guest might want to be answeredwhile browsing accommodation images. Keep the question short, factual, and neutral. Detection summary: Image file: image_153_jpg.rf.607fe10e0f34d3f18c5bf50aa6148931.jpg. Detected amenity: electric hair dryer. Detection confidence: medium (0.34). Source prompt type: variants. Question:",What is the name of the hotel that has an electric hair dryer?,What type of amenity is the electric hair dryer?,Is an electric hair dryer provided in the room?,Is there a hair dryer provided in the room?
image_101_jpg.rf.b66c79c540c6228f27ca3207e1ea611f.jpg,wall-mounted hotel hairdryer,0.4389388561248779,36.227989196777344,128.40396118164062,620.1455078125,639.0357666015625,variants,Image file: image_101_jpg.rf.b66c79c540c6228f27ca3207e1ea611f.jpg. Detected amenity: wall-mounted hotel hairdryer. Detection confidence: medium (0.44). Source prompt type: variants.,"You are generating hotel amenity questions for guests browsing accommodation photos. Given the detection summary below, generate a hotel amenity related question that a guest may ask or a guest might want to be answeredwhile browsing accommodation images. Keep the question short, factual, and neutral. Detection summary: Image file: image_101_jpg.rf.b66c79c540c6228f27ca3207e1ea611f.jpg. Detected amenity: wall-mounted hotel hairdryer. Detection confidence: medium (0.44). Source prompt type: variants. Question:",What is the name of the hotel hairdryer?,What is the name of the hotel hairdryer?,Is there a hairdryer provided in the room?,Is there a wall-mounted hairdryer available in the room?
image_110_jpg.rf.c266e05379a7b351ff487f6635b952d6.jpg,wall-mounted hotel hairdryer,0.6031556725502014,50.28087615966797,109.73766326904295,627.51806640625,635.771728515625,variants,Image file: image_110_jpg.rf.c266e05379a7b351ff487f6635b952d6.jpg. Detected amenity: wall-mounted hotel hairdryer. Detection confidence: high (0.60). Source prompt type: variants.,"You are generating hotel amenity questions for guests browsing accommodation photos. Given the detection summary below, generate a hotel amenity related question that a guest may ask or a guest might want to be answeredwhile browsing accommodation images. Keep the question short, factual, and neutral. Detection summary: Image file: image_110_jpg.rf.c266e05379a7b351ff487f6635b952d6.jpg. Detected amenity: wall-mounted hotel hairdryer. Detection confidence: high (0.60). Source prompt type: variants. Question:",What is the name of the hotel hairdryer?,What is the location of the hotel hairdryer?,Is a hairdryer provided in the hotel room?,Is the hairdryer wall-mounted in the room?
image_110_jpg.rf.c266e05379a7b351ff487f6635b952d6.jpg,wall-mounted hotel hairdryer,0.1123801842331886,56.77555084228516,108.34115600585938,630.1729125976562,634.087890625,variants,Image file: image_110_jpg.rf.c266e05379a7b351ff487f6635b952d6.jpg. Detected amenity: wall-mounted hotel hairdryer. Detection confidence: low (0.11). Source prompt type: variants.,"You are generating hotel amenity questions for guests browsing accommodation photos. Given the detection summary below, generate a hotel amenity related question that a guest may ask or a guest might want to be answeredwhile browsing accommodation images. Keep the question short, factual, and neutral. Detection summary: Image file: image_110_jpg.rf.c266e05379a7b351ff487f6635b952d6.jpg. Detected amenity: wall-mounted hotel hairdryer. Detection confidence: low (0.11). Source prompt type: variants. Question:",What is the name of the hotel hairdryer?,What is the name of the hotel hairdryer?,Is a hairdryer provided in the room?,Is a hairdryer provided in the room?
image_128_jpg.rf.1486e8b1f9797df47fa33cb0b2fd0390.jpg,wall-mounted hotel hairdryer,0.2109267562627792,84.53573608398438,286.6190185546875,545.8551635742188,619.5667114257812,variants,Image file: image_128_jpg.rf.1486e8b1f9797df47fa33cb0b2fd0390.jpg. Detected amenity: wall-mounted hotel hairdryer. Detection confidence: low (0.21). Source prompt type: variants.,"You are generating hotel amenity questions for guests browsing accommodation photos. Given the detection summary below, generate a hotel amenity related question that a guest may ask or a guest might want to be answeredwhile browsing accommodation images. Keep the question short, factual, and neutral. Detection summary: Image file: image_128_jpg.rf.1486e8b1f9797df47fa33cb0b2fd0390.jpg. Detected amenity: wall-mounted hotel hairdryer. Detection confidence: low (0.21). Source prompt type: variants. Question:",What is the name of the hotel hairdryer?,What is the name of the hotel hairdryer?,Is a hairdryer provided in the hotel room?,Does the hotel room have a hairdryer?
image_131_jpg.rf.ab10d5f99f91af1372a6e0892ec4a985.jpg,hairdryer,0.1799269318580627,97.4334716796875,42.89020538330078,546.035400390625,633.2619018554688,variants,Image file: image_131_jpg.rf.ab10d5f99f91af1372a6e0892ec4a985.jpg. Detected amenity: hairdryer. Detection confidence: low (0.18). Source prompt type: variants.,"You are generating hotel amenity questions for guests browsing accommodation photos. Given the detection summary below, generate a hotel amenity related question that a guest may ask or a guest might want to be answeredwhile browsing accommodation images. Keep the question short, factual, and neutral. Detection summary: Image file: image_131_jpg.rf.ab10d5f99f91af1372a6e0892ec4a985.jpg. Detected amenity: hairdryer. Detection confidence: low (0.18). Source prompt type: variants. Question:",What is the name of the hotel amenity?,What is the name of the hotel that has a hairdryer?,Is a hairdryer provided in the room?,Is a hairdryer provided in the room?
image_73_jpg.rf.818dcd65ce3a7db6d2d639cedd7db043.jpg,electric hair dryer,0.3151137828826904,18.89474868774414,56.49480819702149,594.733154296875,639.7071533203125,variants,Image file: image_73_jpg.rf.818dcd65ce3a7db6d2d639cedd7db043.jpg. Detected amenity: electric hair dryer. Detection confidence: medium (0.32). Source prompt type: variants.,"You are generating hotel amenity questions for guests browsing accommodation photos. Given the detection summary below, generate a hotel amenity related question that a guest may ask or a guest might want to be answeredwhile browsing accommodation images. Keep the question short, factual, and neutral. Detection summary: Image file: image_73_jpg.rf.818dcd65ce3a7db6d2d639cedd7db043.jpg. Detected amenity: electric hair dryer. Detection confidence: medium (0.32). Source prompt type: variants. Question:",What is the name of the hotel that has an electric hair dryer?,What type of amenity is the electric hair dryer?,Does the room come with an electric hair dryer?,Does the hotel room have an electric hair dryer?
image_172_jpg.rf.d10436cde3de3de6ee99a7ae8091e539.jpg,portable travel hair dryer,0.3603158891201019,131.316650390625,62.074928283691406,410.8716125488281,634.7986450195312,variants,Image file: image_172_jpg.rf.d10436cde3de3de6ee99a7ae8091e539.jpg. Detected amenity: portable travel hair dryer. Detection confidence: medium (0.36). Source prompt type: variants.,"You are generating hotel amenity questions for guests browsing accommodation photos. Given the detection summary below, generate a hotel amenity related question that a guest may ask or a guest might want to be answeredwhile browsing accommodation images. Keep the question short, factual, and neutral. Detection summary: Image file: image_172_jpg.rf.d10436cde3de3de6ee99a7ae8091e539.jpg. Detected amenity: portable travel hair dryer. Detection confidence: medium (0.36). Source prompt type: variants. Question:",What is the name of the hotel amenity?,What type of amenity is the portable travel hair dryer?,Does the room come with a hair dryer?,Is a portable travel hair dryer available in the room?
image_172_jpg.rf.d10436cde3de3de6ee99a7ae8091e539.jpg,portable travel hair dryer,0.3386689126491546,129.70594787597656,63.6454963684082,410.701904296875,636.6024780273438,variants,Image file: image_172_jpg.rf.d10436cde3de3de6ee99a7ae8091e539.jpg. Detected amenity: portable travel hair dryer. Detection confidence: medium (0.34). Source prompt type: variants.,"You are generating hotel amenity questions for guests browsing accommodation photos. Given the detection summary below, generate a hotel amenity related question that a guest may ask or a guest might want to be answeredwhile browsing accommodation images. Keep the question short, factual, and neutral. Detection summary: Image file: image_172_jpg.rf.d10436cde3de3de6ee99a7ae8091e539.jpg. Detected amenity: portable travel hair dryer. Detection confidence: medium (0.34). Source prompt type: variants. Question:",What is the name of the portable travel hair dryer?,What type of amenity is the portable travel hair dryer?,Is a hair dryer provided in the room?,Is a portable travel hair dryer provided in the room?
image_119_jpg.rf.6de66f2558a1c952bbb78940f3a30f27.jpg,hairdryer,0.4286860823631286,135.67991638183594,25.46770095825196,475.700927734375,601.9693603515625,variants,Image file: image_119_jpg.rf.6de66f2558a1c952bbb78940f3a30f27.jpg. Detected amenity: hairdryer. Detection confidence: medium (0.43). Source prompt type: variants.,"You are generating hotel amenity questions for guests browsing accommodation photos. Given the detection summary below, generate a hotel amenity related question that a guest may ask or a guest might want to be answeredwhile browsing accommodation images. Keep the question short, factual, and neutral. Detection summary: Image file: image_119_jpg.rf.6de66f2558a1c952bbb78940f3a30f27.jpg. Detected amenity: hairdryer. Detection confidence: medium (0.43). Source prompt type: variants. Question:",What type of amenity is hairdryer?,What is the name of the hotel that has a hairdryer?,Is a hairdryer provided in the room?,Is a hairdryer provided in the room?
image_30_jpg.rf.0fc060fe054f272ddc11590f0cfb05e9.jpg,wall-mounted hotel hairdryer,0.25238037109375,121.79611206054688,15.939769744873049,514.521240234375,626.2380981445312,variants,Image file: image_30_jpg.rf.0fc060fe054f272ddc11590f0cfb05e9.jpg. Detected amenity: wall-mounted hotel hairdryer. Detection confidence: low (0.25). Source prompt type: variants.,"You are generating hotel amenity questions for guests browsing accommodation photos. Given the detection summary below, generate a hotel amenity related question that a guest may ask or a guest might want to be answeredwhile browsing accommodation images. Keep the question short, factual, and neutral. Detection summary: Image file: image_30_jpg.rf.0fc060fe054f272ddc11590f0cfb05e9.jpg. Detected amenity: wall-mounted hotel hairdryer. Detection confidence: low (0.25). Source prompt type: variants. Question:",What is the name of the hotel hairdryer?,What is the location of the hotel hairdryer?,Is a hairdryer provided in the hotel room?,Does the room have a wall-mounted hairdryer?
image_157_jpg.rf.4799dd619d8175d1e581567ae0fadccb.jpg,wall-mounted hotel hairdryer,0.2094751447439193,54.37824249267578,282.2378234863281,578.9107666015625,635.1874389648438,variants,Image file: image_157_jpg.rf.4799dd619d8175d1e581567ae0fadccb.jpg. Detected amenity: wall-mounted hotel hairdryer. Detection confidence: low (0.21). Source prompt type: variants.,"You are generating hotel amenity questions for guests browsing accommodation photos. Given the detection summary below, generate a hotel amenity related question that a guest may ask or a guest might want to be answeredwhile browsing accommodation images. Keep the question short, factual, and neutral. Detection summary: Image file: image_157_jpg.rf.4799dd619d8175d1e581567ae0fadccb.jpg. Detected amenity: wall-mounted hotel hairdryer. Detection confidence: low (0.21). Source prompt type: variants. Question:",What is the name of the hotel hairdryer?,What is the name of the hotel hairdryer?,Is a hairdryer provided in the room?,Does the hotel room have a wall-mounted hairdryer?
image_229_jpg.rf.5256dec0485111cea068d49adb39e91f.jpg,wall-mounted hotel hairdryer,0.1020170897245407,34.37440872192383,145.4219970703125,541.5728149414062,599.1912841796875,variants,Image file: image_229_jpg.rf.5256dec0485111cea068d49adb39e91f.jpg. Detected amenity: wall-mounted hotel hairdryer. Detection confidence: low (0.10). Source prompt type: variants.,"You are generating hotel amenity questions for guests browsing accommodation photos. Given the detection summary below, generate a hotel amenity related question that a guest may ask or a guest might want to be answeredwhile browsing accommodation images. Keep the question short, factual, and neutral. Detection summary: Image file: image_229_jpg.rf.5256dec0485111cea068d49adb39e91f.jpg. Detected amenity: wall-mounted hotel hairdryer. Detection confidence: low (0.10). Source prompt type: variants. Question:",What is the name of the hotel hairdryer?,What is the name of the hotel hairdryer?,Is a hairdryer provided in the room?,Is there a hairdryer available in the room?
image_290_fp_jpg.rf.927dc1eafbdae6c9daa037d061878432.jpg,wall-mounted hotel hairdryer,0.1378925591707229,594.4310913085938,102.63194274902344,636.0106201171875,201.98208618164065,variants,Image file: image_290_fp_jpg.rf.927dc1eafbdae6c9daa037d061878432.jpg. Detected amenity: wall-mounted hotel hairdryer. Detection confidence: low (0.14). Source prompt type: variants.,"You are generating hotel amenity questions for guests browsing accommodation photos. Given the detection summary below, generate a hotel amenity related question that a guest may ask or a guest might want to be answeredwhile browsing accommodation images. Keep the question short, factual, and neutral. Detection summary: Image file: image_290_fp_jpg.rf.927dc1eafbdae6c9daa037d061878432.jpg. Detected amenity: wall-mounted hotel hairdryer. Detection confidence: low (0.14). Source prompt type: variants. Question:",What is the name of the hotel hairdryer?,What is the location of the hotel hairdryer?,Is a hairdryer provided in the hotel room?,Is a hairdryer provided in the room?
image_294_fp_jpg.rf.d7761af0b2968044af30000217d9ab95.jpg,wall-mounted hotel hairdryer,0.1690636128187179,126.65022277832033,-1.7619991302490234,209.4100799560547,213.48831176757807,variants,Image file: image_294_fp_jpg.rf.d7761af0b2968044af30000217d9ab95.jpg. Detected amenity: wall-mounted hotel hairdryer. Detection confidence: low (0.17). Source prompt type: variants.,"You are generating hotel amenity questions for guests browsing accommodation photos. Given the detection summary below, generate a hotel amenity related question that a guest may ask or a guest might want to be answeredwhile browsing accommodation images. Keep the question short, factual, and neutral. Detection summary: Image file: image_294_fp_jpg.rf.d7761af0b2968044af30000217d9ab95.jpg. Detected amenity: wall-mounted hotel hairdryer. Detection confidence: low (0.17). Source prompt type: variants. Question:",What is the name of the hotel hairdryer?,What is the location of the hotel hairdryer?,Is a hairdryer provided in the room?,Is a hairdryer provided in the room?
image_169_jpg.rf.3fe4ba3cb7f7a5e94ebb20632d5a33bb.jpg,wall-mounted hotel hairdryer,0.1793971955776214,32.04374313354492,155.0518035888672,592.5848388671875,638.2843017578125,variants,Image file: image_169_jpg.rf.3fe4ba3cb7f7a5e94ebb20632d5a33bb.jpg. Detected amenity: wall-mounted hotel hairdryer. Detection confidence: low (0.18). Source prompt type: variants.,"You are generating hotel amenity questions for guests browsing accommodation photos. Given the detection summary below, generate a hotel amenity related question that a guest may ask or a guest might want to be answeredwhile browsing accommodation images. Keep the question short, factual, and neutral. Detection summary: Image file: image_169_jpg.rf.3fe4ba3cb7f7a5e94ebb20632d5a33bb.jpg. Detected amenity: wall-mounted hotel hairdryer. Detection confidence: low (0.18). Source prompt type: variants. Question:",What is the name of the hotel hairdryer?,What is the location of the hotel hairdryer?,Is a hairdryer provided in the room?,Does the room come with a hairdryer?
image_221_jpg.rf.23e255a055982864c4c13d38bbdb6896.jpg,wall-mounted hotel hairdryer,0.213637501001358,71.36015319824219,134.92050170898438,622.6260375976562,588.598388671875,variants,Image file: image_221_jpg.rf.23e255a055982864c4c13d38bbdb6896.jpg. Detected amenity: wall-mounted hotel hairdryer. Detection confidence: low (0.21). Source prompt type: variants.,"You are generating hotel amenity questions for guests browsing accommodation photos. Given the detection summary below, generate a hotel amenity related question that a guest may ask or a guest might want to be answeredwhile browsing accommodation images. Keep the question short, factual, and neutral. Detection summary: Image file: image_221_jpg.rf.23e255a055982864c4c13d38bbdb6896.jpg. Detected amenity: wall-mounted hotel hairdryer. Detection confidence: low (0.21). Source prompt type: variants. Question:",What is the name of the hotel hairdryer?,What is the name of the hotel hairdryer?,Is a hairdryer provided in the hotel room?,"""Does the room have a hairdryer?"""
image_264_fp_jpg.rf.abf0d42047c8302b63375cc0868859f8.jpg,wall-mounted hotel hairdryer,0.1535619497299194,63.40078353881836,1.7921257019042969,540.4279174804688,638.656005859375,variants,Image file: image_264_fp_jpg.rf.abf0d42047c8302b63375cc0868859f8.jpg. Detected amenity: wall-mounted hotel hairdryer. Detection confidence: low (0.15). Source prompt type: variants.,"You are generating hotel amenity questions for guests browsing accommodation photos. Given the detection summary below, generate a hotel amenity related question that a guest may ask or a guest might want to be answeredwhile browsing accommodation images. Keep the question short, factual, and neutral. Detection summary: Image file: image_264_fp_jpg.rf.abf0d42047c8302b63375cc0868859f8.jpg. Detected amenity: wall-mounted hotel hairdryer. Detection confidence: low (0.15). Source prompt type: variants. Question:",What is the name of the hotel hairdryer?,What is the location of the hotel hairdryer?,Is a hairdryer provided in the hotel room?,Does the room have a hairdryer?
image_46_jpg.rf.e93d272311fc099941feef6611a7d6d3.jpg,wall-mounted hotel hairdryer,0.270652711391449,116.8777847290039,364.3359375,519.0567016601562,640.9240112304688,variants,Image file: image_46_jpg.rf.e93d272311fc099941feef6611a7d6d3.jpg. Detected amenity: wall-mounted hotel hairdryer. Detection confidence: low (0.27). Source prompt type: variants.,"You are generating hotel amenity questions for guests browsing accommodation photos. Given the detection summary below, generate a hotel amenity related question that a guest may ask or a guest might want to be answeredwhile browsing accommodation images. Keep the question short, factual, and neutral. Detection summary: Image file: image_46_jpg.rf.e93d272311fc099941feef6611a7d6d3.jpg. Detected amenity: wall-mounted hotel hairdryer. Detection confidence: low (0.27). Source prompt type: variants. Question:",What is the name of the hotel hairdryer?,What is the location of the hotel hairdryer?,Does the room come with a hairdryer?,Does the room have a wall-mounted hairdryer?
image_179_jpg.rf.dfcab6f34aac37fde9e8914a8d46e717.jpg,wall-mounted hotel hairdryer,0.2965371608734131,2.944202423095703,63.17005157470703,637.6234130859375,636.7832641601562,variants,Image file: image_179_jpg.rf.dfcab6f34aac37fde9e8914a8d46e717.jpg. Detected amenity: wall-mounted hotel hairdryer. Detection confidence: low (0.30). Source prompt type: variants.,"You are generating hotel amenity questions for guests browsing accommodation photos. Given the detection summary below, generate a hotel amenity related question that a guest may ask or a guest might want to be answeredwhile browsing accommodation images. Keep the question short, factual, and neutral. Detection summary: Image file: image_179_jpg.rf.dfcab6f34aac37fde9e8914a8d46e717.jpg. Detected amenity: wall-mounted hotel hairdryer. Detection confidence: low (0.30). Source prompt type: variants. Question:",What is the name of the hotel hairdryer?,What is the location of the hotel hairdryer?,Is a hairdryer provided in the hotel room?,Is a hairdryer provided in the room?
image_152_jpg.rf.36cd7734c30a38e61168c0a8365c9698.jpg,wall-mounted hotel hairdryer,0.1749661713838577,155.48593139648438,192.9296112060547,381.4612426757813,421.8255004882813,variants,Image file: image_152_jpg.rf.36cd7734c30a38e61168c0a8365c9698.jpg. Detected amenity: wall-mounted hotel hairdryer. Detection confidence: low (0.17). Source prompt type: variants.,"You are generating hotel amenity questions for guests browsing accommodation photos. Given the detection summary below, generate a hotel amenity related question that a guest may ask or a guest might want to be answeredwhile browsing accommodation images. Keep the question short, factual, and neutral. Detection summary: Image file: image_152_jpg.rf.36cd7734c30a38e61168c0a8365c9698.jpg. Detected amenity: wall-mounted hotel hairdryer. Detection confidence: low (0.17). Source prompt type: variants. Question:",What is the name of the hotel hairdryer?,What is the location of the hotel hairdryer?,Is a hairdryer provided in the room?,Is there a hairdryer available in the room?
image_152_jpg.rf.36cd7734c30a38e61168c0a8365c9698.jpg,wall-mounted hotel hairdryer,0.1427413076162338,133.66488647460938,193.5023803710937,396.8785400390625,490.1311950683594,variants,Image file: image_152_jpg.rf.36cd7734c30a38e61168c0a8365c9698.jpg. Detected amenity: wall-mounted hotel hairdryer. Detection confidence: low (0.14). Source prompt type: variants.,"You are generating hotel amenity questions for guests browsing accommodation photos. Given the detection summary below, generate a hotel amenity related question that a guest may ask or a guest might want to be answeredwhile browsing accommodation images. Keep the question short, factual, and neutral. Detection summary: Image file: image_152_jpg.rf.36cd7734c30a38e61168c0a8365c9698.jpg. Detected amenity: wall-mounted hotel hairdryer. Detection confidence: low (0.14). Source prompt type: variants. Question:",What is the name of the hotel hairdryer?,What is the name of the hotel hairdryer?,Is a hairdryer provided in the hotel room?,Is a hairdryer provided in the room?
image_152_jpg.rf.36cd7734c30a38e61168c0a8365c9698.jpg,wall-mounted hotel hairdryer,0.1115445420145988,40.530738830566406,192.91943359375,393.3691101074219,523.169677734375,variants,Image file: image_152_jpg.rf.36cd7734c30a38e61168c0a8365c9698.jpg. Detected amenity: wall-mounted hotel hairdryer. Detection confidence: low (0.11). Source prompt type: variants.,"You are generating hotel amenity questions for guests browsing accommodation photos. Given the detection summary below, generate a hotel amenity related question that a guest may ask or a guest might want to be answeredwhile browsing accommodation images. Keep the question short, factual, and neutral. Detection summary: Image file: image_152_jpg.rf.36cd7734c30a38e61168c0a8365c9698.jpg. Detected amenity: wall-mounted hotel hairdryer. Detection confidence: low (0.11). Source prompt type: variants. Question:",What is the name of the hotel hairdryer?,What type of amenity is the hotel hairdryer?,Is a hairdryer provided in the room?,Does the hotel room have a hairdryer?
image_319_fp_jpg.rf.40d8b9b8179f394dcc1ceea330b84abd.jpg,portable travel hair dryer,0.1091987863183021,49.51079559326172,232.4203491210937,113.66397094726562,395.9568786621094,variants,Image file: image_319_fp_jpg.rf.40d8b9b8179f394dcc1ceea330b84abd.jpg. Detected amenity: portable travel hair dryer. Detection confidence: low (0.11). Source prompt type: variants.,"You are generating hotel amenity questions for guests browsing accommodation photos. Given the detection summary below, generate a hotel amenity related question that a guest may ask or a guest might want to be answeredwhile browsing accommodation images. Keep the question short, factual, and neutral. Detection summary: Image file: image_319_fp_jpg.rf.40d8b9b8179f394dcc1ceea330b84abd.jpg. Detected amenity: portable travel hair dryer. Detection confidence: low (0.11). Source prompt type: variants. Question:",What is the name of the hotel amenity?,What type of amenity is the portable travel hair dryer?,Does the room come with a hair dryer?,Is a portable travel hair dryer provided in the room?
image_198_jpg.rf.29a9fb14446788a27b19b04e220c6e5d.jpg,electric hair dryer,0.1151669695973396,284.0863342285156,118.52360534667967,460.4104614257813,333.3065185546875,variants,Image file: image_198_jpg.rf.29a9fb14446788a27b19b04e220c6e5d.jpg. Detected amenity: electric hair dryer. Detection confidence: low (0.12). Source prompt type: variants.,"You are generating hotel amenity questions for guests browsing accommodation photos. Given the detection summary below, generate a hotel amenity related question that a guest may ask or a guest might want to be answeredwhile browsing accommodation images. Keep the question short, factual, and neutral. Detection summary: Image file: image_198_jpg.rf.29a9fb14446788a27b19b04e220c6e5d.jpg. Detected amenity: electric hair dryer. Detection confidence: low (0.12). Source prompt type: variants. Question:",What is the name of the hotel that has an electric hair dryer?,What type of amenity is the electric hair dryer?,Is an electric hair dryer available in the room?,Is an electric hair dryer provided in the room?
image_198_jpg.rf.29a9fb14446788a27b19b04e220c6e5d.jpg,wall-mounted hotel hairdryer,0.4251860678195953,106.03679656982422,365.51361083984375,445.2978210449219,565.0317993164062,variants,Image file: image_198_jpg.rf.29a9fb14446788a27b19b04e220c6e5d.jpg. Detected amenity: wall-mounted hotel hairdryer. Detection confidence: medium (0.43). Source prompt type: variants.,"You are generating hotel amenity questions for guests browsing accommodation photos. Given the detection summary below, generate a hotel amenity related question that a guest may ask or a guest might want to be answeredwhile browsing accommodation images. Keep the question short, factual, and neutral. Detection summary: Image file: image_198_jpg.rf.29a9fb14446788a27b19b04e220c6e5d.jpg. Detected amenity: wall-mounted hotel hairdryer. Detection confidence: medium (0.43). Source prompt type: variants. Question:",What is the name of the hotel hairdryer?,What is the location of the hotel hairdryer?,Does the room come with a hairdryer?,Is a hairdryer provided in the room?
image_198_jpg.rf.29a9fb14446788a27b19b04e220c6e5d.jpg,wall-mounted hotel hairdryer,0.1479998081922531,107.42448425292967,361.4703063964844,458.18701171875,635.2509155273438,variants,Image file: image_198_jpg.rf.29a9fb14446788a27b19b04e220c6e5d.jpg. Detected amenity: wall-mounted hotel hairdryer. Detection confidence: low (0.15). Source prompt type: variants.,"You are generating hotel amenity questions for guests browsing accommodation photos. Given the detection summary below, generate a hotel amenity related question that a guest may ask or a guest might want to be answeredwhile browsing accommodation images. Keep the question short, factual, and neutral. Detection summary: Image file: image_198_jpg.rf.29a9fb14446788a27b19b04e220c6e5d.jpg. Detected amenity: wall-mounted hotel hairdryer. Detection confidence: low (0.15). Source prompt type: variants. Question:",What is the name of the hotel hairdryer?,What is the location of the hotel hairdryer?,Is a hairdryer provided in the hotel room?,Does the hotel room have a wall-mounted hairdryer?
image_198_jpg.rf.29a9fb14446788a27b19b04e220c6e5d.jpg,hairdryer,0.1168821528553962,106.3801727294922,370.712890625,377.4803161621094,563.2390747070312,variants,Image file: image_198_jpg.rf.29a9fb14446788a27b19b04e220c6e5d.jpg. Detected amenity: hairdryer. Detection confidence: low (0.12). Source prompt type: variants.,"You are generating hotel amenity questions for guests browsing accommodation photos. Given the detection summary below, generate a hotel amenity related question that a guest may ask or a guest might want to be answeredwhile browsing accommodation images. Keep the question short, factual, and neutral. Detection summary: Image file: image_198_jpg.rf.29a9fb14446788a27b19b04e220c6e5d.jpg. Detected amenity: hairdryer. Detection confidence: low (0.12). Source prompt type: variants. Question:",What type of amenity is hairdryer?,What is the name of the hotel that has a hairdryer?,Is a hairdryer provided in the room?,Is there a hairdryer available in the room?
image_198_jpg.rf.29a9fb14446788a27b19b04e220c6e5d.jpg,wall-mounted hotel hairdryer,0.1028599888086319,178.56430053710938,562.3024291992188,397.6008605957031,638.7979736328125,variants,Image file: image_198_jpg.rf.29a9fb14446788a27b19b04e220c6e5d.jpg. Detected amenity: wall-mounted hotel hairdryer. Detection confidence: low (0.10). Source prompt type: variants.,"You are generating hotel amenity questions for guests browsing accommodation photos. Given the detection summary below, generate a hotel amenity related question that a guest may ask or a guest might want to be answeredwhile browsing accommodation images. Keep the question short, factual, and neutral. Detection summary: Image file: image_198_jpg.rf.29a9fb14446788a27b19b04e220c6e5d.jpg. Detected amenity: wall-mounted hotel hairdryer. Detection confidence: low (0.10). Source prompt type: variants. Question:",What is the name of the hotel hairdryer?,What is the name of the hotel hairdryer?,Is a hairdryer provided in the room?,Is there a hairdryer available in the room?
image_156_jpg.rf.c6fd83f3ed43cd01007b5e0db471a337.jpg,wall-mounted hotel hairdryer,0.2061495333909988,-3.865280151367188,2.004375457763672,507.7730712890625,522.9371337890625,variants,Image file: image_156_jpg.rf.c6fd83f3ed43cd01007b5e0db471a337.jpg. Detected amenity: wall-mounted hotel hairdryer. Detection confidence: low (0.21). Source prompt type: variants.,"You are generating hotel amenity questions for guests browsing accommodation photos. Given the detection summary below, generate a hotel amenity related question that a guest may ask or a guest might want to be answeredwhile browsing accommodation images. Keep the question short, factual, and neutral. Detection summary: Image file: image_156_jpg.rf.c6fd83f3ed43cd01007b5e0db471a337.jpg. Detected amenity: wall-mounted hotel hairdryer. Detection confidence: low (0.21). Source prompt type: variants. Question:",What is the name of the hotel hairdryer?,What is the location of the hotel hairdryer?,Is a hairdryer provided in the hotel room?,Does the room have a wall-mounted hairdryer?
image_156_jpg.rf.c6fd83f3ed43cd01007b5e0db471a337.jpg,wall-mounted hotel hairdryer,0.109584704041481,3.669509887695313,27.892742156982425,641.0401611328125,617.6828002929688,variants,Image file: image_156_jpg.rf.c6fd83f3ed43cd01007b5e0db471a337.jpg. Detected amenity: wall-mounted hotel hairdryer. Detection confidence: low (0.11). Source prompt type: variants.,"You are generating hotel amenity questions for guests browsing accommodation photos. Given the detection summary below, generate a hotel amenity related question that a guest may ask or a guest might want to be answeredwhile browsing accommodation images. Keep the question short, factual, and neutral. Detection summary: Image file: image_156_jpg.rf.c6fd83f3ed43cd01007b5e0db471a337.jpg. Detected amenity: wall-mounted hotel hairdryer. Detection confidence: low (0.11). Source prompt type: variants. Question:",What is the name of the hotel hairdryer?,What is the location of the hotel hairdryer?,Does the room have a hairdryer?,Is the hairdryer wall-mounted in the room?
image_13_jpg.rf.32bf2d0bc5caa4f74a07ed7554e02a41.jpg,wall-mounted hotel hairdryer,0.1489380151033401,92.52356719970705,71.74986267089844,281.5773010253906,511.6055908203125,variants,Image file: image_13_jpg.rf.32bf2d0bc5caa4f74a07ed7554e02a41.jpg. Detected amenity: wall-mounted hotel hairdryer. Detection confidence: low (0.15). Source prompt type: variants.,"You are generating hotel amenity questions for guests browsing accommodation photos. Given the detection summary below, generate a hotel amenity related question that a guest may ask or a guest might want to be answeredwhile browsing accommodation images. Keep the question short, factual, and neutral. Detection summary: Image file: image_13_jpg.rf.32bf2d0bc5caa4f74a07ed7554e02a41.jpg. Detected amenity: wall-mounted hotel hairdryer. Detection confidence: low (0.15). Source prompt type: variants. Question:",What is the name of the hotel hairdryer?,What is the location of the hotel hairdryer?,Is a hairdryer provided in the room?,Does the room have a wall-mounted hairdryer?
image_13_jpg.rf.32bf2d0bc5caa4f74a07ed7554e02a41.jpg,wall-mounted hotel hairdryer,0.1059155017137527,165.43685913085938,45.353736877441406,631.8041381835938,584.4423828125,variants,Image file: image_13_jpg.rf.32bf2d0bc5caa4f74a07ed7554e02a41.jpg. Detected amenity: wall-mounted hotel hairdryer. Detection confidence: low (0.11). Source prompt type: variants.,"You are generating hotel amenity questions for guests browsing accommodation photos. Given the detection summary below, generate a hotel amenity related question that a guest may ask or a guest might want to be answeredwhile browsing accommodation images. Keep the question short, factual, and neutral. Detection summary: Image file: image_13_jpg.rf.32bf2d0bc5caa4f74a07ed7554e02a41.jpg. Detected amenity: wall-mounted hotel hairdryer. Detection confidence: low (0.11). Source prompt type: variants. Question:",What is the name of the hotel hairdryer?,What is the name of the hotel hairdryer?,Is a hairdryer provided in the hotel room?,Is a hairdryer provided in the room?
image_85_jpg.rf.893c2e91bd918ef63b40e1c64c73c2c9.jpg,portable travel hair dryer,0.380118727684021,102.84562683105467,176.4366455078125,432.4527587890625,458.2891845703125,variants,Image file: image_85_jpg.rf.893c2e91bd918ef63b40e1c64c73c2c9.jpg. Detected amenity: portable travel hair dryer. Detection confidence: medium (0.38). Source prompt type: variants.,"You are generating hotel amenity questions for guests browsing accommodation photos. Given the detection summary below, generate a hotel amenity related question that a guest may ask or a guest might want to be answeredwhile browsing accommodation images. Keep the question short, factual, and neutral. Detection summary: Image file: image_85_jpg.rf.893c2e91bd918ef63b40e1c64c73c2c9.jpg. Detected amenity: portable travel hair dryer. Detection confidence: medium (0.38). Source prompt type: variants. Question:",What is the name of the hotel amenity?,What type of amenity is the portable travel hair dryer?,Is a hair dryer provided in the room?,Is a portable travel hair dryer provided in the room?
image_85_jpg.rf.893c2e91bd918ef63b40e1c64c73c2c9.jpg,wall-mounted hotel hairdryer,0.159003734588623,95.31747436523438,176.4457550048828,550.147705078125,556.5473022460938,variants,Image file: image_85_jpg.rf.893c2e91bd918ef63b40e1c64c73c2c9.jpg. Detected amenity: wall-mounted hotel hairdryer. Detection confidence: low (0.16). Source prompt type: variants.,"You are generating hotel amenity questions for guests browsing accommodation photos. Given the detection summary below, generate a hotel amenity related question that a guest may ask or a guest might want to be answeredwhile browsing accommodation images. Keep the question short, factual, and neutral. Detection summary: Image file: image_85_jpg.rf.893c2e91bd918ef63b40e1c64c73c2c9.jpg. Detected amenity: wall-mounted hotel hairdryer. Detection confidence: low (0.16). Source prompt type: variants. Question:",What is the name of the hotel hairdryer?,What type of amenity is the hotel hairdryer?,Is a hairdryer provided in the room?,Does the hotel room have a hairdryer?
image_85_jpg.rf.893c2e91bd918ef63b40e1c64c73c2c9.jpg,wall-mounted hotel hairdryer,0.101235844194889,344.7687072753906,186.0114898681641,551.4312133789062,546.9381103515625,variants,Image file: image_85_jpg.rf.893c2e91bd918ef63b40e1c64c73c2c9.jpg. Detected amenity: wall-mounted hotel hairdryer. Detection confidence: low (0.10). Source prompt type: variants.,"You are generating hotel amenity questions for guests browsing accommodation photos. Given the detection summary below, generate a hotel amenity related question that a guest may ask or a guest might want to be answeredwhile browsing accommodation images. Keep the question short, factual, and neutral. Detection summary: Image file: image_85_jpg.rf.893c2e91bd918ef63b40e1c64c73c2c9.jpg. Detected amenity: wall-mounted hotel hairdryer. Detection confidence: low (0.10). Source prompt type: variants. Question:",What is the name of the hotel hairdryer?,What is the name of the hotel hairdryer?,Is a hairdryer provided in the room?,Is a hairdryer available in the room?
image_136_jpg.rf.2275c3fc9c4bd4e5d81eb30a499dbfc1.jpg,wall-mounted hotel hairdryer,0.1805638074874878,48.52882385253906,465.4962158203125,466.7721862792969,642.6243896484375,variants,Image file: image_136_jpg.rf.2275c3fc9c4bd4e5d81eb30a499dbfc1.jpg. Detected amenity: wall-mounted hotel hairdryer. Detection confidence: low (0.18). Source prompt type: variants.,"You are generating hotel amenity questions for guests browsing accommodation photos. Given the detection summary below, generate a hotel amenity related question that a guest may ask or a guest might want to be answeredwhile browsing accommodation images. Keep the question short, factual, and neutral. Detection summary: Image file: image_136_jpg.rf.2275c3fc9c4bd4e5d81eb30a499dbfc1.jpg. Detected amenity: wall-mounted hotel hairdryer. Detection confidence: low (0.18). Source prompt type: variants. Question:",What is the name of the hotel hairdryer?,What is the location of the hotel hairdryer?,Is a hairdryer provided in the room?,Does the hotel room have a hairdryer?
image_82_jpg.rf.a29dbe798ea3500d618b7f734decaebc.jpg,portable travel hair dryer,0.30156010389328,70.74150085449219,46.873779296875,426.9036254882813,636.6043090820312,variants,Image file: image_82_jpg.rf.a29dbe798ea3500d618b7f734decaebc.jpg. Detected amenity: portable travel hair dryer. Detection confidence: medium (0.30). Source prompt type: variants.,"You are generating hotel amenity questions for guests browsing accommodation photos. Given the detection summary below, generate a hotel amenity related question that a guest may ask or a guest might want to be answeredwhile browsing accommodation images. Keep the question short, factual, and neutral. Detection summary: Image file: image_82_jpg.rf.a29dbe798ea3500d618b7f734decaebc.jpg. Detected amenity: portable travel hair dryer. Detection confidence: medium (0.30). Source prompt type: variants. Question:",What is the name of the hotel amenity?,What type of amenity is the portable travel hair dryer?,Is a hair dryer provided in the room?,Is a portable travel hair dryer available in the room?
image_271_fp_jpg.rf.0e4e62afe686fa0001b7f2d47257705e.jpg,wall-mounted hotel hairdryer,0.1203718483448028,246.4794006347656,26.202449798583984,410.516357421875,618.0846557617188,variants,Image file: image_271_fp_jpg.rf.0e4e62afe686fa0001b7f2d47257705e.jpg. Detected amenity: wall-mounted hotel hairdryer. Detection confidence: low (0.12). Source prompt type: variants.,"You are generating hotel amenity questions for guests browsing accommodation photos. Given the detection summary below, generate a hotel amenity related question that a guest may ask or a guest might want to be answeredwhile browsing accommodation images. Keep the question short, factual, and neutral. Detection summary: Image file: image_271_fp_jpg.rf.0e4e62afe686fa0001b7f2d47257705e.jpg. Detected amenity: wall-mounted hotel hairdryer. Detection confidence: low (0.12). Source prompt type: variants. Question:",What is the name of the hotel hairdryer?,What is the location of the hotel hairdryer?,Is a hairdryer provided in the room?,Does the hotel room have a hairdryer?
image_271_fp_jpg.rf.0e4e62afe686fa0001b7f2d47257705e.jpg,wall-mounted hotel hairdryer,0.1339328587055206,126.06192779541016,28.658790588378903,407.8443908691406,626.6394653320312,variants,Image file: image_271_fp_jpg.rf.0e4e62afe686fa0001b7f2d47257705e.jpg. Detected amenity: wall-mounted hotel hairdryer. Detection confidence: low (0.13). Source prompt type: variants.,"You are generating hotel amenity questions for guests browsing accommodation photos. Given the detection summary below, generate a hotel amenity related question that a guest may ask or a guest might want to be answeredwhile browsing accommodation images. Keep the question short, factual, and neutral. Detection summary: Image file: image_271_fp_jpg.rf.0e4e62afe686fa0001b7f2d47257705e.jpg. Detected amenity: wall-mounted hotel hairdryer. Detection confidence: low (0.13). Source prompt type: variants. Question:",What is the name of the hotel hairdryer?,What is the location of the hotel hairdryer?,Is a hairdryer provided in the room?,Is there a hairdryer available in the room?
image_23_jpg.rf.b7395d244b718d2ef69840037e0b8a9f.jpg,electric hair dryer,0.2724388539791107,99.20223236083984,148.87551879882812,499.75384521484375,631.9067993164062,variants,Image file: image_23_jpg.rf.b7395d244b718d2ef69840037e0b8a9f.jpg. Detected amenity: electric hair dryer. Detection confidence: low (0.27). Source prompt type: variants.,"You are generating hotel amenity questions for guests browsing accommodation photos. Given the detection summary below, generate a hotel amenity related question that a guest may ask or a guest might want to be answeredwhile browsing accommodation images. Keep the question short, factual, and neutral. Detection summary: Image file: image_23_jpg.rf.b7395d244b718d2ef69840037e0b8a9f.jpg. Detected amenity: electric hair dryer. Detection confidence: low (0.27). Source prompt type: variants. Question:",What is the name of the hotel that has an electric hair dryer?,What type of amenity is the electric hair dryer?,Does the room come with an electric hair dryer?,Is an electric hair dryer provided in the room?
image_126_jpg.rf.351a777844b804d2a48127d84a813661.jpg,wall-mounted hotel hairdryer,0.2400573492050171,224.41896057128903,161.9575653076172,586.0009155273438,644.9175415039062,variants,Image file: image_126_jpg.rf.351a777844b804d2a48127d84a813661.jpg. Detected amenity: wall-mounted hotel hairdryer. Detection confidence: low (0.24). Source prompt type: variants.,"You are generating hotel amenity questions for guests browsing accommodation photos. Given the detection summary below, generate a hotel amenity related question that a guest may ask or a guest might want to be answeredwhile browsing accommodation images. Keep the question short, factual, and neutral. Detection summary: Image file: image_126_jpg.rf.351a777844b804d2a48127d84a813661.jpg. Detected amenity: wall-mounted hotel hairdryer. Detection confidence: low (0.24). Source prompt type: variants. Question:",What is the name of the hotel hairdryer?,What is the name of the hotel hairdryer?,Is a hairdryer provided in the hotel room?,Is a hairdryer provided in the room?
image_39_jpg.rf.1a290a9da392a913afc0080c4df5e187.jpg,wall-mounted hotel hairdryer,0.1921922862529754,5.978355407714844,79.8250961303711,591.9254150390625,637.7501831054688,variants,Image file: image_39_jpg.rf.1a290a9da392a913afc0080c4df5e187.jpg. Detected amenity: wall-mounted hotel hairdryer. Detection confidence: low (0.19). Source prompt type: variants.,"You are generating hotel amenity questions for guests browsing accommodation photos. Given the detection summary below, generate a hotel amenity related question that a guest may ask or a guest might want to be answeredwhile browsing accommodation images. Keep the question short, factual, and neutral. Detection summary: Image file: image_39_jpg.rf.1a290a9da392a913afc0080c4df5e187.jpg. Detected amenity: wall-mounted hotel hairdryer. Detection confidence: low (0.19). Source prompt type: variants. Question:",What is the name of the hotel hairdryer?,What is the location of the hotel hairdryer?,Is a hairdryer provided in the room?,Is there a hairdryer available in the room?
image_189_jpg.rf.ccdc4f2fa16335dca3133bdb6b2d88cb.jpg,wall-mounted hotel hairdryer,0.366832822561264,133.7899169921875,108.64849090576172,599.51708984375,635.1093139648438,variants,Image file: image_189_jpg.rf.ccdc4f2fa16335dca3133bdb6b2d88cb.jpg. Detected amenity: wall-mounted hotel hairdryer. Detection confidence: medium (0.37). Source prompt type: variants.,"You are generating hotel amenity questions for guests browsing accommodation photos. Given the detection summary below, generate a hotel amenity related question that a guest may ask or a guest might want to be answeredwhile browsing accommodation images. Keep the question short, factual, and neutral. Detection summary: Image file: image_189_jpg.rf.ccdc4f2fa16335dca3133bdb6b2d88cb.jpg. Detected amenity: wall-mounted hotel hairdryer. Detection confidence: medium (0.37). Source prompt type: variants. Question:",What is the name of the hotel hairdryer?,What is the name of the hotel hairdryer?,Is a hairdryer provided in the hotel room?,Is the hairdryer wall-mounted in the room?
image_102_jpg.rf.e3ff3ffec13f854b65223d728912a53d.jpg,wall-mounted hotel hairdryer,0.3684094846248626,125.86744689941406,137.72607421875,631.9878540039062,640.7156982421875,variants,Image file: image_102_jpg.rf.e3ff3ffec13f854b65223d728912a53d.jpg. Detected amenity: wall-mounted hotel hairdryer. Detection confidence: medium (0.37). Source prompt type: variants.,"You are generating hotel amenity questions for guests browsing accommodation photos. Given the detection summary below, generate a hotel amenity related question that a guest may ask or a guest might want to be answeredwhile browsing accommodation images. Keep the question short, factual, and neutral. Detection summary: Image file: image_102_jpg.rf.e3ff3ffec13f854b65223d728912a53d.jpg. Detected amenity: wall-mounted hotel hairdryer. Detection confidence: medium (0.37). Source prompt type: variants. Question:",What is the name of the hotel hairdryer?,What is the name of the hotel hairdryer?,Is there a hairdryer provided in the room?,Is there a hairdryer available in the room?
image_98_jpg.rf.1627fe0d93bfea7199628dcf80dc7e15.jpg,hairdryer,0.3195868730545044,78.9377212524414,174.29244995117188,537.912109375,633.956787109375,variants,Image file: image_98_jpg.rf.1627fe0d93bfea7199628dcf80dc7e15.jpg. Detected amenity: hairdryer. Detection confidence: medium (0.32). Source prompt type: variants.,"You are generating hotel amenity questions for guests browsing accommodation photos. Given the detection summary below, generate a hotel amenity related question that a guest may ask or a guest might want to be answeredwhile browsing accommodation images. Keep the question short, factual, and neutral. Detection summary: Image file: image_98_jpg.rf.1627fe0d93bfea7199628dcf80dc7e15.jpg. Detected amenity: hairdryer. Detection confidence: medium (0.32). Source prompt type: variants. Question:",What type of amenity is hairdryer?,What type of amenity is the hairdryer?,Is a hairdryer provided in the room?,Is a hairdryer provided in the room?
image_149_jpg.rf.0a7c59d9295c5ec989dfa13faccc742f.jpg,wall-mounted hotel hairdryer,0.1204255372285842,-5.813922882080078,140.3898468017578,573.4295043945312,542.1703491210938,variants,Image file: image_149_jpg.rf.0a7c59d9295c5ec989dfa13faccc742f.jpg. Detected amenity: wall-mounted hotel hairdryer. Detection confidence: low (0.12). Source prompt type: variants.,"You are generating hotel amenity questions for guests browsing accommodation photos. Given the detection summary below, generate a hotel amenity related question that a guest may ask or a guest might want to be answeredwhile browsing accommodation images. Keep the question short, factual, and neutral. Detection summary: Image file: image_149_jpg.rf.0a7c59d9295c5ec989dfa13faccc742f.jpg. Detected amenity: wall-mounted hotel hairdryer. Detection confidence: low (0.12). Source prompt type: variants. Question:",What is the name of the hotel hairdryer?,What is the name of the hotel hairdryer?,Is a hairdryer provided in the room?,Is a hairdryer provided in the room?
image_149_jpg.rf.0a7c59d9295c5ec989dfa13faccc742f.jpg,wall-mounted hotel hairdryer,0.1761035770177841,113.04605102539062,143.56507873535156,581.4356689453125,526.5009765625,variants,Image file: image_149_jpg.rf.0a7c59d9295c5ec989dfa13faccc742f.jpg. Detected amenity: wall-mounted hotel hairdryer. Detection confidence: low (0.18). Source prompt type: variants.,"You are generating hotel amenity questions for guests browsing accommodation photos. Given the detection summary below, generate a hotel amenity related question that a guest may ask or a guest might want to be answeredwhile browsing accommodation images. Keep the question short, factual, and neutral. Detection summary: Image file: image_149_jpg.rf.0a7c59d9295c5ec989dfa13faccc742f.jpg. Detected amenity: wall-mounted hotel hairdryer. Detection confidence: low (0.18). Source prompt type: variants. Question:",What is the name of the hotel hairdryer?,What is the location of the hotel hairdryer?,Does the room come with a hairdryer?,Is there a hairdryer available in the room?
image_149_jpg.rf.0a7c59d9295c5ec989dfa13faccc742f.jpg,wall-mounted hotel hairdryer,0.5173971652984619,5.133323669433594,141.2216339111328,573.4387817382812,534.9378051757812,variants,Image file: image_149_jpg.rf.0a7c59d9295c5ec989dfa13faccc742f.jpg. Detected amenity: wall-mounted hotel hairdryer. Detection confidence: medium (0.52). Source prompt type: variants.,"You are generating hotel amenity questions for guests browsing accommodation photos. Given the detection summary below, generate a hotel amenity related question that a guest may ask or a guest might want to be answeredwhile browsing accommodation images. Keep the question short, factual, and neutral. Detection summary: Image file: image_149_jpg.rf.0a7c59d9295c5ec989dfa13faccc742f.jpg. Detected amenity: wall-mounted hotel hairdryer. Detection confidence: medium (0.52). Source prompt type: variants. Question:",What is the name of the hotel hairdryer?,What is the size of the hotel hairdryer?,Is a hairdryer provided in the hotel room?,Is the hairdryer wall-mounted in the room?
image_149_jpg.rf.0a7c59d9295c5ec989dfa13faccc742f.jpg,hairdryer,0.1264062821865081,4.770030975341797,398.2849426269531,499.2876586914063,543.036865234375,variants,Image file: image_149_jpg.rf.0a7c59d9295c5ec989dfa13faccc742f.jpg. Detected amenity: hairdryer. Detection confidence: low (0.13). Source prompt type: variants.,"You are generating hotel amenity questions for guests browsing accommodation photos. Given the detection summary below, generate a hotel amenity related question that a guest may ask or a guest might want to be answeredwhile browsing accommodation images. Keep the question short, factual, and neutral. Detection summary: Image file: image_149_jpg.rf.0a7c59d9295c5ec989dfa13faccc742f.jpg. Detected amenity: hairdryer. Detection confidence: low (0.13). Source prompt type: variants. Question:",What type of amenity is hairdryer?,What is the name of the hotel that has a hairdryer?,Is a hairdryer provided in the room?,Does the room have a hairdryer?
image_135_jpg.rf.2b354ab2ab466592db5d2e93f1c3a082.jpg,wall-mounted hotel hairdryer,0.260267049074173,17.14202880859375,3.542194366455078,558.8739013671875,639.5858764648438,variants,Image file: image_135_jpg.rf.2b354ab2ab466592db5d2e93f1c3a082.jpg. Detected amenity: wall-mounted hotel hairdryer. Detection confidence: low (0.26). Source prompt type: variants.,"You are generating hotel amenity questions for guests browsing accommodation photos. Given the detection summary below, generate a hotel amenity related question that a guest may ask or a guest might want to be answeredwhile browsing accommodation images. Keep the question short, factual, and neutral. Detection summary: Image file: image_135_jpg.rf.2b354ab2ab466592db5d2e93f1c3a082.jpg. Detected amenity: wall-mounted hotel hairdryer. Detection confidence: low (0.26). Source prompt type: variants. Question:",What is the name of the hotel hairdryer?,What is the location of the hotel hairdryer?,Is a hairdryer provided in the room?,Does the hotel room have a wall-mounted hairdryer?
image_135_jpg.rf.2b354ab2ab466592db5d2e93f1c3a082.jpg,wall-mounted hotel hairdryer,0.3767305612564087,213.91665649414065,83.8717269897461,552.48876953125,623.047607421875,variants,Image file: image_135_jpg.rf.2b354ab2ab466592db5d2e93f1c3a082.jpg. Detected amenity: wall-mounted hotel hairdryer. Detection confidence: medium (0.38). Source prompt type: variants.,"You are generating hotel amenity questions for guests browsing accommodation photos. Given the detection summary below, generate a hotel amenity related question that a guest may ask or a guest might want to be answeredwhile browsing accommodation images. Keep the question short, factual, and neutral. Detection summary: Image file: image_135_jpg.rf.2b354ab2ab466592db5d2e93f1c3a082.jpg. Detected amenity: wall-mounted hotel hairdryer. Detection confidence: medium (0.38). Source prompt type: variants. Question:",What is the name of the hotel hairdryer?,What is the location of the hotel hairdryer?,Is there a hairdryer provided in the room?,Is the hairdryer wall-mounted in the room?
image_316_fp_jpg.rf.9b692d6b159b9da26e46023e6da6837f.jpg,wall-mounted hotel hairdryer,0.1549769341945648,279.02166748046875,0.2199792861938476,475.9185791015625,97.97567749023438,variants,Image file: image_316_fp_jpg.rf.9b692d6b159b9da26e46023e6da6837f.jpg. Detected amenity: wall-mounted hotel hairdryer. Detection confidence: low (0.15). Source prompt type: variants.,"You are generating hotel amenity questions for guests browsing accommodation photos. Given the detection summary below, generate a hotel amenity related question that a guest may ask or a guest might want to be answeredwhile browsing accommodation images. Keep the question short, factual, and neutral. Detection summary: Image file: image_316_fp_jpg.rf.9b692d6b159b9da26e46023e6da6837f.jpg. Detected amenity: wall-mounted hotel hairdryer. Detection confidence: low (0.15). Source prompt type: variants. Question:",What is the name of the hotel hairdryer?,What is the location of the hotel hairdryer?,Is there a hairdryer provided in the room?,Is there a hairdryer available in the room?
image_41_jpg.rf.7dcdacab192420b6c654e2d5c36025ba.jpg,hairdryer,0.1216817051172256,105.23316955566406,16.090354919433594,544.2285766601562,639.9735107421875,variants,Image file: image_41_jpg.rf.7dcdacab192420b6c654e2d5c36025ba.jpg. Detected amenity: hairdryer. Detection confidence: low (0.12). Source prompt type: variants.,"You are generating hotel amenity questions for guests browsing accommodation photos. Given the detection summary below, generate a hotel amenity related question that a guest may ask or a guest might want to be answeredwhile browsing accommodation images. Keep the question short, factual, and neutral. Detection summary: Image file: image_41_jpg.rf.7dcdacab192420b6c654e2d5c36025ba.jpg. Detected amenity: hairdryer. Detection confidence: low (0.12). Source prompt type: variants. Question:",What is the name of the hotel amenity?,What is the name of the hotel that has a hairdryer?,Is a hairdryer provided in the room?,Is a hairdryer provided in the room?
image_67_jpg.rf.25db84bf014ec6d91e485e6854068c88.jpg,wall-mounted hotel hairdryer,0.3398361504077911,2.937335968017578,36.12651824951172,528.996826171875,559.220947265625,variants,Image file: image_67_jpg.rf.25db84bf014ec6d91e485e6854068c88.jpg. Detected amenity: wall-mounted hotel hairdryer. Detection confidence: medium (0.34). Source prompt type: variants.,"You are generating hotel amenity questions for guests browsing accommodation photos. Given the detection summary below, generate a hotel amenity related question that a guest may ask or a guest might want to be answeredwhile browsing accommodation images. Keep the question short, factual, and neutral. Detection summary: Image file: image_67_jpg.rf.25db84bf014ec6d91e485e6854068c88.jpg. Detected amenity: wall-mounted hotel hairdryer. Detection confidence: medium (0.34). Source prompt type: variants. Question:",What is the name of the hotel hairdryer?,What is the name of the hotel hairdryer?,Is a hairdryer provided in the room?,Is the wall-mounted hairdryer in the room?
image_218_jpg.rf.d0589163d6378b2e47f4136657929466.jpg,wall-mounted hotel hairdryer,0.3202749788761139,198.5040435791016,117.60153198242188,639.9694213867188,485.8409118652344,variants,Image file: image_218_jpg.rf.d0589163d6378b2e47f4136657929466.jpg. Detected amenity: wall-mounted hotel hairdryer. Detection confidence: medium (0.32). Source prompt type: variants.,"You are generating hotel amenity questions for guests browsing accommodation photos. Given the detection summary below, generate a hotel amenity related question that a guest may ask or a guest might want to be answeredwhile browsing accommodation images. Keep the question short, factual, and neutral. Detection summary: Image file: image_218_jpg.rf.d0589163d6378b2e47f4136657929466.jpg. Detected amenity: wall-mounted hotel hairdryer. Detection confidence: medium (0.32). Source prompt type: variants. Question:",What is the name of the hotel hairdryer?,What is the location of the hotel hairdryer?,Is a hairdryer provided in the room?,Is a hairdryer available in the room?
image_218_jpg.rf.d0589163d6378b2e47f4136657929466.jpg,wall-mounted hotel hairdryer,0.1043026074767112,43.40939331054688,132.73789978027344,178.48182678222656,460.567626953125,variants,Image file: image_218_jpg.rf.d0589163d6378b2e47f4136657929466.jpg. Detected amenity: wall-mounted hotel hairdryer. Detection confidence: low (0.10). Source prompt type: variants.,"You are generating hotel amenity questions for guests browsing accommodation photos. Given the detection summary below, generate a hotel amenity related question that a guest may ask or a guest might want to be answeredwhile browsing accommodation images. Keep the question short, factual, and neutral. Detection summary: Image file: image_218_jpg.rf.d0589163d6378b2e47f4136657929466.jpg. Detected amenity: wall-mounted hotel hairdryer. Detection confidence: low (0.10). Source prompt type: variants. Question:",What is the name of the hotel hairdryer?,What is the location of the hotel hairdryer?,Is there a hairdryer provided in the room?,Does the room come with a wall-mounted hairdryer?
image_218_jpg.rf.d0589163d6378b2e47f4136657929466.jpg,wall-mounted hotel hairdryer,0.134410947561264,199.14089965820312,120.24555206298828,403.4769287109375,478.240234375,variants,Image file: image_218_jpg.rf.d0589163d6378b2e47f4136657929466.jpg. Detected amenity: wall-mounted hotel hairdryer. Detection confidence: low (0.13). Source prompt type: variants.,"You are generating hotel amenity questions for guests browsing accommodation photos. Given the detection summary below, generate a hotel amenity related question that a guest may ask or a guest might want to be answeredwhile browsing accommodation images. Keep the question short, factual, and neutral. Detection summary: Image file: image_218_jpg.rf.d0589163d6378b2e47f4136657929466.jpg. Detected amenity: wall-mounted hotel hairdryer. Detection confidence: low (0.13). Source prompt type: variants. Question:",What is the name of the hotel hairdryer?,What is the name of the hotel hairdryer?,Is a hairdryer provided in the room?,Is a hairdryer provided in the room?
image_218_jpg.rf.d0589163d6378b2e47f4136657929466.jpg,hairdryer,0.1034391820430755,355.7772827148437,211.43638610839844,638.3422241210938,471.1974487304688,variants,Image file: image_218_jpg.rf.d0589163d6378b2e47f4136657929466.jpg. Detected amenity: hairdryer. Detection confidence: low (0.10). Source prompt type: variants.,"You are generating hotel amenity questions for guests browsing accommodation photos. Given the detection summary below, generate a hotel amenity related question that a guest may ask or a guest might want to be answeredwhile browsing accommodation images. Keep the question short, factual, and neutral. Detection summary: Image file: image_218_jpg.rf.d0589163d6378b2e47f4136657929466.jpg. Detected amenity: hairdryer. Detection confidence: low (0.10). Source prompt type: variants. Question:",What is a hairdryer?,What is the name of the hotel that has a hairdryer?,Is a hairdryer provided in the room?,Is a hairdryer provided in the room?
image_311_fp_jpg.rf.f4d272704f0a08ff094758b0e317811f.jpg,electric hair dryer,0.2581349313259125,136.21145629882812,311.3452453613281,170.65109252929688,336.2591857910156,variants,Image file: image_311_fp_jpg.rf.f4d272704f0a08ff094758b0e317811f.jpg. Detected amenity: electric hair dryer. Detection confidence: low (0.26). Source prompt type: variants.,"You are generating hotel amenity questions for guests browsing accommodation photos. Given the detection summary below, generate a hotel amenity related question that a guest may ask or a guest might want to be answeredwhile browsing accommodation images. Keep the question short, factual, and neutral. Detection summary: Image file: image_311_fp_jpg.rf.f4d272704f0a08ff094758b0e317811f.jpg. Detected amenity: electric hair dryer. Detection confidence: low (0.26). Source prompt type: variants. Question:",What is the name of the hotel that has a hair dryer?,What type of amenity is the electric hair dryer?,Does the room come with an electric hair dryer?,Is an electric hair dryer provided in the room?
image_38_jpg.rf.f992f64b13efceca765b8b26fb53fddb.jpg,hairdryer,0.1539533287286758,418.74603271484375,165.33688354492188,580.510009765625,564.1646118164062,variants,Image file: image_38_jpg.rf.f992f64b13efceca765b8b26fb53fddb.jpg. Detected amenity: hairdryer. Detection confidence: low (0.15). Source prompt type: variants.,"You are generating hotel amenity questions for guests browsing accommodation photos. Given the detection summary below, generate a hotel amenity related question that a guest may ask or a guest might want to be answeredwhile browsing accommodation images. Keep the question short, factual, and neutral. Detection summary: Image file: image_38_jpg.rf.f992f64b13efceca765b8b26fb53fddb.jpg. Detected amenity: hairdryer. Detection confidence: low (0.15). Source prompt type: variants. Question:",What type of amenity is hairdryer?,What is the name of the hotel that has a hairdryer?,Is a hairdryer provided in the room?,Is there a hairdryer available in the room?
image_38_jpg.rf.f992f64b13efceca765b8b26fb53fddb.jpg,wall-mounted hotel hairdryer,0.5303158164024353,2.6388931274414062,126.49919128417967,378.966064453125,578.755859375,variants,Image file: image_38_jpg.rf.f992f64b13efceca765b8b26fb53fddb.jpg. Detected amenity: wall-mounted hotel hairdryer. Detection confidence: medium (0.53). Source prompt type: variants.,"You are generating hotel amenity questions for guests browsing accommodation photos. Given the detection summary below, generate a hotel amenity related question that a guest may ask or a guest might want to be answeredwhile browsing accommodation images. Keep the question short, factual, and neutral. Detection summary: Image file: image_38_jpg.rf.f992f64b13efceca765b8b26fb53fddb.jpg. Detected amenity: wall-mounted hotel hairdryer. Detection confidence: medium (0.53). Source prompt type: variants. Question:",What is the name of the hotel hairdryer?,What type of amenity is the hotel hairdryer?,Is a hairdryer provided in the room?,Is the wall-mounted hairdryer provided with a heat control setting?
image_38_jpg.rf.f992f64b13efceca765b8b26fb53fddb.jpg,wall-mounted hotel hairdryer,0.1454359591007232,-2.619915008544922,135.35629272460938,579.6904907226562,568.603271484375,variants,Image file: image_38_jpg.rf.f992f64b13efceca765b8b26fb53fddb.jpg. Detected amenity: wall-mounted hotel hairdryer. Detection confidence: low (0.15). Source prompt type: variants.,"You are generating hotel amenity questions for guests browsing accommodation photos. Given the detection summary below, generate a hotel amenity related question that a guest may ask or a guest might want to be answeredwhile browsing accommodation images. Keep the question short, factual, and neutral. Detection summary: Image file: image_38_jpg.rf.f992f64b13efceca765b8b26fb53fddb.jpg. Detected amenity: wall-mounted hotel hairdryer. Detection confidence: low (0.15). Source prompt type: variants. Question:",What is the name of the hotel hairdryer?,What is the location of the hotel hairdryer?,Does the room come with a hairdryer?,Is there a hairdryer available in the room?
image_38_jpg.rf.f992f64b13efceca765b8b26fb53fddb.jpg,portable travel hair dryer,0.1123119667172432,195.5595703125,135.81935119628906,381.2823791503906,439.0773010253906,variants,Image file: image_38_jpg.rf.f992f64b13efceca765b8b26fb53fddb.jpg. Detected amenity: portable travel hair dryer. Detection confidence: low (0.11). Source prompt type: variants.,"You are generating hotel amenity questions for guests browsing accommodation photos. Given the detection summary below, generate a hotel amenity related question that a guest may ask or a guest might want to be answeredwhile browsing accommodation images. Keep the question short, factual, and neutral. Detection summary: Image file: image_38_jpg.rf.f992f64b13efceca765b8b26fb53fddb.jpg. Detected amenity: portable travel hair dryer. Detection confidence: low (0.11). Source prompt type: variants. Question:",What is the name of the hotel amenity?,What type of amenity is the portable travel hair dryer?,Does the room come with a hair dryer?,Does the room come with a hair dryer?
image_93_jpg.rf.1bd27da69fc492fb9605a9b55f013122.jpg,wall-mounted hotel hairdryer,0.3994911909103393,92.32804870605467,6.169700622558594,637.15771484375,637.8587036132812,variants,Image file: image_93_jpg.rf.1bd27da69fc492fb9605a9b55f013122.jpg. Detected amenity: wall-mounted hotel hairdryer. Detection confidence: medium (0.40). Source prompt type: variants.,"You are generating hotel amenity questions for guests browsing accommodation photos. Given the detection summary below, generate a hotel amenity related question that a guest may ask or a guest might want to be answeredwhile browsing accommodation images. Keep the question short, factual, and neutral. Detection summary: Image file: image_93_jpg.rf.1bd27da69fc492fb9605a9b55f013122.jpg. Detected amenity: wall-mounted hotel hairdryer. Detection confidence: medium (0.40). Source prompt type: variants. Question:",What is the name of the hotel hairdryer?,What is the location of the hotel hairdryer?,Is there a hairdryer provided in the hotel room?,Is a hairdryer provided in the room?
image_93_jpg.rf.1bd27da69fc492fb9605a9b55f013122.jpg,wall-mounted hotel hairdryer,0.2920795381069183,88.93707275390625,17.19003677368164,638.0111694335938,418.32763671875,variants,Image file: image_93_jpg.rf.1bd27da69fc492fb9605a9b55f013122.jpg. Detected amenity: wall-mounted hotel hairdryer. Detection confidence: low (0.29). Source prompt type: variants.,"You are generating hotel amenity questions for guests browsing accommodation photos. Given the detection summary below, generate a hotel amenity related question that a guest may ask or a guest might want to be answeredwhile browsing accommodation images. Keep the question short, factual, and neutral. Detection summary: Image file: image_93_jpg.rf.1bd27da69fc492fb9605a9b55f013122.jpg. Detected amenity: wall-mounted hotel hairdryer. Detection confidence: low (0.29). Source prompt type: variants. Question:",What is the name of the hotel hairdryer?,What is the location of the hotel hairdryer?,Does the room come with a hairdryer?,Is there a hairdryer available in the room?
image_183_jpg.rf.96a2a90576363f3ded7c801f6c561d75.jpg,wall-mounted hotel hairdryer,0.4058312475681305,23.344268798828125,99.41638946533205,563.244384765625,443.5380554199219,variants,Image file: image_183_jpg.rf.96a2a90576363f3ded7c801f6c561d75.jpg. Detected amenity: wall-mounted hotel hairdryer. Detection confidence: medium (0.41). Source prompt type: variants.,"You are generating hotel amenity questions for guests browsing accommodation photos. Given the detection summary below, generate a hotel amenity related question that a guest may ask or a guest might want to be answeredwhile browsing accommodation images. Keep the question short, factual, and neutral. Detection summary: Image file: image_183_jpg.rf.96a2a90576363f3ded7c801f6c561d75.jpg. Detected amenity: wall-mounted hotel hairdryer. Detection confidence: medium (0.41). Source prompt type: variants. Question:",What is the name of the hotel hairdryer?,What is the location of the hotel hairdryer?,Is a hairdryer provided in the room?,Is the hairdryer wall-mounted in the room?
image_168_jpg.rf.2f6853b97ee45acd179c14020c5262c1.jpg,wall-mounted hotel hairdryer,0.2099434435367584,42.21773147583008,11.080951690673828,634.0413818359375,544.427490234375,variants,Image file: image_168_jpg.rf.2f6853b97ee45acd179c14020c5262c1.jpg. Detected amenity: wall-mounted hotel hairdryer. Detection confidence: low (0.21). Source prompt type: variants.,"You are generating hotel amenity questions for guests browsing accommodation photos. Given the detection summary below, generate a hotel amenity related question that a guest may ask or a guest might want to be answeredwhile browsing accommodation images. Keep the question short, factual, and neutral. Detection summary: Image file: image_168_jpg.rf.2f6853b97ee45acd179c14020c5262c1.jpg. Detected amenity: wall-mounted hotel hairdryer. Detection confidence: low (0.21). Source prompt type: variants. Question:",What is the name of the hotel hairdryer?,What is the name of the hotel hairdryer?,Is a hairdryer provided in the room?,Is a hairdryer provided in the room?
image_58_jpg.rf.1d685ca5d4fd289fcd56501c28edd853.jpg,wall-mounted hotel hairdryer,0.1556908041238784,271.095458984375,143.34197998046875,489.1354675292969,342.458984375,variants,Image file: image_58_jpg.rf.1d685ca5d4fd289fcd56501c28edd853.jpg. Detected amenity: wall-mounted hotel hairdryer. Detection confidence: low (0.16). Source prompt type: variants.,"You are generating hotel amenity questions for guests browsing accommodation photos. Given the detection summary below, generate a hotel amenity related question that a guest may ask or a guest might want to be answeredwhile browsing accommodation images. Keep the question short, factual, and neutral. Detection summary: Image file: image_58_jpg.rf.1d685ca5d4fd289fcd56501c28edd853.jpg. Detected amenity: wall-mounted hotel hairdryer. Detection confidence: low (0.16). Source prompt type: variants. Question:",What is the name of the hotel hairdryer?,What is the name of the hotel hairdryer?,Does the room come with a hairdryer?,Is a hairdryer provided in the room?
image_58_jpg.rf.1d685ca5d4fd289fcd56501c28edd853.jpg,hairdryer,0.1750039905309677,265.1601867675781,147.18121337890625,488.0904846191406,632.9320678710938,variants,Image file: image_58_jpg.rf.1d685ca5d4fd289fcd56501c28edd853.jpg. Detected amenity: hairdryer. Detection confidence: low (0.18). Source prompt type: variants.,"You are generating hotel amenity questions for guests browsing accommodation photos. Given the detection summary below, generate a hotel amenity related question that a guest may ask or a guest might want to be answeredwhile browsing accommodation images. Keep the question short, factual, and neutral. Detection summary: Image file: image_58_jpg.rf.1d685ca5d4fd289fcd56501c28edd853.jpg. Detected amenity: hairdryer. Detection confidence: low (0.18). Source prompt type: variants. Question:",What is the name of the hotel amenity?,What is the name of the hotel that has a hairdryer?,Is a hairdryer provided in the room?,Is a hairdryer provided in the room?
image_211_jpg.rf.c2d4b3b0990fb8212692c8e74abca812.jpg,wall-mounted hotel hairdryer,0.1335999071598053,243.35403442382807,46.56034469604492,640.8074951171875,206.77423095703125,variants,Image file: image_211_jpg.rf.c2d4b3b0990fb8212692c8e74abca812.jpg. Detected amenity: wall-mounted hotel hairdryer. Detection confidence: low (0.13). Source prompt type: variants.,"You are generating hotel amenity questions for guests browsing accommodation photos. Given the detection summary below, generate a hotel amenity related question that a guest may ask or a guest might want to be answeredwhile browsing accommodation images. Keep the question short, factual, and neutral. Detection summary: Image file: image_211_jpg.rf.c2d4b3b0990fb8212692c8e74abca812.jpg. Detected amenity: wall-mounted hotel hairdryer. Detection confidence: low (0.13). Source prompt type: variants. Question:",What is the name of the hotel hairdryer?,What is the location of the hotel hairdryer?,Is a hairdryer provided in the room?,Is a hairdryer provided in the room?
image_275_fp_jpg.rf.ee173052f37a8f1ed787795d2fdd9e5f.jpg,wall-mounted hotel hairdryer,0.1504770964384079,153.19284057617188,139.0937042236328,578.5955810546875,598.4395751953125,variants,Image file: image_275_fp_jpg.rf.ee173052f37a8f1ed787795d2fdd9e5f.jpg. Detected amenity: wall-mounted hotel hairdryer. Detection confidence: low (0.15). Source prompt type: variants.,"You are generating hotel amenity questions for guests browsing accommodation photos. Given the detection summary below, generate a hotel amenity related question that a guest may ask or a guest might want to be answeredwhile browsing accommodation images. Keep the question short, factual, and neutral. Detection summary: Image file: image_275_fp_jpg.rf.ee173052f37a8f1ed787795d2fdd9e5f.jpg. Detected amenity: wall-mounted hotel hairdryer. Detection confidence: low (0.15). Source prompt type: variants. Question:",What is the name of the hotel hairdryer?,What is the location of the hotel hairdryer?,Is a hairdryer provided in the hotel room?,Is there a hairdryer available in the room?
image_275_fp_jpg.rf.ee173052f37a8f1ed787795d2fdd9e5f.jpg,portable travel hair dryer,0.1008740663528442,159.35447692871094,439.21685791015625,579.0609741210938,595.2216796875,variants,Image file: image_275_fp_jpg.rf.ee173052f37a8f1ed787795d2fdd9e5f.jpg. Detected amenity: portable travel hair dryer. Detection confidence: low (0.10). Source prompt type: variants.,"You are generating hotel amenity questions for guests browsing accommodation photos. Given the detection summary below, generate a hotel amenity related question that a guest may ask or a guest might want to be answeredwhile browsing accommodation images. Keep the question short, factual, and neutral. Detection summary: Image file: image_275_fp_jpg.rf.ee173052f37a8f1ed787795d2fdd9e5f.jpg. Detected amenity: portable travel hair dryer. Detection confidence: low (0.10). Source prompt type: variants. Question:",What is the name of the hotel amenity?,What type of amenity is the portable travel hair dryer?,Is a hair dryer provided in the room?,Does the room have a hair dryer?
image_141_jpg.rf.17837d546911dbca46ae994d663c4ab8.jpg,wall-mounted hotel hairdryer,0.3176172077655792,281.9812316894531,139.3464813232422,640.4153442382812,470.82220458984375,variants,Image file: image_141_jpg.rf.17837d546911dbca46ae994d663c4ab8.jpg. Detected amenity: wall-mounted hotel hairdryer. Detection confidence: medium (0.32). Source prompt type: variants.,"You are generating hotel amenity questions for guests browsing accommodation photos. Given the detection summary below, generate a hotel amenity related question that a guest may ask or a guest might want to be answeredwhile browsing accommodation images. Keep the question short, factual, and neutral. Detection summary: Image file: image_141_jpg.rf.17837d546911dbca46ae994d663c4ab8.jpg. Detected amenity: wall-mounted hotel hairdryer. Detection confidence: medium (0.32). Source prompt type: variants. Question:",What is the name of the hotel hairdryer?,What is the location of the hotel hairdryer?,Does the room come with a hairdryer?,Is the hairdryer wall-mounted in the room?
image_141_jpg.rf.17837d546911dbca46ae994d663c4ab8.jpg,portable travel hair dryer,0.1369944810867309,280.906494140625,145.30030822753906,440.0368957519531,474.969482421875,variants,Image file: image_141_jpg.rf.17837d546911dbca46ae994d663c4ab8.jpg. Detected amenity: portable travel hair dryer. Detection confidence: low (0.14). Source prompt type: variants.,"You are generating hotel amenity questions for guests browsing accommodation photos. Given the detection summary below, generate a hotel amenity related question that a guest may ask or a guest might want to be answeredwhile browsing accommodation images. Keep the question short, factual, and neutral. Detection summary: Image file: image_141_jpg.rf.17837d546911dbca46ae994d663c4ab8.jpg. Detected amenity: portable travel hair dryer. Detection confidence: low (0.14). Source prompt type: variants. Question:",What is the name of the portable travel hair dryer?,What type of amenity is the portable travel hair dryer?,Is a hair dryer provided in the room?,Is a portable travel hair dryer provided in the room?
image_141_jpg.rf.17837d546911dbca46ae994d663c4ab8.jpg,wall-mounted hotel hairdryer,0.1064949929714202,418.20068359375,160.5181121826172,639.0436401367188,431.2896728515625,variants,Image file: image_141_jpg.rf.17837d546911dbca46ae994d663c4ab8.jpg. Detected amenity: wall-mounted hotel hairdryer. Detection confidence: low (0.11). Source prompt type: variants.,"You are generating hotel amenity questions for guests browsing accommodation photos. Given the detection summary below, generate a hotel amenity related question that a guest may ask or a guest might want to be answeredwhile browsing accommodation images. Keep the question short, factual, and neutral. Detection summary: Image file: image_141_jpg.rf.17837d546911dbca46ae994d663c4ab8.jpg. Detected amenity: wall-mounted hotel hairdryer. Detection confidence: low (0.11). Source prompt type: variants. Question:",What is the name of the hotel hairdryer?,What is the name of the hotel hairdryer?,Is a hairdryer provided in the room?,Is a hairdryer provided in the room?
image_193_jpg.rf.77ef6f19e0fbe41cf2f3e81423561676.jpg,wall-mounted hotel hairdryer,0.1690822839736938,63.23032379150391,76.54499053955078,416.1787414550781,642.5672607421875,variants,Image file: image_193_jpg.rf.77ef6f19e0fbe41cf2f3e81423561676.jpg. Detected amenity: wall-mounted hotel hairdryer. Detection confidence: low (0.17). Source prompt type: variants.,"You are generating hotel amenity questions for guests browsing accommodation photos. Given the detection summary below, generate a hotel amenity related question that a guest may ask or a guest might want to be answeredwhile browsing accommodation images. Keep the question short, factual, and neutral. Detection summary: Image file: image_193_jpg.rf.77ef6f19e0fbe41cf2f3e81423561676.jpg. Detected amenity: wall-mounted hotel hairdryer. Detection confidence: low (0.17). Source prompt type: variants. Question:",What is the name of the hotel hairdryer?,What is the location of the hotel hairdryer?,Is a hairdryer provided in the hotel room?,Is there a hairdryer available in the room?
image_193_jpg.rf.77ef6f19e0fbe41cf2f3e81423561676.jpg,wall-mounted hotel hairdryer,0.1605031937360763,175.19070434570312,82.21642303466797,414.3402404785156,314.01123046875,variants,Image file: image_193_jpg.rf.77ef6f19e0fbe41cf2f3e81423561676.jpg. Detected amenity: wall-mounted hotel hairdryer. Detection confidence: low (0.16). Source prompt type: variants.,"You are generating hotel amenity questions for guests browsing accommodation photos. Given the detection summary below, generate a hotel amenity related question that a guest may ask or a guest might want to be answeredwhile browsing accommodation images. Keep the question short, factual, and neutral. Detection summary: Image file: image_193_jpg.rf.77ef6f19e0fbe41cf2f3e81423561676.jpg. Detected amenity: wall-mounted hotel hairdryer. Detection confidence: low (0.16). Source prompt type: variants. Question:",What is the name of the hotel hairdryer?,What is the name of the hotel hairdryer?,Is a hairdryer provided in the hotel room?,Does the hotel room have a wall-mounted hairdryer?
image_292_fp_jpg.rf.826f2f795825d8dd4a5cf7cad6728c03.jpg,wall-mounted hotel hairdryer,0.1266285479068756,124.51412963867188,86.67893981933594,164.2192840576172,139.67160034179688,variants,Image file: image_292_fp_jpg.rf.826f2f795825d8dd4a5cf7cad6728c03.jpg. Detected amenity: wall-mounted hotel hairdryer. Detection confidence: low (0.13). Source prompt type: variants.,"You are generating hotel amenity questions for guests browsing accommodation photos. Given the detection summary below, generate a hotel amenity related question that a guest may ask or a guest might want to be answeredwhile browsing accommodation images. Keep the question short, factual, and neutral. Detection summary: Image file: image_292_fp_jpg.rf.826f2f795825d8dd4a5cf7cad6728c03.jpg. Detected amenity: wall-mounted hotel hairdryer. Detection confidence: low (0.13). Source prompt type: variants. Question:",What is the name of the hotel hairdryer?,What is the location of the hotel hairdryer?,Is there a hairdryer provided in the room?,Is a hairdryer provided in the room?
image_292_fp_jpg.rf.826f2f795825d8dd4a5cf7cad6728c03.jpg,wall-mounted hotel hairdryer,0.1321015059947967,143.19293212890625,233.35679626464844,176.44442749023438,297.7796325683594,variants,Image file: image_292_fp_jpg.rf.826f2f795825d8dd4a5cf7cad6728c03.jpg. Detected amenity: wall-mounted hotel hairdryer. Detection confidence: low (0.13). Source prompt type: variants.,"You are generating hotel amenity questions for guests browsing accommodation photos. Given the detection summary below, generate a hotel amenity related question that a guest may ask or a guest might want to be answeredwhile browsing accommodation images. Keep the question short, factual, and neutral. Detection summary: Image file: image_292_fp_jpg.rf.826f2f795825d8dd4a5cf7cad6728c03.jpg. Detected amenity: wall-mounted hotel hairdryer. Detection confidence: low (0.13). Source prompt type: variants. Question:",What is the name of the hotel hairdryer?,What is the location of the hotel hairdryer?,Is a hairdryer provided in the hotel room?,Does the hotel room have a hairdryer?
image_202_jpg.rf.4db2527b500d0fa3bfc80b82649e3be6.jpg,wall-mounted hotel hairdryer,0.1923646926879882,66.98532104492188,83.42487335205078,514.9107666015625,637.8208618164062,variants,Image file: image_202_jpg.rf.4db2527b500d0fa3bfc80b82649e3be6.jpg. Detected amenity: wall-mounted hotel hairdryer. Detection confidence: low (0.19). Source prompt type: variants.,"You are generating hotel amenity questions for guests browsing accommodation photos. Given the detection summary below, generate a hotel amenity related question that a guest may ask or a guest might want to be answeredwhile browsing accommodation images. Keep the question short, factual, and neutral. Detection summary: Image file: image_202_jpg.rf.4db2527b500d0fa3bfc80b82649e3be6.jpg. Detected amenity: wall-mounted hotel hairdryer. Detection confidence: low (0.19). Source prompt type: variants. Question:",What is the name of the hotel hairdryer?,What is the location of the hotel hairdryer?,Is a hairdryer provided in the hotel room?,Does the hotel room come with a hairdryer?
image_220_jpg.rf.39ef05d4c7b9689a1bd049d7920ac172.jpg,hairdryer,0.1217900738120079,271.05419921875,31.16067886352539,608.060546875,613.1748046875,variants,Image file: image_220_jpg.rf.39ef05d4c7b9689a1bd049d7920ac172.jpg. Detected amenity: hairdryer. Detection confidence: low (0.12). Source prompt type: variants.,"You are generating hotel amenity questions for guests browsing accommodation photos. Given the detection summary below, generate a hotel amenity related question that a guest may ask or a guest might want to be answeredwhile browsing accommodation images. Keep the question short, factual, and neutral. Detection summary: Image file: image_220_jpg.rf.39ef05d4c7b9689a1bd049d7920ac172.jpg. Detected amenity: hairdryer. Detection confidence: low (0.12). Source prompt type: variants. Question:",What type of amenity is hairdryer?,What is the name of the hotel that has a hairdryer?,Is a hairdryer provided in the room?,Is a hairdryer provided in the room?
image_19_jpg.rf.babd1f0e1aacada4cd3a74b747b6e227.jpg,hairdryer,0.1385685950517654,151.23388671875,103.87855529785156,556.8193359375,638.8477783203125,variants,Image file: image_19_jpg.rf.babd1f0e1aacada4cd3a74b747b6e227.jpg. Detected amenity: hairdryer. Detection confidence: low (0.14). Source prompt type: variants.,"You are generating hotel amenity questions for guests browsing accommodation photos. Given the detection summary below, generate a hotel amenity related question that a guest may ask or a guest might want to be answeredwhile browsing accommodation images. Keep the question short, factual, and neutral. Detection summary: Image file: image_19_jpg.rf.babd1f0e1aacada4cd3a74b747b6e227.jpg. Detected amenity: hairdryer. Detection confidence: low (0.14). Source prompt type: variants. Question:",What type of amenity is hairdryer?,What is the name of the hotel that has a hairdryer?,Is a hairdryer provided in the room?,Is a hairdryer provided in the room?
image_19_jpg.rf.babd1f0e1aacada4cd3a74b747b6e227.jpg,wall-mounted hotel hairdryer,0.3333101272583008,152.55740356445312,106.18154907226562,552.5614624023438,428.9240112304688,variants,Image file: image_19_jpg.rf.babd1f0e1aacada4cd3a74b747b6e227.jpg. Detected amenity: wall-mounted hotel hairdryer. Detection confidence: medium (0.33). Source prompt type: variants.,"You are generating hotel amenity questions for guests browsing accommodation photos. Given the detection summary below, generate a hotel amenity related question that a guest may ask or a guest might want to be answeredwhile browsing accommodation images. Keep the question short, factual, and neutral. Detection summary: Image file: image_19_jpg.rf.babd1f0e1aacada4cd3a74b747b6e227.jpg. Detected amenity: wall-mounted hotel hairdryer. Detection confidence: medium (0.33). Source prompt type: variants. Question:",What is the name of the hotel hairdryer?,What is the name of the hotel hairdryer?,Is there a hairdryer provided in the hotel room?,Is there a wall-mounted hairdryer available in the room?
image_155_jpg.rf.002a321bb83edc825375404c3c07a2b1.jpg,wall-mounted hotel hairdryer,0.1610192954540252,92.19314575195312,139.77227783203125,579.3649291992188,599.4674682617188,variants,Image file: image_155_jpg.rf.002a321bb83edc825375404c3c07a2b1.jpg. Detected amenity: wall-mounted hotel hairdryer. Detection confidence: low (0.16). Source prompt type: variants.,"You are generating hotel amenity questions for guests browsing accommodation photos. Given the detection summary below, generate a hotel amenity related question that a guest may ask or a guest might want to be answeredwhile browsing accommodation images. Keep the question short, factual, and neutral. Detection summary: Image file: image_155_jpg.rf.002a321bb83edc825375404c3c07a2b1.jpg. Detected amenity: wall-mounted hotel hairdryer. Detection confidence: low (0.16). Source prompt type: variants. Question:",What is the name of the hotel hairdryer?,What type of amenity is the hotel hairdryer?,Is a hairdryer provided in the hotel room?,Is a hairdryer available in the room?
image_87_jpg.rf.7c5ffa22fc0b410974c2957fd4044fb6.jpg,wall-mounted hotel hairdryer,0.1015344262123107,239.2723693847656,65.44551849365234,593.0408325195312,194.45751953125,variants,Image file: image_87_jpg.rf.7c5ffa22fc0b410974c2957fd4044fb6.jpg. Detected amenity: wall-mounted hotel hairdryer. Detection confidence: low (0.10). Source prompt type: variants.,"You are generating hotel amenity questions for guests browsing accommodation photos. Given the detection summary below, generate a hotel amenity related question that a guest may ask or a guest might want to be answeredwhile browsing accommodation images. Keep the question short, factual, and neutral. Detection summary: Image file: image_87_jpg.rf.7c5ffa22fc0b410974c2957fd4044fb6.jpg. Detected amenity: wall-mounted hotel hairdryer. Detection confidence: low (0.10). Source prompt type: variants. Question:",What is the name of the hotel hairdryer?,What is the name of the hotel hairdryer?,Is a hairdryer provided in the hotel room?,Is a hairdryer provided in the room?
image_87_jpg.rf.7c5ffa22fc0b410974c2957fd4044fb6.jpg,wall-mounted hotel hairdryer,0.2060530185699463,48.33822250366211,68.62890625,589.5531005859375,642.450927734375,variants,Image file: image_87_jpg.rf.7c5ffa22fc0b410974c2957fd4044fb6.jpg. Detected amenity: wall-mounted hotel hairdryer. Detection confidence: low (0.21). Source prompt type: variants.,"You are generating hotel amenity questions for guests browsing accommodation photos. Given the detection summary below, generate a hotel amenity related question that a guest may ask or a guest might want to be answeredwhile browsing accommodation images. Keep the question short, factual, and neutral. Detection summary: Image file: image_87_jpg.rf.7c5ffa22fc0b410974c2957fd4044fb6.jpg. Detected amenity: wall-mounted hotel hairdryer. Detection confidence: low (0.21). Source prompt type: variants. Question:",What is the name of the hotel hairdryer?,What is the name of the hotel hairdryer?,Is a hairdryer provided in the hotel room?,Is there a hairdryer available in the room?
image_87_jpg.rf.7c5ffa22fc0b410974c2957fd4044fb6.jpg,hairdryer,0.2087126076221466,334.6060791015625,220.0828857421875,532.1265258789062,641.05517578125,variants,Image file: image_87_jpg.rf.7c5ffa22fc0b410974c2957fd4044fb6.jpg. Detected amenity: hairdryer. Detection confidence: low (0.21). Source prompt type: variants.,"You are generating hotel amenity questions for guests browsing accommodation photos. Given the detection summary below, generate a hotel amenity related question that a guest may ask or a guest might want to be answeredwhile browsing accommodation images. Keep the question short, factual, and neutral. Detection summary: Image file: image_87_jpg.rf.7c5ffa22fc0b410974c2957fd4044fb6.jpg. Detected amenity: hairdryer. Detection confidence: low (0.21). Source prompt type: variants. Question:",What type of amenity is hairdryer?,What is the name of the hotel that has a hairdryer?,Is a hairdryer provided in the room?,Is a hairdryer provided in the room?
image_159_jpg.rf.a001eb0ceb28dfaa42595961d84e7cfb.jpg,wall-mounted hotel hairdryer,0.3062414824962616,8.25998306274414,85.32525634765625,562.1566162109375,638.0233764648438,variants,Image file: image_159_jpg.rf.a001eb0ceb28dfaa42595961d84e7cfb.jpg. Detected amenity: wall-mounted hotel hairdryer. Detection confidence: medium (0.31). Source prompt type: variants.,"You are generating hotel amenity questions for guests browsing accommodation photos. Given the detection summary below, generate a hotel amenity related question that a guest may ask or a guest might want to be answeredwhile browsing accommodation images. Keep the question short, factual, and neutral. Detection summary: Image file: image_159_jpg.rf.a001eb0ceb28dfaa42595961d84e7cfb.jpg. Detected amenity: wall-mounted hotel hairdryer. Detection confidence: medium (0.31). Source prompt type: variants. Question:",What is the name of the hotel hairdryer?,What is the name of the hotel hairdryer?,Is a hairdryer provided in the room?,Is a hairdryer provided in the room?
image_159_jpg.rf.a001eb0ceb28dfaa42595961d84e7cfb.jpg,wall-mounted hotel hairdryer,0.1384285539388656,83.40841674804688,118.9743423461914,566.0882568359375,468.3463745117188,variants,Image file: image_159_jpg.rf.a001eb0ceb28dfaa42595961d84e7cfb.jpg. Detected amenity: wall-mounted hotel hairdryer. Detection confidence: low (0.14). Source prompt type: variants.,"You are generating hotel amenity questions for guests browsing accommodation photos. Given the detection summary below, generate a hotel amenity related question that a guest may ask or a guest might want to be answeredwhile browsing accommodation images. Keep the question short, factual, and neutral. Detection summary: Image file: image_159_jpg.rf.a001eb0ceb28dfaa42595961d84e7cfb.jpg. Detected amenity: wall-mounted hotel hairdryer. Detection confidence: low (0.14). Source prompt type: variants. Question:",What is the name of the hotel hairdryer?,What is the name of the hotel hairdryer?,Is a hairdryer provided in the room?,Does the hotel room have a wall-mounted hairdryer?
image_140_jpg.rf.ecfafd823b8d966b9403d25acd2f31c7.jpg,wall-mounted hotel hairdryer,0.3818420171737671,34.65919494628906,26.215267181396484,628.5306396484375,548.4949951171875,variants,Image file: image_140_jpg.rf.ecfafd823b8d966b9403d25acd2f31c7.jpg. Detected amenity: wall-mounted hotel hairdryer. Detection confidence: medium (0.38). Source prompt type: variants.,"You are generating hotel amenity questions for guests browsing accommodation photos. Given the detection summary below, generate a hotel amenity related question that a guest may ask or a guest might want to be answeredwhile browsing accommodation images. Keep the question short, factual, and neutral. Detection summary: Image file: image_140_jpg.rf.ecfafd823b8d966b9403d25acd2f31c7.jpg. Detected amenity: wall-mounted hotel hairdryer. Detection confidence: medium (0.38). Source prompt type: variants. Question:",What is the name of the hotel hairdryer?,What is the location of the hotel hairdryer?,Is a hairdryer provided in the room?,Is the hairdryer wall-mounted in the room?
image_35_jpg.rf.92d2669cb459a07099d1d344bf7bc0ab.jpg,portable travel hair dryer,0.1771142482757568,145.04452514648438,34.07611846923828,447.9009704589844,417.3252868652344,variants,Image file: image_35_jpg.rf.92d2669cb459a07099d1d344bf7bc0ab.jpg. Detected amenity: portable travel hair dryer. Detection confidence: low (0.18). Source prompt type: variants.,"You are generating hotel amenity questions for guests browsing accommodation photos. Given the detection summary below, generate a hotel amenity related question that a guest may ask or a guest might want to be answeredwhile browsing accommodation images. Keep the question short, factual, and neutral. Detection summary: Image file: image_35_jpg.rf.92d2669cb459a07099d1d344bf7bc0ab.jpg. Detected amenity: portable travel hair dryer. Detection confidence: low (0.18). Source prompt type: variants. Question:",What is the name of the hotel amenity?,What type of amenity is the portable travel hair dryer?,Is a hair dryer provided in the room?,Does the hotel provide a portable travel hair dryer in the room?
image_35_jpg.rf.92d2669cb459a07099d1d344bf7bc0ab.jpg,hairdryer,0.2335116267204284,140.65675354003906,32.77290344238281,471.003173828125,633.990234375,variants,Image file: image_35_jpg.rf.92d2669cb459a07099d1d344bf7bc0ab.jpg. Detected amenity: hairdryer. Detection confidence: low (0.23). Source prompt type: variants.,"You are generating hotel amenity questions for guests browsing accommodation photos. Given the detection summary below, generate a hotel amenity related question that a guest may ask or a guest might want to be answeredwhile browsing accommodation images. Keep the question short, factual, and neutral. Detection summary: Image file: image_35_jpg.rf.92d2669cb459a07099d1d344bf7bc0ab.jpg. Detected amenity: hairdryer. Detection confidence: low (0.23). Source prompt type: variants. Question:",What type of amenity is hairdryer?,What is the name of the hotel that has a hairdryer?,Is a hairdryer provided in the room?,Is there a hairdryer available in the room?
image_111_jpg.rf.fe73dc2005a76add0d0d19bec4d2a5a1.jpg,hairdryer,0.1157069951295852,11.908607482910156,119.41280364990234,616.355224609375,601.4691772460938,variants,Image file: image_111_jpg.rf.fe73dc2005a76add0d0d19bec4d2a5a1.jpg. Detected amenity: hairdryer. Detection confidence: low (0.12). Source prompt type: variants.,"You are generating hotel amenity questions for guests browsing accommodation photos. Given the detection summary below, generate a hotel amenity related question that a guest may ask or a guest might want to be answeredwhile browsing accommodation images. Keep the question short, factual, and neutral. Detection summary: Image file: image_111_jpg.rf.fe73dc2005a76add0d0d19bec4d2a5a1.jpg. Detected amenity: hairdryer. Detection confidence: low (0.12). Source prompt type: variants. Question:",What type of amenity is hairdryer?,What is the name of the hotel that has a hairdryer?,Is a hairdryer provided in the room?,Is a hairdryer provided in the room?
image_111_jpg.rf.fe73dc2005a76add0d0d19bec4d2a5a1.jpg,hairdryer,0.3853459358215332,18.743896484375,116.13990783691406,613.123779296875,601.2042236328125,variants,Image file: image_111_jpg.rf.fe73dc2005a76add0d0d19bec4d2a5a1.jpg. Detected amenity: hairdryer. Detection confidence: medium (0.39). Source prompt type: variants.,"You are generating hotel amenity questions for guests browsing accommodation photos. Given the detection summary below, generate a hotel amenity related question that a guest may ask or a guest might want to be answeredwhile browsing accommodation images. Keep the question short, factual, and neutral. Detection summary: Image file: image_111_jpg.rf.fe73dc2005a76add0d0d19bec4d2a5a1.jpg. Detected amenity: hairdryer. Detection confidence: medium (0.39). Source prompt type: variants. Question:",What type of amenity is hairdryer?,What type of amenity is the hairdryer?,Is a hairdryer provided in the room?,Is a hairdryer provided in the room?
image_33_jpg.rf.2c41d500258045b379b0b052fe2a834a.jpg,wall-mounted hotel hairdryer,0.2038881629705429,16.391677856445312,189.8686981201172,637.6993408203125,588.5521240234375,variants,Image file: image_33_jpg.rf.2c41d500258045b379b0b052fe2a834a.jpg. Detected amenity: wall-mounted hotel hairdryer. Detection confidence: low (0.20). Source prompt type: variants.,"You are generating hotel amenity questions for guests browsing accommodation photos. Given the detection summary below, generate a hotel amenity related question that a guest may ask or a guest might want to be answeredwhile browsing accommodation images. Keep the question short, factual, and neutral. Detection summary: Image file: image_33_jpg.rf.2c41d500258045b379b0b052fe2a834a.jpg. Detected amenity: wall-mounted hotel hairdryer. Detection confidence: low (0.20). Source prompt type: variants. Question:",What is the name of the hotel hairdryer?,What is the location of the hotel hairdryer?,Is a hairdryer provided in the hotel room?,Is a hairdryer available in the room?
image_33_jpg.rf.2c41d500258045b379b0b052fe2a834a.jpg,hairdryer,0.141284167766571,18.616867065429688,191.55734252929688,636.2146606445312,588.804443359375,variants,Image file: image_33_jpg.rf.2c41d500258045b379b0b052fe2a834a.jpg. Detected amenity: hairdryer. Detection confidence: low (0.14). Source prompt type: variants.,"You are generating hotel amenity questions for guests browsing accommodation photos. Given the detection summary below, generate a hotel amenity related question that a guest may ask or a guest might want to be answeredwhile browsing accommodation images. Keep the question short, factual, and neutral. Detection summary: Image file: image_33_jpg.rf.2c41d500258045b379b0b052fe2a834a.jpg. Detected amenity: hairdryer. Detection confidence: low (0.14). Source prompt type: variants. Question:",What type of amenity is hairdryer?,What is the name of the hotel that has a hairdryer?,Is a hairdryer provided in the room?,Is a hairdryer provided in the room?
image_79_jpg.rf.704f737f667ccd2538cdf47ab692bdd4.jpg,electric hair dryer,0.1005447432398796,215.3780975341797,105.3643035888672,405.4368591308594,553.6390380859375,variants,Image file: image_79_jpg.rf.704f737f667ccd2538cdf47ab692bdd4.jpg. Detected amenity: electric hair dryer. Detection confidence: low (0.10). Source prompt type: variants.,"You are generating hotel amenity questions for guests browsing accommodation photos. Given the detection summary below, generate a hotel amenity related question that a guest may ask or a guest might want to be answeredwhile browsing accommodation images. Keep the question short, factual, and neutral. Detection summary: Image file: image_79_jpg.rf.704f737f667ccd2538cdf47ab692bdd4.jpg. Detected amenity: electric hair dryer. Detection confidence: low (0.10). Source prompt type: variants. Question:",What is the name of the hotel that has a hair dryer?,What type of amenity is the electric hair dryer?,Is an electric hair dryer provided in the room?,Is an electric hair dryer available in the room?
image_79_jpg.rf.704f737f667ccd2538cdf47ab692bdd4.jpg,wall-mounted hotel hairdryer,0.3247939944267273,226.4446258544922,111.56378936767578,396.6326599121094,372.0462646484375,variants,Image file: image_79_jpg.rf.704f737f667ccd2538cdf47ab692bdd4.jpg. Detected amenity: wall-mounted hotel hairdryer. Detection confidence: medium (0.32). Source prompt type: variants.,"You are generating hotel amenity questions for guests browsing accommodation photos. Given the detection summary below, generate a hotel amenity related question that a guest may ask or a guest might want to be answeredwhile browsing accommodation images. Keep the question short, factual, and neutral. Detection summary: Image file: image_79_jpg.rf.704f737f667ccd2538cdf47ab692bdd4.jpg. Detected amenity: wall-mounted hotel hairdryer. Detection confidence: medium (0.32). Source prompt type: variants. Question:",What is the name of the hotel hairdryer?,What is the name of the hotel hairdryer?,Is there a hairdryer provided in the room?,Is a hairdryer provided in the room?
image_79_jpg.rf.704f737f667ccd2538cdf47ab692bdd4.jpg,hairdryer,0.115432433784008,63.47618865966797,228.63446044921875,174.91783142089844,466.927001953125,variants,Image file: image_79_jpg.rf.704f737f667ccd2538cdf47ab692bdd4.jpg. Detected amenity: hairdryer. Detection confidence: low (0.12). Source prompt type: variants.,"You are generating hotel amenity questions for guests browsing accommodation photos. Given the detection summary below, generate a hotel amenity related question that a guest may ask or a guest might want to be answeredwhile browsing accommodation images. Keep the question short, factual, and neutral. Detection summary: Image file: image_79_jpg.rf.704f737f667ccd2538cdf47ab692bdd4.jpg. Detected amenity: hairdryer. Detection confidence: low (0.12). Source prompt type: variants. Question:",What type of amenity is hairdryer?,What is the name of the hotel that has a hairdryer?,Is a hairdryer provided in the room?,Is a hairdryer provided in the room?
image_51_jpg.rf.703097ccf6bb4b1bcfbe54e8c8eb0ee5.jpg,wall-mounted hotel hairdryer,0.4683454930782318,1.323080062866211,109.21110534667967,248.5211944580078,455.9195556640625,variants,Image file: image_51_jpg.rf.703097ccf6bb4b1bcfbe54e8c8eb0ee5.jpg. Detected amenity: wall-mounted hotel hairdryer. Detection confidence: medium (0.47). Source prompt type: variants.,"You are generating hotel amenity questions for guests browsing accommodation photos. Given the detection summary below, generate a hotel amenity related question that a guest may ask or a guest might want to be answeredwhile browsing accommodation images. Keep the question short, factual, and neutral. Detection summary: Image file: image_51_jpg.rf.703097ccf6bb4b1bcfbe54e8c8eb0ee5.jpg. Detected amenity: wall-mounted hotel hairdryer. Detection confidence: medium (0.47). Source prompt type: variants. Question:",What is the name of the hotel hairdryer?,What is the location of the hotel hairdryer?,Is a hairdryer provided in the hotel room?,Is the hairdryer wall-mounted in the room?
image_51_jpg.rf.703097ccf6bb4b1bcfbe54e8c8eb0ee5.jpg,portable travel hair dryer,0.1176794841885566,2.493295669555664,115.4487762451172,258.9288024902344,627.7147216796875,variants,Image file: image_51_jpg.rf.703097ccf6bb4b1bcfbe54e8c8eb0ee5.jpg. Detected amenity: portable travel hair dryer. Detection confidence: low (0.12). Source prompt type: variants.,"You are generating hotel amenity questions for guests browsing accommodation photos. Given the detection summary below, generate a hotel amenity related question that a guest may ask or a guest might want to be answeredwhile browsing accommodation images. Keep the question short, factual, and neutral. Detection summary: Image file: image_51_jpg.rf.703097ccf6bb4b1bcfbe54e8c8eb0ee5.jpg. Detected amenity: portable travel hair dryer. Detection confidence: low (0.12). Source prompt type: variants. Question:",What is the name of the hotel amenity?,What type of amenity is the portable travel hair dryer?,Does the room come with a hair dryer?,Does the room have a hair dryer?
image_8_jpg.rf.11601bd883b7e15d2fa4ca71d8b9b389.jpg,wall-mounted hotel hairdryer,0.4186009466648102,0.0628471374511718,-6.873607635498047,636.4122314453125,618.208984375,variants,Image file: image_8_jpg.rf.11601bd883b7e15d2fa4ca71d8b9b389.jpg. Detected amenity: wall-mounted hotel hairdryer. Detection confidence: medium (0.42). Source prompt type: variants.,"You are generating hotel amenity questions for guests browsing accommodation photos. Given the detection summary below, generate a hotel amenity related question that a guest may ask or a guest might want to be answeredwhile browsing accommodation images. Keep the question short, factual, and neutral. Detection summary: Image file: image_8_jpg.rf.11601bd883b7e15d2fa4ca71d8b9b389.jpg. Detected amenity: wall-mounted hotel hairdryer. Detection confidence: medium (0.42). Source prompt type: variants. Question:",What is the name of the hotel hairdryer?,What is the location of the hotel hairdryer?,Is there a hairdryer provided in the room?,Is a hairdryer provided in the room?
image_4_jpg.rf.fc7ff111c3e09e476590d2486a4bb71c.jpg,portable travel hair dryer,0.297146588563919,96.22720336914062,26.150436401367188,608.5572509765625,616.6747436523438,variants,Image file: image_4_jpg.rf.fc7ff111c3e09e476590d2486a4bb71c.jpg. Detected amenity: portable travel hair dryer. Detection confidence: low (0.30). Source prompt type: variants.,"You are generating hotel amenity questions for guests browsing accommodation photos. Given the detection summary below, generate a hotel amenity related question that a guest may ask or a guest might want to be answeredwhile browsing accommodation images. Keep the question short, factual, and neutral. Detection summary: Image file: image_4_jpg.rf.fc7ff111c3e09e476590d2486a4bb71c.jpg. Detected amenity: portable travel hair dryer. Detection confidence: low (0.30). Source prompt type: variants. Question:",What is the name of the hotel amenity?,What type of amenity is the portable travel hair dryer?,Does the room come with a hair dryer?,Does the hotel provide a portable travel hair dryer?
image_18_jpg.rf.89ada46cb2fc490b31b604ba0fcfb06b.jpg,wall-mounted hotel hairdryer,0.313535064458847,91.83073425292967,66.13227844238281,581.5474853515625,637.1676635742188,variants,Image file: image_18_jpg.rf.89ada46cb2fc490b31b604ba0fcfb06b.jpg. Detected amenity: wall-mounted hotel hairdryer. Detection confidence: medium (0.31). Source prompt type: variants.,"You are generating hotel amenity questions for guests browsing accommodation photos. Given the detection summary below, generate a hotel amenity related question that a guest may ask or a guest might want to be answeredwhile browsing accommodation images. Keep the question short, factual, and neutral. Detection summary: Image file: image_18_jpg.rf.89ada46cb2fc490b31b604ba0fcfb06b.jpg. Detected amenity: wall-mounted hotel hairdryer. Detection confidence: medium (0.31). Source prompt type: variants. Question:",What is the name of the hotel hairdryer?,What is the name of the hotel hairdryer?,Does the room come with a hairdryer?,Is the hairdryer wall-mounted in the room?
image_100_jpg.rf.e63c16b99068114bc9cf4812d5ad027c.jpg,wall-mounted hotel hairdryer,0.3537108302116394,58.40810775756836,45.19580841064453,635.4083251953125,628.1660766601562,variants,Image file: image_100_jpg.rf.e63c16b99068114bc9cf4812d5ad027c.jpg. Detected amenity: wall-mounted hotel hairdryer. Detection confidence: medium (0.35). Source prompt type: variants.,"You are generating hotel amenity questions for guests browsing accommodation photos. Given the detection summary below, generate a hotel amenity related question that a guest may ask or a guest might want to be answeredwhile browsing accommodation images. Keep the question short, factual, and neutral. Detection summary: Image file: image_100_jpg.rf.e63c16b99068114bc9cf4812d5ad027c.jpg. Detected amenity: wall-mounted hotel hairdryer. Detection confidence: medium (0.35). Source prompt type: variants. Question:",What is the name of the hotel hairdryer?,What is the location of the hotel hairdryer?,Is a hairdryer provided in the room?,Is a hairdryer provided in the room?
image_116_jpg.rf.23cd7a9780ff4f778b911db59317d50a.jpg,wall-mounted hotel hairdryer,0.1957293599843979,101.48771667480467,-3.611621856689453,456.31683349609375,583.6001586914062,variants,Image file: image_116_jpg.rf.23cd7a9780ff4f778b911db59317d50a.jpg. Detected amenity: wall-mounted hotel hairdryer. Detection confidence: low (0.20). Source prompt type: variants.,"You are generating hotel amenity questions for guests browsing accommodation photos. Given the detection summary below, generate a hotel amenity related question that a guest may ask or a guest might want to be answeredwhile browsing accommodation images. Keep the question short, factual, and neutral. Detection summary: Image file: image_116_jpg.rf.23cd7a9780ff4f778b911db59317d50a.jpg. Detected amenity: wall-mounted hotel hairdryer. Detection confidence: low (0.20). Source prompt type: variants. Question:",What is the name of the hotel hairdryer?,What is the location of the hotel hairdryer?,Is a hairdryer provided in the hotel room?,Is a hairdryer provided in the room?
image_161_jpg.rf.08887424ce1e57678e43bc299c2733c1.jpg,wall-mounted hotel hairdryer,0.4778019189834595,15.410003662109377,147.21017456054688,421.5534973144531,451.9329223632813,variants,Image file: image_161_jpg.rf.08887424ce1e57678e43bc299c2733c1.jpg. Detected amenity: wall-mounted hotel hairdryer. Detection confidence: medium (0.48). Source prompt type: variants.,"You are generating hotel amenity questions for guests browsing accommodation photos. Given the detection summary below, generate a hotel amenity related question that a guest may ask or a guest might want to be answeredwhile browsing accommodation images. Keep the question short, factual, and neutral. Detection summary: Image file: image_161_jpg.rf.08887424ce1e57678e43bc299c2733c1.jpg. Detected amenity: wall-mounted hotel hairdryer. Detection confidence: medium (0.48). Source prompt type: variants. Question:",What is the name of the hotel hairdryer?,What is the location of the hotel hairdryer?,Is a hairdryer provided in the room?,Is the hairdryer wall-mounted in the room?
image_161_jpg.rf.08887424ce1e57678e43bc299c2733c1.jpg,wall-mounted hotel hairdryer,0.3305065333843231,17.20041275024414,137.08563232421875,613.0846557617188,640.9417114257812,variants,Image file: image_161_jpg.rf.08887424ce1e57678e43bc299c2733c1.jpg. Detected amenity: wall-mounted hotel hairdryer. Detection confidence: medium (0.33). Source prompt type: variants.,"You are generating hotel amenity questions for guests browsing accommodation photos. Given the detection summary below, generate a hotel amenity related question that a guest may ask or a guest might want to be answeredwhile browsing accommodation images. Keep the question short, factual, and neutral. Detection summary: Image file: image_161_jpg.rf.08887424ce1e57678e43bc299c2733c1.jpg. Detected amenity: wall-mounted hotel hairdryer. Detection confidence: medium (0.33). Source prompt type: variants. Question:",What is the name of the hotel hairdryer?,What is the name of the hotel hairdryer?,Is a hairdryer provided in the room?,Is there a hairdryer available in the room?
image_52_jpg.rf.d734ef5487affd4d01dab8036be3fbbc.jpg,wall-mounted hotel hairdryer,0.6585917472839355,-0.3747177124023437,3.7187576293945312,471.2832336425781,631.9432983398438,variants,Image file: image_52_jpg.rf.d734ef5487affd4d01dab8036be3fbbc.jpg. Detected amenity: wall-mounted hotel hairdryer. Detection confidence: high (0.66). Source prompt type: variants.,"You are generating hotel amenity questions for guests browsing accommodation photos. Given the detection summary below, generate a hotel amenity related question that a guest may ask or a guest might want to be answeredwhile browsing accommodation images. Keep the question short, factual, and neutral. Detection summary: Image file: image_52_jpg.rf.d734ef5487affd4d01dab8036be3fbbc.jpg. Detected amenity: wall-mounted hotel hairdryer. Detection confidence: high (0.66). Source prompt type: variants. Question:",What is the name of the hotel hairdryer?,What is the location of the hotel hairdryer?,Is a hairdryer provided in the room?,Is the hairdryer wall-mounted in the room?
image_11_jpg.rf.2276a95bb47a7f6e2d77652016dcf56e.jpg,wall-mounted hotel hairdryer,0.5178070068359375,1.0118865966796875,62.55687713623047,571.0228881835938,561.84765625,variants,Image file: image_11_jpg.rf.2276a95bb47a7f6e2d77652016dcf56e.jpg. Detected amenity: wall-mounted hotel hairdryer. Detection confidence: medium (0.52). Source prompt type: variants.,"You are generating hotel amenity questions for guests browsing accommodation photos. Given the detection summary below, generate a hotel amenity related question that a guest may ask or a guest might want to be answeredwhile browsing accommodation images. Keep the question short, factual, and neutral. Detection summary: Image file: image_11_jpg.rf.2276a95bb47a7f6e2d77652016dcf56e.jpg. Detected amenity: wall-mounted hotel hairdryer. Detection confidence: medium (0.52). Source prompt type: variants. Question:",What is the name of the hotel hairdryer?,What is the size of the hotel hairdryer?,Is a hairdryer provided in the hotel room?,Is the wall-mounted hairdryer in the room?
image_53_jpg.rf.447d57e09746fe768aae85ff375b0b00.jpg,electric hair dryer,0.2050299942493438,458.99658203125,56.91373825073242,605.771484375,489.7130737304688,variants,Image file: image_53_jpg.rf.447d57e09746fe768aae85ff375b0b00.jpg. Detected amenity: electric hair dryer. Detection confidence: low (0.21). Source prompt type: variants.,"You are generating hotel amenity questions for guests browsing accommodation photos. Given the detection summary below, generate a hotel amenity related question that a guest may ask or a guest might want to be answeredwhile browsing accommodation images. Keep the question short, factual, and neutral. Detection summary: Image file: image_53_jpg.rf.447d57e09746fe768aae85ff375b0b00.jpg. Detected amenity: electric hair dryer. Detection confidence: low (0.21). Source prompt type: variants. Question:",What is the name of the hotel amenity?,What type of amenity is the electric hair dryer?,Does the room come with an electric hair dryer?,Does the hotel provide an electric hair dryer in each room?
image_9_jpg.rf.d4ffcb300c5f1ee63829325fd954420b.jpg,hairdryer,0.3307492434978485,95.6967315673828,71.6220703125,630.555419921875,572.3212280273438,variants,Image file: image_9_jpg.rf.d4ffcb300c5f1ee63829325fd954420b.jpg. Detected amenity: hairdryer. Detection confidence: medium (0.33). Source prompt type: variants.,"You are generating hotel amenity questions for guests browsing accommodation photos. Given the detection summary below, generate a hotel amenity related question that a guest may ask or a guest might want to be answeredwhile browsing accommodation images. Keep the question short, factual, and neutral. Detection summary: Image file: image_9_jpg.rf.d4ffcb300c5f1ee63829325fd954420b.jpg. Detected amenity: hairdryer. Detection confidence: medium (0.33). Source prompt type: variants. Question:",What is the name of the hairdryer?,What is the name of the amenity that is found in this image?,Is a hairdryer provided in the room?,Is a hairdryer provided in the room?
image_34_jpg.rf.1424f6048e5aea069644073ed4439227.jpg,wall-mounted hotel hairdryer,0.1359715312719345,141.22154235839844,50.90452194213867,472.8753662109375,398.3342895507813,variants,Image file: image_34_jpg.rf.1424f6048e5aea069644073ed4439227.jpg. Detected amenity: wall-mounted hotel hairdryer. Detection confidence: low (0.14). Source prompt type: variants.,"You are generating hotel amenity questions for guests browsing accommodation photos. Given the detection summary below, generate a hotel amenity related question that a guest may ask or a guest might want to be answeredwhile browsing accommodation images. Keep the question short, factual, and neutral. Detection summary: Image file: image_34_jpg.rf.1424f6048e5aea069644073ed4439227.jpg. Detected amenity: wall-mounted hotel hairdryer. Detection confidence: low (0.14). Source prompt type: variants. Question:",What is the name of the hotel hairdryer?,What type of amenity is the hotel hairdryer?,Does the room come with a hairdryer?,Is a hairdryer available in the room?
image_34_jpg.rf.1424f6048e5aea069644073ed4439227.jpg,wall-mounted hotel hairdryer,0.4333975911140442,141.82237243652344,55.748329162597656,546.512451171875,516.854736328125,variants,Image file: image_34_jpg.rf.1424f6048e5aea069644073ed4439227.jpg. Detected amenity: wall-mounted hotel hairdryer. Detection confidence: medium (0.43). Source prompt type: variants.,"You are generating hotel amenity questions for guests browsing accommodation photos. Given the detection summary below, generate a hotel amenity related question that a guest may ask or a guest might want to be answeredwhile browsing accommodation images. Keep the question short, factual, and neutral. Detection summary: Image file: image_34_jpg.rf.1424f6048e5aea069644073ed4439227.jpg. Detected amenity: wall-mounted hotel hairdryer. Detection confidence: medium (0.43). Source prompt type: variants. Question:",What is the name of the hotel hairdryer?,What type of amenity is the hotel hairdryer?,Is a hairdryer provided in the hotel room?,Is a hairdryer provided in the room?
image_22_jpg.rf.86672429227f066420cd910335e7a3d9.jpg,wall-mounted hotel hairdryer,0.2001174092292785,14.563560485839844,319.540283203125,227.86729431152344,458.01019287109375,variants,Image file: image_22_jpg.rf.86672429227f066420cd910335e7a3d9.jpg. Detected amenity: wall-mounted hotel hairdryer. Detection confidence: low (0.20). Source prompt type: variants.,"You are generating hotel amenity questions for guests browsing accommodation photos. Given the detection summary below, generate a hotel amenity related question that a guest may ask or a guest might want to be answeredwhile browsing accommodation images. Keep the question short, factual, and neutral. Detection summary: Image file: image_22_jpg.rf.86672429227f066420cd910335e7a3d9.jpg. Detected amenity: wall-mounted hotel hairdryer. Detection confidence: low (0.20). Source prompt type: variants. Question:",What is the name of the hotel hairdryer?,What is the location of the hotel hairdryer?,Is a hairdryer provided in the hotel room?,Is a hairdryer provided in the room?
image_158_jpg.rf.62dcc7e585e05b449daee3ada5b0dabf.jpg,portable travel hair dryer,0.4464264810085296,189.6986694335937,144.88035583496094,482.801025390625,489.72955322265625,variants,Image file: image_158_jpg.rf.62dcc7e585e05b449daee3ada5b0dabf.jpg. Detected amenity: portable travel hair dryer. Detection confidence: medium (0.45). Source prompt type: variants.,"You are generating hotel amenity questions for guests browsing accommodation photos. Given the detection summary below, generate a hotel amenity related question that a guest may ask or a guest might want to be answeredwhile browsing accommodation images. Keep the question short, factual, and neutral. Detection summary: Image file: image_158_jpg.rf.62dcc7e585e05b449daee3ada5b0dabf.jpg. Detected amenity: portable travel hair dryer. Detection confidence: medium (0.45). Source prompt type: variants. Question:",What is the name of the hotel amenity?,What type of amenity is the portable travel hair dryer?,Does the room come with a hair dryer?,Is a portable travel hair dryer provided in the room?
image_69_jpg.rf.6316a43511d8420c8fdb12bb58493a49.jpg,wall-mounted hotel hairdryer,0.207217276096344,107.05875396728516,37.94912338256836,502.38861083984375,518.9766845703125,variants,Image file: image_69_jpg.rf.6316a43511d8420c8fdb12bb58493a49.jpg. Detected amenity: wall-mounted hotel hairdryer. Detection confidence: low (0.21). Source prompt type: variants.,"You are generating hotel amenity questions for guests browsing accommodation photos. Given the detection summary below, generate a hotel amenity related question that a guest may ask or a guest might want to be answeredwhile browsing accommodation images. Keep the question short, factual, and neutral. Detection summary: Image file: image_69_jpg.rf.6316a43511d8420c8fdb12bb58493a49.jpg. Detected amenity: wall-mounted hotel hairdryer. Detection confidence: low (0.21). Source prompt type: variants. Question:",What is the name of the hotel hairdryer?,What is the name of the hotel hairdryer?,Does the room come with a hairdryer?,Is there a hairdryer available in the room?
image_224_jpg.rf.ea70bf983af22b2911607d0d1e7edc41.jpg,wall-mounted hotel hairdryer,0.1675747632980346,38.04698944091797,36.6526985168457,602.098876953125,628.1788330078125,variants,Image file: image_224_jpg.rf.ea70bf983af22b2911607d0d1e7edc41.jpg. Detected amenity: wall-mounted hotel hairdryer. Detection confidence: low (0.17). Source prompt type: variants.,"You are generating hotel amenity questions for guests browsing accommodation photos. Given the detection summary below, generate a hotel amenity related question that a guest may ask or a guest might want to be answeredwhile browsing accommodation images. Keep the question short, factual, and neutral. Detection summary: Image file: image_224_jpg.rf.ea70bf983af22b2911607d0d1e7edc41.jpg. Detected amenity: wall-mounted hotel hairdryer. Detection confidence: low (0.17). Source prompt type: variants. Question:",What is the name of the hotel hairdryer?,What is the location of the hotel hairdryer?,Is a hairdryer provided in the room?,Is there a hairdryer available in the room?
image_224_jpg.rf.ea70bf983af22b2911607d0d1e7edc41.jpg,wall-mounted hotel hairdryer,0.1616388112306594,243.23748779296875,284.5331115722656,601.6599731445312,628.2059936523438,variants,Image file: image_224_jpg.rf.ea70bf983af22b2911607d0d1e7edc41.jpg. Detected amenity: wall-mounted hotel hairdryer. Detection confidence: low (0.16). Source prompt type: variants.,"You are generating hotel amenity questions for guests browsing accommodation photos. Given the detection summary below, generate a hotel amenity related question that a guest may ask or a guest might want to be answeredwhile browsing accommodation images. Keep the question short, factual, and neutral. Detection summary: Image file: image_224_jpg.rf.ea70bf983af22b2911607d0d1e7edc41.jpg. Detected amenity: wall-mounted hotel hairdryer. Detection confidence: low (0.16). Source prompt type: variants. Question:",What is the name of the hotel hairdryer?,What is the name of the hotel hairdryer?,Is a hairdryer provided in the hotel room?,Is a hairdryer provided in the room?
image_70_jpg.rf.7a87a6f3d50595dfb6780c8ed9d5a078.jpg,wall-mounted hotel hairdryer,0.1035940945148468,60.47821044921875,149.88522338867188,555.1347045898438,583.1311645507812,variants,Image file: image_70_jpg.rf.7a87a6f3d50595dfb6780c8ed9d5a078.jpg. Detected amenity: wall-mounted hotel hairdryer. Detection confidence: low (0.10). Source prompt type: variants.,"You are generating hotel amenity questions for guests browsing accommodation photos. Given the detection summary below, generate a hotel amenity related question that a guest may ask or a guest might want to be answeredwhile browsing accommodation images. Keep the question short, factual, and neutral. Detection summary: Image file: image_70_jpg.rf.7a87a6f3d50595dfb6780c8ed9d5a078.jpg. Detected amenity: wall-mounted hotel hairdryer. Detection confidence: low (0.10). Source prompt type: variants. Question:",What is the name of the hotel hairdryer?,What is the location of the hotel hairdryer?,Is a hairdryer provided in the room?,Does the hotel room have a wall-mounted hairdryer?
image_70_jpg.rf.7a87a6f3d50595dfb6780c8ed9d5a078.jpg,wall-mounted hotel hairdryer,0.1298919171094894,65.22703552246094,163.0027618408203,536.8234252929688,576.8665771484375,variants,Image file: image_70_jpg.rf.7a87a6f3d50595dfb6780c8ed9d5a078.jpg. Detected amenity: wall-mounted hotel hairdryer. Detection confidence: low (0.13). Source prompt type: variants.,"You are generating hotel amenity questions for guests browsing accommodation photos. Given the detection summary below, generate a hotel amenity related question that a guest may ask or a guest might want to be answeredwhile browsing accommodation images. Keep the question short, factual, and neutral. Detection summary: Image file: image_70_jpg.rf.7a87a6f3d50595dfb6780c8ed9d5a078.jpg. Detected amenity: wall-mounted hotel hairdryer. Detection confidence: low (0.13). Source prompt type: variants. Question:",What is the name of the hotel hairdryer?,What is the location of the hotel hairdryer?,Is a hairdryer provided in the room?,Is there a hairdryer available in the room?
image_105_jpg.rf.64f144f4633e51e97c7a2e11265a3221.jpg,wall-mounted hotel hairdryer,0.268644243478775,303.2206420898437,229.0469665527344,606.2333374023438,555.4157104492188,variants,Image file: image_105_jpg.rf.64f144f4633e51e97c7a2e11265a3221.jpg. Detected amenity: wall-mounted hotel hairdryer. Detection confidence: low (0.27). Source prompt type: variants.,"You are generating hotel amenity questions for guests browsing accommodation photos. Given the detection summary below, generate a hotel amenity related question that a guest may ask or a guest might want to be answeredwhile browsing accommodation images. Keep the question short, factual, and neutral. Detection summary: Image file: image_105_jpg.rf.64f144f4633e51e97c7a2e11265a3221.jpg. Detected amenity: wall-mounted hotel hairdryer. Detection confidence: low (0.27). Source prompt type: variants. Question:",What is the name of the hotel hairdryer?,What is the location of the hotel hairdryer?,Is a hairdryer provided in the hotel room?,Does the room have a wall-mounted hairdryer?
image_105_jpg.rf.64f144f4633e51e97c7a2e11265a3221.jpg,wall-mounted hotel hairdryer,0.1702656000852584,1.9593620300292969,237.51370239257807,301.1131286621094,489.6873168945313,variants,Image file: image_105_jpg.rf.64f144f4633e51e97c7a2e11265a3221.jpg. Detected amenity: wall-mounted hotel hairdryer. Detection confidence: low (0.17). Source prompt type: variants.,"You are generating hotel amenity questions for guests browsing accommodation photos. Given the detection summary below, generate a hotel amenity related question that a guest may ask or a guest might want to be answeredwhile browsing accommodation images. Keep the question short, factual, and neutral. Detection summary: Image file: image_105_jpg.rf.64f144f4633e51e97c7a2e11265a3221.jpg. Detected amenity: wall-mounted hotel hairdryer. Detection confidence: low (0.17). Source prompt type: variants. Question:",What is the name of the hotel hairdryer?,What is the location of the hotel hairdryer?,Is a hairdryer provided in the hotel room?,Is a hairdryer provided in the room?
image_75_jpg.rf.6050895ab28d5a8e09bdbb147312f659.jpg,wall-mounted hotel hairdryer,0.3249026536941528,154.6398162841797,202.294677734375,605.9076538085938,643.5875244140625,variants,Image file: image_75_jpg.rf.6050895ab28d5a8e09bdbb147312f659.jpg. Detected amenity: wall-mounted hotel hairdryer. Detection confidence: medium (0.32). Source prompt type: variants.,"You are generating hotel amenity questions for guests browsing accommodation photos. Given the detection summary below, generate a hotel amenity related question that a guest may ask or a guest might want to be answeredwhile browsing accommodation images. Keep the question short, factual, and neutral. Detection summary: Image file: image_75_jpg.rf.6050895ab28d5a8e09bdbb147312f659.jpg. Detected amenity: wall-mounted hotel hairdryer. Detection confidence: medium (0.32). Source prompt type: variants. Question:",What is the name of the hotel hairdryer?,What is the location of the hotel hairdryer?,Is a hairdryer provided in the hotel room?,Is a hairdryer provided in the room?
image_142_jpg.rf.e0ca69bf431a958c5bb1e87682fde56b.jpg,wall-mounted hotel hairdryer,0.4278530180454254,126.61444091796876,167.15457153320312,639.8699951171875,623.518798828125,variants,Image file: image_142_jpg.rf.e0ca69bf431a958c5bb1e87682fde56b.jpg. Detected amenity: wall-mounted hotel hairdryer. Detection confidence: medium (0.43). Source prompt type: variants.,"You are generating hotel amenity questions for guests browsing accommodation photos. Given the detection summary below, generate a hotel amenity related question that a guest may ask or a guest might want to be answeredwhile browsing accommodation images. Keep the question short, factual, and neutral. Detection summary: Image file: image_142_jpg.rf.e0ca69bf431a958c5bb1e87682fde56b.jpg. Detected amenity: wall-mounted hotel hairdryer. Detection confidence: medium (0.43). Source prompt type: variants. Question:",What is the name of the hotel hairdryer?,What is the location of the hotel hairdryer?,Is a hairdryer provided in the room?,Is there a hairdryer available in the room?
image_203_jpg.rf.0396ec617c8c6164aea7cb1ca39e669a.jpg,wall-mounted hotel hairdryer,0.5257081389427185,53.12387466430664,62.96272277832031,596.9890747070312,621.8074951171875,variants,Image file: image_203_jpg.rf.0396ec617c8c6164aea7cb1ca39e669a.jpg. Detected amenity: wall-mounted hotel hairdryer. Detection confidence: medium (0.53). Source prompt type: variants.,"You are generating hotel amenity questions for guests browsing accommodation photos. Given the detection summary below, generate a hotel amenity related question that a guest may ask or a guest might want to be answeredwhile browsing accommodation images. Keep the question short, factual, and neutral. Detection summary: Image file: image_203_jpg.rf.0396ec617c8c6164aea7cb1ca39e669a.jpg. Detected amenity: wall-mounted hotel hairdryer. Detection confidence: medium (0.53). Source prompt type: variants. Question:",What is the name of the hotel hairdryer?,What type of amenity is the hotel hairdryer?,Is there a hairdryer provided in the room?,Is the hairdryer wall-mounted in the room?
image_203_jpg.rf.0396ec617c8c6164aea7cb1ca39e669a.jpg,wall-mounted hotel hairdryer,0.1225552409887313,50.03129959106445,61.60581588745117,606.6591796875,620.1736450195312,variants,Image file: image_203_jpg.rf.0396ec617c8c6164aea7cb1ca39e669a.jpg. Detected amenity: wall-mounted hotel hairdryer. Detection confidence: low (0.12). Source prompt type: variants.,"You are generating hotel amenity questions for guests browsing accommodation photos. Given the detection summary below, generate a hotel amenity related question that a guest may ask or a guest might want to be answeredwhile browsing accommodation images. Keep the question short, factual, and neutral. Detection summary: Image file: image_203_jpg.rf.0396ec617c8c6164aea7cb1ca39e669a.jpg. Detected amenity: wall-mounted hotel hairdryer. Detection confidence: low (0.12). Source prompt type: variants. Question:",What is the name of the hotel hairdryer?,What is the name of the hotel hairdryer?,Is a hairdryer provided in the hotel room?,Is a hairdryer provided in the room?
image_112_jpg.rf.8740df40d78625b733c1e007dc8a3726.jpg,electric hair dryer,0.4038900136947632,-1.0118293762207031,47.82621383666992,626.5921630859375,637.557861328125,variants,Image file: image_112_jpg.rf.8740df40d78625b733c1e007dc8a3726.jpg. Detected amenity: electric hair dryer. Detection confidence: medium (0.40). Source prompt type: variants.,"You are generating hotel amenity questions for guests browsing accommodation photos. Given the detection summary below, generate a hotel amenity related question that a guest may ask or a guest might want to be answeredwhile browsing accommodation images. Keep the question short, factual, and neutral. Detection summary: Image file: image_112_jpg.rf.8740df40d78625b733c1e007dc8a3726.jpg. Detected amenity: electric hair dryer. Detection confidence: medium (0.40). Source prompt type: variants. Question:",What is the name of the hotel that has a hair dryer?,What type of amenity is the electric hair dryer?,Does the room come with an electric hair dryer?,Is there an electric hair dryer available in the room?
image_107_jpg.rf.c3a5ee791b360e0e11b5be86d3a89454.jpg,portable travel hair dryer,0.1578441709280014,266.7422180175781,159.068115234375,518.2055053710938,449.2001037597656,variants,Image file: image_107_jpg.rf.c3a5ee791b360e0e11b5be86d3a89454.jpg. Detected amenity: portable travel hair dryer. Detection confidence: low (0.16). Source prompt type: variants.,"You are generating hotel amenity questions for guests browsing accommodation photos. Given the detection summary below, generate a hotel amenity related question that a guest may ask or a guest might want to be answeredwhile browsing accommodation images. Keep the question short, factual, and neutral. Detection summary: Image file: image_107_jpg.rf.c3a5ee791b360e0e11b5be86d3a89454.jpg. Detected amenity: portable travel hair dryer. Detection confidence: low (0.16). Source prompt type: variants. Question:",What is the name of the portable travel hair dryer?,What type of amenity is the portable travel hair dryer?,Does the room come with a hair dryer?,Does the hotel provide a portable travel hair dryer in the room?
image_147_jpg.rf.16cf5d1edca6fa44012042e61e9eb918.jpg,wall-mounted hotel hairdryer,0.100336417555809,166.32305908203125,148.32940673828125,518.5682373046875,628.0150756835938,variants,Image file: image_147_jpg.rf.16cf5d1edca6fa44012042e61e9eb918.jpg. Detected amenity: wall-mounted hotel hairdryer. Detection confidence: low (0.10). Source prompt type: variants.,"You are generating hotel amenity questions for guests browsing accommodation photos. Given the detection summary below, generate a hotel amenity related question that a guest may ask or a guest might want to be answeredwhile browsing accommodation images. Keep the question short, factual, and neutral. Detection summary: Image file: image_147_jpg.rf.16cf5d1edca6fa44012042e61e9eb918.jpg. Detected amenity: wall-mounted hotel hairdryer. Detection confidence: low (0.10). Source prompt type: variants. Question:",What is the name of the hotel hairdryer?,What is the name of the hotel hairdryer?,Is a hairdryer provided in the room?,Is a hairdryer provided in the room?
image_147_jpg.rf.16cf5d1edca6fa44012042e61e9eb918.jpg,portable travel hair dryer,0.1781273335218429,230.16751098632807,151.3944854736328,515.9920043945312,553.3311767578125,variants,Image file: image_147_jpg.rf.16cf5d1edca6fa44012042e61e9eb918.jpg. Detected amenity: portable travel hair dryer. Detection confidence: low (0.18). Source prompt type: variants.,"You are generating hotel amenity questions for guests browsing accommodation photos. Given the detection summary below, generate a hotel amenity related question that a guest may ask or a guest might want to be answeredwhile browsing accommodation images. Keep the question short, factual, and neutral. Detection summary: Image file: image_147_jpg.rf.16cf5d1edca6fa44012042e61e9eb918.jpg. Detected amenity: portable travel hair dryer. Detection confidence: low (0.18). Source prompt type: variants. Question:",What is the name of the hotel amenity?,What type of amenity is the portable travel hair dryer?,Is a hair dryer provided in the room?,Does the room have a hair dryer?
image_147_jpg.rf.16cf5d1edca6fa44012042e61e9eb918.jpg,portable travel hair dryer,0.1000707000494003,181.8328094482422,153.26077270507812,518.7146606445312,623.6067504882812,variants,Image file: image_147_jpg.rf.16cf5d1edca6fa44012042e61e9eb918.jpg. Detected amenity: portable travel hair dryer. Detection confidence: low (0.10). Source prompt type: variants.,"You are generating hotel amenity questions for guests browsing accommodation photos. Given the detection summary below, generate a hotel amenity related question that a guest may ask or a guest might want to be answeredwhile browsing accommodation images. Keep the question short, factual, and neutral. Detection summary: Image file: image_147_jpg.rf.16cf5d1edca6fa44012042e61e9eb918.jpg. Detected amenity: portable travel hair dryer. Detection confidence: low (0.10). Source prompt type: variants. Question:",What is the name of the hotel amenity?,What type of amenity is the portable travel hair dryer?,Does the room come with a hair dryer?,Does the hotel room have a portable travel hair dryer available?
image_150_jpg.rf.d799d44a5640cf3a4920ddda0c8659ce.jpg,hairdryer,0.3473910689353943,16.720600128173828,5.888462066650391,637.270263671875,631.8885498046875,variants,Image file: image_150_jpg.rf.d799d44a5640cf3a4920ddda0c8659ce.jpg. Detected amenity: hairdryer. Detection confidence: medium (0.35). Source prompt type: variants.,"You are generating hotel amenity questions for guests browsing accommodation photos. Given the detection summary below, generate a hotel amenity related question that a guest may ask or a guest might want to be answeredwhile browsing accommodation images. Keep the question short, factual, and neutral. Detection summary: Image file: image_150_jpg.rf.d799d44a5640cf3a4920ddda0c8659ce.jpg. Detected amenity: hairdryer. Detection confidence: medium (0.35). Source prompt type: variants. Question:",What type of amenity is hairdryer?,What is the name of the hotel that has a hairdryer?,Is a hairdryer provided in the room?,Is a hairdryer available in the room?
image_125_jpg.rf.2a8138a9f9c06b4e8b4fc4a3044f97f0.jpg,wall-mounted hotel hairdryer,0.2183153331279754,87.47465515136719,63.36183547973633,554.7369995117188,554.8031616210938,variants,Image file: image_125_jpg.rf.2a8138a9f9c06b4e8b4fc4a3044f97f0.jpg. Detected amenity: wall-mounted hotel hairdryer. Detection confidence: low (0.22). Source prompt type: variants.,"You are generating hotel amenity questions for guests browsing accommodation photos. Given the detection summary below, generate a hotel amenity related question that a guest may ask or a guest might want to be answeredwhile browsing accommodation images. Keep the question short, factual, and neutral. Detection summary: Image file: image_125_jpg.rf.2a8138a9f9c06b4e8b4fc4a3044f97f0.jpg. Detected amenity: wall-mounted hotel hairdryer. Detection confidence: low (0.22). Source prompt type: variants. Question:",What is the name of the hotel hairdryer?,What is the location of the hotel hairdryer?,Is a hairdryer provided in the hotel room?,Is a hairdryer provided in the room?
image_76_jpg.rf.9c63266dc6ff469fbc1a1f2cca4c26f8.jpg,wall-mounted hotel hairdryer,0.4089892208576202,117.48405456542967,201.30886840820312,636.7801513671875,641.099365234375,variants,Image file: image_76_jpg.rf.9c63266dc6ff469fbc1a1f2cca4c26f8.jpg. Detected amenity: wall-mounted hotel hairdryer. Detection confidence: medium (0.41). Source prompt type: variants.,"You are generating hotel amenity questions for guests browsing accommodation photos. Given the detection summary below, generate a hotel amenity related question that a guest may ask or a guest might want to be answeredwhile browsing accommodation images. Keep the question short, factual, and neutral. Detection summary: Image file: image_76_jpg.rf.9c63266dc6ff469fbc1a1f2cca4c26f8.jpg. Detected amenity: wall-mounted hotel hairdryer. Detection confidence: medium (0.41). Source prompt type: variants. Question:",What is the name of the hotel hairdryer?,What is the location of the hotel hairdryer?,Is a hairdryer provided in the hotel room?,Is a hairdryer provided in the room?
image_76_jpg.rf.9c63266dc6ff469fbc1a1f2cca4c26f8.jpg,wall-mounted hotel hairdryer,0.1150080487132072,64.14798736572266,200.548095703125,634.6900634765625,638.98681640625,variants,Image file: image_76_jpg.rf.9c63266dc6ff469fbc1a1f2cca4c26f8.jpg. Detected amenity: wall-mounted hotel hairdryer. Detection confidence: low (0.12). Source prompt type: variants.,"You are generating hotel amenity questions for guests browsing accommodation photos. Given the detection summary below, generate a hotel amenity related question that a guest may ask or a guest might want to be answeredwhile browsing accommodation images. Keep the question short, factual, and neutral. Detection summary: Image file: image_76_jpg.rf.9c63266dc6ff469fbc1a1f2cca4c26f8.jpg. Detected amenity: wall-mounted hotel hairdryer. Detection confidence: low (0.12). Source prompt type: variants. Question:",What is the name of the hotel hairdryer?,What is the name of the hotel hairdryer?,Is there a hairdryer provided in the room?,Does the hotel room come with a hairdryer?
image_164_jpg.rf.892e6fbb89a1c512237fcada49ce1106.jpg,hairdryer,0.230832040309906,52.248783111572266,0.7785415649414062,592.6016235351562,636.454345703125,variants,Image file: image_164_jpg.rf.892e6fbb89a1c512237fcada49ce1106.jpg. Detected amenity: hairdryer. Detection confidence: low (0.23). Source prompt type: variants.,"You are generating hotel amenity questions for guests browsing accommodation photos. Given the detection summary below, generate a hotel amenity related question that a guest may ask or a guest might want to be answeredwhile browsing accommodation images. Keep the question short, factual, and neutral. Detection summary: Image file: image_164_jpg.rf.892e6fbb89a1c512237fcada49ce1106.jpg. Detected amenity: hairdryer. Detection confidence: low (0.23). Source prompt type: variants. Question:",What type of amenity is hairdryer?,What is the name of the hotel that has a hairdryer?,Is a hairdryer provided in the room?,Is a hairdryer provided in the room?
image_59_jpg.rf.8760fdb5f09295c2898f59e286ac9d68.jpg,wall-mounted hotel hairdryer,0.135086789727211,16.55792236328125,143.7783966064453,545.2744140625,636.257568359375,variants,Image file: image_59_jpg.rf.8760fdb5f09295c2898f59e286ac9d68.jpg. Detected amenity: wall-mounted hotel hairdryer. Detection confidence: low (0.14). Source prompt type: variants.,"You are generating hotel amenity questions for guests browsing accommodation photos. Given the detection summary below, generate a hotel amenity related question that a guest may ask or a guest might want to be answeredwhile browsing accommodation images. Keep the question short, factual, and neutral. Detection summary: Image file: image_59_jpg.rf.8760fdb5f09295c2898f59e286ac9d68.jpg. Detected amenity: wall-mounted hotel hairdryer. Detection confidence: low (0.14). Source prompt type: variants. Question:",What is the name of the hotel hairdryer?,What is the name of the hotel hairdryer?,Is a hairdryer provided in the room?,Does the hotel room have a wall-mounted hairdryer?
image_84_jpg.rf.96f0515b63327c2378fa154388ec7757.jpg,portable travel hair dryer,0.2089584767818451,4.406881332397461,83.53477478027344,273.37091064453125,558.1096801757812,variants,Image file: image_84_jpg.rf.96f0515b63327c2378fa154388ec7757.jpg. Detected amenity: portable travel hair dryer. Detection confidence: low (0.21). Source prompt type: variants.,"You are generating hotel amenity questions for guests browsing accommodation photos. Given the detection summary below, generate a hotel amenity related question that a guest may ask or a guest might want to be answeredwhile browsing accommodation images. Keep the question short, factual, and neutral. Detection summary: Image file: image_84_jpg.rf.96f0515b63327c2378fa154388ec7757.jpg. Detected amenity: portable travel hair dryer. Detection confidence: low (0.21). Source prompt type: variants. Question:",What is the name of the hotel amenity?,What type of amenity is the portable travel hair dryer?,Does the room come with a hair dryer?,Does the hotel room have a portable travel hair dryer available?
image_84_jpg.rf.96f0515b63327c2378fa154388ec7757.jpg,portable travel hair dryer,0.1057167053222656,29.284687042236328,315.1789245605469,290.3989562988281,571.6517333984375,variants,Image file: image_84_jpg.rf.96f0515b63327c2378fa154388ec7757.jpg. Detected amenity: portable travel hair dryer. Detection confidence: low (0.11). Source prompt type: variants.,"You are generating hotel amenity questions for guests browsing accommodation photos. Given the detection summary below, generate a hotel amenity related question that a guest may ask or a guest might want to be answeredwhile browsing accommodation images. Keep the question short, factual, and neutral. Detection summary: Image file: image_84_jpg.rf.96f0515b63327c2378fa154388ec7757.jpg. Detected amenity: portable travel hair dryer. Detection confidence: low (0.11). Source prompt type: variants. Question:",What is the name of the hotel amenity?,What type of amenity is the portable travel hair dryer?,Does the room come with a hair dryer?,Does the hotel room have a hair dryer?
image_84_jpg.rf.96f0515b63327c2378fa154388ec7757.jpg,wall-mounted hotel hairdryer,0.1049770638346672,29.03270721435547,305.13970947265625,508.11138916015625,571.9548950195312,variants,Image file: image_84_jpg.rf.96f0515b63327c2378fa154388ec7757.jpg. Detected amenity: wall-mounted hotel hairdryer. Detection confidence: low (0.10). Source prompt type: variants.,"You are generating hotel amenity questions for guests browsing accommodation photos. Given the detection summary below, generate a hotel amenity related question that a guest may ask or a guest might want to be answeredwhile browsing accommodation images. Keep the question short, factual, and neutral. Detection summary: Image file: image_84_jpg.rf.96f0515b63327c2378fa154388ec7757.jpg. Detected amenity: wall-mounted hotel hairdryer. Detection confidence: low (0.10). Source prompt type: variants. Question:",What is the name of the hotel hairdryer?,What is the name of the hotel hairdryer?,Is a hairdryer provided in the hotel room?,Does the hotel room come with a wall-mounted hairdryer?
image_68_jpg.rf.60c152712150c6b1209b3176d488f7d9.jpg,wall-mounted hotel hairdryer,0.2114273160696029,90.891357421875,119.52033996582033,635.7992553710938,600.3553466796875,variants,Image file: image_68_jpg.rf.60c152712150c6b1209b3176d488f7d9.jpg. Detected amenity: wall-mounted hotel hairdryer. Detection confidence: low (0.21). Source prompt type: variants.,"You are generating hotel amenity questions for guests browsing accommodation photos. Given the detection summary below, generate a hotel amenity related question that a guest may ask or a guest might want to be answeredwhile browsing accommodation images. Keep the question short, factual, and neutral. Detection summary: Image file: image_68_jpg.rf.60c152712150c6b1209b3176d488f7d9.jpg. Detected amenity: wall-mounted hotel hairdryer. Detection confidence: low (0.21). Source prompt type: variants. Question:",What is the name of the hotel hairdryer?,What is the name of the hotel hairdryer?,Is a hairdryer provided in the room?,Is a hairdryer provided in the room?
image_192_jpg.rf.1058835cc67b80c43f85fcc1fb546c47.jpg,wall-mounted hotel hairdryer,0.2982098460197449,94.05111694335938,88.14469909667969,464.9876403808594,575.3182373046875,variants,Image file: image_192_jpg.rf.1058835cc67b80c43f85fcc1fb546c47.jpg. Detected amenity: wall-mounted hotel hairdryer. Detection confidence: low (0.30). Source prompt type: variants.,"You are generating hotel amenity questions for guests browsing accommodation photos. Given the detection summary below, generate a hotel amenity related question that a guest may ask or a guest might want to be answeredwhile browsing accommodation images. Keep the question short, factual, and neutral. Detection summary: Image file: image_192_jpg.rf.1058835cc67b80c43f85fcc1fb546c47.jpg. Detected amenity: wall-mounted hotel hairdryer. Detection confidence: low (0.30). Source prompt type: variants. Question:",What is the name of the hotel hairdryer?,What is the location of the hotel hairdryer?,Is a hairdryer provided in the room?,Does the hotel room have a wall-mounted hairdryer?
image_176_jpg.rf.f8960b4ca25cfbf5369ba3ec570f7d75.jpg,wall-mounted hotel hairdryer,0.3888023495674133,41.82239532470703,-3.1496620178222656,587.1399536132812,349.1221618652344,variants,Image file: image_176_jpg.rf.f8960b4ca25cfbf5369ba3ec570f7d75.jpg. Detected amenity: wall-mounted hotel hairdryer. Detection confidence: medium (0.39). Source prompt type: variants.,"You are generating hotel amenity questions for guests browsing accommodation photos. Given the detection summary below, generate a hotel amenity related question that a guest may ask or a guest might want to be answeredwhile browsing accommodation images. Keep the question short, factual, and neutral. Detection summary: Image file: image_176_jpg.rf.f8960b4ca25cfbf5369ba3ec570f7d75.jpg. Detected amenity: wall-mounted hotel hairdryer. Detection confidence: medium (0.39). Source prompt type: variants. Question:",What is the name of the hotel hairdryer?,What is the location of the hotel hairdryer?,Is there a hairdryer provided in the room?,Is the hairdryer provided in the room wall-mounted?
image_176_jpg.rf.f8960b4ca25cfbf5369ba3ec570f7d75.jpg,wall-mounted hotel hairdryer,0.1029620096087455,98.08331298828124,409.48736572265625,355.85943603515625,639.7802734375,variants,Image file: image_176_jpg.rf.f8960b4ca25cfbf5369ba3ec570f7d75.jpg. Detected amenity: wall-mounted hotel hairdryer. Detection confidence: low (0.10). Source prompt type: variants.,"You are generating hotel amenity questions for guests browsing accommodation photos. Given the detection summary below, generate a hotel amenity related question that a guest may ask or a guest might want to be answeredwhile browsing accommodation images. Keep the question short, factual, and neutral. Detection summary: Image file: image_176_jpg.rf.f8960b4ca25cfbf5369ba3ec570f7d75.jpg. Detected amenity: wall-mounted hotel hairdryer. Detection confidence: low (0.10). Source prompt type: variants. Question:",What is the name of the hotel hairdryer?,What is the name of the hotel hairdryer?,Is a hairdryer provided in the hotel room?,Is there a hairdryer available in the room?
image_261_fp_jpg.rf.11b12123acd5b5d8b3bc6b5794108202.jpg,hairdryer,0.1306658685207367,72.29953002929688,89.66079711914062,215.95138549804688,522.9041748046875,variants,Image file: image_261_fp_jpg.rf.11b12123acd5b5d8b3bc6b5794108202.jpg. Detected amenity: hairdryer. Detection confidence: low (0.13). Source prompt type: variants.,"You are generating hotel amenity questions for guests browsing accommodation photos. Given the detection summary below, generate a hotel amenity related question that a guest may ask or a guest might want to be answeredwhile browsing accommodation images. Keep the question short, factual, and neutral. Detection summary: Image file: image_261_fp_jpg.rf.11b12123acd5b5d8b3bc6b5794108202.jpg. Detected amenity: hairdryer. Detection confidence: low (0.13). Source prompt type: variants. Question:",What type of amenity is hairdryer?,What is the name of the hotel that has a hairdryer?,Is a hairdryer provided in the room?,Is a hairdryer provided in the room?
image_146_jpg.rf.43c5e0d59a4572f3479caecbcac1b0f2.jpg,wall-mounted hotel hairdryer,0.478153795003891,145.4371337890625,200.6748809814453,531.9716796875,528.2418823242188,variants,Image file: image_146_jpg.rf.43c5e0d59a4572f3479caecbcac1b0f2.jpg. Detected amenity: wall-mounted hotel hairdryer. Detection confidence: medium (0.48). Source prompt type: variants.,"You are generating hotel amenity questions for guests browsing accommodation photos. Given the detection summary below, generate a hotel amenity related question that a guest may ask or a guest might want to be answeredwhile browsing accommodation images. Keep the question short, factual, and neutral. Detection summary: Image file: image_146_jpg.rf.43c5e0d59a4572f3479caecbcac1b0f2.jpg. Detected amenity: wall-mounted hotel hairdryer. Detection confidence: medium (0.48). Source prompt type: variants. Question:",What is the name of the hotel hairdryer?,What is the location of the hotel hairdryer?,Is a hairdryer provided in the hotel room?,Is there a wall-mounted hairdryer available in the room?
image_298_fp_jpg.rf.8678c69e970e972a7531b6cd5bba3241.jpg,wall-mounted hotel hairdryer,0.1958239078521728,208.23941040039065,153.13357543945312,244.0057067871093,231.16151428222656,variants,Image file: image_298_fp_jpg.rf.8678c69e970e972a7531b6cd5bba3241.jpg. Detected amenity: wall-mounted hotel hairdryer. Detection confidence: low (0.20). Source prompt type: variants.,"You are generating hotel amenity questions for guests browsing accommodation photos. Given the detection summary below, generate a hotel amenity related question that a guest may ask or a guest might want to be answeredwhile browsing accommodation images. Keep the question short, factual, and neutral. Detection summary: Image file: image_298_fp_jpg.rf.8678c69e970e972a7531b6cd5bba3241.jpg. Detected amenity: wall-mounted hotel hairdryer. Detection confidence: low (0.20). Source prompt type: variants. Question:",What is the name of the hotel hairdryer?,What is the location of the hotel hairdryer?,Is a hairdryer provided in the room?,Is a hairdryer provided in the room?
image_298_fp_jpg.rf.8678c69e970e972a7531b6cd5bba3241.jpg,wall-mounted hotel hairdryer,0.1237397417426109,315.9627380371094,248.53564453125,363.0781555175781,301.0870666503906,variants,Image file: image_298_fp_jpg.rf.8678c69e970e972a7531b6cd5bba3241.jpg. Detected amenity: wall-mounted hotel hairdryer. Detection confidence: low (0.12). Source prompt type: variants.,"You are generating hotel amenity questions for guests browsing accommodation photos. Given the detection summary below, generate a hotel amenity related question that a guest may ask or a guest might want to be answeredwhile browsing accommodation images. Keep the question short, factual, and neutral. Detection summary: Image file: image_298_fp_jpg.rf.8678c69e970e972a7531b6cd5bba3241.jpg. Detected amenity: wall-mounted hotel hairdryer. Detection confidence: low (0.12). Source prompt type: variants. Question:",What is the name of the hotel hairdryer?,What is the location of the hotel hairdryer?,Is a hairdryer provided in the room?,Is a hairdryer provided in the room?
image_173_jpg.rf.f90197d9090deb101a4ffd03623afda7.jpg,wall-mounted hotel hairdryer,0.2093609124422073,418.1742858886719,172.552001953125,641.1770629882812,460.2360534667969,variants,Image file: image_173_jpg.rf.f90197d9090deb101a4ffd03623afda7.jpg. Detected amenity: wall-mounted hotel hairdryer. Detection confidence: low (0.21). Source prompt type: variants.,"You are generating hotel amenity questions for guests browsing accommodation photos. Given the detection summary below, generate a hotel amenity related question that a guest may ask or a guest might want to be answeredwhile browsing accommodation images. Keep the question short, factual, and neutral. Detection summary: Image file: image_173_jpg.rf.f90197d9090deb101a4ffd03623afda7.jpg. Detected amenity: wall-mounted hotel hairdryer. Detection confidence: low (0.21). Source prompt type: variants. Question:",What is the name of the hotel hairdryer?,What is the name of the hotel hairdryer?,Is a hairdryer provided in the room?,Is a hairdryer provided in the room?
image_83_jpg.rf.d24bff3c3bd670731ccee032c13177ff.jpg,wall-mounted hotel hairdryer,0.3732412755489349,60.42699813842773,87.85844421386719,581.0765991210938,527.0678100585938,variants,Image file: image_83_jpg.rf.d24bff3c3bd670731ccee032c13177ff.jpg. Detected amenity: wall-mounted hotel hairdryer. Detection confidence: medium (0.37). Source prompt type: variants.,"You are generating hotel amenity questions for guests browsing accommodation photos. Given the detection summary below, generate a hotel amenity related question that a guest may ask or a guest might want to be answeredwhile browsing accommodation images. Keep the question short, factual, and neutral. Detection summary: Image file: image_83_jpg.rf.d24bff3c3bd670731ccee032c13177ff.jpg. Detected amenity: wall-mounted hotel hairdryer. Detection confidence: medium (0.37). Source prompt type: variants. Question:",What is the name of the hotel hairdryer?,What is the name of the hotel hairdryer?,Is a hairdryer provided in the room?,Is the wall-mounted hairdryer provided in the room?
image_65_jpg.rf.0d17d8f391a497e6ddb0a3d7b2575297.jpg,wall-mounted hotel hairdryer,0.1004380658268928,1.8671512603759768,8.562517166137695,290.4956359863281,191.29559326171875,variants,Image file: image_65_jpg.rf.0d17d8f391a497e6ddb0a3d7b2575297.jpg. Detected amenity: wall-mounted hotel hairdryer. Detection confidence: low (0.10). Source prompt type: variants.,"You are generating hotel amenity questions for guests browsing accommodation photos. Given the detection summary below, generate a hotel amenity related question that a guest may ask or a guest might want to be answeredwhile browsing accommodation images. Keep the question short, factual, and neutral. Detection summary: Image file: image_65_jpg.rf.0d17d8f391a497e6ddb0a3d7b2575297.jpg. Detected amenity: wall-mounted hotel hairdryer. Detection confidence: low (0.10). Source prompt type: variants. Question:",What is the name of the hotel hairdryer?,What is the location of the hotel hairdryer?,Is a hairdryer provided in the hotel room?,Is a hairdryer provided in the room?
image_65_jpg.rf.0d17d8f391a497e6ddb0a3d7b2575297.jpg,wall-mounted hotel hairdryer,0.1603010296821594,1.8190574645996087,5.550079345703125,290.5351867675781,409.7248840332031,variants,Image file: image_65_jpg.rf.0d17d8f391a497e6ddb0a3d7b2575297.jpg. Detected amenity: wall-mounted hotel hairdryer. Detection confidence: low (0.16). Source prompt type: variants.,"You are generating hotel amenity questions for guests browsing accommodation photos. Given the detection summary below, generate a hotel amenity related question that a guest may ask or a guest might want to be answeredwhile browsing accommodation images. Keep the question short, factual, and neutral. Detection summary: Image file: image_65_jpg.rf.0d17d8f391a497e6ddb0a3d7b2575297.jpg. Detected amenity: wall-mounted hotel hairdryer. Detection confidence: low (0.16). Source prompt type: variants. Question:",What is the name of the hotel hairdryer?,What is the location of the hotel hairdryer?,Does the room come with a hairdryer?,Does the hotel provide a hairdryer?
image_71_jpg.rf.2b6006fb3c2cba2156fcf7c8bcc1887c.jpg,wall-mounted hotel hairdryer,0.3737077116966247,57.63507843017578,9.14438247680664,544.0677490234375,492.4137878417969,variants,Image file: image_71_jpg.rf.2b6006fb3c2cba2156fcf7c8bcc1887c.jpg. Detected amenity: wall-mounted hotel hairdryer. Detection confidence: medium (0.37). Source prompt type: variants.,"You are generating hotel amenity questions for guests browsing accommodation photos. Given the detection summary below, generate a hotel amenity related question that a guest may ask or a guest might want to be answeredwhile browsing accommodation images. Keep the question short, factual, and neutral. Detection summary: Image file: image_71_jpg.rf.2b6006fb3c2cba2156fcf7c8bcc1887c.jpg. Detected amenity: wall-mounted hotel hairdryer. Detection confidence: medium (0.37). Source prompt type: variants. Question:",What is the name of the hotel hairdryer?,What is the name of the hotel hairdryer?,Is there a hairdryer provided in the room?,Is there a wall-mounted hairdryer available in the room?
image_215_jpg.rf.2aa99ea7df6af247a429573d1ee192d4.jpg,wall-mounted hotel hairdryer,0.1269564032554626,-3.985671997070313,195.31776428222656,534.9469604492188,644.338623046875,variants,Image file: image_215_jpg.rf.2aa99ea7df6af247a429573d1ee192d4.jpg. Detected amenity: wall-mounted hotel hairdryer. Detection confidence: low (0.13). Source prompt type: variants.,"You are generating hotel amenity questions for guests browsing accommodation photos. Given the detection summary below, generate a hotel amenity related question that a guest may ask or a guest might want to be answeredwhile browsing accommodation images. Keep the question short, factual, and neutral. Detection summary: Image file: image_215_jpg.rf.2aa99ea7df6af247a429573d1ee192d4.jpg. Detected amenity: wall-mounted hotel hairdryer. Detection confidence: low (0.13). Source prompt type: variants. Question:",What is the name of the hotel hairdryer?,What is the location of the hotel hairdryer?,Is a hairdryer provided in the room?,Does the room have a wall-mounted hairdryer?
image_215_jpg.rf.2aa99ea7df6af247a429573d1ee192d4.jpg,wall-mounted hotel hairdryer,0.1821501702070236,86.11221313476562,203.79376220703125,527.0784301757812,533.9284057617188,variants,Image file: image_215_jpg.rf.2aa99ea7df6af247a429573d1ee192d4.jpg. Detected amenity: wall-mounted hotel hairdryer. Detection confidence: low (0.18). Source prompt type: variants.,"You are generating hotel amenity questions for guests browsing accommodation photos. Given the detection summary below, generate a hotel amenity related question that a guest may ask or a guest might want to be answeredwhile browsing accommodation images. Keep the question short, factual, and neutral. Detection summary: Image file: image_215_jpg.rf.2aa99ea7df6af247a429573d1ee192d4.jpg. Detected amenity: wall-mounted hotel hairdryer. Detection confidence: low (0.18). Source prompt type: variants. Question:",What is the name of the hotel hairdryer?,What is the location of the hotel hairdryer?,Is a hairdryer provided in the room?,Does the hotel room have a wall-mounted hairdryer?
image_137_jpg.rf.86d1a8dd70d1f62edfe88741b8d185e3.jpg,wall-mounted hotel hairdryer,0.2455263435840606,122.16228485107422,182.8601226806641,447.3320007324219,602.8070068359375,variants,Image file: image_137_jpg.rf.86d1a8dd70d1f62edfe88741b8d185e3.jpg. Detected amenity: wall-mounted hotel hairdryer. Detection confidence: low (0.25). Source prompt type: variants.,"You are generating hotel amenity questions for guests browsing accommodation photos. Given the detection summary below, generate a hotel amenity related question that a guest may ask or a guest might want to be answeredwhile browsing accommodation images. Keep the question short, factual, and neutral. Detection summary: Image file: image_137_jpg.rf.86d1a8dd70d1f62edfe88741b8d185e3.jpg. Detected amenity: wall-mounted hotel hairdryer. Detection confidence: low (0.25). Source prompt type: variants. Question:",What is the name of the hotel hairdryer?,What is the location of the hotel hairdryer?,Is a hairdryer provided in the room?,Does the room have a wall-mounted hairdryer?
image_137_jpg.rf.86d1a8dd70d1f62edfe88741b8d185e3.jpg,portable travel hair dryer,0.1544897705316543,122.48687744140624,188.14938354492188,308.0621643066406,601.567138671875,variants,Image file: image_137_jpg.rf.86d1a8dd70d1f62edfe88741b8d185e3.jpg. Detected amenity: portable travel hair dryer. Detection confidence: low (0.15). Source prompt type: variants.,"You are generating hotel amenity questions for guests browsing accommodation photos. Given the detection summary below, generate a hotel amenity related question that a guest may ask or a guest might want to be answeredwhile browsing accommodation images. Keep the question short, factual, and neutral. Detection summary: Image file: image_137_jpg.rf.86d1a8dd70d1f62edfe88741b8d185e3.jpg. Detected amenity: portable travel hair dryer. Detection confidence: low (0.15). Source prompt type: variants. Question:",What is the name of the hotel amenity?,What type of amenity is the portable travel hair dryer?,Is a hair dryer provided in the room?,Is a portable travel hair dryer provided in the room?
image_72_jpg.rf.1f58b348753a5388135886bbce2138cb.jpg,wall-mounted hotel hairdryer,0.1598317772150039,76.29545593261719,91.53003692626952,613.2708129882812,636.8878784179688,variants,Image file: image_72_jpg.rf.1f58b348753a5388135886bbce2138cb.jpg. Detected amenity: wall-mounted hotel hairdryer. Detection confidence: low (0.16). Source prompt type: variants.,"You are generating hotel amenity questions for guests browsing accommodation photos. Given the detection summary below, generate a hotel amenity related question that a guest may ask or a guest might want to be answeredwhile browsing accommodation images. Keep the question short, factual, and neutral. Detection summary: Image file: image_72_jpg.rf.1f58b348753a5388135886bbce2138cb.jpg. Detected amenity: wall-mounted hotel hairdryer. Detection confidence: low (0.16). Source prompt type: variants. Question:",What is the name of the hotel hairdryer?,What type of amenity is the hotel hairdryer?,Is a hairdryer provided in the room?,Does the hotel provide a hairdryer in the room?
image_25_jpg.rf.5a9dc64c208ef3f8fa3c385bfff8302d.jpg,wall-mounted hotel hairdryer,0.2238902449607849,63.633975982666016,4.0802001953125,540.7372436523438,624.5347900390625,variants,Image file: image_25_jpg.rf.5a9dc64c208ef3f8fa3c385bfff8302d.jpg. Detected amenity: wall-mounted hotel hairdryer. Detection confidence: low (0.22). Source prompt type: variants.,"You are generating hotel amenity questions for guests browsing accommodation photos. Given the detection summary below, generate a hotel amenity related question that a guest may ask or a guest might want to be answeredwhile browsing accommodation images. Keep the question short, factual, and neutral. Detection summary: Image file: image_25_jpg.rf.5a9dc64c208ef3f8fa3c385bfff8302d.jpg. Detected amenity: wall-mounted hotel hairdryer. Detection confidence: low (0.22). Source prompt type: variants. Question:",What is the name of the hotel hairdryer?,What is the location of the hotel hairdryer?,Does the room come with a hairdryer?,Does the hotel room have a wall-mounted hairdryer?
