image,label,score,x1,y1,x2,y2,source_prompt,detection_summary,llm_prompt,generated_question_flan_base,generated_question_flan_large,generated_question_llama70b,generated_question_llama8b
image_28_jpg.rf.b8535e3aa3218282cc77a22a4746d940.jpg,bathtub,0.2933827042579651,-0.2539634704589844,351.459228515625,354.25439453125,601.0574951171875,baseline,Image file: image_28_jpg.rf.b8535e3aa3218282cc77a22a4746d940.jpg. Detected amenity: bathtub. Detection confidence: low (0.29). Source prompt type: baseline.,"You are generating hotel amenity questions for guests browsing accommodation photos. Given the detection summary below, generate a hotel amenity related question that a guest may ask or a guest might want to be answeredwhile browsing accommodation images. Keep the question short, factual, and neutral. Detection summary: Image file: image_28_jpg.rf.b8535e3aa3218282cc77a22a4746d940.jpg. Detected amenity: bathtub. Detection confidence: low (0.29). Source prompt type: baseline. Question:",What type of amenity does the image show?,What type of amenity is the bathtub?,Does the room have a bathtub?,Is there a bathtub in the room?
image_28_jpg.rf.b8535e3aa3218282cc77a22a4746d940.jpg,bathtub,0.5284017324447632,333.8162536621094,436.6530151367188,637.705322265625,637.6221313476562,baseline,Image file: image_28_jpg.rf.b8535e3aa3218282cc77a22a4746d940.jpg. Detected amenity: bathtub. Detection confidence: medium (0.53). Source prompt type: baseline.,"You are generating hotel amenity questions for guests browsing accommodation photos. Given the detection summary below, generate a hotel amenity related question that a guest may ask or a guest might want to be answeredwhile browsing accommodation images. Keep the question short, factual, and neutral. Detection summary: Image file: image_28_jpg.rf.b8535e3aa3218282cc77a22a4746d940.jpg. Detected amenity: bathtub. Detection confidence: medium (0.53). Source prompt type: baseline. Question:",What is the name of the hotel amenity?,What type of amenity is the bathtub?,Does the room have a bathtub?,Does the bathtub have a shower attachment?
image_107_jpg.rf.af5e3a5945f12270da1104b704bdc995.jpg,bathtub,0.49327152967453,340.69805908203125,373.4248046875,579.342529296875,633.9684448242188,baseline,Image file: image_107_jpg.rf.af5e3a5945f12270da1104b704bdc995.jpg. Detected amenity: bathtub. Detection confidence: medium (0.49). Source prompt type: baseline.,"You are generating hotel amenity questions for guests browsing accommodation photos. Given the detection summary below, generate a hotel amenity related question that a guest may ask or a guest might want to be answeredwhile browsing accommodation images. Keep the question short, factual, and neutral. Detection summary: Image file: image_107_jpg.rf.af5e3a5945f12270da1104b704bdc995.jpg. Detected amenity: bathtub. Detection confidence: medium (0.49). Source prompt type: baseline. Question:",What type of amenity does the image show?,What type of amenity is the bathtub?,Does the room have a bathtub?,Does the hotel room have a separate shower?
image_182_jpg.rf.d060435883ce78592cae06e17b14f735.jpg,bathtub,0.1267427653074264,252.61990356445312,480.101806640625,521.6730346679688,571.29052734375,baseline,Image file: image_182_jpg.rf.d060435883ce78592cae06e17b14f735.jpg. Detected amenity: bathtub. Detection confidence: low (0.13). Source prompt type: baseline.,"You are generating hotel amenity questions for guests browsing accommodation photos. Given the detection summary below, generate a hotel amenity related question that a guest may ask or a guest might want to be answeredwhile browsing accommodation images. Keep the question short, factual, and neutral. Detection summary: Image file: image_182_jpg.rf.d060435883ce78592cae06e17b14f735.jpg. Detected amenity: bathtub. Detection confidence: low (0.13). Source prompt type: baseline. Question:",Which hotel amenity is most likely to be a bathtub?,What type of amenity is the bathtub?,Does this room have a bathtub?,Is there a bathtub in the room?
image_189_jpg.rf.4cea852ad7c21055001c0bbcd5a04701.jpg,bathtub,0.2141040563583374,247.40573120117188,371.1950988769531,396.1306457519531,464.630615234375,baseline,Image file: image_189_jpg.rf.4cea852ad7c21055001c0bbcd5a04701.jpg. Detected amenity: bathtub. Detection confidence: low (0.21). Source prompt type: baseline.,"You are generating hotel amenity questions for guests browsing accommodation photos. Given the detection summary below, generate a hotel amenity related question that a guest may ask or a guest might want to be answeredwhile browsing accommodation images. Keep the question short, factual, and neutral. Detection summary: Image file: image_189_jpg.rf.4cea852ad7c21055001c0bbcd5a04701.jpg. Detected amenity: bathtub. Detection confidence: low (0.21). Source prompt type: baseline. Question:",What type of amenity is the bathtub in a hotel?,What is the name of the hotel's bathtub?,Does this room have a bathtub?,Is the bathtub a freestanding or built-in fixture?
image_190_jpg.rf.9ca1b83677aad57f957076376edd7669.jpg,bathtub,0.1465736329555511,204.3641357421875,371.9030151367188,633.6339721679688,630.235595703125,baseline,Image file: image_190_jpg.rf.9ca1b83677aad57f957076376edd7669.jpg. Detected amenity: bathtub. Detection confidence: low (0.15). Source prompt type: baseline.,"You are generating hotel amenity questions for guests browsing accommodation photos. Given the detection summary below, generate a hotel amenity related question that a guest may ask or a guest might want to be answeredwhile browsing accommodation images. Keep the question short, factual, and neutral. Detection summary: Image file: image_190_jpg.rf.9ca1b83677aad57f957076376edd7669.jpg. Detected amenity: bathtub. Detection confidence: low (0.15). Source prompt type: baseline. Question:",What type of amenity does the image file contain?,What type of amenity is the bathtub?,Does this room have a bathtub?,Does the room have a separate shower?
image_190_jpg.rf.9ca1b83677aad57f957076376edd7669.jpg,bathtub,0.2456268221139907,209.84591674804688,408.6604309082031,408.4441528320313,604.046142578125,baseline,Image file: image_190_jpg.rf.9ca1b83677aad57f957076376edd7669.jpg. Detected amenity: bathtub. Detection confidence: low (0.25). Source prompt type: baseline.,"You are generating hotel amenity questions for guests browsing accommodation photos. Given the detection summary below, generate a hotel amenity related question that a guest may ask or a guest might want to be answeredwhile browsing accommodation images. Keep the question short, factual, and neutral. Detection summary: Image file: image_190_jpg.rf.9ca1b83677aad57f957076376edd7669.jpg. Detected amenity: bathtub. Detection confidence: low (0.25). Source prompt type: baseline. Question:",What type of amenity does the image file contain?,What type of amenity is the bathtub?,Does this room have a bathtub?,Is the bathtub separate from the shower?
image_190_jpg.rf.9ca1b83677aad57f957076376edd7669.jpg,bathtub,0.1543910801410675,387.5138854980469,517.1959228515625,636.1795654296875,637.8814086914062,baseline,Image file: image_190_jpg.rf.9ca1b83677aad57f957076376edd7669.jpg. Detected amenity: bathtub. Detection confidence: low (0.15). Source prompt type: baseline.,"You are generating hotel amenity questions for guests browsing accommodation photos. Given the detection summary below, generate a hotel amenity related question that a guest may ask or a guest might want to be answeredwhile browsing accommodation images. Keep the question short, factual, and neutral. Detection summary: Image file: image_190_jpg.rf.9ca1b83677aad57f957076376edd7669.jpg. Detected amenity: bathtub. Detection confidence: low (0.15). Source prompt type: baseline. Question:",What type of amenity does the image file contain?,What type of amenity is the bathtub?,Does this room have a bathtub?,Does the room have a separate shower?
image_48_jpg.rf.1d874ce20336c05973439631199b88c0.jpg,bathtub,0.1878546327352523,46.44190979003906,377.1609802246094,327.4816589355469,638.15625,baseline,Image file: image_48_jpg.rf.1d874ce20336c05973439631199b88c0.jpg. Detected amenity: bathtub. Detection confidence: low (0.19). Source prompt type: baseline.,"You are generating hotel amenity questions for guests browsing accommodation photos. Given the detection summary below, generate a hotel amenity related question that a guest may ask or a guest might want to be answeredwhile browsing accommodation images. Keep the question short, factual, and neutral. Detection summary: Image file: image_48_jpg.rf.1d874ce20336c05973439631199b88c0.jpg. Detected amenity: bathtub. Detection confidence: low (0.19). Source prompt type: baseline. Question:",What type of amenity does the image file contain?,What type of amenity is the bathtub?,Does the room have a bathtub?,Is there a bathtub in the room?
image_82_jpg.rf.dcaf4e02875272c066c6c218df348895.jpg,bathtub,0.1378785669803619,342.524169921875,403.2315368652344,627.0206298828125,634.38427734375,baseline,Image file: image_82_jpg.rf.dcaf4e02875272c066c6c218df348895.jpg. Detected amenity: bathtub. Detection confidence: low (0.14). Source prompt type: baseline.,"You are generating hotel amenity questions for guests browsing accommodation photos. Given the detection summary below, generate a hotel amenity related question that a guest may ask or a guest might want to be answeredwhile browsing accommodation images. Keep the question short, factual, and neutral. Detection summary: Image file: image_82_jpg.rf.dcaf4e02875272c066c6c218df348895.jpg. Detected amenity: bathtub. Detection confidence: low (0.14). Source prompt type: baseline. Question:",What type of amenity is the bathtub in a hotel?,What type of amenity is the bathtub?,Does this room have a bathtub?,Is there a bathtub in the room?
image_106_jpg.rf.e25bdeb6e8ad8bc2c8873c4a044711d0.jpg,bathtub,0.3813737332820892,258.51568603515625,368.6380310058594,602.1246948242188,636.8216552734375,baseline,Image file: image_106_jpg.rf.e25bdeb6e8ad8bc2c8873c4a044711d0.jpg. Detected amenity: bathtub. Detection confidence: medium (0.38). Source prompt type: baseline.,"You are generating hotel amenity questions for guests browsing accommodation photos. Given the detection summary below, generate a hotel amenity related question that a guest may ask or a guest might want to be answeredwhile browsing accommodation images. Keep the question short, factual, and neutral. Detection summary: Image file: image_106_jpg.rf.e25bdeb6e8ad8bc2c8873c4a044711d0.jpg. Detected amenity: bathtub. Detection confidence: medium (0.38). Source prompt type: baseline. Question:",What type of amenity is the bathtub in a hotel?,What type of amenity is the bathtub?,Does this room have a bathtub?,Does the hotel room have a separate shower?
image_213_jpg.rf.3210fc4e335bddb375f596f76f443609.jpg,bathtub,0.156471773982048,72.90190124511719,201.8408966064453,451.4958190917969,357.93853759765625,baseline,Image file: image_213_jpg.rf.3210fc4e335bddb375f596f76f443609.jpg. Detected amenity: bathtub. Detection confidence: low (0.16). Source prompt type: baseline.,"You are generating hotel amenity questions for guests browsing accommodation photos. Given the detection summary below, generate a hotel amenity related question that a guest may ask or a guest might want to be answeredwhile browsing accommodation images. Keep the question short, factual, and neutral. Detection summary: Image file: image_213_jpg.rf.3210fc4e335bddb375f596f76f443609.jpg. Detected amenity: bathtub. Detection confidence: low (0.16). Source prompt type: baseline. Question:",What type of amenity does the image show?,What is the name of the hotel's bathtub?,Does this room have a bathtub?,Is there a bathtub in the room?
image_20_jpg.rf.d75748499f118bc755aa30fe2f02ffb2.jpg,bathtub,0.2179747819900512,58.470211029052734,230.45681762695312,457.5777587890625,606.2593383789062,baseline,Image file: image_20_jpg.rf.d75748499f118bc755aa30fe2f02ffb2.jpg. Detected amenity: bathtub. Detection confidence: low (0.22). Source prompt type: baseline.,"You are generating hotel amenity questions for guests browsing accommodation photos. Given the detection summary below, generate a hotel amenity related question that a guest may ask or a guest might want to be answeredwhile browsing accommodation images. Keep the question short, factual, and neutral. Detection summary: Image file: image_20_jpg.rf.d75748499f118bc755aa30fe2f02ffb2.jpg. Detected amenity: bathtub. Detection confidence: low (0.22). Source prompt type: baseline. Question:",What type of amenity is the bathtub in a hotel?,What type of amenity is the bathtub?,Does the room have a bathtub?,Does the hotel room have a separate shower?
image_178_jpg.rf.6edc380713af1c2a2d007cb73c1e94a5.jpg,bathtub,0.5054623484611511,20.702152252197266,438.7805480957031,300.5198059082031,637.025390625,baseline,Image file: image_178_jpg.rf.6edc380713af1c2a2d007cb73c1e94a5.jpg. Detected amenity: bathtub. Detection confidence: medium (0.51). Source prompt type: baseline.,"You are generating hotel amenity questions for guests browsing accommodation photos. Given the detection summary below, generate a hotel amenity related question that a guest may ask or a guest might want to be answeredwhile browsing accommodation images. Keep the question short, factual, and neutral. Detection summary: Image file: image_178_jpg.rf.6edc380713af1c2a2d007cb73c1e94a5.jpg. Detected amenity: bathtub. Detection confidence: medium (0.51). Source prompt type: baseline. Question:",What is the name of the hotel amenity?,What type of amenity is the bathtub?,Does this room have a bathtub?,Does the hotel room have a separate shower?
image_140_jpg.rf.c4e445ec565bc828426802e9d00d2e2e.jpg,bathtub,0.1447111517190933,4.836082458496094,2.447509765625,369.4318237304688,639.0982666015625,baseline,Image file: image_140_jpg.rf.c4e445ec565bc828426802e9d00d2e2e.jpg. Detected amenity: bathtub. Detection confidence: low (0.14). Source prompt type: baseline.,"You are generating hotel amenity questions for guests browsing accommodation photos. Given the detection summary below, generate a hotel amenity related question that a guest may ask or a guest might want to be answeredwhile browsing accommodation images. Keep the question short, factual, and neutral. Detection summary: Image file: image_140_jpg.rf.c4e445ec565bc828426802e9d00d2e2e.jpg. Detected amenity: bathtub. Detection confidence: low (0.14). Source prompt type: baseline. Question:",Which hotel amenity is most likely to be found in a bathtub?,What type of amenity is the bathtub?,Does this room have a bathtub?,Is there a bathtub in the room?
image_140_jpg.rf.c4e445ec565bc828426802e9d00d2e2e.jpg,bathtub,0.1032444760203361,158.88946533203125,493.0511779785156,310.7587280273437,619.0035400390625,baseline,Image file: image_140_jpg.rf.c4e445ec565bc828426802e9d00d2e2e.jpg. Detected amenity: bathtub. Detection confidence: low (0.10). Source prompt type: baseline.,"You are generating hotel amenity questions for guests browsing accommodation photos. Given the detection summary below, generate a hotel amenity related question that a guest may ask or a guest might want to be answeredwhile browsing accommodation images. Keep the question short, factual, and neutral. Detection summary: Image file: image_140_jpg.rf.c4e445ec565bc828426802e9d00d2e2e.jpg. Detected amenity: bathtub. Detection confidence: low (0.10). Source prompt type: baseline. Question:",Which hotel amenity is most likely to be found in a bathtub?,What type of amenity is the bathtub?,Does the room have a bathtub?,Does the bathtub have a shower attachment?
image_140_jpg.rf.c4e445ec565bc828426802e9d00d2e2e.jpg,bathtub,0.3431857824325561,15.23784637451172,484.3560485839844,375.9062194824219,636.042236328125,baseline,Image file: image_140_jpg.rf.c4e445ec565bc828426802e9d00d2e2e.jpg. Detected amenity: bathtub. Detection confidence: medium (0.34). Source prompt type: baseline.,"You are generating hotel amenity questions for guests browsing accommodation photos. Given the detection summary below, generate a hotel amenity related question that a guest may ask or a guest might want to be answeredwhile browsing accommodation images. Keep the question short, factual, and neutral. Detection summary: Image file: image_140_jpg.rf.c4e445ec565bc828426802e9d00d2e2e.jpg. Detected amenity: bathtub. Detection confidence: medium (0.34). Source prompt type: baseline. Question:",Which hotel amenity is most likely to be found in a bathtub?,What type of amenity is the bathtub?,Does the room have a bathtub?,Does the hotel room have a walk-in shower or a separate shower area?
image_199_jpg.rf.ce53fb235760cc9c51bba7b701b7ddbf.jpg,bathtub,0.4076863527297973,217.19764709472656,419.2214660644531,411.6812438964844,561.9358520507812,baseline,Image file: image_199_jpg.rf.ce53fb235760cc9c51bba7b701b7ddbf.jpg. Detected amenity: bathtub. Detection confidence: medium (0.41). Source prompt type: baseline.,"You are generating hotel amenity questions for guests browsing accommodation photos. Given the detection summary below, generate a hotel amenity related question that a guest may ask or a guest might want to be answeredwhile browsing accommodation images. Keep the question short, factual, and neutral. Detection summary: Image file: image_199_jpg.rf.ce53fb235760cc9c51bba7b701b7ddbf.jpg. Detected amenity: bathtub. Detection confidence: medium (0.41). Source prompt type: baseline. Question:",What type of amenity does a bathtub have?,What type of amenity is the bathtub?,Does the room have a separate bathtub?,Does the hotel room have a separate shower stall?
image_200_jpg.rf.2dd5ae1b5dadabe2af28d4b5b643827c.jpg,bathtub,0.4802627861499786,9.924087524414062,500.67041015625,632.6685791015625,643.98291015625,baseline,Image file: image_200_jpg.rf.2dd5ae1b5dadabe2af28d4b5b643827c.jpg. Detected amenity: bathtub. Detection confidence: medium (0.48). Source prompt type: baseline.,"You are generating hotel amenity questions for guests browsing accommodation photos. Given the detection summary below, generate a hotel amenity related question that a guest may ask or a guest might want to be answeredwhile browsing accommodation images. Keep the question short, factual, and neutral. Detection summary: Image file: image_200_jpg.rf.2dd5ae1b5dadabe2af28d4b5b643827c.jpg. Detected amenity: bathtub. Detection confidence: medium (0.48). Source prompt type: baseline. Question:",What is the name of the hotel amenity?,What type of amenity is the bathtub?,Does the room have a bathtub?,Does the hotel room have a separate shower?
image_193_jpg.rf.af66b4c1f9396b7d207e6bb45856cf2b.jpg,bathtub,0.3276152312755584,66.82452392578125,391.8518371582031,250.9976959228516,564.9956665039062,baseline,Image file: image_193_jpg.rf.af66b4c1f9396b7d207e6bb45856cf2b.jpg. Detected amenity: bathtub. Detection confidence: medium (0.33). Source prompt type: baseline.,"You are generating hotel amenity questions for guests browsing accommodation photos. Given the detection summary below, generate a hotel amenity related question that a guest may ask or a guest might want to be answeredwhile browsing accommodation images. Keep the question short, factual, and neutral. Detection summary: Image file: image_193_jpg.rf.af66b4c1f9396b7d207e6bb45856cf2b.jpg. Detected amenity: bathtub. Detection confidence: medium (0.33). Source prompt type: baseline. Question:",What is the name of the hotel amenity?,What type of amenity is the bathtub?,Does the room have a bathtub?,Does the room have a walk-in shower instead of a bathtub?
image_191_jpg.rf.c9d6b2afcb3448c01c164481bcc661f4.jpg,bathtub,0.3597909808158874,347.616943359375,431.7376098632813,609.9854736328125,612.4010620117188,baseline,Image file: image_191_jpg.rf.c9d6b2afcb3448c01c164481bcc661f4.jpg. Detected amenity: bathtub. Detection confidence: medium (0.36). Source prompt type: baseline.,"You are generating hotel amenity questions for guests browsing accommodation photos. Given the detection summary below, generate a hotel amenity related question that a guest may ask or a guest might want to be answeredwhile browsing accommodation images. Keep the question short, factual, and neutral. Detection summary: Image file: image_191_jpg.rf.c9d6b2afcb3448c01c164481bcc661f4.jpg. Detected amenity: bathtub. Detection confidence: medium (0.36). Source prompt type: baseline. Question:",What is the name of the hotel amenity?,What type of amenity is the bathtub?,Does this room have a bathtub?,Does the hotel room have a separate shower?
image_173_jpg.rf.add297beffb9a895fa999a2562b36b9c.jpg,bathtub,0.2112525552511215,403.9405517578125,311.6357421875,475.0555114746094,601.9597778320312,baseline,Image file: image_173_jpg.rf.add297beffb9a895fa999a2562b36b9c.jpg. Detected amenity: bathtub. Detection confidence: low (0.21). Source prompt type: baseline.,"You are generating hotel amenity questions for guests browsing accommodation photos. Given the detection summary below, generate a hotel amenity related question that a guest may ask or a guest might want to be answeredwhile browsing accommodation images. Keep the question short, factual, and neutral. Detection summary: Image file: image_173_jpg.rf.add297beffb9a895fa999a2562b36b9c.jpg. Detected amenity: bathtub. Detection confidence: low (0.21). Source prompt type: baseline. Question:",What type of amenity is the bathtub in a hotel?,What is the name of the hotel's bathtub?,Does this room have a bathtub?,Does the bathtub have a shower attachment?
image_173_jpg.rf.add297beffb9a895fa999a2562b36b9c.jpg,bathtub,0.1923919171094894,403.9181518554688,326.5951843261719,636.3088989257812,639.5802612304688,baseline,Image file: image_173_jpg.rf.add297beffb9a895fa999a2562b36b9c.jpg. Detected amenity: bathtub. Detection confidence: low (0.19). Source prompt type: baseline.,"You are generating hotel amenity questions for guests browsing accommodation photos. Given the detection summary below, generate a hotel amenity related question that a guest may ask or a guest might want to be answeredwhile browsing accommodation images. Keep the question short, factual, and neutral. Detection summary: Image file: image_173_jpg.rf.add297beffb9a895fa999a2562b36b9c.jpg. Detected amenity: bathtub. Detection confidence: low (0.19). Source prompt type: baseline. Question:",What type of amenity is the bathtub in a hotel?,What type of amenity is the bathtub?,Does this room have a bathtub?,Does the room have a separate shower area?
image_173_jpg.rf.add297beffb9a895fa999a2562b36b9c.jpg,bathtub,0.1208672523498535,400.6982116699219,330.3086853027344,635.6424560546875,639.625732421875,baseline,Image file: image_173_jpg.rf.add297beffb9a895fa999a2562b36b9c.jpg. Detected amenity: bathtub. Detection confidence: low (0.12). Source prompt type: baseline.,"You are generating hotel amenity questions for guests browsing accommodation photos. Given the detection summary below, generate a hotel amenity related question that a guest may ask or a guest might want to be answeredwhile browsing accommodation images. Keep the question short, factual, and neutral. Detection summary: Image file: image_173_jpg.rf.add297beffb9a895fa999a2562b36b9c.jpg. Detected amenity: bathtub. Detection confidence: low (0.12). Source prompt type: baseline. Question:",What type of amenity is the bathtub in a hotel?,What type of amenity is the bathtub?,Does the room have a bathtub?,Does the bathtub have a shower attachment?
image_173_jpg.rf.add297beffb9a895fa999a2562b36b9c.jpg,bathtub,0.1317014694213867,398.7757873535156,448.5762023925781,625.6365966796875,637.3526000976562,baseline,Image file: image_173_jpg.rf.add297beffb9a895fa999a2562b36b9c.jpg. Detected amenity: bathtub. Detection confidence: low (0.13). Source prompt type: baseline.,"You are generating hotel amenity questions for guests browsing accommodation photos. Given the detection summary below, generate a hotel amenity related question that a guest may ask or a guest might want to be answeredwhile browsing accommodation images. Keep the question short, factual, and neutral. Detection summary: Image file: image_173_jpg.rf.add297beffb9a895fa999a2562b36b9c.jpg. Detected amenity: bathtub. Detection confidence: low (0.13). Source prompt type: baseline. Question:",What type of amenity is the bathtub in a hotel?,What type of amenity is the bathtub?,Does the room have a bathtub?,Is there a bathtub in the room?
image_163_jpg.rf.fb76dd1298237edbbb8bf077dfb2048f.jpg,bathtub,0.4551382660865783,-5.265054702758789,483.0605773925781,244.29595947265625,644.466552734375,baseline,Image file: image_163_jpg.rf.fb76dd1298237edbbb8bf077dfb2048f.jpg. Detected amenity: bathtub. Detection confidence: medium (0.46). Source prompt type: baseline.,"You are generating hotel amenity questions for guests browsing accommodation photos. Given the detection summary below, generate a hotel amenity related question that a guest may ask or a guest might want to be answeredwhile browsing accommodation images. Keep the question short, factual, and neutral. Detection summary: Image file: image_163_jpg.rf.fb76dd1298237edbbb8bf077dfb2048f.jpg. Detected amenity: bathtub. Detection confidence: medium (0.46). Source prompt type: baseline. Question:",What is the name of the hotel amenity?,What type of amenity is the bathtub?,Does this room have a bathtub?,Does the hotel room have a separate shower?
image_112_jpg.rf.6daceff44db5c817e8e73c36eb03b656.jpg,bathtub,0.2497462481260299,328.5518798828125,388.4925537109375,584.7368774414062,451.188232421875,baseline,Image file: image_112_jpg.rf.6daceff44db5c817e8e73c36eb03b656.jpg. Detected amenity: bathtub. Detection confidence: low (0.25). Source prompt type: baseline.,"You are generating hotel amenity questions for guests browsing accommodation photos. Given the detection summary below, generate a hotel amenity related question that a guest may ask or a guest might want to be answeredwhile browsing accommodation images. Keep the question short, factual, and neutral. Detection summary: Image file: image_112_jpg.rf.6daceff44db5c817e8e73c36eb03b656.jpg. Detected amenity: bathtub. Detection confidence: low (0.25). Source prompt type: baseline. Question:",What type of amenity is the bathtub in a hotel?,What type of amenity is the bathtub?,Does this room have a bathtub?,Is the bathtub separate from the shower?
image_112_jpg.rf.6daceff44db5c817e8e73c36eb03b656.jpg,bathtub,0.1102462261915206,167.6007843017578,457.15325927734375,302.012451171875,639.83935546875,baseline,Image file: image_112_jpg.rf.6daceff44db5c817e8e73c36eb03b656.jpg. Detected amenity: bathtub. Detection confidence: low (0.11). Source prompt type: baseline.,"You are generating hotel amenity questions for guests browsing accommodation photos. Given the detection summary below, generate a hotel amenity related question that a guest may ask or a guest might want to be answeredwhile browsing accommodation images. Keep the question short, factual, and neutral. Detection summary: Image file: image_112_jpg.rf.6daceff44db5c817e8e73c36eb03b656.jpg. Detected amenity: bathtub. Detection confidence: low (0.11). Source prompt type: baseline. Question:",What type of amenity is the bathtub in a hotel?,What is the name of the hotel's bathtub?,Does the room have a bathtub?,Does the bathtub have a shower attachment?
image_9_jpg.rf.054198650788dd3a4a23d292fe6b03d8.jpg,bathtub,0.3290419578552246,286.6298522949219,409.014404296875,640.4200439453125,638.1438598632812,baseline,Image file: image_9_jpg.rf.054198650788dd3a4a23d292fe6b03d8.jpg. Detected amenity: bathtub. Detection confidence: medium (0.33). Source prompt type: baseline.,"You are generating hotel amenity questions for guests browsing accommodation photos. Given the detection summary below, generate a hotel amenity related question that a guest may ask or a guest might want to be answeredwhile browsing accommodation images. Keep the question short, factual, and neutral. Detection summary: Image file: image_9_jpg.rf.054198650788dd3a4a23d292fe6b03d8.jpg. Detected amenity: bathtub. Detection confidence: medium (0.33). Source prompt type: baseline. Question:",What is the name of the hotel amenity?,What type of amenity is the bathtub?,Does this room have a bathtub?,Does the hotel room have a separate shower stall?
image_61_jpg.rf.a380ff3d712fed8163e499c3ebf65351.jpg,bathtub,0.1794513911008834,455.5789489746094,475.2330322265625,525.5146484375,637.3836059570312,baseline,Image file: image_61_jpg.rf.a380ff3d712fed8163e499c3ebf65351.jpg. Detected amenity: bathtub. Detection confidence: low (0.18). Source prompt type: baseline.,"You are generating hotel amenity questions for guests browsing accommodation photos. Given the detection summary below, generate a hotel amenity related question that a guest may ask or a guest might want to be answeredwhile browsing accommodation images. Keep the question short, factual, and neutral. Detection summary: Image file: image_61_jpg.rf.a380ff3d712fed8163e499c3ebf65351.jpg. Detected amenity: bathtub. Detection confidence: low (0.18). Source prompt type: baseline. Question:",What type of amenity is the bathtub in a hotel?,What type of amenity is the bathtub?,Does the room have a bathtub?,Is there a bathtub in the room?
image_61_jpg.rf.a380ff3d712fed8163e499c3ebf65351.jpg,bathtub,0.3272649347782135,504.55615234375,478.7374572753906,639.4017944335938,635.5927734375,baseline,Image file: image_61_jpg.rf.a380ff3d712fed8163e499c3ebf65351.jpg. Detected amenity: bathtub. Detection confidence: medium (0.33). Source prompt type: baseline.,"You are generating hotel amenity questions for guests browsing accommodation photos. Given the detection summary below, generate a hotel amenity related question that a guest may ask or a guest might want to be answeredwhile browsing accommodation images. Keep the question short, factual, and neutral. Detection summary: Image file: image_61_jpg.rf.a380ff3d712fed8163e499c3ebf65351.jpg. Detected amenity: bathtub. Detection confidence: medium (0.33). Source prompt type: baseline. Question:",What is the name of the hotel amenity?,What type of amenity is the bathtub?,Does this room have a bathtub?,Does the room have a separate shower?
image_83_jpg.rf.520e040e8aab9b629c4e85d5dc84744d.jpg,bathtub,0.2225748151540756,430.2794189453125,381.2209777832031,595.2879638671875,465.9743957519531,baseline,Image file: image_83_jpg.rf.520e040e8aab9b629c4e85d5dc84744d.jpg. Detected amenity: bathtub. Detection confidence: low (0.22). Source prompt type: baseline.,"You are generating hotel amenity questions for guests browsing accommodation photos. Given the detection summary below, generate a hotel amenity related question that a guest may ask or a guest might want to be answeredwhile browsing accommodation images. Keep the question short, factual, and neutral. Detection summary: Image file: image_83_jpg.rf.520e040e8aab9b629c4e85d5dc84744d.jpg. Detected amenity: bathtub. Detection confidence: low (0.22). Source prompt type: baseline. Question:",What type of amenity does a bathtub have?,What type of amenity is the bathtub?,Does the room have a bathtub?,Does the bathtub have a showerhead?
image_83_jpg.rf.520e040e8aab9b629c4e85d5dc84744d.jpg,bathtub,0.1633835583925247,400.2230224609375,388.7525939941406,601.760986328125,627.0018920898438,baseline,Image file: image_83_jpg.rf.520e040e8aab9b629c4e85d5dc84744d.jpg. Detected amenity: bathtub. Detection confidence: low (0.16). Source prompt type: baseline.,"You are generating hotel amenity questions for guests browsing accommodation photos. Given the detection summary below, generate a hotel amenity related question that a guest may ask or a guest might want to be answeredwhile browsing accommodation images. Keep the question short, factual, and neutral. Detection summary: Image file: image_83_jpg.rf.520e040e8aab9b629c4e85d5dc84744d.jpg. Detected amenity: bathtub. Detection confidence: low (0.16). Source prompt type: baseline. Question:",What type of amenity does the image show?,What is the name of the hotel's bathtub?,Does the room have a bathtub?,Is there a bathtub in the room?
image_62_jpg.rf.f9896c39b23b667cbdbf9c73d75e0591.jpg,bathtub,0.4804213345050812,132.84335327148438,317.3155212402344,349.2104797363281,537.94384765625,baseline,Image file: image_62_jpg.rf.f9896c39b23b667cbdbf9c73d75e0591.jpg. Detected amenity: bathtub. Detection confidence: medium (0.48). Source prompt type: baseline.,"You are generating hotel amenity questions for guests browsing accommodation photos. Given the detection summary below, generate a hotel amenity related question that a guest may ask or a guest might want to be answeredwhile browsing accommodation images. Keep the question short, factual, and neutral. Detection summary: Image file: image_62_jpg.rf.f9896c39b23b667cbdbf9c73d75e0591.jpg. Detected amenity: bathtub. Detection confidence: medium (0.48). Source prompt type: baseline. Question:",What is the name of the hotel amenity?,What type of amenity is the bathtub?,Does the room have a bathtub?,Does the hotel room have a separate shower stall?
image_62_jpg.rf.f9896c39b23b667cbdbf9c73d75e0591.jpg,bathtub,0.1364960968494415,24.39321517944336,321.3245849609375,344.80133056640625,637.062255859375,baseline,Image file: image_62_jpg.rf.f9896c39b23b667cbdbf9c73d75e0591.jpg. Detected amenity: bathtub. Detection confidence: low (0.14). Source prompt type: baseline.,"You are generating hotel amenity questions for guests browsing accommodation photos. Given the detection summary below, generate a hotel amenity related question that a guest may ask or a guest might want to be answeredwhile browsing accommodation images. Keep the question short, factual, and neutral. Detection summary: Image file: image_62_jpg.rf.f9896c39b23b667cbdbf9c73d75e0591.jpg. Detected amenity: bathtub. Detection confidence: low (0.14). Source prompt type: baseline. Question:",What type of amenity is the bathtub in a hotel?,What type of amenity is the bathtub?,Does the room have a bathtub?,Does the bathtub have a showerhead?
image_134_jpg.rf.86fcebba2f02748b41c5155ad8adf6a0.jpg,bathtub,0.3787908852100372,24.1750431060791,314.12579345703125,342.86846923828125,627.5556030273438,baseline,Image file: image_134_jpg.rf.86fcebba2f02748b41c5155ad8adf6a0.jpg. Detected amenity: bathtub. Detection confidence: medium (0.38). Source prompt type: baseline.,"You are generating hotel amenity questions for guests browsing accommodation photos. Given the detection summary below, generate a hotel amenity related question that a guest may ask or a guest might want to be answeredwhile browsing accommodation images. Keep the question short, factual, and neutral. Detection summary: Image file: image_134_jpg.rf.86fcebba2f02748b41c5155ad8adf6a0.jpg. Detected amenity: bathtub. Detection confidence: medium (0.38). Source prompt type: baseline. Question:",What is the name of the hotel amenity?,What type of amenity is the bathtub?,Does this room have a bathtub?,Does the hotel room have a separate shower?
image_13_jpg.rf.381f46e4feb9bc8eba82e080930aad2a.jpg,bathtub,0.2399554103612899,203.6763916015625,382.18011474609375,525.9860229492188,642.3792724609375,baseline,Image file: image_13_jpg.rf.381f46e4feb9bc8eba82e080930aad2a.jpg. Detected amenity: bathtub. Detection confidence: low (0.24). Source prompt type: baseline.,"You are generating hotel amenity questions for guests browsing accommodation photos. Given the detection summary below, generate a hotel amenity related question that a guest may ask or a guest might want to be answeredwhile browsing accommodation images. Keep the question short, factual, and neutral. Detection summary: Image file: image_13_jpg.rf.381f46e4feb9bc8eba82e080930aad2a.jpg. Detected amenity: bathtub. Detection confidence: low (0.24). Source prompt type: baseline. Question:",What type of amenity is the bathtub in a hotel?,What type of amenity is the bathtub?,Does this room have a bathtub?,Does the bathtub have a shower attachment?
image_122_jpg.rf.84ce7e44b874c1bd892f575e6ade2fca.jpg,bathtub,0.1024305894970893,406.1146545410156,366.7379760742188,637.5794677734375,602.9346923828125,baseline,Image file: image_122_jpg.rf.84ce7e44b874c1bd892f575e6ade2fca.jpg. Detected amenity: bathtub. Detection confidence: low (0.10). Source prompt type: baseline.,"You are generating hotel amenity questions for guests browsing accommodation photos. Given the detection summary below, generate a hotel amenity related question that a guest may ask or a guest might want to be answeredwhile browsing accommodation images. Keep the question short, factual, and neutral. Detection summary: Image file: image_122_jpg.rf.84ce7e44b874c1bd892f575e6ade2fca.jpg. Detected amenity: bathtub. Detection confidence: low (0.10). Source prompt type: baseline. Question:",What type of amenity is the bathtub in a hotel?,What type of amenity is the bathtub?,Does the room have a bathtub?,Is the bathtub separate from the shower?
image_122_jpg.rf.84ce7e44b874c1bd892f575e6ade2fca.jpg,bathtub,0.5396822094917297,34.264984130859375,402.7319946289063,246.46408081054688,558.486328125,baseline,Image file: image_122_jpg.rf.84ce7e44b874c1bd892f575e6ade2fca.jpg. Detected amenity: bathtub. Detection confidence: medium (0.54). Source prompt type: baseline.,"You are generating hotel amenity questions for guests browsing accommodation photos. Given the detection summary below, generate a hotel amenity related question that a guest may ask or a guest might want to be answeredwhile browsing accommodation images. Keep the question short, factual, and neutral. Detection summary: Image file: image_122_jpg.rf.84ce7e44b874c1bd892f575e6ade2fca.jpg. Detected amenity: bathtub. Detection confidence: medium (0.54). Source prompt type: baseline. Question:",What is the name of the hotel amenity?,What type of amenity is the bathtub?,Does the room have a bathtub?,Does the hotel room have a separate shower?
image_185_jpg.rf.bccf9d4d6e7cd96445ca5940e0ff9e94.jpg,bathtub,0.522566020488739,262.7006530761719,398.8234252929688,465.5750122070313,597.3734741210938,baseline,Image file: image_185_jpg.rf.bccf9d4d6e7cd96445ca5940e0ff9e94.jpg. Detected amenity: bathtub. Detection confidence: medium (0.52). Source prompt type: baseline.,"You are generating hotel amenity questions for guests browsing accommodation photos. Given the detection summary below, generate a hotel amenity related question that a guest may ask or a guest might want to be answeredwhile browsing accommodation images. Keep the question short, factual, and neutral. Detection summary: Image file: image_185_jpg.rf.bccf9d4d6e7cd96445ca5940e0ff9e94.jpg. Detected amenity: bathtub. Detection confidence: medium (0.52). Source prompt type: baseline. Question:",What is the name of the hotel amenity?,What type of amenity is the bathtub?,Does this room have a bathtub?,Does the bathtub have a showerhead?
image_256_fp_jpg.rf.1707eec9c302acb66a58c7756fc2d96e.jpg,bathtub,0.1882677227258682,392.27484130859375,334.12384033203125,640.9821166992188,643.4364013671875,baseline,Image file: image_256_fp_jpg.rf.1707eec9c302acb66a58c7756fc2d96e.jpg. Detected amenity: bathtub. Detection confidence: low (0.19). Source prompt type: baseline.,"You are generating hotel amenity questions for guests browsing accommodation photos. Given the detection summary below, generate a hotel amenity related question that a guest may ask or a guest might want to be answeredwhile browsing accommodation images. Keep the question short, factual, and neutral. Detection summary: Image file: image_256_fp_jpg.rf.1707eec9c302acb66a58c7756fc2d96e.jpg. Detected amenity: bathtub. Detection confidence: low (0.19). Source prompt type: baseline. Question:",What type of amenity is the bathtub in a hotel?,What type of amenity is the bathtub?,Does this room have a bathtub?,Does the bathtub have a shower attachment?
image_256_fp_jpg.rf.1707eec9c302acb66a58c7756fc2d96e.jpg,bathtub,0.1462506353855133,421.7596435546875,459.988525390625,634.9393310546875,642.4327392578125,baseline,Image file: image_256_fp_jpg.rf.1707eec9c302acb66a58c7756fc2d96e.jpg. Detected amenity: bathtub. Detection confidence: low (0.15). Source prompt type: baseline.,"You are generating hotel amenity questions for guests browsing accommodation photos. Given the detection summary below, generate a hotel amenity related question that a guest may ask or a guest might want to be answeredwhile browsing accommodation images. Keep the question short, factual, and neutral. Detection summary: Image file: image_256_fp_jpg.rf.1707eec9c302acb66a58c7756fc2d96e.jpg. Detected amenity: bathtub. Detection confidence: low (0.15). Source prompt type: baseline. Question:",What type of amenity does a bathtub have?,What type of amenity is the bathtub?,Does the room have a bathtub?,Is there a bathtub available in the room?
image_132_jpg.rf.9fd63dad427c4c41a86d4d845b5f331a.jpg,bathtub,0.7879264950752258,166.6454315185547,425.5013732910156,395.83245849609375,613.1856079101562,baseline,Image file: image_132_jpg.rf.9fd63dad427c4c41a86d4d845b5f331a.jpg. Detected amenity: bathtub. Detection confidence: high (0.79). Source prompt type: baseline.,"You are generating hotel amenity questions for guests browsing accommodation photos. Given the detection summary below, generate a hotel amenity related question that a guest may ask or a guest might want to be answeredwhile browsing accommodation images. Keep the question short, factual, and neutral. Detection summary: Image file: image_132_jpg.rf.9fd63dad427c4c41a86d4d845b5f331a.jpg. Detected amenity: bathtub. Detection confidence: high (0.79). Source prompt type: baseline. Question:",What type of amenity does a bathtub have?,What is the name of the hotel's bathtub?,Does the room have a bathtub?,Is there a separate shower in the bathroom?
image_212_jpg.rf.5648dec0f2987e4cf2f7c35d593e6660.jpg,bathtub,0.2448384463787078,438.3522033691406,374.0217895507813,641.291259765625,547.5050048828125,baseline,Image file: image_212_jpg.rf.5648dec0f2987e4cf2f7c35d593e6660.jpg. Detected amenity: bathtub. Detection confidence: low (0.24). Source prompt type: baseline.,"You are generating hotel amenity questions for guests browsing accommodation photos. Given the detection summary below, generate a hotel amenity related question that a guest may ask or a guest might want to be answeredwhile browsing accommodation images. Keep the question short, factual, and neutral. Detection summary: Image file: image_212_jpg.rf.5648dec0f2987e4cf2f7c35d593e6660.jpg. Detected amenity: bathtub. Detection confidence: low (0.24). Source prompt type: baseline. Question:",What type of amenity does the image file contain?,What type of amenity is the bathtub?,Does this room have a bathtub?,Is the bathtub in the room or a shared bathroom?
image_212_jpg.rf.5648dec0f2987e4cf2f7c35d593e6660.jpg,bathtub,0.1400058269500732,432.7854919433594,375.3369140625,639.0499877929688,633.0734252929688,baseline,Image file: image_212_jpg.rf.5648dec0f2987e4cf2f7c35d593e6660.jpg. Detected amenity: bathtub. Detection confidence: low (0.14). Source prompt type: baseline.,"You are generating hotel amenity questions for guests browsing accommodation photos. Given the detection summary below, generate a hotel amenity related question that a guest may ask or a guest might want to be answeredwhile browsing accommodation images. Keep the question short, factual, and neutral. Detection summary: Image file: image_212_jpg.rf.5648dec0f2987e4cf2f7c35d593e6660.jpg. Detected amenity: bathtub. Detection confidence: low (0.14). Source prompt type: baseline. Question:",What type of amenity does the image file contain?,What is the name of the hotel's bathtub?,Does this room have a bathtub?,Is the bathtub separate from the shower?
image_81_jpg.rf.b8aefd7bf71b13278c23688e466f3c43.jpg,bathtub,0.4272594153881073,266.5880432128906,399.46478271484375,605.5213623046875,639.3869018554688,baseline,Image file: image_81_jpg.rf.b8aefd7bf71b13278c23688e466f3c43.jpg. Detected amenity: bathtub. Detection confidence: medium (0.43). Source prompt type: baseline.,"You are generating hotel amenity questions for guests browsing accommodation photos. Given the detection summary below, generate a hotel amenity related question that a guest may ask or a guest might want to be answeredwhile browsing accommodation images. Keep the question short, factual, and neutral. Detection summary: Image file: image_81_jpg.rf.b8aefd7bf71b13278c23688e466f3c43.jpg. Detected amenity: bathtub. Detection confidence: medium (0.43). Source prompt type: baseline. Question:",What is the name of the hotel amenity?,What type of amenity is the bathtub?,Does this room have a bathtub?,Does the hotel room have a separate shower stall?
image_81_jpg.rf.b8aefd7bf71b13278c23688e466f3c43.jpg,bathtub,0.1360887587070465,-0.8766841888427734,496.0594482421875,219.2815399169922,640.2727661132812,baseline,Image file: image_81_jpg.rf.b8aefd7bf71b13278c23688e466f3c43.jpg. Detected amenity: bathtub. Detection confidence: low (0.14). Source prompt type: baseline.,"You are generating hotel amenity questions for guests browsing accommodation photos. Given the detection summary below, generate a hotel amenity related question that a guest may ask or a guest might want to be answeredwhile browsing accommodation images. Keep the question short, factual, and neutral. Detection summary: Image file: image_81_jpg.rf.b8aefd7bf71b13278c23688e466f3c43.jpg. Detected amenity: bathtub. Detection confidence: low (0.14). Source prompt type: baseline. Question:",What type of amenity is the bathtub in a hotel?,What type of amenity is the bathtub?,Does this room have a bathtub?,Is there a bathtub in the room?
image_87_jpg.rf.e75d4aa521ba09ec4ac9af988ac90ee3.jpg,bathtub,0.261148601770401,217.93899536132807,338.41192626953125,339.10308837890625,422.32025146484375,baseline,Image file: image_87_jpg.rf.e75d4aa521ba09ec4ac9af988ac90ee3.jpg. Detected amenity: bathtub. Detection confidence: low (0.26). Source prompt type: baseline.,"You are generating hotel amenity questions for guests browsing accommodation photos. Given the detection summary below, generate a hotel amenity related question that a guest may ask or a guest might want to be answeredwhile browsing accommodation images. Keep the question short, factual, and neutral. Detection summary: Image file: image_87_jpg.rf.e75d4aa521ba09ec4ac9af988ac90ee3.jpg. Detected amenity: bathtub. Detection confidence: low (0.26). Source prompt type: baseline. Question:",What type of amenity does a bathtub have?,What type of amenity is the bathtub?,Does this room have a bathtub?,Does the bathtub have a shower attachment?
image_98_jpg.rf.6d39ef63d33dc5d5edfcf3058bd51c2a.jpg,bathtub,0.1725381165742874,284.98748779296875,397.3687133789063,539.3991088867188,639.394287109375,baseline,Image file: image_98_jpg.rf.6d39ef63d33dc5d5edfcf3058bd51c2a.jpg. Detected amenity: bathtub. Detection confidence: low (0.17). Source prompt type: baseline.,"You are generating hotel amenity questions for guests browsing accommodation photos. Given the detection summary below, generate a hotel amenity related question that a guest may ask or a guest might want to be answeredwhile browsing accommodation images. Keep the question short, factual, and neutral. Detection summary: Image file: image_98_jpg.rf.6d39ef63d33dc5d5edfcf3058bd51c2a.jpg. Detected amenity: bathtub. Detection confidence: low (0.17). Source prompt type: baseline. Question:",What type of amenity is the bathtub in a hotel?,What type of amenity is the bathtub?,Does this room have a bathtub?,Does the room have a separate shower stall?
image_36_jpg.rf.2ec6f1286a1b810098fa52c1636cae08.jpg,bathtub,0.3868384063243866,170.51536560058594,418.2154846191406,433.98541259765625,639.2733764648438,baseline,Image file: image_36_jpg.rf.2ec6f1286a1b810098fa52c1636cae08.jpg. Detected amenity: bathtub. Detection confidence: medium (0.39). Source prompt type: baseline.,"You are generating hotel amenity questions for guests browsing accommodation photos. Given the detection summary below, generate a hotel amenity related question that a guest may ask or a guest might want to be answeredwhile browsing accommodation images. Keep the question short, factual, and neutral. Detection summary: Image file: image_36_jpg.rf.2ec6f1286a1b810098fa52c1636cae08.jpg. Detected amenity: bathtub. Detection confidence: medium (0.39). Source prompt type: baseline. Question:",What type of amenity is the bathtub in a hotel?,What type of amenity is the bathtub?,Does this room have a bathtub?,Does the hotel room have a separate shower?
image_52_jpg.rf.5719023edea20695cde4e057dd580888.jpg,bathtub,0.3839253783226013,13.513946533203123,442.6404418945313,405.4681091308594,637.5546875,baseline,Image file: image_52_jpg.rf.5719023edea20695cde4e057dd580888.jpg. Detected amenity: bathtub. Detection confidence: medium (0.38). Source prompt type: baseline.,"You are generating hotel amenity questions for guests browsing accommodation photos. Given the detection summary below, generate a hotel amenity related question that a guest may ask or a guest might want to be answeredwhile browsing accommodation images. Keep the question short, factual, and neutral. Detection summary: Image file: image_52_jpg.rf.5719023edea20695cde4e057dd580888.jpg. Detected amenity: bathtub. Detection confidence: medium (0.38). Source prompt type: baseline. Question:",What type of amenity is the bathtub in a hotel?,What type of amenity is the bathtub?,Does this room have a bathtub?,Does the hotel room have a separate shower stall?
image_52_jpg.rf.5719023edea20695cde4e057dd580888.jpg,bathtub,0.1201593801379203,399.5704345703125,529.9931640625,625.5297241210938,641.8341674804688,baseline,Image file: image_52_jpg.rf.5719023edea20695cde4e057dd580888.jpg. Detected amenity: bathtub. Detection confidence: low (0.12). Source prompt type: baseline.,"You are generating hotel amenity questions for guests browsing accommodation photos. Given the detection summary below, generate a hotel amenity related question that a guest may ask or a guest might want to be answeredwhile browsing accommodation images. Keep the question short, factual, and neutral. Detection summary: Image file: image_52_jpg.rf.5719023edea20695cde4e057dd580888.jpg. Detected amenity: bathtub. Detection confidence: low (0.12). Source prompt type: baseline. Question:",What type of amenity is the bathtub in a hotel?,What type of amenity is the bathtub?,Does this room have a bathtub?,Does the hotel room have a separate shower stall?
image_92_jpg.rf.1ced57ab98b4e8b5abd41d9ec0b27f25.jpg,bathtub,0.1080133318901062,413.7731323242188,395.4435729980469,638.7108764648438,583.6431274414062,baseline,Image file: image_92_jpg.rf.1ced57ab98b4e8b5abd41d9ec0b27f25.jpg. Detected amenity: bathtub. Detection confidence: low (0.11). Source prompt type: baseline.,"You are generating hotel amenity questions for guests browsing accommodation photos. Given the detection summary below, generate a hotel amenity related question that a guest may ask or a guest might want to be answeredwhile browsing accommodation images. Keep the question short, factual, and neutral. Detection summary: Image file: image_92_jpg.rf.1ced57ab98b4e8b5abd41d9ec0b27f25.jpg. Detected amenity: bathtub. Detection confidence: low (0.11). Source prompt type: baseline. Question:",What type of amenity is the bathtub in a hotel?,What type of amenity is the bathtub?,Does the room have a bathtub?,Is there a bathtub in the room?
image_92_jpg.rf.1ced57ab98b4e8b5abd41d9ec0b27f25.jpg,bathtub,0.3737293481826782,285.30340576171875,474.2161560058594,637.697021484375,637.8795166015625,baseline,Image file: image_92_jpg.rf.1ced57ab98b4e8b5abd41d9ec0b27f25.jpg. Detected amenity: bathtub. Detection confidence: medium (0.37). Source prompt type: baseline.,"You are generating hotel amenity questions for guests browsing accommodation photos. Given the detection summary below, generate a hotel amenity related question that a guest may ask or a guest might want to be answeredwhile browsing accommodation images. Keep the question short, factual, and neutral. Detection summary: Image file: image_92_jpg.rf.1ced57ab98b4e8b5abd41d9ec0b27f25.jpg. Detected amenity: bathtub. Detection confidence: medium (0.37). Source prompt type: baseline. Question:",What is the name of the hotel amenity?,What type of amenity is the bathtub?,Does this room have a bathtub?,Does the bathtub have a shower attachment?
image_101_jpg.rf.e93a0eb31dea15d1fda213a8e42ff961.jpg,bathtub,0.1661904454231262,1.4272117614746094,356.8937683105469,296.4305114746094,630.8626708984375,baseline,Image file: image_101_jpg.rf.e93a0eb31dea15d1fda213a8e42ff961.jpg. Detected amenity: bathtub. Detection confidence: low (0.17). Source prompt type: baseline.,"You are generating hotel amenity questions for guests browsing accommodation photos. Given the detection summary below, generate a hotel amenity related question that a guest may ask or a guest might want to be answeredwhile browsing accommodation images. Keep the question short, factual, and neutral. Detection summary: Image file: image_101_jpg.rf.e93a0eb31dea15d1fda213a8e42ff961.jpg. Detected amenity: bathtub. Detection confidence: low (0.17). Source prompt type: baseline. Question:",What type of amenity does a bathtub have?,What type of amenity is the bathtub?,Does this room have a bathtub?,Does the room have a separate shower stall?
image_101_jpg.rf.e93a0eb31dea15d1fda213a8e42ff961.jpg,bathtub,0.7648671269416809,333.9915771484375,431.9620361328125,631.5763549804688,638.3880615234375,baseline,Image file: image_101_jpg.rf.e93a0eb31dea15d1fda213a8e42ff961.jpg. Detected amenity: bathtub. Detection confidence: high (0.76). Source prompt type: baseline.,"You are generating hotel amenity questions for guests browsing accommodation photos. Given the detection summary below, generate a hotel amenity related question that a guest may ask or a guest might want to be answeredwhile browsing accommodation images. Keep the question short, factual, and neutral. Detection summary: Image file: image_101_jpg.rf.e93a0eb31dea15d1fda213a8e42ff961.jpg. Detected amenity: bathtub. Detection confidence: high (0.76). Source prompt type: baseline. Question:",What type of amenity does a bathtub have?,What is the name of the hotel's bathtub?,Does the room have a separate bathtub?,Is the bathtub separate from the shower?
image_257_fp_jpg.rf.8e10bf43029dbb0aeaf04fafb98b7328.jpg,bathtub,0.1348365098237991,412.1405029296875,77.36751556396484,642.2546997070312,612.3326416015625,baseline,Image file: image_257_fp_jpg.rf.8e10bf43029dbb0aeaf04fafb98b7328.jpg. Detected amenity: bathtub. Detection confidence: low (0.13). Source prompt type: baseline.,"You are generating hotel amenity questions for guests browsing accommodation photos. Given the detection summary below, generate a hotel amenity related question that a guest may ask or a guest might want to be answeredwhile browsing accommodation images. Keep the question short, factual, and neutral. Detection summary: Image file: image_257_fp_jpg.rf.8e10bf43029dbb0aeaf04fafb98b7328.jpg. Detected amenity: bathtub. Detection confidence: low (0.13). Source prompt type: baseline. Question:",What is the name of the hotel amenity?,What type of amenity is the bathtub?,Does the room have a bathtub?,Is the bathtub in the room or a shared facility?
image_257_fp_jpg.rf.8e10bf43029dbb0aeaf04fafb98b7328.jpg,bathtub,0.2515402436256408,28.86366271972656,489.26116943359375,165.77926635742188,637.990234375,baseline,Image file: image_257_fp_jpg.rf.8e10bf43029dbb0aeaf04fafb98b7328.jpg. Detected amenity: bathtub. Detection confidence: low (0.25). Source prompt type: baseline.,"You are generating hotel amenity questions for guests browsing accommodation photos. Given the detection summary below, generate a hotel amenity related question that a guest may ask or a guest might want to be answeredwhile browsing accommodation images. Keep the question short, factual, and neutral. Detection summary: Image file: image_257_fp_jpg.rf.8e10bf43029dbb0aeaf04fafb98b7328.jpg. Detected amenity: bathtub. Detection confidence: low (0.25). Source prompt type: baseline. Question:",What type of amenity does a bathtub have?,What type of amenity is the bathtub?,Does this room have a bathtub?,Is the bathtub separate from the shower?
image_257_fp_jpg.rf.8e10bf43029dbb0aeaf04fafb98b7328.jpg,bathtub,0.1777882874011993,427.8138427734375,459.3519592285156,644.4463500976562,637.0014038085938,baseline,Image file: image_257_fp_jpg.rf.8e10bf43029dbb0aeaf04fafb98b7328.jpg. Detected amenity: bathtub. Detection confidence: low (0.18). Source prompt type: baseline.,"You are generating hotel amenity questions for guests browsing accommodation photos. Given the detection summary below, generate a hotel amenity related question that a guest may ask or a guest might want to be answeredwhile browsing accommodation images. Keep the question short, factual, and neutral. Detection summary: Image file: image_257_fp_jpg.rf.8e10bf43029dbb0aeaf04fafb98b7328.jpg. Detected amenity: bathtub. Detection confidence: low (0.18). Source prompt type: baseline. Question:",What type of amenity does a bathtub have?,What type of amenity is the bathtub?,Does this room have a bathtub?,Does the bathtub have a shower attachment?
image_257_fp_jpg.rf.8e10bf43029dbb0aeaf04fafb98b7328.jpg,bathtub,0.395402044057846,432.9278259277344,456.7278442382813,639.88427734375,570.4478759765625,baseline,Image file: image_257_fp_jpg.rf.8e10bf43029dbb0aeaf04fafb98b7328.jpg. Detected amenity: bathtub. Detection confidence: medium (0.40). Source prompt type: baseline.,"You are generating hotel amenity questions for guests browsing accommodation photos. Given the detection summary below, generate a hotel amenity related question that a guest may ask or a guest might want to be answeredwhile browsing accommodation images. Keep the question short, factual, and neutral. Detection summary: Image file: image_257_fp_jpg.rf.8e10bf43029dbb0aeaf04fafb98b7328.jpg. Detected amenity: bathtub. Detection confidence: medium (0.40). Source prompt type: baseline. Question:",What is the name of the hotel amenity?,What type of amenity is the bathtub?,Does the room have a bathtub?,Is the bathtub separate from the shower?
image_72_jpg.rf.f8e98a1ff127084398a6f3aaf422361f.jpg,bathtub,0.1559508889913559,22.19977378845215,399.2312927246094,324.9552917480469,639.2040405273438,baseline,Image file: image_72_jpg.rf.f8e98a1ff127084398a6f3aaf422361f.jpg. Detected amenity: bathtub. Detection confidence: low (0.16). Source prompt type: baseline.,"You are generating hotel amenity questions for guests browsing accommodation photos. Given the detection summary below, generate a hotel amenity related question that a guest may ask or a guest might want to be answeredwhile browsing accommodation images. Keep the question short, factual, and neutral. Detection summary: Image file: image_72_jpg.rf.f8e98a1ff127084398a6f3aaf422361f.jpg. Detected amenity: bathtub. Detection confidence: low (0.16). Source prompt type: baseline. Question:",What is the name of the hotel amenity?,What type of amenity is the bathtub?,Does this room have a bathtub?,Does the room have a separate shower stall?
image_168_jpg.rf.9ebf21d26fdf9ac0f02137c7b5ad30d7.jpg,bathtub,0.2050704956054687,3.1826210021972656,369.0902099609375,271.3979797363281,639.991455078125,baseline,Image file: image_168_jpg.rf.9ebf21d26fdf9ac0f02137c7b5ad30d7.jpg. Detected amenity: bathtub. Detection confidence: low (0.21). Source prompt type: baseline.,"You are generating hotel amenity questions for guests browsing accommodation photos. Given the detection summary below, generate a hotel amenity related question that a guest may ask or a guest might want to be answeredwhile browsing accommodation images. Keep the question short, factual, and neutral. Detection summary: Image file: image_168_jpg.rf.9ebf21d26fdf9ac0f02137c7b5ad30d7.jpg. Detected amenity: bathtub. Detection confidence: low (0.21). Source prompt type: baseline. Question:",What type of amenity does a bathtub have?,What type of amenity is the bathtub?,Does this room have a bathtub?,Does the room have a separate shower?
image_168_jpg.rf.9ebf21d26fdf9ac0f02137c7b5ad30d7.jpg,bathtub,0.1143058240413665,3.6386489868164062,479.1598510742188,266.5524597167969,639.633544921875,baseline,Image file: image_168_jpg.rf.9ebf21d26fdf9ac0f02137c7b5ad30d7.jpg. Detected amenity: bathtub. Detection confidence: low (0.11). Source prompt type: baseline.,"You are generating hotel amenity questions for guests browsing accommodation photos. Given the detection summary below, generate a hotel amenity related question that a guest may ask or a guest might want to be answeredwhile browsing accommodation images. Keep the question short, factual, and neutral. Detection summary: Image file: image_168_jpg.rf.9ebf21d26fdf9ac0f02137c7b5ad30d7.jpg. Detected amenity: bathtub. Detection confidence: low (0.11). Source prompt type: baseline. Question:",What type of amenity does a bathtub have?,What type of amenity is the bathtub?,Does this room have a bathtub?,Is the bathtub in the room or a shared facility?
image_285_fp_jpg.rf.63ea1bc9e846428175694c6b67756c20.jpg,bathtub,0.2083446234464645,531.0760498046875,278.88653564453125,638.5498046875,412.2273559570313,baseline,Image file: image_285_fp_jpg.rf.63ea1bc9e846428175694c6b67756c20.jpg. Detected amenity: bathtub. Detection confidence: low (0.21). Source prompt type: baseline.,"You are generating hotel amenity questions for guests browsing accommodation photos. Given the detection summary below, generate a hotel amenity related question that a guest may ask or a guest might want to be answeredwhile browsing accommodation images. Keep the question short, factual, and neutral. Detection summary: Image file: image_285_fp_jpg.rf.63ea1bc9e846428175694c6b67756c20.jpg. Detected amenity: bathtub. Detection confidence: low (0.21). Source prompt type: baseline. Question:",What type of amenity is the bathtub in a hotel?,What type of amenity is the bathtub?,Does the room have a bathtub?,Is the bathtub a standalone unit or part of a combined shower and bathtub?
image_85_jpg.rf.4bfd23d9ac0496a67e736520de38ad84.jpg,bathtub,0.4216305613517761,60.05145263671875,417.7844848632813,290.87359619140625,635.8588256835938,baseline,Image file: image_85_jpg.rf.4bfd23d9ac0496a67e736520de38ad84.jpg. Detected amenity: bathtub. Detection confidence: medium (0.42). Source prompt type: baseline.,"You are generating hotel amenity questions for guests browsing accommodation photos. Given the detection summary below, generate a hotel amenity related question that a guest may ask or a guest might want to be answeredwhile browsing accommodation images. Keep the question short, factual, and neutral. Detection summary: Image file: image_85_jpg.rf.4bfd23d9ac0496a67e736520de38ad84.jpg. Detected amenity: bathtub. Detection confidence: medium (0.42). Source prompt type: baseline. Question:",What type of amenity does a bathtub have?,What type of amenity is the bathtub?,Does this room have a bathtub?,Does the hotel room have a separate shower or is it a shower-over-bathtub setup?
image_187_jpg.rf.4b4b3c71d32c2b3ff399710d30e18e18.jpg,bathtub,0.5451031923294067,245.9657592773437,390.9509887695313,648.7464599609375,638.4639892578125,baseline,Image file: image_187_jpg.rf.4b4b3c71d32c2b3ff399710d30e18e18.jpg. Detected amenity: bathtub. Detection confidence: medium (0.55). Source prompt type: baseline.,"You are generating hotel amenity questions for guests browsing accommodation photos. Given the detection summary below, generate a hotel amenity related question that a guest may ask or a guest might want to be answeredwhile browsing accommodation images. Keep the question short, factual, and neutral. Detection summary: Image file: image_187_jpg.rf.4b4b3c71d32c2b3ff399710d30e18e18.jpg. Detected amenity: bathtub. Detection confidence: medium (0.55). Source prompt type: baseline. Question:",What is the name of the hotel amenity?,What type of amenity is the bathtub?,Does the room have a bathtub?,Does the bathtub have a shower attachment?
image_45_jpg.rf.1935dc65fe04e6b1e8bee0e4c01a5efd.jpg,bathtub,0.3897372782230377,462.6518249511719,465.7117919921875,637.63330078125,641.307373046875,baseline,Image file: image_45_jpg.rf.1935dc65fe04e6b1e8bee0e4c01a5efd.jpg. Detected amenity: bathtub. Detection confidence: medium (0.39). Source prompt type: baseline.,"You are generating hotel amenity questions for guests browsing accommodation photos. Given the detection summary below, generate a hotel amenity related question that a guest may ask or a guest might want to be answeredwhile browsing accommodation images. Keep the question short, factual, and neutral. Detection summary: Image file: image_45_jpg.rf.1935dc65fe04e6b1e8bee0e4c01a5efd.jpg. Detected amenity: bathtub. Detection confidence: medium (0.39). Source prompt type: baseline. Question:",What is the name of the hotel amenity?,What type of amenity is the bathtub?,Does this room have a bathtub?,Does the hotel room have a separate shower?
image_57_jpg.rf.9d9b7b735ff201c443b54c55299ea596.jpg,bathtub,0.1089926362037658,5.404624938964844,3.364219665527344,371.6677551269531,641.5170288085938,baseline,Image file: image_57_jpg.rf.9d9b7b735ff201c443b54c55299ea596.jpg. Detected amenity: bathtub. Detection confidence: low (0.11). Source prompt type: baseline.,"You are generating hotel amenity questions for guests browsing accommodation photos. Given the detection summary below, generate a hotel amenity related question that a guest may ask or a guest might want to be answeredwhile browsing accommodation images. Keep the question short, factual, and neutral. Detection summary: Image file: image_57_jpg.rf.9d9b7b735ff201c443b54c55299ea596.jpg. Detected amenity: bathtub. Detection confidence: low (0.11). Source prompt type: baseline. Question:",What type of amenity is the bathtub in a hotel?,What is the name of the hotel's bathtub?,Does the room have a bathtub?,Is there a bathtub in the room?
image_57_jpg.rf.9d9b7b735ff201c443b54c55299ea596.jpg,bathtub,0.5365216135978699,49.39859390258789,537.9764404296875,333.93194580078125,642.4305419921875,baseline,Image file: image_57_jpg.rf.9d9b7b735ff201c443b54c55299ea596.jpg. Detected amenity: bathtub. Detection confidence: medium (0.54). Source prompt type: baseline.,"You are generating hotel amenity questions for guests browsing accommodation photos. Given the detection summary below, generate a hotel amenity related question that a guest may ask or a guest might want to be answeredwhile browsing accommodation images. Keep the question short, factual, and neutral. Detection summary: Image file: image_57_jpg.rf.9d9b7b735ff201c443b54c55299ea596.jpg. Detected amenity: bathtub. Detection confidence: medium (0.54). Source prompt type: baseline. Question:",What is the name of the hotel amenity?,What type of amenity is the bathtub?,Does this room have a bathtub?,Does the room have a separate shower area?
image_33_jpg.rf.c992d0711db2b4e0f7ede608f61d0d2c.jpg,bathtub,0.3699251711368561,214.0677185058593,429.9127807617188,623.5197143554688,638.7747802734375,baseline,Image file: image_33_jpg.rf.c992d0711db2b4e0f7ede608f61d0d2c.jpg. Detected amenity: bathtub. Detection confidence: medium (0.37). Source prompt type: baseline.,"You are generating hotel amenity questions for guests browsing accommodation photos. Given the detection summary below, generate a hotel amenity related question that a guest may ask or a guest might want to be answeredwhile browsing accommodation images. Keep the question short, factual, and neutral. Detection summary: Image file: image_33_jpg.rf.c992d0711db2b4e0f7ede608f61d0d2c.jpg. Detected amenity: bathtub. Detection confidence: medium (0.37). Source prompt type: baseline. Question:",What is the name of the hotel amenity?,What type of amenity is the bathtub?,Does this room have a bathtub?,Does the hotel room have a separate shower stall?
image_238_fp_jpg.rf.91dd38c4dcb7057c6b24f131864a67d7.jpg,bathtub,0.1102859899401664,306.8868713378906,422.7965698242188,601.9962158203125,637.6740112304688,baseline,Image file: image_238_fp_jpg.rf.91dd38c4dcb7057c6b24f131864a67d7.jpg. Detected amenity: bathtub. Detection confidence: low (0.11). Source prompt type: baseline.,"You are generating hotel amenity questions for guests browsing accommodation photos. Given the detection summary below, generate a hotel amenity related question that a guest may ask or a guest might want to be answeredwhile browsing accommodation images. Keep the question short, factual, and neutral. Detection summary: Image file: image_238_fp_jpg.rf.91dd38c4dcb7057c6b24f131864a67d7.jpg. Detected amenity: bathtub. Detection confidence: low (0.11). Source prompt type: baseline. Question:",What type of amenity does the image show?,What type of amenity is the bathtub?,Does this room have a bathtub?,Is the bathtub separate from the shower?
image_129_jpg.rf.c93482597141a549c2bf4bc6aa1aa68c.jpg,bathtub,0.2259402126073837,-3.729066848754883,464.2946166992188,318.767578125,642.6708984375,baseline,Image file: image_129_jpg.rf.c93482597141a549c2bf4bc6aa1aa68c.jpg. Detected amenity: bathtub. Detection confidence: low (0.23). Source prompt type: baseline.,"You are generating hotel amenity questions for guests browsing accommodation photos. Given the detection summary below, generate a hotel amenity related question that a guest may ask or a guest might want to be answeredwhile browsing accommodation images. Keep the question short, factual, and neutral. Detection summary: Image file: image_129_jpg.rf.c93482597141a549c2bf4bc6aa1aa68c.jpg. Detected amenity: bathtub. Detection confidence: low (0.23). Source prompt type: baseline. Question:",Which hotel amenity is most likely to be a bathtub?,What type of amenity is the bathtub?,Does this room have a bathtub?,Is a bathtub available in the room?
image_19_jpg.rf.c406c7dfec38a3c663000d3f820de6d0.jpg,bathtub,0.3391444981098175,1.8087387084960933,358.85797119140625,323.81512451171875,632.0499267578125,baseline,Image file: image_19_jpg.rf.c406c7dfec38a3c663000d3f820de6d0.jpg. Detected amenity: bathtub. Detection confidence: medium (0.34). Source prompt type: baseline.,"You are generating hotel amenity questions for guests browsing accommodation photos. Given the detection summary below, generate a hotel amenity related question that a guest may ask or a guest might want to be answeredwhile browsing accommodation images. Keep the question short, factual, and neutral. Detection summary: Image file: image_19_jpg.rf.c406c7dfec38a3c663000d3f820de6d0.jpg. Detected amenity: bathtub. Detection confidence: medium (0.34). Source prompt type: baseline. Question:",What is the name of the hotel amenity?,What type of amenity is the bathtub?,Does the room have a bathtub?,Does the bathtub have a shower attachment?
image_17_jpg.rf.a37a9d49b8913a66ba408e96cd7180ed.jpg,bathtub,0.151050329208374,1.4559650421142578,428.9196166992188,139.24441528320312,638.187744140625,baseline,Image file: image_17_jpg.rf.a37a9d49b8913a66ba408e96cd7180ed.jpg. Detected amenity: bathtub. Detection confidence: low (0.15). Source prompt type: baseline.,"You are generating hotel amenity questions for guests browsing accommodation photos. Given the detection summary below, generate a hotel amenity related question that a guest may ask or a guest might want to be answeredwhile browsing accommodation images. Keep the question short, factual, and neutral. Detection summary: Image file: image_17_jpg.rf.a37a9d49b8913a66ba408e96cd7180ed.jpg. Detected amenity: bathtub. Detection confidence: low (0.15). Source prompt type: baseline. Question:",What type of amenity does a bathtub have?,What type of amenity is the bathtub?,Does this room have a bathtub?,Is there a bathtub in the room?
image_17_jpg.rf.a37a9d49b8913a66ba408e96cd7180ed.jpg,bathtub,0.4626478254795074,389.32318115234375,430.2667236328125,584.6527099609375,641.0147094726562,baseline,Image file: image_17_jpg.rf.a37a9d49b8913a66ba408e96cd7180ed.jpg. Detected amenity: bathtub. Detection confidence: medium (0.46). Source prompt type: baseline.,"You are generating hotel amenity questions for guests browsing accommodation photos. Given the detection summary below, generate a hotel amenity related question that a guest may ask or a guest might want to be answeredwhile browsing accommodation images. Keep the question short, factual, and neutral. Detection summary: Image file: image_17_jpg.rf.a37a9d49b8913a66ba408e96cd7180ed.jpg. Detected amenity: bathtub. Detection confidence: medium (0.46). Source prompt type: baseline. Question:",What is the name of the hotel amenity?,What type of amenity is the bathtub?,Does the room have a bathtub?,Is the bathtub in the room or a shared bathroom?
image_158_jpg.rf.52794ec1b569c815e2a9274a87443d82.jpg,bathtub,0.2295182645320892,127.62564086914062,472.04833984375,452.77252197265625,639.5379638671875,baseline,Image file: image_158_jpg.rf.52794ec1b569c815e2a9274a87443d82.jpg. Detected amenity: bathtub. Detection confidence: low (0.23). Source prompt type: baseline.,"You are generating hotel amenity questions for guests browsing accommodation photos. Given the detection summary below, generate a hotel amenity related question that a guest may ask or a guest might want to be answeredwhile browsing accommodation images. Keep the question short, factual, and neutral. Detection summary: Image file: image_158_jpg.rf.52794ec1b569c815e2a9274a87443d82.jpg. Detected amenity: bathtub. Detection confidence: low (0.23). Source prompt type: baseline. Question:",What type of amenity is the bathtub in a hotel?,What type of amenity is the bathtub?,Does the room have a bathtub?,Does the bathtub have a shower attachment?
image_166_jpg.rf.4338869023ae1398819acd56cc409f8e.jpg,bathtub,0.2827239036560058,384.932861328125,434.1760864257813,647.428466796875,645.6771850585938,baseline,Image file: image_166_jpg.rf.4338869023ae1398819acd56cc409f8e.jpg. Detected amenity: bathtub. Detection confidence: low (0.28). Source prompt type: baseline.,"You are generating hotel amenity questions for guests browsing accommodation photos. Given the detection summary below, generate a hotel amenity related question that a guest may ask or a guest might want to be answeredwhile browsing accommodation images. Keep the question short, factual, and neutral. Detection summary: Image file: image_166_jpg.rf.4338869023ae1398819acd56cc409f8e.jpg. Detected amenity: bathtub. Detection confidence: low (0.28). Source prompt type: baseline. Question:",What type of amenity does the image file contain?,What type of amenity is the bathtub?,Does this room have a bathtub?,Is there a bathtub in the room?
image_40_jpg.rf.8babe190788e56cb68c592308ce6bc61.jpg,bathtub,0.1254406720399856,1.5613746643066406,397.49212646484375,332.2789001464844,635.1199951171875,baseline,Image file: image_40_jpg.rf.8babe190788e56cb68c592308ce6bc61.jpg. Detected amenity: bathtub. Detection confidence: low (0.13). Source prompt type: baseline.,"You are generating hotel amenity questions for guests browsing accommodation photos. Given the detection summary below, generate a hotel amenity related question that a guest may ask or a guest might want to be answeredwhile browsing accommodation images. Keep the question short, factual, and neutral. Detection summary: Image file: image_40_jpg.rf.8babe190788e56cb68c592308ce6bc61.jpg. Detected amenity: bathtub. Detection confidence: low (0.13). Source prompt type: baseline. Question:",Which hotel amenity is most likely to be found in a bathtub?,What type of amenity is the bathtub?,Does this room have a bathtub?,Is there a bathtub in the room?
image_40_jpg.rf.8babe190788e56cb68c592308ce6bc61.jpg,bathtub,0.3808697164058685,377.4925537109375,422.01123046875,636.4967041015625,537.6986083984375,baseline,Image file: image_40_jpg.rf.8babe190788e56cb68c592308ce6bc61.jpg. Detected amenity: bathtub. Detection confidence: medium (0.38). Source prompt type: baseline.,"You are generating hotel amenity questions for guests browsing accommodation photos. Given the detection summary below, generate a hotel amenity related question that a guest may ask or a guest might want to be answeredwhile browsing accommodation images. Keep the question short, factual, and neutral. Detection summary: Image file: image_40_jpg.rf.8babe190788e56cb68c592308ce6bc61.jpg. Detected amenity: bathtub. Detection confidence: medium (0.38). Source prompt type: baseline. Question:",What type of amenity is the bathtub in a hotel?,What type of amenity is the bathtub?,Does the room have a bathtub?,Does the bathtub have a shower attachment?
image_40_jpg.rf.8babe190788e56cb68c592308ce6bc61.jpg,bathtub,0.1498686373233795,370.2972412109375,421.3237915039063,633.0482177734375,631.75,baseline,Image file: image_40_jpg.rf.8babe190788e56cb68c592308ce6bc61.jpg. Detected amenity: bathtub. Detection confidence: low (0.15). Source prompt type: baseline.,"You are generating hotel amenity questions for guests browsing accommodation photos. Given the detection summary below, generate a hotel amenity related question that a guest may ask or a guest might want to be answeredwhile browsing accommodation images. Keep the question short, factual, and neutral. Detection summary: Image file: image_40_jpg.rf.8babe190788e56cb68c592308ce6bc61.jpg. Detected amenity: bathtub. Detection confidence: low (0.15). Source prompt type: baseline. Question:",What type of amenity is the bathtub in a hotel?,What type of amenity is the bathtub?,Does this room have a bathtub?,Is the bathtub separate from the shower?
image_162_jpg.rf.44da3862d9e1837569f8a85956c1b4a8.jpg,bathtub,0.200683519244194,346.0507202148437,381.1417236328125,642.5866088867188,643.3141479492188,baseline,Image file: image_162_jpg.rf.44da3862d9e1837569f8a85956c1b4a8.jpg. Detected amenity: bathtub. Detection confidence: low (0.20). Source prompt type: baseline.,"You are generating hotel amenity questions for guests browsing accommodation photos. Given the detection summary below, generate a hotel amenity related question that a guest may ask or a guest might want to be answeredwhile browsing accommodation images. Keep the question short, factual, and neutral. Detection summary: Image file: image_162_jpg.rf.44da3862d9e1837569f8a85956c1b4a8.jpg. Detected amenity: bathtub. Detection confidence: low (0.20). Source prompt type: baseline. Question:",What type of amenity does the image file contain?,What type of amenity is the bathtub?,Does the room have a bathtub?,Is a bathtub available in the room?
image_162_jpg.rf.44da3862d9e1837569f8a85956c1b4a8.jpg,bathtub,0.2171521633863449,30.581417083740234,396.7654113769531,330.0980224609375,510.5398254394531,baseline,Image file: image_162_jpg.rf.44da3862d9e1837569f8a85956c1b4a8.jpg. Detected amenity: bathtub. Detection confidence: low (0.22). Source prompt type: baseline.,"You are generating hotel amenity questions for guests browsing accommodation photos. Given the detection summary below, generate a hotel amenity related question that a guest may ask or a guest might want to be answeredwhile browsing accommodation images. Keep the question short, factual, and neutral. Detection summary: Image file: image_162_jpg.rf.44da3862d9e1837569f8a85956c1b4a8.jpg. Detected amenity: bathtub. Detection confidence: low (0.22). Source prompt type: baseline. Question:",What type of amenity is the bathtub in a hotel?,What type of amenity is the bathtub?,Does the room have a bathtub?,Is the bathtub separate from the shower?
image_162_jpg.rf.44da3862d9e1837569f8a85956c1b4a8.jpg,bathtub,0.4401277601718902,18.83808135986328,397.0379333496094,338.16558837890625,626.24609375,baseline,Image file: image_162_jpg.rf.44da3862d9e1837569f8a85956c1b4a8.jpg. Detected amenity: bathtub. Detection confidence: medium (0.44). Source prompt type: baseline.,"You are generating hotel amenity questions for guests browsing accommodation photos. Given the detection summary below, generate a hotel amenity related question that a guest may ask or a guest might want to be answeredwhile browsing accommodation images. Keep the question short, factual, and neutral. Detection summary: Image file: image_162_jpg.rf.44da3862d9e1837569f8a85956c1b4a8.jpg. Detected amenity: bathtub. Detection confidence: medium (0.44). Source prompt type: baseline. Question:",What is the name of the hotel amenity?,What type of amenity is the bathtub?,Does this room have a bathtub?,Does the bathtub have a shower attachment?
image_159_jpg.rf.0ad28521526e77fd9ac1d91609de7ca5.jpg,bathtub,0.4805507957935333,346.5561218261719,427.10980224609375,642.2137451171875,623.5826416015625,baseline,Image file: image_159_jpg.rf.0ad28521526e77fd9ac1d91609de7ca5.jpg. Detected amenity: bathtub. Detection confidence: medium (0.48). Source prompt type: baseline.,"You are generating hotel amenity questions for guests browsing accommodation photos. Given the detection summary below, generate a hotel amenity related question that a guest may ask or a guest might want to be answeredwhile browsing accommodation images. Keep the question short, factual, and neutral. Detection summary: Image file: image_159_jpg.rf.0ad28521526e77fd9ac1d91609de7ca5.jpg. Detected amenity: bathtub. Detection confidence: medium (0.48). Source prompt type: baseline. Question:",What type of amenity does the image show?,What type of amenity is the bathtub?,Does the room have a bathtub?,Does the hotel room have a separate shower?
image_186_jpg.rf.203ccb8a83866afdc8e717185d4a32e9.jpg,bathtub,0.1380686610937118,0.7813262939453125,431.5595703125,375.9159851074219,638.4971923828125,baseline,Image file: image_186_jpg.rf.203ccb8a83866afdc8e717185d4a32e9.jpg. Detected amenity: bathtub. Detection confidence: low (0.14). Source prompt type: baseline.,"You are generating hotel amenity questions for guests browsing accommodation photos. Given the detection summary below, generate a hotel amenity related question that a guest may ask or a guest might want to be answeredwhile browsing accommodation images. Keep the question short, factual, and neutral. Detection summary: Image file: image_186_jpg.rf.203ccb8a83866afdc8e717185d4a32e9.jpg. Detected amenity: bathtub. Detection confidence: low (0.14). Source prompt type: baseline. Question:",What type of amenity does the image show?,What type of amenity is the bathtub?,Does this room have a bathtub?,Is there a bathtub in the room?
image_186_jpg.rf.203ccb8a83866afdc8e717185d4a32e9.jpg,bathtub,0.5201807022094727,372.0609130859375,391.0401916503906,633.0614013671875,604.0689086914062,baseline,Image file: image_186_jpg.rf.203ccb8a83866afdc8e717185d4a32e9.jpg. Detected amenity: bathtub. Detection confidence: medium (0.52). Source prompt type: baseline.,"You are generating hotel amenity questions for guests browsing accommodation photos. Given the detection summary below, generate a hotel amenity related question that a guest may ask or a guest might want to be answeredwhile browsing accommodation images. Keep the question short, factual, and neutral. Detection summary: Image file: image_186_jpg.rf.203ccb8a83866afdc8e717185d4a32e9.jpg. Detected amenity: bathtub. Detection confidence: medium (0.52). Source prompt type: baseline. Question:",Which hotel amenity is most likely to be found in a bathtub?,What type of amenity is the bathtub?,Does this room have a bathtub?,Is there a separate shower stall in the bathroom?
image_254_fp_jpg.rf.2e4e79c2f93f674ca846be1c28eae362.jpg,bathtub,0.1179777160286903,483.85198974609375,309.23297119140625,637.093505859375,583.578125,baseline,Image file: image_254_fp_jpg.rf.2e4e79c2f93f674ca846be1c28eae362.jpg. Detected amenity: bathtub. Detection confidence: low (0.12). Source prompt type: baseline.,"You are generating hotel amenity questions for guests browsing accommodation photos. Given the detection summary below, generate a hotel amenity related question that a guest may ask or a guest might want to be answeredwhile browsing accommodation images. Keep the question short, factual, and neutral. Detection summary: Image file: image_254_fp_jpg.rf.2e4e79c2f93f674ca846be1c28eae362.jpg. Detected amenity: bathtub. Detection confidence: low (0.12). Source prompt type: baseline. Question:",What type of amenity is the bathtub?,What type of amenity is the bathtub?,Does this room have a bathtub?,Is there a bathtub available in the room?
image_130_jpg.rf.a7b9ffc1da8a5522d82748c52492849d.jpg,bathtub,0.6546633243560791,391.9689331054688,404.4364013671875,597.315673828125,615.5899658203125,baseline,Image file: image_130_jpg.rf.a7b9ffc1da8a5522d82748c52492849d.jpg. Detected amenity: bathtub. Detection confidence: high (0.65). Source prompt type: baseline.,"You are generating hotel amenity questions for guests browsing accommodation photos. Given the detection summary below, generate a hotel amenity related question that a guest may ask or a guest might want to be answeredwhile browsing accommodation images. Keep the question short, factual, and neutral. Detection summary: Image file: image_130_jpg.rf.a7b9ffc1da8a5522d82748c52492849d.jpg. Detected amenity: bathtub. Detection confidence: high (0.65). Source prompt type: baseline. Question:",Which hotel amenity is most likely to be a bathtub?,What is the name of the hotel's bathtub?,Does the room have a bathtub?,Does the bathtub have a showerhead?
image_120_jpg.rf.52e1da3e1fa3fccc0f3067853a4599a5.jpg,bathtub,0.276335209608078,427.6637268066406,395.8591003417969,643.5559692382812,637.3136596679688,baseline,Image file: image_120_jpg.rf.52e1da3e1fa3fccc0f3067853a4599a5.jpg. Detected amenity: bathtub. Detection confidence: low (0.28). Source prompt type: baseline.,"You are generating hotel amenity questions for guests browsing accommodation photos. Given the detection summary below, generate a hotel amenity related question that a guest may ask or a guest might want to be answeredwhile browsing accommodation images. Keep the question short, factual, and neutral. Detection summary: Image file: image_120_jpg.rf.52e1da3e1fa3fccc0f3067853a4599a5.jpg. Detected amenity: bathtub. Detection confidence: low (0.28). Source prompt type: baseline. Question:",What type of amenity is the bathtub in a hotel?,What type of amenity is the bathtub?,Does this room have a bathtub?,Is the bathtub in the room or a shared facility?
image_137_jpg.rf.97cca694682191ffce8bc6ba683400aa.jpg,bathtub,0.3251868486404419,286.0697021484375,314.27471923828125,627.512451171875,637.4121704101562,baseline,Image file: image_137_jpg.rf.97cca694682191ffce8bc6ba683400aa.jpg. Detected amenity: bathtub. Detection confidence: medium (0.33). Source prompt type: baseline.,"You are generating hotel amenity questions for guests browsing accommodation photos. Given the detection summary below, generate a hotel amenity related question that a guest may ask or a guest might want to be answeredwhile browsing accommodation images. Keep the question short, factual, and neutral. Detection summary: Image file: image_137_jpg.rf.97cca694682191ffce8bc6ba683400aa.jpg. Detected amenity: bathtub. Detection confidence: medium (0.33). Source prompt type: baseline. Question:",What is the name of the hotel amenity?,What type of amenity is the bathtub?,Does this room have a bathtub?,Does the room have a separate shower area?
image_110_jpg.rf.5afd81c13976666355a2c7df557ebb5a.jpg,bathtub,0.1631803959608078,203.4451904296875,343.9085388183594,495.0899658203125,623.4453735351562,baseline,Image file: image_110_jpg.rf.5afd81c13976666355a2c7df557ebb5a.jpg. Detected amenity: bathtub. Detection confidence: low (0.16). Source prompt type: baseline.,"You are generating hotel amenity questions for guests browsing accommodation photos. Given the detection summary below, generate a hotel amenity related question that a guest may ask or a guest might want to be answeredwhile browsing accommodation images. Keep the question short, factual, and neutral. Detection summary: Image file: image_110_jpg.rf.5afd81c13976666355a2c7df557ebb5a.jpg. Detected amenity: bathtub. Detection confidence: low (0.16). Source prompt type: baseline. Question:",What type of amenity is the bathtub in a hotel?,What is the name of the hotel's bathtub?,Does this room have a bathtub?,Does the bathtub have a shower attachment?
image_111_jpg.rf.505881c70da3815a41386b3d4ae35e85.jpg,bathtub,0.2690301239490509,-0.4265117645263672,381.681640625,249.58071899414065,595.3724975585938,baseline,Image file: image_111_jpg.rf.505881c70da3815a41386b3d4ae35e85.jpg. Detected amenity: bathtub. Detection confidence: low (0.27). Source prompt type: baseline.,"You are generating hotel amenity questions for guests browsing accommodation photos. Given the detection summary below, generate a hotel amenity related question that a guest may ask or a guest might want to be answeredwhile browsing accommodation images. Keep the question short, factual, and neutral. Detection summary: Image file: image_111_jpg.rf.505881c70da3815a41386b3d4ae35e85.jpg. Detected amenity: bathtub. Detection confidence: low (0.27). Source prompt type: baseline. Question:",What type of amenity does the image show?,What type of amenity is the bathtub?,Does this room have a bathtub?,Is the bathtub a standalone unit or part of a larger shower or tub combination?
image_102_jpg.rf.b797e974f793bcbca5b9151cf2f4dfdc.jpg,bathtub,0.5975680947303772,288.9693908691406,516.8175048828125,474.6426696777344,636.4293823242188,baseline,Image file: image_102_jpg.rf.b797e974f793bcbca5b9151cf2f4dfdc.jpg. Detected amenity: bathtub. Detection confidence: medium (0.60). Source prompt type: baseline.,"You are generating hotel amenity questions for guests browsing accommodation photos. Given the detection summary below, generate a hotel amenity related question that a guest may ask or a guest might want to be answeredwhile browsing accommodation images. Keep the question short, factual, and neutral. Detection summary: Image file: image_102_jpg.rf.b797e974f793bcbca5b9151cf2f4dfdc.jpg. Detected amenity: bathtub. Detection confidence: medium (0.60). Source prompt type: baseline. Question:",What is the name of the hotel amenity?,What type of amenity is the bathtub?,Does this room have a bathtub?,Does the hotel room have a walk-in shower or a separate shower stall?
image_93_jpg.rf.46e1dc76f8cf9cce699869628fe8bd12.jpg,bathtub,0.3270485997200012,28.21523666381836,432.6842041015625,370.82861328125,638.2555541992188,baseline,Image file: image_93_jpg.rf.46e1dc76f8cf9cce699869628fe8bd12.jpg. Detected amenity: bathtub. Detection confidence: medium (0.33). Source prompt type: baseline.,"You are generating hotel amenity questions for guests browsing accommodation photos. Given the detection summary below, generate a hotel amenity related question that a guest may ask or a guest might want to be answeredwhile browsing accommodation images. Keep the question short, factual, and neutral. Detection summary: Image file: image_93_jpg.rf.46e1dc76f8cf9cce699869628fe8bd12.jpg. Detected amenity: bathtub. Detection confidence: medium (0.33). Source prompt type: baseline. Question:",What is the name of the hotel amenity?,What type of amenity is the bathtub?,Does this room have a bathtub?,Does the room have a separate shower stall?
image_94_jpg.rf.bf0c76352f9cd0a1cb2fb78b4892ea99.jpg,bathtub,0.246524229645729,-0.7662200927734375,434.3829345703125,418.5441589355469,641.1549072265625,baseline,Image file: image_94_jpg.rf.bf0c76352f9cd0a1cb2fb78b4892ea99.jpg. Detected amenity: bathtub. Detection confidence: low (0.25). Source prompt type: baseline.,"You are generating hotel amenity questions for guests browsing accommodation photos. Given the detection summary below, generate a hotel amenity related question that a guest may ask or a guest might want to be answeredwhile browsing accommodation images. Keep the question short, factual, and neutral. Detection summary: Image file: image_94_jpg.rf.bf0c76352f9cd0a1cb2fb78b4892ea99.jpg. Detected amenity: bathtub. Detection confidence: low (0.25). Source prompt type: baseline. Question:",What type of amenity does a bathtub have?,What type of amenity is the bathtub?,Does this room have a bathtub?,Is the bathtub separate from the shower?
image_10_jpg.rf.f5ab964cd363b355b396c8e51befa12a.jpg,bathtub,0.3243096768856048,-4.134502410888672,252.892578125,383.0807495117188,639.330078125,baseline,Image file: image_10_jpg.rf.f5ab964cd363b355b396c8e51befa12a.jpg. Detected amenity: bathtub. Detection confidence: medium (0.32). Source prompt type: baseline.,"You are generating hotel amenity questions for guests browsing accommodation photos. Given the detection summary below, generate a hotel amenity related question that a guest may ask or a guest might want to be answeredwhile browsing accommodation images. Keep the question short, factual, and neutral. Detection summary: Image file: image_10_jpg.rf.f5ab964cd363b355b396c8e51befa12a.jpg. Detected amenity: bathtub. Detection confidence: medium (0.32). Source prompt type: baseline. Question:",What is the name of the hotel amenity?,What type of amenity is the bathtub?,Does this room have a bathtub?,Does the hotel room have a separate shower area?
image_184_jpg.rf.59dd63d76d3d012f796f97e692daede6.jpg,bathtub,0.1242931485176086,-0.3047943115234375,424.1674499511719,462.0538940429688,640.9664306640625,baseline,Image file: image_184_jpg.rf.59dd63d76d3d012f796f97e692daede6.jpg. Detected amenity: bathtub. Detection confidence: low (0.12). Source prompt type: baseline.,"You are generating hotel amenity questions for guests browsing accommodation photos. Given the detection summary below, generate a hotel amenity related question that a guest may ask or a guest might want to be answeredwhile browsing accommodation images. Keep the question short, factual, and neutral. Detection summary: Image file: image_184_jpg.rf.59dd63d76d3d012f796f97e692daede6.jpg. Detected amenity: bathtub. Detection confidence: low (0.12). Source prompt type: baseline. Question:",What type of amenity does a bathtub have?,What is the name of the hotel's bathtub?,Does this room have a bathtub?,Does the bathtub have a shower attachment?
image_30_jpg.rf.27fda00752cd8b77af3e19d8417c8b37.jpg,bathtub,0.3303559422492981,241.4438018798828,485.1193542480469,632.1170043945312,639.4527587890625,baseline,Image file: image_30_jpg.rf.27fda00752cd8b77af3e19d8417c8b37.jpg. Detected amenity: bathtub. Detection confidence: medium (0.33). Source prompt type: baseline.,"You are generating hotel amenity questions for guests browsing accommodation photos. Given the detection summary below, generate a hotel amenity related question that a guest may ask or a guest might want to be answeredwhile browsing accommodation images. Keep the question short, factual, and neutral. Detection summary: Image file: image_30_jpg.rf.27fda00752cd8b77af3e19d8417c8b37.jpg. Detected amenity: bathtub. Detection confidence: medium (0.33). Source prompt type: baseline. Question:",What is the name of the hotel amenity?,What type of amenity is the bathtub?,Does the room have a bathtub?,Does the room have a separate shower?
image_18_jpg.rf.1753b92b1f00f7204d84b15cfb9b114d.jpg,bathtub,0.4036833643913269,119.82494354248048,333.3651733398437,603.0454711914062,641.66455078125,baseline,Image file: image_18_jpg.rf.1753b92b1f00f7204d84b15cfb9b114d.jpg. Detected amenity: bathtub. Detection confidence: medium (0.40). Source prompt type: baseline.,"You are generating hotel amenity questions for guests browsing accommodation photos. Given the detection summary below, generate a hotel amenity related question that a guest may ask or a guest might want to be answeredwhile browsing accommodation images. Keep the question short, factual, and neutral. Detection summary: Image file: image_18_jpg.rf.1753b92b1f00f7204d84b15cfb9b114d.jpg. Detected amenity: bathtub. Detection confidence: medium (0.40). Source prompt type: baseline. Question:",What type of amenity does a bathtub have?,What type of amenity is the bathtub?,Does this room have a bathtub?,Does the hotel room have a separate shower?
image_115_jpg.rf.170884cc1a141173175bacf1d904a3e6.jpg,bathtub,0.178862914443016,59.471168518066406,437.0401611328125,354.22662353515625,639.512939453125,baseline,Image file: image_115_jpg.rf.170884cc1a141173175bacf1d904a3e6.jpg. Detected amenity: bathtub. Detection confidence: low (0.18). Source prompt type: baseline.,"You are generating hotel amenity questions for guests browsing accommodation photos. Given the detection summary below, generate a hotel amenity related question that a guest may ask or a guest might want to be answeredwhile browsing accommodation images. Keep the question short, factual, and neutral. Detection summary: Image file: image_115_jpg.rf.170884cc1a141173175bacf1d904a3e6.jpg. Detected amenity: bathtub. Detection confidence: low (0.18). Source prompt type: baseline. Question:",What type of amenity does the image file contain?,What type of amenity is the bathtub?,Does this room have a bathtub?,Is there a bathtub in the room?
image_165_jpg.rf.3f77177f26612cd8de9a39b624915478.jpg,bathtub,0.1380331814289093,2.5372314453125,437.37548828125,367.47064208984375,637.2055053710938,baseline,Image file: image_165_jpg.rf.3f77177f26612cd8de9a39b624915478.jpg. Detected amenity: bathtub. Detection confidence: low (0.14). Source prompt type: baseline.,"You are generating hotel amenity questions for guests browsing accommodation photos. Given the detection summary below, generate a hotel amenity related question that a guest may ask or a guest might want to be answeredwhile browsing accommodation images. Keep the question short, factual, and neutral. Detection summary: Image file: image_165_jpg.rf.3f77177f26612cd8de9a39b624915478.jpg. Detected amenity: bathtub. Detection confidence: low (0.14). Source prompt type: baseline. Question:",What type of amenity does the image file contain?,What type of amenity is the bathtub?,Does the room have a bathtub?,Does the bathtub have a shower attachment?
image_116_jpg.rf.ca3c60b8a646ea2ce5615d7d0c2a42eb.jpg,bathtub,0.4886976182460785,19.77529525756836,474.3706970214844,381.0322570800781,640.23193359375,baseline,Image file: image_116_jpg.rf.ca3c60b8a646ea2ce5615d7d0c2a42eb.jpg. Detected amenity: bathtub. Detection confidence: medium (0.49). Source prompt type: baseline.,"You are generating hotel amenity questions for guests browsing accommodation photos. Given the detection summary below, generate a hotel amenity related question that a guest may ask or a guest might want to be answeredwhile browsing accommodation images. Keep the question short, factual, and neutral. Detection summary: Image file: image_116_jpg.rf.ca3c60b8a646ea2ce5615d7d0c2a42eb.jpg. Detected amenity: bathtub. Detection confidence: medium (0.49). Source prompt type: baseline. Question:",What type of amenity is the bathtub in a hotel?,What type of amenity is the bathtub?,Does this room have a bathtub?,Does the bathtub have a shower attachment?
image_215_jpg.rf.2a51abefbb9e37ec2c8c5fec3dc3b4c1.jpg,bathtub,0.3018432557582855,145.99134826660156,406.2415771484375,337.6644592285156,617.9627075195312,baseline,Image file: image_215_jpg.rf.2a51abefbb9e37ec2c8c5fec3dc3b4c1.jpg. Detected amenity: bathtub. Detection confidence: medium (0.30). Source prompt type: baseline.,"You are generating hotel amenity questions for guests browsing accommodation photos. Given the detection summary below, generate a hotel amenity related question that a guest may ask or a guest might want to be answeredwhile browsing accommodation images. Keep the question short, factual, and neutral. Detection summary: Image file: image_215_jpg.rf.2a51abefbb9e37ec2c8c5fec3dc3b4c1.jpg. Detected amenity: bathtub. Detection confidence: medium (0.30). Source prompt type: baseline. Question:",What is the name of the hotel amenity?,What type of amenity is the bathtub?,Does the room have a bathtub?,Is there a bathtub in the room?
image_160_jpg.rf.80ab13530ae460c4436013afdf1266f1.jpg,bathtub,0.4143471419811249,-10.451221466064451,236.97076416015625,589.174560546875,626.5185546875,baseline,Image file: image_160_jpg.rf.80ab13530ae460c4436013afdf1266f1.jpg. Detected amenity: bathtub. Detection confidence: medium (0.41). Source prompt type: baseline.,"You are generating hotel amenity questions for guests browsing accommodation photos. Given the detection summary below, generate a hotel amenity related question that a guest may ask or a guest might want to be answeredwhile browsing accommodation images. Keep the question short, factual, and neutral. Detection summary: Image file: image_160_jpg.rf.80ab13530ae460c4436013afdf1266f1.jpg. Detected amenity: bathtub. Detection confidence: medium (0.41). Source prompt type: baseline. Question:",What is the name of the hotel amenity?,What type of amenity is the bathtub?,Does the room have a bathtub?,Does the bathtub have a shower attachment?
image_29_jpg.rf.1ad707206894101864f5e97f5186edee.jpg,bathtub,0.1602091789245605,15.825929641723633,428.3064270019531,225.745849609375,611.7943115234375,baseline,Image file: image_29_jpg.rf.1ad707206894101864f5e97f5186edee.jpg. Detected amenity: bathtub. Detection confidence: low (0.16). Source prompt type: baseline.,"You are generating hotel amenity questions for guests browsing accommodation photos. Given the detection summary below, generate a hotel amenity related question that a guest may ask or a guest might want to be answeredwhile browsing accommodation images. Keep the question short, factual, and neutral. Detection summary: Image file: image_29_jpg.rf.1ad707206894101864f5e97f5186edee.jpg. Detected amenity: bathtub. Detection confidence: low (0.16). Source prompt type: baseline. Question:",What type of amenity is the bathtub in a hotel?,What is the name of the hotel's bathtub?,Does this room have a bathtub?,Is there a bathtub in the room?
image_136_jpg.rf.da616b113cd9ea4d2df6ffe26c83ae39.jpg,bathtub,0.1313273906707763,220.89376831054688,388.5158996582031,557.816162109375,642.2094116210938,baseline,Image file: image_136_jpg.rf.da616b113cd9ea4d2df6ffe26c83ae39.jpg. Detected amenity: bathtub. Detection confidence: low (0.13). Source prompt type: baseline.,"You are generating hotel amenity questions for guests browsing accommodation photos. Given the detection summary below, generate a hotel amenity related question that a guest may ask or a guest might want to be answeredwhile browsing accommodation images. Keep the question short, factual, and neutral. Detection summary: Image file: image_136_jpg.rf.da616b113cd9ea4d2df6ffe26c83ae39.jpg. Detected amenity: bathtub. Detection confidence: low (0.13). Source prompt type: baseline. Question:",Which hotel amenity is most likely to be a bathtub?,What type of amenity is the bathtub?,Does the room have a bathtub?,Is there a bathtub in the room?
image_69_jpg.rf.8423e6ea171b2fb061b918f88b6f6a44.jpg,bathtub,0.3193944096565246,27.10930824279785,458.5200500488281,201.3636016845703,640.1944580078125,baseline,Image file: image_69_jpg.rf.8423e6ea171b2fb061b918f88b6f6a44.jpg. Detected amenity: bathtub. Detection confidence: medium (0.32). Source prompt type: baseline.,"You are generating hotel amenity questions for guests browsing accommodation photos. Given the detection summary below, generate a hotel amenity related question that a guest may ask or a guest might want to be answeredwhile browsing accommodation images. Keep the question short, factual, and neutral. Detection summary: Image file: image_69_jpg.rf.8423e6ea171b2fb061b918f88b6f6a44.jpg. Detected amenity: bathtub. Detection confidence: medium (0.32). Source prompt type: baseline. Question:",What is the name of the hotel amenity?,What type of amenity is the bathtub?,Does the room have a bathtub?,Does the bathtub have a shower attachment?
image_197_jpg.rf.663ded4da5b60db09c505df13b594aa7.jpg,bathtub,0.4024102091789245,321.9960021972656,391.122802734375,631.463623046875,549.588134765625,baseline,Image file: image_197_jpg.rf.663ded4da5b60db09c505df13b594aa7.jpg. Detected amenity: bathtub. Detection confidence: medium (0.40). Source prompt type: baseline.,"You are generating hotel amenity questions for guests browsing accommodation photos. Given the detection summary below, generate a hotel amenity related question that a guest may ask or a guest might want to be answeredwhile browsing accommodation images. Keep the question short, factual, and neutral. Detection summary: Image file: image_197_jpg.rf.663ded4da5b60db09c505df13b594aa7.jpg. Detected amenity: bathtub. Detection confidence: medium (0.40). Source prompt type: baseline. Question:",What is the name of the hotel amenity?,What type of amenity is the bathtub?,Does the room have a bathtub?,Does the hotel room have a separate shower?
image_21_jpg.rf.81f54dc145e0e31ba296c08ee979aa05.jpg,bathtub,0.149090439081192,132.3298797607422,451.0167236328125,539.552978515625,641.2468872070312,baseline,Image file: image_21_jpg.rf.81f54dc145e0e31ba296c08ee979aa05.jpg. Detected amenity: bathtub. Detection confidence: low (0.15). Source prompt type: baseline.,"You are generating hotel amenity questions for guests browsing accommodation photos. Given the detection summary below, generate a hotel amenity related question that a guest may ask or a guest might want to be answeredwhile browsing accommodation images. Keep the question short, factual, and neutral. Detection summary: Image file: image_21_jpg.rf.81f54dc145e0e31ba296c08ee979aa05.jpg. Detected amenity: bathtub. Detection confidence: low (0.15). Source prompt type: baseline. Question:",What type of amenity does a bathtub have?,What type of amenity is the bathtub?,Does this room have a bathtub?,Is the bathtub a standalone unit or part of a shower/bathtub combination?
image_24_jpg.rf.f3925b1e5c8b9537de97868303efb69b.jpg,bathtub,0.2872156202793121,291.4559631347656,437.5182800292969,640.6279296875,638.9105834960938,baseline,Image file: image_24_jpg.rf.f3925b1e5c8b9537de97868303efb69b.jpg. Detected amenity: bathtub. Detection confidence: low (0.29). Source prompt type: baseline.,"You are generating hotel amenity questions for guests browsing accommodation photos. Given the detection summary below, generate a hotel amenity related question that a guest may ask or a guest might want to be answeredwhile browsing accommodation images. Keep the question short, factual, and neutral. Detection summary: Image file: image_24_jpg.rf.f3925b1e5c8b9537de97868303efb69b.jpg. Detected amenity: bathtub. Detection confidence: low (0.29). Source prompt type: baseline. Question:",What type of amenity is the bathtub in a hotel?,What type of amenity is the bathtub?,Does the room have a bathtub?,Is the bathtub separate from the shower?
image_150_jpg.rf.6641ad738e9c13d65319377df9a43a8c.jpg,bathtub,0.5270016193389893,277.91070556640625,376.07818603515625,613.742431640625,592.7611083984375,baseline,Image file: image_150_jpg.rf.6641ad738e9c13d65319377df9a43a8c.jpg. Detected amenity: bathtub. Detection confidence: medium (0.53). Source prompt type: baseline.,"You are generating hotel amenity questions for guests browsing accommodation photos. Given the detection summary below, generate a hotel amenity related question that a guest may ask or a guest might want to be answeredwhile browsing accommodation images. Keep the question short, factual, and neutral. Detection summary: Image file: image_150_jpg.rf.6641ad738e9c13d65319377df9a43a8c.jpg. Detected amenity: bathtub. Detection confidence: medium (0.53). Source prompt type: baseline. Question:",What is the name of the hotel amenity?,What type of amenity is the bathtub?,Does this room have a bathtub?,Does the hotel room have a separate shower area?
image_194_jpg.rf.c0f11b1768ff84c8c79c82500c5c1d75.jpg,bathtub,0.105030708014965,44.05050277709961,338.564453125,474.5093383789063,641.892333984375,baseline,Image file: image_194_jpg.rf.c0f11b1768ff84c8c79c82500c5c1d75.jpg. Detected amenity: bathtub. Detection confidence: low (0.11). Source prompt type: baseline.,"You are generating hotel amenity questions for guests browsing accommodation photos. Given the detection summary below, generate a hotel amenity related question that a guest may ask or a guest might want to be answeredwhile browsing accommodation images. Keep the question short, factual, and neutral. Detection summary: Image file: image_194_jpg.rf.c0f11b1768ff84c8c79c82500c5c1d75.jpg. Detected amenity: bathtub. Detection confidence: low (0.11). Source prompt type: baseline. Question:",What type of amenity is the bathtub in a hotel?,What type of amenity is the bathtub?,Does this room have a bathtub?,Does the room have a walk-in shower option?
image_125_jpg.rf.3c2d5ec488c766caac317e90d802b6cb.jpg,bathtub,0.1585755944252014,75.58706665039062,497.8055114746094,490.9573974609375,640.173583984375,baseline,Image file: image_125_jpg.rf.3c2d5ec488c766caac317e90d802b6cb.jpg. Detected amenity: bathtub. Detection confidence: low (0.16). Source prompt type: baseline.,"You are generating hotel amenity questions for guests browsing accommodation photos. Given the detection summary below, generate a hotel amenity related question that a guest may ask or a guest might want to be answeredwhile browsing accommodation images. Keep the question short, factual, and neutral. Detection summary: Image file: image_125_jpg.rf.3c2d5ec488c766caac317e90d802b6cb.jpg. Detected amenity: bathtub. Detection confidence: low (0.16). Source prompt type: baseline. Question:",What type of amenity is the bathtub?,What type of amenity is the bathtub?,Does this room have a bathtub?,Does the room have a separate shower area?
image_144_jpg.rf.da59aba81562a070abca53f67cf73d63.jpg,bathtub,0.2793675363063812,74.70716857910156,438.8614501953125,381.4370727539063,637.512939453125,baseline,Image file: image_144_jpg.rf.da59aba81562a070abca53f67cf73d63.jpg. Detected amenity: bathtub. Detection confidence: low (0.28). Source prompt type: baseline.,"You are generating hotel amenity questions for guests browsing accommodation photos. Given the detection summary below, generate a hotel amenity related question that a guest may ask or a guest might want to be answeredwhile browsing accommodation images. Keep the question short, factual, and neutral. Detection summary: Image file: image_144_jpg.rf.da59aba81562a070abca53f67cf73d63.jpg. Detected amenity: bathtub. Detection confidence: low (0.28). Source prompt type: baseline. Question:",What type of amenity does the image file contain?,What type of amenity is the bathtub?,Does this room have a bathtub?,Is there a bathtub in the room?
image_7_jpg.rf.105f80081e50c0973533e698fac0998d.jpg,bathtub,0.1497206836938858,18.38953018188477,427.5721435546875,368.2735595703125,638.2628173828125,baseline,Image file: image_7_jpg.rf.105f80081e50c0973533e698fac0998d.jpg. Detected amenity: bathtub. Detection confidence: low (0.15). Source prompt type: baseline.,"You are generating hotel amenity questions for guests browsing accommodation photos. Given the detection summary below, generate a hotel amenity related question that a guest may ask or a guest might want to be answeredwhile browsing accommodation images. Keep the question short, factual, and neutral. Detection summary: Image file: image_7_jpg.rf.105f80081e50c0973533e698fac0998d.jpg. Detected amenity: bathtub. Detection confidence: low (0.15). Source prompt type: baseline. Question:",What type of amenity does a bathtub have?,What type of amenity is the bathtub?,Does this room have a bathtub?,Is there a bathtub in the room?
image_7_jpg.rf.105f80081e50c0973533e698fac0998d.jpg,bathtub,0.1003752499818801,354.6748046875,461.8030090332031,640.2935791015625,637.857177734375,baseline,Image file: image_7_jpg.rf.105f80081e50c0973533e698fac0998d.jpg. Detected amenity: bathtub. Detection confidence: low (0.10). Source prompt type: baseline.,"You are generating hotel amenity questions for guests browsing accommodation photos. Given the detection summary below, generate a hotel amenity related question that a guest may ask or a guest might want to be answeredwhile browsing accommodation images. Keep the question short, factual, and neutral. Detection summary: Image file: image_7_jpg.rf.105f80081e50c0973533e698fac0998d.jpg. Detected amenity: bathtub. Detection confidence: low (0.10). Source prompt type: baseline. Question:",What type of amenity is the bathtub in a hotel?,What type of amenity is the bathtub?,Does the room have a bathtub?,Does the hotel room have a bathtub?
image_114_jpg.rf.e931054445f9dd0149bb10329334ce22.jpg,bathtub,0.2741605639457702,300.6763000488281,445.04827880859375,636.870361328125,544.7610473632812,baseline,Image file: image_114_jpg.rf.e931054445f9dd0149bb10329334ce22.jpg. Detected amenity: bathtub. Detection confidence: low (0.27). Source prompt type: baseline.,"You are generating hotel amenity questions for guests browsing accommodation photos. Given the detection summary below, generate a hotel amenity related question that a guest may ask or a guest might want to be answeredwhile browsing accommodation images. Keep the question short, factual, and neutral. Detection summary: Image file: image_114_jpg.rf.e931054445f9dd0149bb10329334ce22.jpg. Detected amenity: bathtub. Detection confidence: low (0.27). Source prompt type: baseline. Question:",What type of amenity does a bathtub have?,What type of amenity is the bathtub?,Does this room have a bathtub?,Is there a bathtub in the room?
image_139_jpg.rf.4d99b58474f041faf04f3a0115197b00.jpg,bathtub,0.2260961830615997,63.485450744628906,441.5946044921875,545.414794921875,639.06396484375,baseline,Image file: image_139_jpg.rf.4d99b58474f041faf04f3a0115197b00.jpg. Detected amenity: bathtub. Detection confidence: low (0.23). Source prompt type: baseline.,"You are generating hotel amenity questions for guests browsing accommodation photos. Given the detection summary below, generate a hotel amenity related question that a guest may ask or a guest might want to be answeredwhile browsing accommodation images. Keep the question short, factual, and neutral. Detection summary: Image file: image_139_jpg.rf.4d99b58474f041faf04f3a0115197b00.jpg. Detected amenity: bathtub. Detection confidence: low (0.23). Source prompt type: baseline. Question:",What type of amenity is the bathtub in a hotel?,What type of amenity is the bathtub?,Does this room have a bathtub?,Is the bathtub separate from the shower?
image_64_jpg.rf.33076e4b502b34d36c70d4ecb68ae4c1.jpg,bathtub,0.5330843329429626,100.2909698486328,485.5330200195313,231.2910614013672,642.2801513671875,baseline,Image file: image_64_jpg.rf.33076e4b502b34d36c70d4ecb68ae4c1.jpg. Detected amenity: bathtub. Detection confidence: medium (0.53). Source prompt type: baseline.,"You are generating hotel amenity questions for guests browsing accommodation photos. Given the detection summary below, generate a hotel amenity related question that a guest may ask or a guest might want to be answeredwhile browsing accommodation images. Keep the question short, factual, and neutral. Detection summary: Image file: image_64_jpg.rf.33076e4b502b34d36c70d4ecb68ae4c1.jpg. Detected amenity: bathtub. Detection confidence: medium (0.53). Source prompt type: baseline. Question:",What is the name of the hotel amenity?,What type of amenity is the bathtub?,Does the room have a bathtub?,Does the bathtub have a shower attachment?
image_64_jpg.rf.33076e4b502b34d36c70d4ecb68ae4c1.jpg,bathtub,0.3145007789134979,64.39814758300781,480.8500671386719,227.4969787597656,638.1156005859375,baseline,Image file: image_64_jpg.rf.33076e4b502b34d36c70d4ecb68ae4c1.jpg. Detected amenity: bathtub. Detection confidence: medium (0.31). Source prompt type: baseline.,"You are generating hotel amenity questions for guests browsing accommodation photos. Given the detection summary below, generate a hotel amenity related question that a guest may ask or a guest might want to be answeredwhile browsing accommodation images. Keep the question short, factual, and neutral. Detection summary: Image file: image_64_jpg.rf.33076e4b502b34d36c70d4ecb68ae4c1.jpg. Detected amenity: bathtub. Detection confidence: medium (0.31). Source prompt type: baseline. Question:",What type of amenity does a bathtub have?,What type of amenity is the bathtub?,Does the room have a bathtub?,Does the hotel room have a walk-in shower or a separate shower area?
image_169_jpg.rf.e9b8527a37adcc27ec7d82d9896dcad2.jpg,bathtub,0.1212511137127876,82.90399169921875,441.32470703125,409.3836975097656,639.1193237304688,baseline,Image file: image_169_jpg.rf.e9b8527a37adcc27ec7d82d9896dcad2.jpg. Detected amenity: bathtub. Detection confidence: low (0.12). Source prompt type: baseline.,"You are generating hotel amenity questions for guests browsing accommodation photos. Given the detection summary below, generate a hotel amenity related question that a guest may ask or a guest might want to be answeredwhile browsing accommodation images. Keep the question short, factual, and neutral. Detection summary: Image file: image_169_jpg.rf.e9b8527a37adcc27ec7d82d9896dcad2.jpg. Detected amenity: bathtub. Detection confidence: low (0.12). Source prompt type: baseline. Question:",What type of amenity does the image show?,What type of amenity is the bathtub?,Does this room have a bathtub?,Does the room have a separate shower stall?
image_157_jpg.rf.7f1e0b0923a2165843668f366857db96.jpg,bathtub,0.1804585307836532,-6.227626800537109,355.6330871582031,328.2017517089844,630.0189208984375,baseline,Image file: image_157_jpg.rf.7f1e0b0923a2165843668f366857db96.jpg. Detected amenity: bathtub. Detection confidence: low (0.18). Source prompt type: baseline.,"You are generating hotel amenity questions for guests browsing accommodation photos. Given the detection summary below, generate a hotel amenity related question that a guest may ask or a guest might want to be answeredwhile browsing accommodation images. Keep the question short, factual, and neutral. Detection summary: Image file: image_157_jpg.rf.7f1e0b0923a2165843668f366857db96.jpg. Detected amenity: bathtub. Detection confidence: low (0.18). Source prompt type: baseline. Question:",What type of amenity does the image file contain?,What type of amenity is the bathtub?,Does this room have a bathtub?,Does the bathtub have a shower attachment?
image_157_jpg.rf.7f1e0b0923a2165843668f366857db96.jpg,bathtub,0.2081463932991027,387.5343627929688,449.6209411621094,606.840087890625,642.85400390625,baseline,Image file: image_157_jpg.rf.7f1e0b0923a2165843668f366857db96.jpg. Detected amenity: bathtub. Detection confidence: low (0.21). Source prompt type: baseline.,"You are generating hotel amenity questions for guests browsing accommodation photos. Given the detection summary below, generate a hotel amenity related question that a guest may ask or a guest might want to be answeredwhile browsing accommodation images. Keep the question short, factual, and neutral. Detection summary: Image file: image_157_jpg.rf.7f1e0b0923a2165843668f366857db96.jpg. Detected amenity: bathtub. Detection confidence: low (0.21). Source prompt type: baseline. Question:",What type of amenity is the bathtub in a hotel?,What is the name of the hotel's bathtub?,Does this room have a bathtub?,Is there a bathtub in the room?
image_50_jpg.rf.780239f89bf4bf7c477159fad51de2a2.jpg,bathtub,0.234928160905838,4.082736968994141,380.9943237304688,350.37109375,636.6954956054688,baseline,Image file: image_50_jpg.rf.780239f89bf4bf7c477159fad51de2a2.jpg. Detected amenity: bathtub. Detection confidence: low (0.23). Source prompt type: baseline.,"You are generating hotel amenity questions for guests browsing accommodation photos. Given the detection summary below, generate a hotel amenity related question that a guest may ask or a guest might want to be answeredwhile browsing accommodation images. Keep the question short, factual, and neutral. Detection summary: Image file: image_50_jpg.rf.780239f89bf4bf7c477159fad51de2a2.jpg. Detected amenity: bathtub. Detection confidence: low (0.23). Source prompt type: baseline. Question:",What type of amenity is the bathtub in a hotel?,What type of amenity is the bathtub?,Does this room have a bathtub?,Does the room have a separate shower?
image_80_jpg.rf.44aa0730b7ff7e7fc0c5d331326dd79d.jpg,bathtub,0.2392196208238601,0.0216865539550781,475.0532531738281,221.30230712890625,640.0640869140625,baseline,Image file: image_80_jpg.rf.44aa0730b7ff7e7fc0c5d331326dd79d.jpg. Detected amenity: bathtub. Detection confidence: low (0.24). Source prompt type: baseline.,"You are generating hotel amenity questions for guests browsing accommodation photos. Given the detection summary below, generate a hotel amenity related question that a guest may ask or a guest might want to be answeredwhile browsing accommodation images. Keep the question short, factual, and neutral. Detection summary: Image file: image_80_jpg.rf.44aa0730b7ff7e7fc0c5d331326dd79d.jpg. Detected amenity: bathtub. Detection confidence: low (0.24). Source prompt type: baseline. Question:",What type of amenity is the bathtub in a hotel?,What type of amenity is the bathtub?,Does this room have a bathtub?,Is there a separate shower in the bathroom?
image_44_jpg.rf.643cd584c5f3c4f457d154bf41fdbd43.jpg,bathtub,0.4923133552074432,109.91372680664062,205.07379150390625,333.67303466796875,628.2055053710938,baseline,Image file: image_44_jpg.rf.643cd584c5f3c4f457d154bf41fdbd43.jpg. Detected amenity: bathtub. Detection confidence: medium (0.49). Source prompt type: baseline.,"You are generating hotel amenity questions for guests browsing accommodation photos. Given the detection summary below, generate a hotel amenity related question that a guest may ask or a guest might want to be answeredwhile browsing accommodation images. Keep the question short, factual, and neutral. Detection summary: Image file: image_44_jpg.rf.643cd584c5f3c4f457d154bf41fdbd43.jpg. Detected amenity: bathtub. Detection confidence: medium (0.49). Source prompt type: baseline. Question:",What is the name of the hotel amenity?,What type of amenity is the bathtub?,Does this room have a bathtub?,Does the room have a separate shower in addition to the bathtub?
image_44_jpg.rf.643cd584c5f3c4f457d154bf41fdbd43.jpg,bathtub,0.1039743721485138,369.489501953125,275.3297424316406,628.3966064453125,474.1539916992188,baseline,Image file: image_44_jpg.rf.643cd584c5f3c4f457d154bf41fdbd43.jpg. Detected amenity: bathtub. Detection confidence: low (0.10). Source prompt type: baseline.,"You are generating hotel amenity questions for guests browsing accommodation photos. Given the detection summary below, generate a hotel amenity related question that a guest may ask or a guest might want to be answeredwhile browsing accommodation images. Keep the question short, factual, and neutral. Detection summary: Image file: image_44_jpg.rf.643cd584c5f3c4f457d154bf41fdbd43.jpg. Detected amenity: bathtub. Detection confidence: low (0.10). Source prompt type: baseline. Question:",What type of amenity is the bathtub in a hotel?,What is the name of the hotel's bathtub?,Does this room have a bathtub?,Does the hotel room have a separate shower or a walk-in shower?
image_170_jpg.rf.50f296e0d721f9b72a78867bfceac10d.jpg,bathtub,0.1344051659107208,0.9789657592773438,473.2989196777344,334.2973327636719,642.712646484375,baseline,Image file: image_170_jpg.rf.50f296e0d721f9b72a78867bfceac10d.jpg. Detected amenity: bathtub. Detection confidence: low (0.13). Source prompt type: baseline.,"You are generating hotel amenity questions for guests browsing accommodation photos. Given the detection summary below, generate a hotel amenity related question that a guest may ask or a guest might want to be answeredwhile browsing accommodation images. Keep the question short, factual, and neutral. Detection summary: Image file: image_170_jpg.rf.50f296e0d721f9b72a78867bfceac10d.jpg. Detected amenity: bathtub. Detection confidence: low (0.13). Source prompt type: baseline. Question:",What type of amenity is the bathtub in a hotel?,What type of amenity is the bathtub?,Does this room have a bathtub?,Is the bathtub separate from the shower?
image_143_jpg.rf.973dc9b936a34477602ecd4a9ef46d8a.jpg,bathtub,0.1658830344676971,258.7188720703125,368.8443298339844,644.740966796875,640.1754150390625,baseline,Image file: image_143_jpg.rf.973dc9b936a34477602ecd4a9ef46d8a.jpg. Detected amenity: bathtub. Detection confidence: low (0.17). Source prompt type: baseline.,"You are generating hotel amenity questions for guests browsing accommodation photos. Given the detection summary below, generate a hotel amenity related question that a guest may ask or a guest might want to be answeredwhile browsing accommodation images. Keep the question short, factual, and neutral. Detection summary: Image file: image_143_jpg.rf.973dc9b936a34477602ecd4a9ef46d8a.jpg. Detected amenity: bathtub. Detection confidence: low (0.17). Source prompt type: baseline. Question:",What type of amenity is the bathtub in a hotel?,What type of amenity is the bathtub?,Does this room have a bathtub?,Is there a bathtub in the room?
image_46_jpg.rf.2bc385ddd034136b1ac864c343058970.jpg,bathtub,0.1332569420337677,152.079345703125,303.9013671875,346.9030456542969,643.6943359375,baseline,Image file: image_46_jpg.rf.2bc385ddd034136b1ac864c343058970.jpg. Detected amenity: bathtub. Detection confidence: low (0.13). Source prompt type: baseline.,"You are generating hotel amenity questions for guests browsing accommodation photos. Given the detection summary below, generate a hotel amenity related question that a guest may ask or a guest might want to be answeredwhile browsing accommodation images. Keep the question short, factual, and neutral. Detection summary: Image file: image_46_jpg.rf.2bc385ddd034136b1ac864c343058970.jpg. Detected amenity: bathtub. Detection confidence: low (0.13). Source prompt type: baseline. Question:",What type of amenity is the bathtub in a hotel?,What type of amenity is the bathtub?,Does the room have a bathtub?,Is the bathtub separate from the shower?
image_51_jpg.rf.7b159e702507ea94cd8e459993d0693f.jpg,bathtub,0.336241215467453,-4.409341812133789,397.0657348632813,248.88180541992188,638.6993408203125,baseline,Image file: image_51_jpg.rf.7b159e702507ea94cd8e459993d0693f.jpg. Detected amenity: bathtub. Detection confidence: medium (0.34). Source prompt type: baseline.,"You are generating hotel amenity questions for guests browsing accommodation photos. Given the detection summary below, generate a hotel amenity related question that a guest may ask or a guest might want to be answeredwhile browsing accommodation images. Keep the question short, factual, and neutral. Detection summary: Image file: image_51_jpg.rf.7b159e702507ea94cd8e459993d0693f.jpg. Detected amenity: bathtub. Detection confidence: medium (0.34). Source prompt type: baseline. Question:",What is the name of the hotel amenity?,What type of amenity is the bathtub?,Does this room have a bathtub?,Does the hotel room have a separate shower?
image_51_jpg.rf.7b159e702507ea94cd8e459993d0693f.jpg,bathtub,0.1712985038757324,-2.6742935180664062,402.9787902832031,195.93374633789065,545.2201538085938,baseline,Image file: image_51_jpg.rf.7b159e702507ea94cd8e459993d0693f.jpg. Detected amenity: bathtub. Detection confidence: low (0.17). Source prompt type: baseline.,"You are generating hotel amenity questions for guests browsing accommodation photos. Given the detection summary below, generate a hotel amenity related question that a guest may ask or a guest might want to be answeredwhile browsing accommodation images. Keep the question short, factual, and neutral. Detection summary: Image file: image_51_jpg.rf.7b159e702507ea94cd8e459993d0693f.jpg. Detected amenity: bathtub. Detection confidence: low (0.17). Source prompt type: baseline. Question:",What type of amenity does the image file contain?,What type of amenity is the bathtub?,Does this room have a bathtub?,Is there a bathtub in the room?
image_51_jpg.rf.7b159e702507ea94cd8e459993d0693f.jpg,bathtub,0.1246735677123069,177.57958984375,402.76861572265625,251.6208038330078,622.8905029296875,baseline,Image file: image_51_jpg.rf.7b159e702507ea94cd8e459993d0693f.jpg. Detected amenity: bathtub. Detection confidence: low (0.12). Source prompt type: baseline.,"You are generating hotel amenity questions for guests browsing accommodation photos. Given the detection summary below, generate a hotel amenity related question that a guest may ask or a guest might want to be answeredwhile browsing accommodation images. Keep the question short, factual, and neutral. Detection summary: Image file: image_51_jpg.rf.7b159e702507ea94cd8e459993d0693f.jpg. Detected amenity: bathtub. Detection confidence: low (0.12). Source prompt type: baseline. Question:",What type of amenity is the bathtub in a hotel?,What type of amenity is the bathtub?,Does this room have a bathtub?,Does the room have a walk-in shower or a separate shower area in addition to the bathtub?
image_153_jpg.rf.2b690039cc826cb373e8b36f114ac8da.jpg,bathtub,0.1144595667719841,206.973388671875,452.6690368652344,639.2119140625,635.2249755859375,baseline,Image file: image_153_jpg.rf.2b690039cc826cb373e8b36f114ac8da.jpg. Detected amenity: bathtub. Detection confidence: low (0.11). Source prompt type: baseline.,"You are generating hotel amenity questions for guests browsing accommodation photos. Given the detection summary below, generate a hotel amenity related question that a guest may ask or a guest might want to be answeredwhile browsing accommodation images. Keep the question short, factual, and neutral. Detection summary: Image file: image_153_jpg.rf.2b690039cc826cb373e8b36f114ac8da.jpg. Detected amenity: bathtub. Detection confidence: low (0.11). Source prompt type: baseline. Question:",What type of amenity is the bathtub in a hotel?,What type of amenity is the bathtub?,Does this room have a bathtub?,Is there a bathtub in the room?
image_11_jpg.rf.97be198888a5d9467b56b34ab3a34879.jpg,bathtub,0.1270992159843444,309.16912841796875,518.8612670898438,634.8253784179688,641.3177490234375,baseline,Image file: image_11_jpg.rf.97be198888a5d9467b56b34ab3a34879.jpg. Detected amenity: bathtub. Detection confidence: low (0.13). Source prompt type: baseline.,"You are generating hotel amenity questions for guests browsing accommodation photos. Given the detection summary below, generate a hotel amenity related question that a guest may ask or a guest might want to be answeredwhile browsing accommodation images. Keep the question short, factual, and neutral. Detection summary: Image file: image_11_jpg.rf.97be198888a5d9467b56b34ab3a34879.jpg. Detected amenity: bathtub. Detection confidence: low (0.13). Source prompt type: baseline. Question:",What type of amenity does the image show?,What is the name of the hotel's bathtub?,Does this room have a bathtub?,Is the bathtub separate from the shower?
image_100_jpg.rf.6feee3ceca4b6005b98b7047fefb2ab9.jpg,bathtub,0.1704373806715011,396.1021423339844,395.0296020507813,639.1357421875,639.8316040039062,baseline,Image file: image_100_jpg.rf.6feee3ceca4b6005b98b7047fefb2ab9.jpg. Detected amenity: bathtub. Detection confidence: low (0.17). Source prompt type: baseline.,"You are generating hotel amenity questions for guests browsing accommodation photos. Given the detection summary below, generate a hotel amenity related question that a guest may ask or a guest might want to be answeredwhile browsing accommodation images. Keep the question short, factual, and neutral. Detection summary: Image file: image_100_jpg.rf.6feee3ceca4b6005b98b7047fefb2ab9.jpg. Detected amenity: bathtub. Detection confidence: low (0.17). Source prompt type: baseline. Question:",What type of amenity does the image show?,What is the name of the hotel's bathtub?,Does the room have a bathtub?,Does the room have a separate shower?
image_86_jpg.rf.ea06ad8c1ecb4141cdcb6b37fc51d07d.jpg,bathtub,0.3538423478603363,277.4100341796875,405.039306640625,629.0382080078125,642.101318359375,baseline,Image file: image_86_jpg.rf.ea06ad8c1ecb4141cdcb6b37fc51d07d.jpg. Detected amenity: bathtub. Detection confidence: medium (0.35). Source prompt type: baseline.,"You are generating hotel amenity questions for guests browsing accommodation photos. Given the detection summary below, generate a hotel amenity related question that a guest may ask or a guest might want to be answeredwhile browsing accommodation images. Keep the question short, factual, and neutral. Detection summary: Image file: image_86_jpg.rf.ea06ad8c1ecb4141cdcb6b37fc51d07d.jpg. Detected amenity: bathtub. Detection confidence: medium (0.35). Source prompt type: baseline. Question:",What is the name of the hotel amenity?,What type of amenity is the bathtub?,Does this room have a bathtub?,Does the hotel room have a separate shower stall?
image_202_jpg.rf.250fa04832b575082450d5b7c14259a9.jpg,bathtub,0.1731568425893783,460.2563171386719,384.4105529785156,639.5635375976562,640.3367919921875,baseline,Image file: image_202_jpg.rf.250fa04832b575082450d5b7c14259a9.jpg. Detected amenity: bathtub. Detection confidence: low (0.17). Source prompt type: baseline.,"You are generating hotel amenity questions for guests browsing accommodation photos. Given the detection summary below, generate a hotel amenity related question that a guest may ask or a guest might want to be answeredwhile browsing accommodation images. Keep the question short, factual, and neutral. Detection summary: Image file: image_202_jpg.rf.250fa04832b575082450d5b7c14259a9.jpg. Detected amenity: bathtub. Detection confidence: low (0.17). Source prompt type: baseline. Question:",What type of amenity does the image show?,What type of amenity is the bathtub?,Does this room have a bathtub?,Is there a bathtub in the room?
image_210_jpg.rf.c3ae8b6f3ec0c40352312f9894602530.jpg,bathtub,0.1838510036468505,11.041336059570312,442.3211364746094,346.96728515625,641.6546630859375,baseline,Image file: image_210_jpg.rf.c3ae8b6f3ec0c40352312f9894602530.jpg. Detected amenity: bathtub. Detection confidence: low (0.18). Source prompt type: baseline.,"You are generating hotel amenity questions for guests browsing accommodation photos. Given the detection summary below, generate a hotel amenity related question that a guest may ask or a guest might want to be answeredwhile browsing accommodation images. Keep the question short, factual, and neutral. Detection summary: Image file: image_210_jpg.rf.c3ae8b6f3ec0c40352312f9894602530.jpg. Detected amenity: bathtub. Detection confidence: low (0.18). Source prompt type: baseline. Question:",What type of amenity does the image show?,What type of amenity is the bathtub?,Does this room have a bathtub?,Is the bathtub separate from the shower?
image_55_jpg.rf.f44878d3b1431b6b4d21e9c4caa73a42.jpg,bathtub,0.4437876939773559,21.828670501708984,463.9945068359375,227.7950439453125,642.6555786132812,baseline,Image file: image_55_jpg.rf.f44878d3b1431b6b4d21e9c4caa73a42.jpg. Detected amenity: bathtub. Detection confidence: medium (0.44). Source prompt type: baseline.,"You are generating hotel amenity questions for guests browsing accommodation photos. Given the detection summary below, generate a hotel amenity related question that a guest may ask or a guest might want to be answeredwhile browsing accommodation images. Keep the question short, factual, and neutral. Detection summary: Image file: image_55_jpg.rf.f44878d3b1431b6b4d21e9c4caa73a42.jpg. Detected amenity: bathtub. Detection confidence: medium (0.44). Source prompt type: baseline. Question:",What is the name of the hotel amenity?,What type of amenity is the bathtub?,Does this room have a bathtub?,Does the room have a separate shower stall?
image_39_jpg.rf.1148f74abd7bc00b5cf15446357aebd2.jpg,bathtub,0.3347456753253937,8.773612976074219,415.2786560058594,302.1572570800781,627.1678466796875,baseline,Image file: image_39_jpg.rf.1148f74abd7bc00b5cf15446357aebd2.jpg. Detected amenity: bathtub. Detection confidence: medium (0.33). Source prompt type: baseline.,"You are generating hotel amenity questions for guests browsing accommodation photos. Given the detection summary below, generate a hotel amenity related question that a guest may ask or a guest might want to be answeredwhile browsing accommodation images. Keep the question short, factual, and neutral. Detection summary: Image file: image_39_jpg.rf.1148f74abd7bc00b5cf15446357aebd2.jpg. Detected amenity: bathtub. Detection confidence: medium (0.33). Source prompt type: baseline. Question:",What is the name of the hotel amenity?,What type of amenity is the bathtub?,Does this room have a bathtub?,Does the hotel room have a separate shower?
image_39_jpg.rf.1148f74abd7bc00b5cf15446357aebd2.jpg,bathtub,0.1196025088429451,421.46197509765625,513.5001831054688,571.8765869140625,638.8330688476562,baseline,Image file: image_39_jpg.rf.1148f74abd7bc00b5cf15446357aebd2.jpg. Detected amenity: bathtub. Detection confidence: low (0.12). Source prompt type: baseline.,"You are generating hotel amenity questions for guests browsing accommodation photos. Given the detection summary below, generate a hotel amenity related question that a guest may ask or a guest might want to be answeredwhile browsing accommodation images. Keep the question short, factual, and neutral. Detection summary: Image file: image_39_jpg.rf.1148f74abd7bc00b5cf15446357aebd2.jpg. Detected amenity: bathtub. Detection confidence: low (0.12). Source prompt type: baseline. Question:",What type of amenity does the image show?,What type of amenity is the bathtub?,Does this room have a bathtub?,Is the bathtub separate from the shower?
image_135_jpg.rf.bf9503d5d32f7bf4656850df76059ebc.jpg,bathtub,0.2775688469409942,42.8284912109375,349.2709350585937,315.5097045898437,510.6310424804688,baseline,Image file: image_135_jpg.rf.bf9503d5d32f7bf4656850df76059ebc.jpg. Detected amenity: bathtub. Detection confidence: low (0.28). Source prompt type: baseline.,"You are generating hotel amenity questions for guests browsing accommodation photos. Given the detection summary below, generate a hotel amenity related question that a guest may ask or a guest might want to be answeredwhile browsing accommodation images. Keep the question short, factual, and neutral. Detection summary: Image file: image_135_jpg.rf.bf9503d5d32f7bf4656850df76059ebc.jpg. Detected amenity: bathtub. Detection confidence: low (0.28). Source prompt type: baseline. Question:",What type of amenity does the image file contain?,What type of amenity is the bathtub?,Does this room have a bathtub?,Does the bathtub have a shower attachment?
image_135_jpg.rf.bf9503d5d32f7bf4656850df76059ebc.jpg,bathtub,0.4350202679634094,154.97128295898438,346.1410827636719,318.3356018066406,480.8800048828125,baseline,Image file: image_135_jpg.rf.bf9503d5d32f7bf4656850df76059ebc.jpg. Detected amenity: bathtub. Detection confidence: medium (0.44). Source prompt type: baseline.,"You are generating hotel amenity questions for guests browsing accommodation photos. Given the detection summary below, generate a hotel amenity related question that a guest may ask or a guest might want to be answeredwhile browsing accommodation images. Keep the question short, factual, and neutral. Detection summary: Image file: image_135_jpg.rf.bf9503d5d32f7bf4656850df76059ebc.jpg. Detected amenity: bathtub. Detection confidence: medium (0.44). Source prompt type: baseline. Question:",What is the name of the hotel amenity?,What type of amenity is the bathtub?,Does this room have a bathtub?,Does the hotel room have a separate shower?
image_31_jpg.rf.dc9e4e313d10b0f808a1a79d56487d79.jpg,bathtub,0.5597632527351379,39.54826354980469,416.1507873535156,247.64279174804688,639.2897338867188,baseline,Image file: image_31_jpg.rf.dc9e4e313d10b0f808a1a79d56487d79.jpg. Detected amenity: bathtub. Detection confidence: medium (0.56). Source prompt type: baseline.,"You are generating hotel amenity questions for guests browsing accommodation photos. Given the detection summary below, generate a hotel amenity related question that a guest may ask or a guest might want to be answeredwhile browsing accommodation images. Keep the question short, factual, and neutral. Detection summary: Image file: image_31_jpg.rf.dc9e4e313d10b0f808a1a79d56487d79.jpg. Detected amenity: bathtub. Detection confidence: medium (0.56). Source prompt type: baseline. Question:",What is the name of the hotel amenity?,What type of amenity is the bathtub?,Does this room have a bathtub?,Does the room have a separate shower area?
image_146_jpg.rf.abbdd11aaa159ff6009c5a2074fa677f.jpg,bathtub,0.4152650535106659,0.0427627563476562,383.544677734375,298.1558532714844,637.2643432617188,baseline,Image file: image_146_jpg.rf.abbdd11aaa159ff6009c5a2074fa677f.jpg. Detected amenity: bathtub. Detection confidence: medium (0.42). Source prompt type: baseline.,"You are generating hotel amenity questions for guests browsing accommodation photos. Given the detection summary below, generate a hotel amenity related question that a guest may ask or a guest might want to be answeredwhile browsing accommodation images. Keep the question short, factual, and neutral. Detection summary: Image file: image_146_jpg.rf.abbdd11aaa159ff6009c5a2074fa677f.jpg. Detected amenity: bathtub. Detection confidence: medium (0.42). Source prompt type: baseline. Question:",What is the name of the hotel amenity?,What type of amenity is the bathtub?,Does the room have a bathtub?,Does the hotel room have a separate shower?
image_146_jpg.rf.abbdd11aaa159ff6009c5a2074fa677f.jpg,bathtub,0.3283039629459381,2.2410202026367188,458.23870849609375,293.1799621582031,636.2828369140625,baseline,Image file: image_146_jpg.rf.abbdd11aaa159ff6009c5a2074fa677f.jpg. Detected amenity: bathtub. Detection confidence: medium (0.33). Source prompt type: baseline.,"You are generating hotel amenity questions for guests browsing accommodation photos. Given the detection summary below, generate a hotel amenity related question that a guest may ask or a guest might want to be answeredwhile browsing accommodation images. Keep the question short, factual, and neutral. Detection summary: Image file: image_146_jpg.rf.abbdd11aaa159ff6009c5a2074fa677f.jpg. Detected amenity: bathtub. Detection confidence: medium (0.33). Source prompt type: baseline. Question:",What is the name of the hotel amenity?,What type of amenity is the bathtub?,Does this room have a bathtub?,Does the bathtub have a shower attachment?
image_146_jpg.rf.abbdd11aaa159ff6009c5a2074fa677f.jpg,bathtub,0.2321070879697799,6.571025848388672,492.908935546875,292.9093017578125,641.023681640625,baseline,Image file: image_146_jpg.rf.abbdd11aaa159ff6009c5a2074fa677f.jpg. Detected amenity: bathtub. Detection confidence: low (0.23). Source prompt type: baseline.,"You are generating hotel amenity questions for guests browsing accommodation photos. Given the detection summary below, generate a hotel amenity related question that a guest may ask or a guest might want to be answeredwhile browsing accommodation images. Keep the question short, factual, and neutral. Detection summary: Image file: image_146_jpg.rf.abbdd11aaa159ff6009c5a2074fa677f.jpg. Detected amenity: bathtub. Detection confidence: low (0.23). Source prompt type: baseline. Question:",What is the name of the hotel amenity?,What type of amenity is the bathtub?,Does the room have a bathtub?,Does the bathtub have a shower attachment?
image_118_jpg.rf.f2f12fa38940475de6152f6d83535872.jpg,bathtub,0.2467327117919922,307.2304992675781,423.6598205566406,611.9736328125,638.55126953125,baseline,Image file: image_118_jpg.rf.f2f12fa38940475de6152f6d83535872.jpg. Detected amenity: bathtub. Detection confidence: low (0.25). Source prompt type: baseline.,"You are generating hotel amenity questions for guests browsing accommodation photos. Given the detection summary below, generate a hotel amenity related question that a guest may ask or a guest might want to be answeredwhile browsing accommodation images. Keep the question short, factual, and neutral. Detection summary: Image file: image_118_jpg.rf.f2f12fa38940475de6152f6d83535872.jpg. Detected amenity: bathtub. Detection confidence: low (0.25). Source prompt type: baseline. Question:",What type of amenity does a bathtub have?,What type of amenity is the bathtub?,Does this room have a bathtub?,Is there a bathtub in the room?
image_151_jpg.rf.bc2a52c20c5b53799addab2a4d6b425e.jpg,bathtub,0.4245546162128448,0.2065849304199218,418.3976440429688,250.6649932861328,640.210205078125,baseline,Image file: image_151_jpg.rf.bc2a52c20c5b53799addab2a4d6b425e.jpg. Detected amenity: bathtub. Detection confidence: medium (0.42). Source prompt type: baseline.,"You are generating hotel amenity questions for guests browsing accommodation photos. Given the detection summary below, generate a hotel amenity related question that a guest may ask or a guest might want to be answeredwhile browsing accommodation images. Keep the question short, factual, and neutral. Detection summary: Image file: image_151_jpg.rf.bc2a52c20c5b53799addab2a4d6b425e.jpg. Detected amenity: bathtub. Detection confidence: medium (0.42). Source prompt type: baseline. Question:",What is the name of the hotel amenity?,What type of amenity is the bathtub?,Does this room have a bathtub?,Does the room have a separate shower?
image_171_jpg.rf.1546eb8a795e0fcd8311287f2264a636.jpg,bathtub,0.3757461309432983,222.98944091796875,479.3386535644531,638.9578247070312,640.5428466796875,baseline,Image file: image_171_jpg.rf.1546eb8a795e0fcd8311287f2264a636.jpg. Detected amenity: bathtub. Detection confidence: medium (0.38). Source prompt type: baseline.,"You are generating hotel amenity questions for guests browsing accommodation photos. Given the detection summary below, generate a hotel amenity related question that a guest may ask or a guest might want to be answeredwhile browsing accommodation images. Keep the question short, factual, and neutral. Detection summary: Image file: image_171_jpg.rf.1546eb8a795e0fcd8311287f2264a636.jpg. Detected amenity: bathtub. Detection confidence: medium (0.38). Source prompt type: baseline. Question:",What is the name of the hotel amenity?,What type of amenity is the bathtub?,Does the room have a bathtub?,Does the room have a separate shower or is it a shower-over-bathtub setup?
image_127_jpg.rf.6fcbcc10efd39be9384a7d18f86fa2ee.jpg,bathtub,0.1580496281385421,1.7224502563476562,380.3472595214844,349.80096435546875,636.2186279296875,baseline,Image file: image_127_jpg.rf.6fcbcc10efd39be9384a7d18f86fa2ee.jpg. Detected amenity: bathtub. Detection confidence: low (0.16). Source prompt type: baseline.,"You are generating hotel amenity questions for guests browsing accommodation photos. Given the detection summary below, generate a hotel amenity related question that a guest may ask or a guest might want to be answeredwhile browsing accommodation images. Keep the question short, factual, and neutral. Detection summary: Image file: image_127_jpg.rf.6fcbcc10efd39be9384a7d18f86fa2ee.jpg. Detected amenity: bathtub. Detection confidence: low (0.16). Source prompt type: baseline. Question:",What type of amenity is the bathtub in a hotel?,What type of amenity is the bathtub?,Does this room have a bathtub?,Does the bathtub have a showerhead?
image_27_jpg.rf.9596cb25e946d2069543efdfbe2fa417.jpg,bathtub,0.1838701516389846,-3.2176589965820312,421.4024353027344,200.98797607421875,643.7316284179688,baseline,Image file: image_27_jpg.rf.9596cb25e946d2069543efdfbe2fa417.jpg. Detected amenity: bathtub. Detection confidence: low (0.18). Source prompt type: baseline.,"You are generating hotel amenity questions for guests browsing accommodation photos. Given the detection summary below, generate a hotel amenity related question that a guest may ask or a guest might want to be answeredwhile browsing accommodation images. Keep the question short, factual, and neutral. Detection summary: Image file: image_27_jpg.rf.9596cb25e946d2069543efdfbe2fa417.jpg. Detected amenity: bathtub. Detection confidence: low (0.18). Source prompt type: baseline. Question:",What type of amenity does a bathtub have?,What type of amenity is the bathtub?,Does this room have a bathtub?,Is there a bathtub available in the room?
image_60_jpg.rf.1c6ce8f598092f42fcce9365b372235a.jpg,bathtub,0.2537729740142822,385.6646728515625,453.2585144042969,641.4873657226562,645.760986328125,baseline,Image file: image_60_jpg.rf.1c6ce8f598092f42fcce9365b372235a.jpg. Detected amenity: bathtub. Detection confidence: low (0.25). Source prompt type: baseline.,"You are generating hotel amenity questions for guests browsing accommodation photos. Given the detection summary below, generate a hotel amenity related question that a guest may ask or a guest might want to be answeredwhile browsing accommodation images. Keep the question short, factual, and neutral. Detection summary: Image file: image_60_jpg.rf.1c6ce8f598092f42fcce9365b372235a.jpg. Detected amenity: bathtub. Detection confidence: low (0.25). Source prompt type: baseline. Question:",What type of amenity is the bathtub in a hotel?,What type of amenity is the bathtub?,Does this room have a bathtub?,Is the bathtub separate from the shower?
image_60_jpg.rf.1c6ce8f598092f42fcce9365b372235a.jpg,bathtub,0.11474609375,380.7511901855469,452.779541015625,486.9229736328125,641.1929321289062,baseline,Image file: image_60_jpg.rf.1c6ce8f598092f42fcce9365b372235a.jpg. Detected amenity: bathtub. Detection confidence: low (0.11). Source prompt type: baseline.,"You are generating hotel amenity questions for guests browsing accommodation photos. Given the detection summary below, generate a hotel amenity related question that a guest may ask or a guest might want to be answeredwhile browsing accommodation images. Keep the question short, factual, and neutral. Detection summary: Image file: image_60_jpg.rf.1c6ce8f598092f42fcce9365b372235a.jpg. Detected amenity: bathtub. Detection confidence: low (0.11). Source prompt type: baseline. Question:",What type of amenity is the bathtub in a hotel?,What type of amenity is the bathtub?,Does the room have a bathtub?,Does the room have a separate shower area?
image_60_jpg.rf.1c6ce8f598092f42fcce9365b372235a.jpg,bathtub,0.1980523467063903,390.8784484863281,454.19439697265625,641.0205688476562,640.3369140625,baseline,Image file: image_60_jpg.rf.1c6ce8f598092f42fcce9365b372235a.jpg. Detected amenity: bathtub. Detection confidence: low (0.20). Source prompt type: baseline.,"You are generating hotel amenity questions for guests browsing accommodation photos. Given the detection summary below, generate a hotel amenity related question that a guest may ask or a guest might want to be answeredwhile browsing accommodation images. Keep the question short, factual, and neutral. Detection summary: Image file: image_60_jpg.rf.1c6ce8f598092f42fcce9365b372235a.jpg. Detected amenity: bathtub. Detection confidence: low (0.20). Source prompt type: baseline. Question:",What type of amenity does the image file contain?,What type of amenity is the bathtub?,Does this room have a bathtub?,Is there a bathtub in the room?
image_23_jpg.rf.1ad7314110e7a61336d8305cdcea5775.jpg,bathtub,0.6101180911064148,367.0732116699219,429.4844970703125,642.300048828125,637.427001953125,baseline,Image file: image_23_jpg.rf.1ad7314110e7a61336d8305cdcea5775.jpg. Detected amenity: bathtub. Detection confidence: high (0.61). Source prompt type: baseline.,"You are generating hotel amenity questions for guests browsing accommodation photos. Given the detection summary below, generate a hotel amenity related question that a guest may ask or a guest might want to be answeredwhile browsing accommodation images. Keep the question short, factual, and neutral. Detection summary: Image file: image_23_jpg.rf.1ad7314110e7a61336d8305cdcea5775.jpg. Detected amenity: bathtub. Detection confidence: high (0.61). Source prompt type: baseline. Question:",What type of amenity does a bathtub have?,What is the name of the hotel's bathtub?,Does the room have a separate bathtub or is it a combined shower and bathtub?,Does the bathtub have a shower attachment?
image_23_jpg.rf.1ad7314110e7a61336d8305cdcea5775.jpg,bathtub,0.1109531074762344,373.89849853515625,440.8020324707031,641.0452270507812,555.1776733398438,baseline,Image file: image_23_jpg.rf.1ad7314110e7a61336d8305cdcea5775.jpg. Detected amenity: bathtub. Detection confidence: low (0.11). Source prompt type: baseline.,"You are generating hotel amenity questions for guests browsing accommodation photos. Given the detection summary below, generate a hotel amenity related question that a guest may ask or a guest might want to be answeredwhile browsing accommodation images. Keep the question short, factual, and neutral. Detection summary: Image file: image_23_jpg.rf.1ad7314110e7a61336d8305cdcea5775.jpg. Detected amenity: bathtub. Detection confidence: low (0.11). Source prompt type: baseline. Question:",What type of amenity is the bathtub in a hotel?,What is the name of the hotel's bathtub?,Does the room have a bathtub?,Is there a bathtub in the room?
image_4_jpg.rf.ecbbef2fb09b6446415419966b4bf381.jpg,bathtub,0.4150717258453369,130.62442016601562,413.0632019042969,639.8731689453125,638.8428955078125,baseline,Image file: image_4_jpg.rf.ecbbef2fb09b6446415419966b4bf381.jpg. Detected amenity: bathtub. Detection confidence: medium (0.42). Source prompt type: baseline.,"You are generating hotel amenity questions for guests browsing accommodation photos. Given the detection summary below, generate a hotel amenity related question that a guest may ask or a guest might want to be answeredwhile browsing accommodation images. Keep the question short, factual, and neutral. Detection summary: Image file: image_4_jpg.rf.ecbbef2fb09b6446415419966b4bf381.jpg. Detected amenity: bathtub. Detection confidence: medium (0.42). Source prompt type: baseline. Question:",What type of amenity does a bathtub have?,What type of amenity is the bathtub?,Does the room have a bathtub?,Is there a bathtub in the room?
image_25_jpg.rf.c47bf0dda7e3cf8338bc9f03ebda961a.jpg,bathtub,0.2208613157272339,23.630504608154297,415.18365478515625,176.8988037109375,598.7152099609375,baseline,Image file: image_25_jpg.rf.c47bf0dda7e3cf8338bc9f03ebda961a.jpg. Detected amenity: bathtub. Detection confidence: low (0.22). Source prompt type: baseline.,"You are generating hotel amenity questions for guests browsing accommodation photos. Given the detection summary below, generate a hotel amenity related question that a guest may ask or a guest might want to be answeredwhile browsing accommodation images. Keep the question short, factual, and neutral. Detection summary: Image file: image_25_jpg.rf.c47bf0dda7e3cf8338bc9f03ebda961a.jpg. Detected amenity: bathtub. Detection confidence: low (0.22). Source prompt type: baseline. Question:",What type of amenity does a bathtub have?,What type of amenity is the bathtub?,Does this room have a bathtub?,Does the room have a separate shower area?
image_148_jpg.rf.6f89068d69b71a202b1c7037e38d56c4.jpg,bathtub,0.1544707119464874,1.2590312957763672,414.8974914550781,272.685302734375,635.9055786132812,baseline,Image file: image_148_jpg.rf.6f89068d69b71a202b1c7037e38d56c4.jpg. Detected amenity: bathtub. Detection confidence: low (0.15). Source prompt type: baseline.,"You are generating hotel amenity questions for guests browsing accommodation photos. Given the detection summary below, generate a hotel amenity related question that a guest may ask or a guest might want to be answeredwhile browsing accommodation images. Keep the question short, factual, and neutral. Detection summary: Image file: image_148_jpg.rf.6f89068d69b71a202b1c7037e38d56c4.jpg. Detected amenity: bathtub. Detection confidence: low (0.15). Source prompt type: baseline. Question:",What type of amenity does a bathtub have?,What type of amenity is the bathtub?,Does this room have a bathtub?,Is there a bathtub in the room?
image_148_jpg.rf.6f89068d69b71a202b1c7037e38d56c4.jpg,bathtub,0.5744787454605103,301.7489013671875,468.1897277832031,586.1679077148438,643.0596923828125,baseline,Image file: image_148_jpg.rf.6f89068d69b71a202b1c7037e38d56c4.jpg. Detected amenity: bathtub. Detection confidence: medium (0.57). Source prompt type: baseline.,"You are generating hotel amenity questions for guests browsing accommodation photos. Given the detection summary below, generate a hotel amenity related question that a guest may ask or a guest might want to be answeredwhile browsing accommodation images. Keep the question short, factual, and neutral. Detection summary: Image file: image_148_jpg.rf.6f89068d69b71a202b1c7037e38d56c4.jpg. Detected amenity: bathtub. Detection confidence: medium (0.57). Source prompt type: baseline. Question:",What is the name of the hotel amenity?,What type of amenity is the bathtub?,Does this room have a bathtub?,Does the bathtub have a shower attachment?
image_208_jpg.rf.3791bee1ae0e79a01fc098efb38020b7.jpg,bathtub,0.1001745760440826,258.64703369140625,213.16275024414065,533.5057983398438,353.4684753417969,baseline,Image file: image_208_jpg.rf.3791bee1ae0e79a01fc098efb38020b7.jpg. Detected amenity: bathtub. Detection confidence: low (0.10). Source prompt type: baseline.,"You are generating hotel amenity questions for guests browsing accommodation photos. Given the detection summary below, generate a hotel amenity related question that a guest may ask or a guest might want to be answeredwhile browsing accommodation images. Keep the question short, factual, and neutral. Detection summary: Image file: image_208_jpg.rf.3791bee1ae0e79a01fc098efb38020b7.jpg. Detected amenity: bathtub. Detection confidence: low (0.10). Source prompt type: baseline. Question:",What type of amenity does a bathtub have?,What is the name of the hotel's bathtub?,Does the room have a bathtub?,Is there a bathtub available in the room?
image_63_jpg.rf.66d182a66173cc0c53bdc2391b1b6de3.jpg,bathtub,0.1253697723150253,224.5374755859375,392.8915100097656,433.2558898925781,443.10589599609375,baseline,Image file: image_63_jpg.rf.66d182a66173cc0c53bdc2391b1b6de3.jpg. Detected amenity: bathtub. Detection confidence: low (0.13). Source prompt type: baseline.,"You are generating hotel amenity questions for guests browsing accommodation photos. Given the detection summary below, generate a hotel amenity related question that a guest may ask or a guest might want to be answeredwhile browsing accommodation images. Keep the question short, factual, and neutral. Detection summary: Image file: image_63_jpg.rf.66d182a66173cc0c53bdc2391b1b6de3.jpg. Detected amenity: bathtub. Detection confidence: low (0.13). Source prompt type: baseline. Question:",What is the name of the hotel amenity?,What type of amenity is the bathtub?,Does this room have a bathtub?,Does the room have a separate shower stall?
image_63_jpg.rf.66d182a66173cc0c53bdc2391b1b6de3.jpg,bathtub,0.2560593783855438,217.0844268798828,392.1744995117188,430.677490234375,541.4815673828125,baseline,Image file: image_63_jpg.rf.66d182a66173cc0c53bdc2391b1b6de3.jpg. Detected amenity: bathtub. Detection confidence: low (0.26). Source prompt type: baseline.,"You are generating hotel amenity questions for guests browsing accommodation photos. Given the detection summary below, generate a hotel amenity related question that a guest may ask or a guest might want to be answeredwhile browsing accommodation images. Keep the question short, factual, and neutral. Detection summary: Image file: image_63_jpg.rf.66d182a66173cc0c53bdc2391b1b6de3.jpg. Detected amenity: bathtub. Detection confidence: low (0.26). Source prompt type: baseline. Question:",What type of amenity does the image show?,What type of amenity is the bathtub?,Does this room have a bathtub?,Does the hotel room have a separate shower area?
image_63_jpg.rf.66d182a66173cc0c53bdc2391b1b6de3.jpg,bathtub,0.1266421824693679,-0.8950901031494141,367.3175048828125,245.35137939453125,620.3880615234375,baseline,Image file: image_63_jpg.rf.66d182a66173cc0c53bdc2391b1b6de3.jpg. Detected amenity: bathtub. Detection confidence: low (0.13). Source prompt type: baseline.,"You are generating hotel amenity questions for guests browsing accommodation photos. Given the detection summary below, generate a hotel amenity related question that a guest may ask or a guest might want to be answeredwhile browsing accommodation images. Keep the question short, factual, and neutral. Detection summary: Image file: image_63_jpg.rf.66d182a66173cc0c53bdc2391b1b6de3.jpg. Detected amenity: bathtub. Detection confidence: low (0.13). Source prompt type: baseline. Question:",What is the name of the hotel amenity?,What type of amenity is the bathtub?,Does the room have a bathtub?,Is the bathtub separate from the shower?
image_188_jpg.rf.0f1ea3a39f616b197179e61df4506834.jpg,bathtub,0.1436582952737808,344.7557983398437,461.3616943359375,637.9669189453125,641.102783203125,baseline,Image file: image_188_jpg.rf.0f1ea3a39f616b197179e61df4506834.jpg. Detected amenity: bathtub. Detection confidence: low (0.14). Source prompt type: baseline.,"You are generating hotel amenity questions for guests browsing accommodation photos. Given the detection summary below, generate a hotel amenity related question that a guest may ask or a guest might want to be answeredwhile browsing accommodation images. Keep the question short, factual, and neutral. Detection summary: Image file: image_188_jpg.rf.0f1ea3a39f616b197179e61df4506834.jpg. Detected amenity: bathtub. Detection confidence: low (0.14). Source prompt type: baseline. Question:",What type of amenity does the image file contain?,What type of amenity is the bathtub?,Does this room have a bathtub?,Does the hotel room have a separate shower stall?
image_250_fp_jpg.rf.cbbce50801bd01251dee42b4e4f3de44.jpg,bathtub,0.1049131527543068,8.445549011230469,382.0079040527344,256.4703063964844,641.1734619140625,baseline,Image file: image_250_fp_jpg.rf.cbbce50801bd01251dee42b4e4f3de44.jpg. Detected amenity: bathtub. Detection confidence: low (0.10). Source prompt type: baseline.,"You are generating hotel amenity questions for guests browsing accommodation photos. Given the detection summary below, generate a hotel amenity related question that a guest may ask or a guest might want to be answeredwhile browsing accommodation images. Keep the question short, factual, and neutral. Detection summary: Image file: image_250_fp_jpg.rf.cbbce50801bd01251dee42b4e4f3de44.jpg. Detected amenity: bathtub. Detection confidence: low (0.10). Source prompt type: baseline. Question:",What type of amenity is the bathtub in a hotel?,What type of amenity is the bathtub?,Does the room have a bathtub?,Is there a bathtub in the room?
image_58_jpg.rf.b624864c1245a4136e105b66de4b7130.jpg,bathtub,0.189866617321968,2.6763916015625,408.7879028320313,439.3402099609375,639.8065185546875,baseline,Image file: image_58_jpg.rf.b624864c1245a4136e105b66de4b7130.jpg. Detected amenity: bathtub. Detection confidence: low (0.19). Source prompt type: baseline.,"You are generating hotel amenity questions for guests browsing accommodation photos. Given the detection summary below, generate a hotel amenity related question that a guest may ask or a guest might want to be answeredwhile browsing accommodation images. Keep the question short, factual, and neutral. Detection summary: Image file: image_58_jpg.rf.b624864c1245a4136e105b66de4b7130.jpg. Detected amenity: bathtub. Detection confidence: low (0.19). Source prompt type: baseline. Question:",What type of amenity is the bathtub in a hotel?,What type of amenity is the bathtub?,Does this room have a bathtub?,Does the bathtub have a shower attachment?
image_179_jpg.rf.5ea8dea48b4b734654da7c058da1d821.jpg,bathtub,0.6087161898612976,372.23834228515625,405.6790161132813,636.027587890625,641.373779296875,baseline,Image file: image_179_jpg.rf.5ea8dea48b4b734654da7c058da1d821.jpg. Detected amenity: bathtub. Detection confidence: high (0.61). Source prompt type: baseline.,"You are generating hotel amenity questions for guests browsing accommodation photos. Given the detection summary below, generate a hotel amenity related question that a guest may ask or a guest might want to be answeredwhile browsing accommodation images. Keep the question short, factual, and neutral. Detection summary: Image file: image_179_jpg.rf.5ea8dea48b4b734654da7c058da1d821.jpg. Detected amenity: bathtub. Detection confidence: high (0.61). Source prompt type: baseline. Question:",What type of amenity does a bathtub have?,What is the name of the hotel's bathtub?,Does this room have a bathtub?,Does the bathtub have a shower attachment?
image_247_fp_jpg.rf.ceb10d2334d81c1207e13fa7993489af.jpg,bathtub,0.3530941605567932,333.8995666503906,464.4894409179688,627.4708862304688,632.984619140625,baseline,Image file: image_247_fp_jpg.rf.ceb10d2334d81c1207e13fa7993489af.jpg. Detected amenity: bathtub. Detection confidence: medium (0.35). Source prompt type: baseline.,"You are generating hotel amenity questions for guests browsing accommodation photos. Given the detection summary below, generate a hotel amenity related question that a guest may ask or a guest might want to be answeredwhile browsing accommodation images. Keep the question short, factual, and neutral. Detection summary: Image file: image_247_fp_jpg.rf.ceb10d2334d81c1207e13fa7993489af.jpg. Detected amenity: bathtub. Detection confidence: medium (0.35). Source prompt type: baseline. Question:",What is the name of the hotel amenity?,What type of amenity is the bathtub?,Does this room have a bathtub?,Does the hotel room have a separate shower?
image_8_jpg.rf.0855d48f390ef435524bbc9b7e5f8230.jpg,bathtub,0.1143746227025985,73.64399719238281,519.731201171875,220.564453125,643.7859497070312,baseline,Image file: image_8_jpg.rf.0855d48f390ef435524bbc9b7e5f8230.jpg. Detected amenity: bathtub. Detection confidence: low (0.11). Source prompt type: baseline.,"You are generating hotel amenity questions for guests browsing accommodation photos. Given the detection summary below, generate a hotel amenity related question that a guest may ask or a guest might want to be answeredwhile browsing accommodation images. Keep the question short, factual, and neutral. Detection summary: Image file: image_8_jpg.rf.0855d48f390ef435524bbc9b7e5f8230.jpg. Detected amenity: bathtub. Detection confidence: low (0.11). Source prompt type: baseline. Question:",What type of amenity is the bathtub in a hotel?,What type of amenity is the bathtub?,Does this room have a bathtub?,Does the bathtub have a showerhead?
image_145_jpg.rf.51c84ef94f4ba3683568b52355376279.jpg,bathtub,0.1728119552135467,52.51014709472656,406.163818359375,635.8529052734375,640.493896484375,baseline,Image file: image_145_jpg.rf.51c84ef94f4ba3683568b52355376279.jpg. Detected amenity: bathtub. Detection confidence: low (0.17). Source prompt type: baseline.,"You are generating hotel amenity questions for guests browsing accommodation photos. Given the detection summary below, generate a hotel amenity related question that a guest may ask or a guest might want to be answeredwhile browsing accommodation images. Keep the question short, factual, and neutral. Detection summary: Image file: image_145_jpg.rf.51c84ef94f4ba3683568b52355376279.jpg. Detected amenity: bathtub. Detection confidence: low (0.17). Source prompt type: baseline. Question:",What type of amenity does the image file contain?,What type of amenity is the bathtub?,Does the room have a bathtub?,Does the room have a separate shower?
image_32_jpg.rf.670278de5d5334f48157445ba60c9a79.jpg,bathtub,0.1007272750139236,7.900495529174805,429.51904296875,257.3089294433594,639.8265380859375,baseline,Image file: image_32_jpg.rf.670278de5d5334f48157445ba60c9a79.jpg. Detected amenity: bathtub. Detection confidence: low (0.10). Source prompt type: baseline.,"You are generating hotel amenity questions for guests browsing accommodation photos. Given the detection summary below, generate a hotel amenity related question that a guest may ask or a guest might want to be answeredwhile browsing accommodation images. Keep the question short, factual, and neutral. Detection summary: Image file: image_32_jpg.rf.670278de5d5334f48157445ba60c9a79.jpg. Detected amenity: bathtub. Detection confidence: low (0.10). Source prompt type: baseline. Question:",What type of amenity does a bathtub have?,What type of amenity is the bathtub?,Does the room have a bathtub?,Does the bathtub have a shower attachment?
image_37_jpg.rf.69d915a10aada1ad649770a43e4bc47e.jpg,bathtub,0.1673531830310821,1.173849105834961,395.8945007324219,272.1260070800781,642.1103515625,baseline,Image file: image_37_jpg.rf.69d915a10aada1ad649770a43e4bc47e.jpg. Detected amenity: bathtub. Detection confidence: low (0.17). Source prompt type: baseline.,"You are generating hotel amenity questions for guests browsing accommodation photos. Given the detection summary below, generate a hotel amenity related question that a guest may ask or a guest might want to be answeredwhile browsing accommodation images. Keep the question short, factual, and neutral. Detection summary: Image file: image_37_jpg.rf.69d915a10aada1ad649770a43e4bc47e.jpg. Detected amenity: bathtub. Detection confidence: low (0.17). Source prompt type: baseline. Question:",What type of amenity does a bathtub have?,What is the name of the hotel's bathtub?,Does this room have a bathtub?,Is there a bathtub in the room?
image_176_jpg.rf.4e5544ff928e4465c7c106c7e735d14a.jpg,bathtub,0.3671831488609314,39.19902801513672,442.2481689453125,278.3719482421875,635.0390014648438,baseline,Image file: image_176_jpg.rf.4e5544ff928e4465c7c106c7e735d14a.jpg. Detected amenity: bathtub. Detection confidence: medium (0.37). Source prompt type: baseline.,"You are generating hotel amenity questions for guests browsing accommodation photos. Given the detection summary below, generate a hotel amenity related question that a guest may ask or a guest might want to be answeredwhile browsing accommodation images. Keep the question short, factual, and neutral. Detection summary: Image file: image_176_jpg.rf.4e5544ff928e4465c7c106c7e735d14a.jpg. Detected amenity: bathtub. Detection confidence: medium (0.37). Source prompt type: baseline. Question:",What type of amenity is the bathtub in a hotel?,What type of amenity is the bathtub?,Does this room have a bathtub?,Does the bathtub have a shower attachment?
image_147_jpg.rf.58f6bc3b7b1efbc73ae518b59cf2e1a0.jpg,bathtub,0.153669461607933,53.58957290649414,334.9134521484375,252.945541381836,633.26025390625,baseline,Image file: image_147_jpg.rf.58f6bc3b7b1efbc73ae518b59cf2e1a0.jpg. Detected amenity: bathtub. Detection confidence: low (0.15). Source prompt type: baseline.,"You are generating hotel amenity questions for guests browsing accommodation photos. Given the detection summary below, generate a hotel amenity related question that a guest may ask or a guest might want to be answeredwhile browsing accommodation images. Keep the question short, factual, and neutral. Detection summary: Image file: image_147_jpg.rf.58f6bc3b7b1efbc73ae518b59cf2e1a0.jpg. Detected amenity: bathtub. Detection confidence: low (0.15). Source prompt type: baseline. Question:",What type of amenity does a bathtub have?,What type of amenity is the bathtub?,Does this room have a bathtub?,Does the hotel room have a bathtub?
image_152_jpg.rf.81f0a013b5f36cd1fa248ab52d423688.jpg,bathtub,0.3056809902191162,16.2408447265625,476.7624206542969,423.5644836425781,614.3568115234375,baseline,Image file: image_152_jpg.rf.81f0a013b5f36cd1fa248ab52d423688.jpg. Detected amenity: bathtub. Detection confidence: medium (0.31). Source prompt type: baseline.,"You are generating hotel amenity questions for guests browsing accommodation photos. Given the detection summary below, generate a hotel amenity related question that a guest may ask or a guest might want to be answeredwhile browsing accommodation images. Keep the question short, factual, and neutral. Detection summary: Image file: image_152_jpg.rf.81f0a013b5f36cd1fa248ab52d423688.jpg. Detected amenity: bathtub. Detection confidence: medium (0.31). Source prompt type: baseline. Question:",What is the name of the hotel amenity?,What type of amenity is the bathtub?,Does the room have a bathtub?,Does the bathtub have a showerhead?
image_15_jpg.rf.9d508e553ad7d80180ab6aa5dfb5afa4.jpg,bathtub,0.244586706161499,332.07147216796875,458.337646484375,633.5782470703125,636.6505126953125,baseline,Image file: image_15_jpg.rf.9d508e553ad7d80180ab6aa5dfb5afa4.jpg. Detected amenity: bathtub. Detection confidence: low (0.24). Source prompt type: baseline.,"You are generating hotel amenity questions for guests browsing accommodation photos. Given the detection summary below, generate a hotel amenity related question that a guest may ask or a guest might want to be answeredwhile browsing accommodation images. Keep the question short, factual, and neutral. Detection summary: Image file: image_15_jpg.rf.9d508e553ad7d80180ab6aa5dfb5afa4.jpg. Detected amenity: bathtub. Detection confidence: low (0.24). Source prompt type: baseline. Question:",What type of amenity is the bathtub in a hotel?,What type of amenity is the bathtub?,Does this room have a bathtub?,Is the bathtub separate from the shower?
image_54_jpg.rf.67c772c28a65186ffcdb4e1e6f636246.jpg,bathtub,0.4194039702415466,428.6116333007813,467.0292663574219,643.3118286132812,641.4224243164062,baseline,Image file: image_54_jpg.rf.67c772c28a65186ffcdb4e1e6f636246.jpg. Detected amenity: bathtub. Detection confidence: medium (0.42). Source prompt type: baseline.,"You are generating hotel amenity questions for guests browsing accommodation photos. Given the detection summary below, generate a hotel amenity related question that a guest may ask or a guest might want to be answeredwhile browsing accommodation images. Keep the question short, factual, and neutral. Detection summary: Image file: image_54_jpg.rf.67c772c28a65186ffcdb4e1e6f636246.jpg. Detected amenity: bathtub. Detection confidence: medium (0.42). Source prompt type: baseline. Question:",What is the name of the hotel amenity?,What type of amenity is the bathtub?,Does the room have a separate bathtub?,Does the hotel room have a separate shower?
image_248_fp_jpg.rf.3161c23632f089e5a446917a9a83fd2f.jpg,bathtub,0.1219334080815315,429.5369873046875,401.58544921875,629.4641723632812,639.42138671875,baseline,Image file: image_248_fp_jpg.rf.3161c23632f089e5a446917a9a83fd2f.jpg. Detected amenity: bathtub. Detection confidence: low (0.12). Source prompt type: baseline.,"You are generating hotel amenity questions for guests browsing accommodation photos. Given the detection summary below, generate a hotel amenity related question that a guest may ask or a guest might want to be answeredwhile browsing accommodation images. Keep the question short, factual, and neutral. Detection summary: Image file: image_248_fp_jpg.rf.3161c23632f089e5a446917a9a83fd2f.jpg. Detected amenity: bathtub. Detection confidence: low (0.12). Source prompt type: baseline. Question:",What type of amenity does a bathtub have?,What type of amenity is the bathtub?,Does this room have a bathtub?,Does the hotel room have a separate shower?
image_248_fp_jpg.rf.3161c23632f089e5a446917a9a83fd2f.jpg,bathtub,0.1841237097978592,3.307332992553711,452.1213989257813,229.71652221679688,638.5547485351562,baseline,Image file: image_248_fp_jpg.rf.3161c23632f089e5a446917a9a83fd2f.jpg. Detected amenity: bathtub. Detection confidence: low (0.18). Source prompt type: baseline.,"You are generating hotel amenity questions for guests browsing accommodation photos. Given the detection summary below, generate a hotel amenity related question that a guest may ask or a guest might want to be answeredwhile browsing accommodation images. Keep the question short, factual, and neutral. Detection summary: Image file: image_248_fp_jpg.rf.3161c23632f089e5a446917a9a83fd2f.jpg. Detected amenity: bathtub. Detection confidence: low (0.18). Source prompt type: baseline. Question:",What type of amenity does a bathtub have?,What type of amenity is the bathtub?,Does the room have a bathtub?,Is the bathtub separate from the shower?
image_245_fp_jpg.rf.07ad91f39794b6360476082deb379730.jpg,bathtub,0.1919682174921035,372.6417541503906,473.0281982421875,610.8338012695312,634.5150146484375,baseline,Image file: image_245_fp_jpg.rf.07ad91f39794b6360476082deb379730.jpg. Detected amenity: bathtub. Detection confidence: low (0.19). Source prompt type: baseline.,"You are generating hotel amenity questions for guests browsing accommodation photos. Given the detection summary below, generate a hotel amenity related question that a guest may ask or a guest might want to be answeredwhile browsing accommodation images. Keep the question short, factual, and neutral. Detection summary: Image file: image_245_fp_jpg.rf.07ad91f39794b6360476082deb379730.jpg. Detected amenity: bathtub. Detection confidence: low (0.19). Source prompt type: baseline. Question:",What type of amenity does the image file contain?,What type of amenity is the bathtub?,Does this room have a bathtub?,Does the room have a separate shower stall?
image_16_jpg.rf.ed142ec0f8ab318a2fac25646da5eea8.jpg,bathtub,0.3930656909942627,3.551025390625,449.32916259765625,257.7884826660156,634.7134399414062,baseline,Image file: image_16_jpg.rf.ed142ec0f8ab318a2fac25646da5eea8.jpg. Detected amenity: bathtub. Detection confidence: medium (0.39). Source prompt type: baseline.,"You are generating hotel amenity questions for guests browsing accommodation photos. Given the detection summary below, generate a hotel amenity related question that a guest may ask or a guest might want to be answeredwhile browsing accommodation images. Keep the question short, factual, and neutral. Detection summary: Image file: image_16_jpg.rf.ed142ec0f8ab318a2fac25646da5eea8.jpg. Detected amenity: bathtub. Detection confidence: medium (0.39). Source prompt type: baseline. Question:",What is the name of the hotel amenity?,What type of amenity is the bathtub?,Does this room have a bathtub?,Does the hotel room have a separate shower stall?
image_180_jpg.rf.4c2a5310cf05d7d1dcce1bb9b78e76cb.jpg,bathtub,0.2973693609237671,8.833274841308594,419.0729370117188,350.3799743652344,635.4847412109375,baseline,Image file: image_180_jpg.rf.4c2a5310cf05d7d1dcce1bb9b78e76cb.jpg. Detected amenity: bathtub. Detection confidence: low (0.30). Source prompt type: baseline.,"You are generating hotel amenity questions for guests browsing accommodation photos. Given the detection summary below, generate a hotel amenity related question that a guest may ask or a guest might want to be answeredwhile browsing accommodation images. Keep the question short, factual, and neutral. Detection summary: Image file: image_180_jpg.rf.4c2a5310cf05d7d1dcce1bb9b78e76cb.jpg. Detected amenity: bathtub. Detection confidence: low (0.30). Source prompt type: baseline. Question:",What type of amenity does a bathtub have?,What type of amenity is the bathtub?,Does the room have a bathtub?,Does the hotel room have a separate shower?
image_121_jpg.rf.3c0b9029bd91f3caef6019aa22b2d657.jpg,bathtub,0.3009750247001648,319.5968933105469,430.8724365234375,639.8402709960938,639.2100830078125,baseline,Image file: image_121_jpg.rf.3c0b9029bd91f3caef6019aa22b2d657.jpg. Detected amenity: bathtub. Detection confidence: medium (0.30). Source prompt type: baseline.,"You are generating hotel amenity questions for guests browsing accommodation photos. Given the detection summary below, generate a hotel amenity related question that a guest may ask or a guest might want to be answeredwhile browsing accommodation images. Keep the question short, factual, and neutral. Detection summary: Image file: image_121_jpg.rf.3c0b9029bd91f3caef6019aa22b2d657.jpg. Detected amenity: bathtub. Detection confidence: medium (0.30). Source prompt type: baseline. Question:",What is the name of the hotel amenity?,What type of amenity is the bathtub?,Does this room have a bathtub?,Does the bathtub have a showerhead?
image_156_jpg.rf.ef2baf203261266d285137aa2a7e1132.jpg,bathtub,0.1305287778377533,310.5700378417969,386.2730407714844,643.7734985351562,637.873046875,baseline,Image file: image_156_jpg.rf.ef2baf203261266d285137aa2a7e1132.jpg. Detected amenity: bathtub. Detection confidence: low (0.13). Source prompt type: baseline.,"You are generating hotel amenity questions for guests browsing accommodation photos. Given the detection summary below, generate a hotel amenity related question that a guest may ask or a guest might want to be answeredwhile browsing accommodation images. Keep the question short, factual, and neutral. Detection summary: Image file: image_156_jpg.rf.ef2baf203261266d285137aa2a7e1132.jpg. Detected amenity: bathtub. Detection confidence: low (0.13). Source prompt type: baseline. Question:",What type of amenity is the bathtub in a hotel?,What type of amenity is the bathtub?,Does the room have a bathtub?,Is there a bathtub in the room?
image_156_jpg.rf.ef2baf203261266d285137aa2a7e1132.jpg,bathtub,0.6041988730430603,0.6203842163085938,435.1917114257813,339.4810791015625,641.7937622070312,baseline,Image file: image_156_jpg.rf.ef2baf203261266d285137aa2a7e1132.jpg. Detected amenity: bathtub. Detection confidence: high (0.60). Source prompt type: baseline.,"You are generating hotel amenity questions for guests browsing accommodation photos. Given the detection summary below, generate a hotel amenity related question that a guest may ask or a guest might want to be answeredwhile browsing accommodation images. Keep the question short, factual, and neutral. Detection summary: Image file: image_156_jpg.rf.ef2baf203261266d285137aa2a7e1132.jpg. Detected amenity: bathtub. Detection confidence: high (0.60). Source prompt type: baseline. Question:",What type of amenity does a bathtub have?,What type of amenity is the bathtub?,Does the room have a bathtub?,Does the room have a separate shower in addition to the bathtub?
image_156_jpg.rf.ef2baf203261266d285137aa2a7e1132.jpg,bathtub,0.1086000204086303,-0.1183509826660156,452.1584777832031,321.8449401855469,638.7846069335938,baseline,Image file: image_156_jpg.rf.ef2baf203261266d285137aa2a7e1132.jpg. Detected amenity: bathtub. Detection confidence: low (0.11). Source prompt type: baseline.,"You are generating hotel amenity questions for guests browsing accommodation photos. Given the detection summary below, generate a hotel amenity related question that a guest may ask or a guest might want to be answeredwhile browsing accommodation images. Keep the question short, factual, and neutral. Detection summary: Image file: image_156_jpg.rf.ef2baf203261266d285137aa2a7e1132.jpg. Detected amenity: bathtub. Detection confidence: low (0.11). Source prompt type: baseline. Question:",What type of amenity does a bathtub have?,What type of amenity is the bathtub?,Does this room have a bathtub?,Does the hotel room have a bathtub?
image_174_jpg.rf.0a0569f3e86915e981d4ecfceed2a33e.jpg,bathtub,0.103029079735279,176.4901123046875,469.531005859375,522.918212890625,535.340087890625,baseline,Image file: image_174_jpg.rf.0a0569f3e86915e981d4ecfceed2a33e.jpg. Detected amenity: bathtub. Detection confidence: low (0.10). Source prompt type: baseline.,"You are generating hotel amenity questions for guests browsing accommodation photos. Given the detection summary below, generate a hotel amenity related question that a guest may ask or a guest might want to be answeredwhile browsing accommodation images. Keep the question short, factual, and neutral. Detection summary: Image file: image_174_jpg.rf.0a0569f3e86915e981d4ecfceed2a33e.jpg. Detected amenity: bathtub. Detection confidence: low (0.10). Source prompt type: baseline. Question:",What type of amenity is the bathtub in a hotel?,What is the name of the hotel's bathtub?,Does this room have a bathtub?,Is there a bathtub in the room?
image_174_jpg.rf.0a0569f3e86915e981d4ecfceed2a33e.jpg,bathtub,0.2356923371553421,161.96539306640625,466.3670043945313,520.89404296875,640.2971801757812,baseline,Image file: image_174_jpg.rf.0a0569f3e86915e981d4ecfceed2a33e.jpg. Detected amenity: bathtub. Detection confidence: low (0.24). Source prompt type: baseline.,"You are generating hotel amenity questions for guests browsing accommodation photos. Given the detection summary below, generate a hotel amenity related question that a guest may ask or a guest might want to be answeredwhile browsing accommodation images. Keep the question short, factual, and neutral. Detection summary: Image file: image_174_jpg.rf.0a0569f3e86915e981d4ecfceed2a33e.jpg. Detected amenity: bathtub. Detection confidence: low (0.24). Source prompt type: baseline. Question:",What is the name of the hotel amenity?,What is the name of the hotel's bathtub?,Does this room have a bathtub?,Is the bathtub separate from the shower?
image_104_jpg.rf.76463ed37df28a5bff4a1390233fe8ad.jpg,bathtub,0.5109631419181824,322.01513671875,482.6229553222656,606.19921875,639.5759887695312,baseline,Image file: image_104_jpg.rf.76463ed37df28a5bff4a1390233fe8ad.jpg. Detected amenity: bathtub. Detection confidence: medium (0.51). Source prompt type: baseline.,"You are generating hotel amenity questions for guests browsing accommodation photos. Given the detection summary below, generate a hotel amenity related question that a guest may ask or a guest might want to be answeredwhile browsing accommodation images. Keep the question short, factual, and neutral. Detection summary: Image file: image_104_jpg.rf.76463ed37df28a5bff4a1390233fe8ad.jpg. Detected amenity: bathtub. Detection confidence: medium (0.51). Source prompt type: baseline. Question:",What is the name of the hotel amenity?,What type of amenity is the bathtub?,Does the room have a separate bathtub?,Does the room have a separate shower?
image_214_jpg.rf.8df04a6e1f62b15584638a9b97bef080.jpg,bathtub,0.597513735294342,2.547168731689453,446.67486572265625,470.6015625,643.1522216796875,baseline,Image file: image_214_jpg.rf.8df04a6e1f62b15584638a9b97bef080.jpg. Detected amenity: bathtub. Detection confidence: medium (0.60). Source prompt type: baseline.,"You are generating hotel amenity questions for guests browsing accommodation photos. Given the detection summary below, generate a hotel amenity related question that a guest may ask or a guest might want to be answeredwhile browsing accommodation images. Keep the question short, factual, and neutral. Detection summary: Image file: image_214_jpg.rf.8df04a6e1f62b15584638a9b97bef080.jpg. Detected amenity: bathtub. Detection confidence: medium (0.60). Source prompt type: baseline. Question:",What is the name of the hotel amenity?,What type of amenity is the bathtub?,Does this room have a bathtub?,Does the room have a separate shower?
image_6_jpg.rf.aa9530f81086e4ce1f1f5eb71e2238d9.jpg,bathtub,0.1306829750537872,-0.352783203125,433.40576171875,369.828125,640.260009765625,baseline,Image file: image_6_jpg.rf.aa9530f81086e4ce1f1f5eb71e2238d9.jpg. Detected amenity: bathtub. Detection confidence: low (0.13). Source prompt type: baseline.,"You are generating hotel amenity questions for guests browsing accommodation photos. Given the detection summary below, generate a hotel amenity related question that a guest may ask or a guest might want to be answeredwhile browsing accommodation images. Keep the question short, factual, and neutral. Detection summary: Image file: image_6_jpg.rf.aa9530f81086e4ce1f1f5eb71e2238d9.jpg. Detected amenity: bathtub. Detection confidence: low (0.13). Source prompt type: baseline. Question:",What type of amenity is the bathtub in a hotel?,What type of amenity is the bathtub?,Does this room have a bathtub?,Is there a bathtub in the room?
image_6_jpg.rf.aa9530f81086e4ce1f1f5eb71e2238d9.jpg,bathtub,0.1490300744771957,-2.374820709228516,445.410400390625,328.899169921875,642.2615966796875,baseline,Image file: image_6_jpg.rf.aa9530f81086e4ce1f1f5eb71e2238d9.jpg. Detected amenity: bathtub. Detection confidence: low (0.15). Source prompt type: baseline.,"You are generating hotel amenity questions for guests browsing accommodation photos. Given the detection summary below, generate a hotel amenity related question that a guest may ask or a guest might want to be answeredwhile browsing accommodation images. Keep the question short, factual, and neutral. Detection summary: Image file: image_6_jpg.rf.aa9530f81086e4ce1f1f5eb71e2238d9.jpg. Detected amenity: bathtub. Detection confidence: low (0.15). Source prompt type: baseline. Question:",What type of amenity does a bathtub have?,What type of amenity is the bathtub?,Does this room have a bathtub?,Is there a bathtub in the room?
image_96_jpg.rf.296fc863c11be6436a2a5ed05ee47202.jpg,bathtub,0.3448845148086548,222.26071166992188,350.4262084960937,634.7577514648438,635.104736328125,baseline,Image file: image_96_jpg.rf.296fc863c11be6436a2a5ed05ee47202.jpg. Detected amenity: bathtub. Detection confidence: medium (0.34). Source prompt type: baseline.,"You are generating hotel amenity questions for guests browsing accommodation photos. Given the detection summary below, generate a hotel amenity related question that a guest may ask or a guest might want to be answeredwhile browsing accommodation images. Keep the question short, factual, and neutral. Detection summary: Image file: image_96_jpg.rf.296fc863c11be6436a2a5ed05ee47202.jpg. Detected amenity: bathtub. Detection confidence: medium (0.34). Source prompt type: baseline. Question:",What is the name of the hotel amenity?,What type of amenity is the bathtub?,Does this room have a bathtub?,Does the hotel room have a separate shower area?
image_142_jpg.rf.4813469f69c83290418c52ca9ba07cc9.jpg,bathtub,0.520392656326294,132.62545776367188,397.1351318359375,344.0975341796875,515.8936157226562,baseline,Image file: image_142_jpg.rf.4813469f69c83290418c52ca9ba07cc9.jpg. Detected amenity: bathtub. Detection confidence: medium (0.52). Source prompt type: baseline.,"You are generating hotel amenity questions for guests browsing accommodation photos. Given the detection summary below, generate a hotel amenity related question that a guest may ask or a guest might want to be answeredwhile browsing accommodation images. Keep the question short, factual, and neutral. Detection summary: Image file: image_142_jpg.rf.4813469f69c83290418c52ca9ba07cc9.jpg. Detected amenity: bathtub. Detection confidence: medium (0.52). Source prompt type: baseline. Question:",What is the name of the hotel amenity?,What type of amenity is the bathtub?,Does the room have a bathtub?,Is the bathtub in the room or a shared facility?
image_142_jpg.rf.4813469f69c83290418c52ca9ba07cc9.jpg,bathtub,0.3874996602535248,89.41132354736328,409.2557373046875,334.4689636230469,638.2711181640625,baseline,Image file: image_142_jpg.rf.4813469f69c83290418c52ca9ba07cc9.jpg. Detected amenity: bathtub. Detection confidence: medium (0.39). Source prompt type: baseline.,"You are generating hotel amenity questions for guests browsing accommodation photos. Given the detection summary below, generate a hotel amenity related question that a guest may ask or a guest might want to be answeredwhile browsing accommodation images. Keep the question short, factual, and neutral. Detection summary: Image file: image_142_jpg.rf.4813469f69c83290418c52ca9ba07cc9.jpg. Detected amenity: bathtub. Detection confidence: medium (0.39). Source prompt type: baseline. Question:",What type of amenity does the image file contain?,What type of amenity is the bathtub?,Does the room have a bathtub?,Does the hotel room have a separate shower?
image_59_jpg.rf.d1778d80b8f3106d3bcc68ce5cae9078.jpg,bathtub,0.2325869649648666,101.75071716308594,476.8354797363281,442.0409851074219,638.667724609375,baseline,Image file: image_59_jpg.rf.d1778d80b8f3106d3bcc68ce5cae9078.jpg. Detected amenity: bathtub. Detection confidence: low (0.23). Source prompt type: baseline.,"You are generating hotel amenity questions for guests browsing accommodation photos. Given the detection summary below, generate a hotel amenity related question that a guest may ask or a guest might want to be answeredwhile browsing accommodation images. Keep the question short, factual, and neutral. Detection summary: Image file: image_59_jpg.rf.d1778d80b8f3106d3bcc68ce5cae9078.jpg. Detected amenity: bathtub. Detection confidence: low (0.23). Source prompt type: baseline. Question:",What type of amenity is the bathtub in a hotel?,What type of amenity is the bathtub?,Does this room have a bathtub?,Is there a bathtub in the room?
image_216_jpg.rf.eff5a5bd7fdb3cf9c55960360c0d920f.jpg,bathtub,0.1223348155617713,9.964675903320312,443.9268798828125,417.439453125,640.8228759765625,baseline,Image file: image_216_jpg.rf.eff5a5bd7fdb3cf9c55960360c0d920f.jpg. Detected amenity: bathtub. Detection confidence: low (0.12). Source prompt type: baseline.,"You are generating hotel amenity questions for guests browsing accommodation photos. Given the detection summary below, generate a hotel amenity related question that a guest may ask or a guest might want to be answeredwhile browsing accommodation images. Keep the question short, factual, and neutral. Detection summary: Image file: image_216_jpg.rf.eff5a5bd7fdb3cf9c55960360c0d920f.jpg. Detected amenity: bathtub. Detection confidence: low (0.12). Source prompt type: baseline. Question:",What type of amenity does a bathtub have?,What type of amenity is the bathtub?,Does this room have a bathtub?,Is there a bathtub in the room?
image_216_jpg.rf.eff5a5bd7fdb3cf9c55960360c0d920f.jpg,bathtub,0.1063608527183532,10.766525268554688,450.7646179199219,421.0059814453125,641.5484008789062,baseline,Image file: image_216_jpg.rf.eff5a5bd7fdb3cf9c55960360c0d920f.jpg. Detected amenity: bathtub. Detection confidence: low (0.11). Source prompt type: baseline.,"You are generating hotel amenity questions for guests browsing accommodation photos. Given the detection summary below, generate a hotel amenity related question that a guest may ask or a guest might want to be answeredwhile browsing accommodation images. Keep the question short, factual, and neutral. Detection summary: Image file: image_216_jpg.rf.eff5a5bd7fdb3cf9c55960360c0d920f.jpg. Detected amenity: bathtub. Detection confidence: low (0.11). Source prompt type: baseline. Question:",What type of amenity is the bathtub in a hotel?,What type of amenity is the bathtub?,Does the room have a bathtub?,Is there a bathtub in the room?
image_196_jpg.rf.ee09d333a778c494b85add2939ac7fe1.jpg,bathtub,0.2787723839282989,21.478519439697266,501.2590026855469,379.7810363769531,640.4139404296875,baseline,Image file: image_196_jpg.rf.ee09d333a778c494b85add2939ac7fe1.jpg. Detected amenity: bathtub. Detection confidence: low (0.28). Source prompt type: baseline.,"You are generating hotel amenity questions for guests browsing accommodation photos. Given the detection summary below, generate a hotel amenity related question that a guest may ask or a guest might want to be answeredwhile browsing accommodation images. Keep the question short, factual, and neutral. Detection summary: Image file: image_196_jpg.rf.ee09d333a778c494b85add2939ac7fe1.jpg. Detected amenity: bathtub. Detection confidence: low (0.28). Source prompt type: baseline. Question:",What type of amenity is the bathtub in a hotel?,What type of amenity is the bathtub?,Does this room have a bathtub?,Is there a bathtub in the room?
image_68_jpg.rf.b5b9c41d7ba70886b8e491b2765a7639.jpg,bathtub,0.3986861109733581,221.573959350586,395.6683349609375,540.5986328125,638.1494140625,baseline,Image file: image_68_jpg.rf.b5b9c41d7ba70886b8e491b2765a7639.jpg. Detected amenity: bathtub. Detection confidence: medium (0.40). Source prompt type: baseline.,"You are generating hotel amenity questions for guests browsing accommodation photos. Given the detection summary below, generate a hotel amenity related question that a guest may ask or a guest might want to be answeredwhile browsing accommodation images. Keep the question short, factual, and neutral. Detection summary: Image file: image_68_jpg.rf.b5b9c41d7ba70886b8e491b2765a7639.jpg. Detected amenity: bathtub. Detection confidence: medium (0.40). Source prompt type: baseline. Question:",What type of amenity is the bathtub in a hotel?,What type of amenity is the bathtub?,Does this room have a bathtub?,Does the bathtub have a shower attachment?
image_41_jpg.rf.2ec14559d2c6c6c32699c6f0c38dcb19.jpg,bathtub,0.1063109263777732,460.7394104003906,415.7550659179688,639.5096435546875,486.8282470703125,baseline,Image file: image_41_jpg.rf.2ec14559d2c6c6c32699c6f0c38dcb19.jpg. Detected amenity: bathtub. Detection confidence: low (0.11). Source prompt type: baseline.,"You are generating hotel amenity questions for guests browsing accommodation photos. Given the detection summary below, generate a hotel amenity related question that a guest may ask or a guest might want to be answeredwhile browsing accommodation images. Keep the question short, factual, and neutral. Detection summary: Image file: image_41_jpg.rf.2ec14559d2c6c6c32699c6f0c38dcb19.jpg. Detected amenity: bathtub. Detection confidence: low (0.11). Source prompt type: baseline. Question:",What type of amenity is the bathtub in a hotel?,What type of amenity is the bathtub?,Does the room have a bathtub?,Does the hotel room have a separate shower area?
image_41_jpg.rf.2ec14559d2c6c6c32699c6f0c38dcb19.jpg,bathtub,0.3065868616104126,400.7892456054688,412.1940307617188,638.570556640625,638.4808959960938,baseline,Image file: image_41_jpg.rf.2ec14559d2c6c6c32699c6f0c38dcb19.jpg. Detected amenity: bathtub. Detection confidence: medium (0.31). Source prompt type: baseline.,"You are generating hotel amenity questions for guests browsing accommodation photos. Given the detection summary below, generate a hotel amenity related question that a guest may ask or a guest might want to be answeredwhile browsing accommodation images. Keep the question short, factual, and neutral. Detection summary: Image file: image_41_jpg.rf.2ec14559d2c6c6c32699c6f0c38dcb19.jpg. Detected amenity: bathtub. Detection confidence: medium (0.31). Source prompt type: baseline. Question:",What type of amenity is the bathtub in a hotel?,What type of amenity is the bathtub?,Does this room have a bathtub?,Does the room have a separate shower?
image_41_jpg.rf.2ec14559d2c6c6c32699c6f0c38dcb19.jpg,bathtub,0.1903322637081146,395.121337890625,465.6797790527344,488.4905700683594,632.329345703125,baseline,Image file: image_41_jpg.rf.2ec14559d2c6c6c32699c6f0c38dcb19.jpg. Detected amenity: bathtub. Detection confidence: low (0.19). Source prompt type: baseline.,"You are generating hotel amenity questions for guests browsing accommodation photos. Given the detection summary below, generate a hotel amenity related question that a guest may ask or a guest might want to be answeredwhile browsing accommodation images. Keep the question short, factual, and neutral. Detection summary: Image file: image_41_jpg.rf.2ec14559d2c6c6c32699c6f0c38dcb19.jpg. Detected amenity: bathtub. Detection confidence: low (0.19). Source prompt type: baseline. Question:",What type of amenity does the image file contain?,What type of amenity is the bathtub?,Does the room have a bathtub?,Does the bathtub have a shower attachment?
image_76_jpg.rf.d6a34bd14c72695435023f64e7a3b7ef.jpg,bathtub,0.7142512202262878,188.965087890625,442.1341552734375,620.3845825195312,640.731201171875,baseline,Image file: image_76_jpg.rf.d6a34bd14c72695435023f64e7a3b7ef.jpg. Detected amenity: bathtub. Detection confidence: high (0.71). Source prompt type: baseline.,"You are generating hotel amenity questions for guests browsing accommodation photos. Given the detection summary below, generate a hotel amenity related question that a guest may ask or a guest might want to be answeredwhile browsing accommodation images. Keep the question short, factual, and neutral. Detection summary: Image file: image_76_jpg.rf.d6a34bd14c72695435023f64e7a3b7ef.jpg. Detected amenity: bathtub. Detection confidence: high (0.71). Source prompt type: baseline. Question:",What type of amenity does a bathtub have?,What is the name of the hotel's bathtub?,Does this room have a bathtub?,Is the bathtub separate from the shower?
image_12_jpg.rf.6034ae972d44405c913076577cec4733.jpg,bathtub,0.1061601564288139,6.739425659179688,367.7365112304688,362.9263305664063,625.267578125,baseline,Image file: image_12_jpg.rf.6034ae972d44405c913076577cec4733.jpg. Detected amenity: bathtub. Detection confidence: low (0.11). Source prompt type: baseline.,"You are generating hotel amenity questions for guests browsing accommodation photos. Given the detection summary below, generate a hotel amenity related question that a guest may ask or a guest might want to be answeredwhile browsing accommodation images. Keep the question short, factual, and neutral. Detection summary: Image file: image_12_jpg.rf.6034ae972d44405c913076577cec4733.jpg. Detected amenity: bathtub. Detection confidence: low (0.11). Source prompt type: baseline. Question:",What type of amenity is the bathtub in a hotel?,What is the name of the hotel's bathtub?,Does the room have a bathtub?,Is the bathtub in the room or a shared facility?
image_12_jpg.rf.6034ae972d44405c913076577cec4733.jpg,bathtub,0.3937374055385589,409.1369018554688,386.3471984863281,642.1094970703125,624.8809204101562,baseline,Image file: image_12_jpg.rf.6034ae972d44405c913076577cec4733.jpg. Detected amenity: bathtub. Detection confidence: medium (0.39). Source prompt type: baseline.,"You are generating hotel amenity questions for guests browsing accommodation photos. Given the detection summary below, generate a hotel amenity related question that a guest may ask or a guest might want to be answeredwhile browsing accommodation images. Keep the question short, factual, and neutral. Detection summary: Image file: image_12_jpg.rf.6034ae972d44405c913076577cec4733.jpg. Detected amenity: bathtub. Detection confidence: medium (0.39). Source prompt type: baseline. Question:",What type of amenity is the bathtub in a hotel?,What type of amenity is the bathtub?,Does the room have a bathtub?,Does the bathtub have a shower attachment?
image_167_jpg.rf.26fee9c9a90c6e4f484769bb579caedd.jpg,bathtub,0.3130405247211456,252.50198364257807,434.29541015625,476.7256164550781,643.3374633789062,baseline,Image file: image_167_jpg.rf.26fee9c9a90c6e4f484769bb579caedd.jpg. Detected amenity: bathtub. Detection confidence: medium (0.31). Source prompt type: baseline.,"You are generating hotel amenity questions for guests browsing accommodation photos. Given the detection summary below, generate a hotel amenity related question that a guest may ask or a guest might want to be answeredwhile browsing accommodation images. Keep the question short, factual, and neutral. Detection summary: Image file: image_167_jpg.rf.26fee9c9a90c6e4f484769bb579caedd.jpg. Detected amenity: bathtub. Detection confidence: medium (0.31). Source prompt type: baseline. Question:",What type of amenity is the bathtub in a hotel?,What type of amenity is the bathtub?,Does this room have a bathtub?,Does the room have a separate shower?
image_167_jpg.rf.26fee9c9a90c6e4f484769bb579caedd.jpg,bathtub,0.4543617665767669,248.49200439453125,434.2135925292969,476.6823120117188,643.5228881835938,baseline,Image file: image_167_jpg.rf.26fee9c9a90c6e4f484769bb579caedd.jpg. Detected amenity: bathtub. Detection confidence: medium (0.45). Source prompt type: baseline.,"You are generating hotel amenity questions for guests browsing accommodation photos. Given the detection summary below, generate a hotel amenity related question that a guest may ask or a guest might want to be answeredwhile browsing accommodation images. Keep the question short, factual, and neutral. Detection summary: Image file: image_167_jpg.rf.26fee9c9a90c6e4f484769bb579caedd.jpg. Detected amenity: bathtub. Detection confidence: medium (0.45). Source prompt type: baseline. Question:",What is the name of the hotel amenity?,What type of amenity is the bathtub?,Does the room have a bathtub?,Does the hotel room have a separate shower?
image_192_jpg.rf.f065e46d061bc91d9bd43df5f9f6a452.jpg,bathtub,0.10549296438694,201.9840240478516,462.6921997070313,637.348388671875,638.7194213867188,baseline,Image file: image_192_jpg.rf.f065e46d061bc91d9bd43df5f9f6a452.jpg. Detected amenity: bathtub. Detection confidence: low (0.11). Source prompt type: baseline.,"You are generating hotel amenity questions for guests browsing accommodation photos. Given the detection summary below, generate a hotel amenity related question that a guest may ask or a guest might want to be answeredwhile browsing accommodation images. Keep the question short, factual, and neutral. Detection summary: Image file: image_192_jpg.rf.f065e46d061bc91d9bd43df5f9f6a452.jpg. Detected amenity: bathtub. Detection confidence: low (0.11). Source prompt type: baseline. Question:",What type of amenity is the bathtub in a hotel?,What is the name of the hotel's bathtub?,Does this room have a bathtub?,Is there a bathtub in the room?
image_34_jpg.rf.6b32a014d903f54f714fb40ab902081e.jpg,bathtub,0.1023349910974502,41.64358139038086,412.8848876953125,417.0625305175781,549.1893920898438,baseline,Image file: image_34_jpg.rf.6b32a014d903f54f714fb40ab902081e.jpg. Detected amenity: bathtub. Detection confidence: low (0.10). Source prompt type: baseline.,"You are generating hotel amenity questions for guests browsing accommodation photos. Given the detection summary below, generate a hotel amenity related question that a guest may ask or a guest might want to be answeredwhile browsing accommodation images. Keep the question short, factual, and neutral. Detection summary: Image file: image_34_jpg.rf.6b32a014d903f54f714fb40ab902081e.jpg. Detected amenity: bathtub. Detection confidence: low (0.10). Source prompt type: baseline. Question:",What type of amenity is the bathtub?,What is the name of the hotel's bathtub?,Does the room have a bathtub?,Does the room have a separate shower?
image_164_jpg.rf.00a60b32c39c50548d0396370a82ce0c.jpg,bathtub,0.1944606155157089,284.2812805175781,479.9331359863281,370.2038269042969,628.285888671875,baseline,Image file: image_164_jpg.rf.00a60b32c39c50548d0396370a82ce0c.jpg. Detected amenity: bathtub. Detection confidence: low (0.19). Source prompt type: baseline.,"You are generating hotel amenity questions for guests browsing accommodation photos. Given the detection summary below, generate a hotel amenity related question that a guest may ask or a guest might want to be answeredwhile browsing accommodation images. Keep the question short, factual, and neutral. Detection summary: Image file: image_164_jpg.rf.00a60b32c39c50548d0396370a82ce0c.jpg. Detected amenity: bathtub. Detection confidence: low (0.19). Source prompt type: baseline. Question:",What type of amenity does the image file contain?,What type of amenity is the bathtub?,Does this room have a bathtub?,Is there a bathtub in the room?
image_164_jpg.rf.00a60b32c39c50548d0396370a82ce0c.jpg,bathtub,0.1558176577091217,290.19891357421875,479.1758728027344,606.1849975585938,640.38232421875,baseline,Image file: image_164_jpg.rf.00a60b32c39c50548d0396370a82ce0c.jpg. Detected amenity: bathtub. Detection confidence: low (0.16). Source prompt type: baseline.,"You are generating hotel amenity questions for guests browsing accommodation photos. Given the detection summary below, generate a hotel amenity related question that a guest may ask or a guest might want to be answeredwhile browsing accommodation images. Keep the question short, factual, and neutral. Detection summary: Image file: image_164_jpg.rf.00a60b32c39c50548d0396370a82ce0c.jpg. Detected amenity: bathtub. Detection confidence: low (0.16). Source prompt type: baseline. Question:",What type of amenity does the image file contain?,What type of amenity is the bathtub?,Does this room have a bathtub?,Is there a bathtub in the room?
image_164_jpg.rf.00a60b32c39c50548d0396370a82ce0c.jpg,bathtub,0.1557094007730484,414.5097351074219,502.7984619140625,609.0303955078125,640.5325317382812,baseline,Image file: image_164_jpg.rf.00a60b32c39c50548d0396370a82ce0c.jpg. Detected amenity: bathtub. Detection confidence: low (0.16). Source prompt type: baseline.,"You are generating hotel amenity questions for guests browsing accommodation photos. Given the detection summary below, generate a hotel amenity related question that a guest may ask or a guest might want to be answeredwhile browsing accommodation images. Keep the question short, factual, and neutral. Detection summary: Image file: image_164_jpg.rf.00a60b32c39c50548d0396370a82ce0c.jpg. Detected amenity: bathtub. Detection confidence: low (0.16). Source prompt type: baseline. Question:",What type of amenity does the image file contain?,What type of amenity is the bathtub?,Does this room have a bathtub?,Is there a bathtub in the room?
image_201_jpg.rf.7c05f1bb350fd223bdf88ab5f410e9c5.jpg,bathtub,0.1248346343636512,12.284002304077148,386.3712158203125,287.265869140625,622.26416015625,baseline,Image file: image_201_jpg.rf.7c05f1bb350fd223bdf88ab5f410e9c5.jpg. Detected amenity: bathtub. Detection confidence: low (0.12). Source prompt type: baseline.,"You are generating hotel amenity questions for guests browsing accommodation photos. Given the detection summary below, generate a hotel amenity related question that a guest may ask or a guest might want to be answeredwhile browsing accommodation images. Keep the question short, factual, and neutral. Detection summary: Image file: image_201_jpg.rf.7c05f1bb350fd223bdf88ab5f410e9c5.jpg. Detected amenity: bathtub. Detection confidence: low (0.12). Source prompt type: baseline. Question:",What type of amenity does a bathtub have?,What type of amenity is the bathtub?,Does this room have a bathtub?,Does the hotel room have a separate shower?
image_243_fp_jpg.rf.1260746595b8c75d3e226822f3cfafa5.jpg,bathtub,0.296027272939682,279.5556640625,399.8306274414063,485.61224365234375,637.1204833984375,baseline,Image file: image_243_fp_jpg.rf.1260746595b8c75d3e226822f3cfafa5.jpg. Detected amenity: bathtub. Detection confidence: low (0.30). Source prompt type: baseline.,"You are generating hotel amenity questions for guests browsing accommodation photos. Given the detection summary below, generate a hotel amenity related question that a guest may ask or a guest might want to be answeredwhile browsing accommodation images. Keep the question short, factual, and neutral. Detection summary: Image file: image_243_fp_jpg.rf.1260746595b8c75d3e226822f3cfafa5.jpg. Detected amenity: bathtub. Detection confidence: low (0.30). Source prompt type: baseline. Question:",What type of amenity does a bathtub have?,What type of amenity is the bathtub?,Does the room have a bathtub?,Does the bathtub have a shower attachment?
image_177_jpg.rf.542420829367d6e3e6c506bfa43f4004.jpg,bathtub,0.1771170645952224,175.88604736328125,303.4947814941406,642.0452880859375,624.9283447265625,baseline,Image file: image_177_jpg.rf.542420829367d6e3e6c506bfa43f4004.jpg. Detected amenity: bathtub. Detection confidence: low (0.18). Source prompt type: baseline.,"You are generating hotel amenity questions for guests browsing accommodation photos. Given the detection summary below, generate a hotel amenity related question that a guest may ask or a guest might want to be answeredwhile browsing accommodation images. Keep the question short, factual, and neutral. Detection summary: Image file: image_177_jpg.rf.542420829367d6e3e6c506bfa43f4004.jpg. Detected amenity: bathtub. Detection confidence: low (0.18). Source prompt type: baseline. Question:",What type of amenity does a bathtub have?,What type of amenity is the bathtub?,Does this room have a bathtub?,Does the bathtub have a shower attachment?
image_3_jpg.rf.ed8ebff0f7cab1333547666c222bc6c4.jpg,bathtub,0.1918740719556808,307.885498046875,420.40863037109375,635.785888671875,644.381103515625,baseline,Image file: image_3_jpg.rf.ed8ebff0f7cab1333547666c222bc6c4.jpg. Detected amenity: bathtub. Detection confidence: low (0.19). Source prompt type: baseline.,"You are generating hotel amenity questions for guests browsing accommodation photos. Given the detection summary below, generate a hotel amenity related question that a guest may ask or a guest might want to be answeredwhile browsing accommodation images. Keep the question short, factual, and neutral. Detection summary: Image file: image_3_jpg.rf.ed8ebff0f7cab1333547666c222bc6c4.jpg. Detected amenity: bathtub. Detection confidence: low (0.19). Source prompt type: baseline. Question:",What type of amenity is the bathtub in a hotel?,What type of amenity is the bathtub?,Does the room have a bathtub?,Is there a bathtub available in the room?
image_84_jpg.rf.7a74ca554feed89da45f8e6521dbffbd.jpg,bathtub,0.5183227062225342,-1.2938976287841797,367.71673583984375,252.5666046142578,640.0692749023438,baseline,Image file: image_84_jpg.rf.7a74ca554feed89da45f8e6521dbffbd.jpg. Detected amenity: bathtub. Detection confidence: medium (0.52). Source prompt type: baseline.,"You are generating hotel amenity questions for guests browsing accommodation photos. Given the detection summary below, generate a hotel amenity related question that a guest may ask or a guest might want to be answeredwhile browsing accommodation images. Keep the question short, factual, and neutral. Detection summary: Image file: image_84_jpg.rf.7a74ca554feed89da45f8e6521dbffbd.jpg. Detected amenity: bathtub. Detection confidence: medium (0.52). Source prompt type: baseline. Question:",What type of amenity does a bathtub have?,What type of amenity is the bathtub?,Does the room have a bathtub?,Does the hotel room have a separate shower?
image_117_jpg.rf.902139786f4686be919e7fc8ead55441.jpg,bathtub,0.2226698845624923,164.0184783935547,386.1975402832031,380.7251281738281,632.5865478515625,baseline,Image file: image_117_jpg.rf.902139786f4686be919e7fc8ead55441.jpg. Detected amenity: bathtub. Detection confidence: low (0.22). Source prompt type: baseline.,"You are generating hotel amenity questions for guests browsing accommodation photos. Given the detection summary below, generate a hotel amenity related question that a guest may ask or a guest might want to be answeredwhile browsing accommodation images. Keep the question short, factual, and neutral. Detection summary: Image file: image_117_jpg.rf.902139786f4686be919e7fc8ead55441.jpg. Detected amenity: bathtub. Detection confidence: low (0.22). Source prompt type: baseline. Question:",What type of amenity is the bathtub in a hotel?,What type of amenity is the bathtub?,Does this room have a bathtub?,Is the bathtub separate from the shower?
image_26_jpg.rf.b90c2de57d828c743eb095d73eabb157.jpg,bathtub,0.2274230420589447,347.21807861328125,393.7081604003906,640.647705078125,569.0086669921875,baseline,Image file: image_26_jpg.rf.b90c2de57d828c743eb095d73eabb157.jpg. Detected amenity: bathtub. Detection confidence: low (0.23). Source prompt type: baseline.,"You are generating hotel amenity questions for guests browsing accommodation photos. Given the detection summary below, generate a hotel amenity related question that a guest may ask or a guest might want to be answeredwhile browsing accommodation images. Keep the question short, factual, and neutral. Detection summary: Image file: image_26_jpg.rf.b90c2de57d828c743eb095d73eabb157.jpg. Detected amenity: bathtub. Detection confidence: low (0.23). Source prompt type: baseline. Question:",Which hotel amenity is most likely to be a bathtub?,What type of amenity is the bathtub?,Does this room have a bathtub?,Is there a bathtub in the room?
image_131_jpg.rf.752a6458b5279f99df4f45c1bba3fc60.jpg,bathtub,0.1478481888771057,325.5521240234375,488.17877197265625,637.6773681640625,636.19189453125,baseline,Image file: image_131_jpg.rf.752a6458b5279f99df4f45c1bba3fc60.jpg. Detected amenity: bathtub. Detection confidence: low (0.15). Source prompt type: baseline.,"You are generating hotel amenity questions for guests browsing accommodation photos. Given the detection summary below, generate a hotel amenity related question that a guest may ask or a guest might want to be answeredwhile browsing accommodation images. Keep the question short, factual, and neutral. Detection summary: Image file: image_131_jpg.rf.752a6458b5279f99df4f45c1bba3fc60.jpg. Detected amenity: bathtub. Detection confidence: low (0.15). Source prompt type: baseline. Question:",What type of amenity does a bathtub have?,What is the name of the hotel's bathtub?,Does this room have a bathtub?,Does the room have a walk-in shower or a separate shower area?
image_65_jpg.rf.33ac2863baedde99e69cec5a834677cd.jpg,bathtub,0.1582965701818466,90.56619262695312,477.6522521972656,337.40576171875,638.759521484375,baseline,Image file: image_65_jpg.rf.33ac2863baedde99e69cec5a834677cd.jpg. Detected amenity: bathtub. Detection confidence: low (0.16). Source prompt type: baseline.,"You are generating hotel amenity questions for guests browsing accommodation photos. Given the detection summary below, generate a hotel amenity related question that a guest may ask or a guest might want to be answeredwhile browsing accommodation images. Keep the question short, factual, and neutral. Detection summary: Image file: image_65_jpg.rf.33ac2863baedde99e69cec5a834677cd.jpg. Detected amenity: bathtub. Detection confidence: low (0.16). Source prompt type: baseline. Question:",What type of amenity is the bathtub in a hotel?,What type of amenity is the bathtub?,Does this room have a bathtub?,Is there a separate shower in the bathroom?
image_209_jpg.rf.d3d8765e197b74b8b136b4eef8ae562c.jpg,bathtub,0.1393245905637741,222.4957275390625,140.94570922851562,523.593994140625,545.7357177734375,baseline,Image file: image_209_jpg.rf.d3d8765e197b74b8b136b4eef8ae562c.jpg. Detected amenity: bathtub. Detection confidence: low (0.14). Source prompt type: baseline.,"You are generating hotel amenity questions for guests browsing accommodation photos. Given the detection summary below, generate a hotel amenity related question that a guest may ask or a guest might want to be answeredwhile browsing accommodation images. Keep the question short, factual, and neutral. Detection summary: Image file: image_209_jpg.rf.d3d8765e197b74b8b136b4eef8ae562c.jpg. Detected amenity: bathtub. Detection confidence: low (0.14). Source prompt type: baseline. Question:",What type of amenity is the bathtub in a hotel?,What type of amenity is the bathtub?,Does this room have a bathtub?,Is there a bathtub in the room?
image_5_jpg.rf.ada8a9b2f04240d7b406cf3548014f3b.jpg,bathtub,0.1029072999954223,417.0455627441406,376.8524475097656,638.4122924804688,641.310302734375,baseline,Image file: image_5_jpg.rf.ada8a9b2f04240d7b406cf3548014f3b.jpg. Detected amenity: bathtub. Detection confidence: low (0.10). Source prompt type: baseline.,"You are generating hotel amenity questions for guests browsing accommodation photos. Given the detection summary below, generate a hotel amenity related question that a guest may ask or a guest might want to be answeredwhile browsing accommodation images. Keep the question short, factual, and neutral. Detection summary: Image file: image_5_jpg.rf.ada8a9b2f04240d7b406cf3548014f3b.jpg. Detected amenity: bathtub. Detection confidence: low (0.10). Source prompt type: baseline. Question:",What type of amenity is the bathtub?,What type of amenity is the bathtub?,Does the room have a bathtub?,Is a bathtub available in the room?
image_5_jpg.rf.ada8a9b2f04240d7b406cf3548014f3b.jpg,bathtub,0.4161849617958069,132.32810974121094,384.3793029785156,394.0713195800781,551.5543212890625,baseline,Image file: image_5_jpg.rf.ada8a9b2f04240d7b406cf3548014f3b.jpg. Detected amenity: bathtub. Detection confidence: medium (0.42). Source prompt type: baseline.,"You are generating hotel amenity questions for guests browsing accommodation photos. Given the detection summary below, generate a hotel amenity related question that a guest may ask or a guest might want to be answeredwhile browsing accommodation images. Keep the question short, factual, and neutral. Detection summary: Image file: image_5_jpg.rf.ada8a9b2f04240d7b406cf3548014f3b.jpg. Detected amenity: bathtub. Detection confidence: medium (0.42). Source prompt type: baseline. Question:",What type of amenity does a bathtub have?,What type of amenity is the bathtub?,Does the room have a bathtub?,Does the hotel room have a separate shower?
image_88_jpg.rf.8bd6c85560adfaed06d062d5819d3cec.jpg,bathtub,0.307035893201828,379.3852233886719,339.361572265625,635.2509765625,460.4301452636719,baseline,Image file: image_88_jpg.rf.8bd6c85560adfaed06d062d5819d3cec.jpg. Detected amenity: bathtub. Detection confidence: medium (0.31). Source prompt type: baseline.,"You are generating hotel amenity questions for guests browsing accommodation photos. Given the detection summary below, generate a hotel amenity related question that a guest may ask or a guest might want to be answeredwhile browsing accommodation images. Keep the question short, factual, and neutral. Detection summary: Image file: image_88_jpg.rf.8bd6c85560adfaed06d062d5819d3cec.jpg. Detected amenity: bathtub. Detection confidence: medium (0.31). Source prompt type: baseline. Question:",What type of amenity does the image show?,What type of amenity is the bathtub?,Does the room have a bathtub?,Does the bathtub have a shower attachment?
image_88_jpg.rf.8bd6c85560adfaed06d062d5819d3cec.jpg,bathtub,0.1280255764722824,379.6792297363281,323.754638671875,640.2447509765625,625.5830078125,baseline,Image file: image_88_jpg.rf.8bd6c85560adfaed06d062d5819d3cec.jpg. Detected amenity: bathtub. Detection confidence: low (0.13). Source prompt type: baseline.,"You are generating hotel amenity questions for guests browsing accommodation photos. Given the detection summary below, generate a hotel amenity related question that a guest may ask or a guest might want to be answeredwhile browsing accommodation images. Keep the question short, factual, and neutral. Detection summary: Image file: image_88_jpg.rf.8bd6c85560adfaed06d062d5819d3cec.jpg. Detected amenity: bathtub. Detection confidence: low (0.13). Source prompt type: baseline. Question:",Which hotel amenity is most likely to be a bathtub?,What type of amenity is the bathtub?,Does this room have a bathtub?,Does the bathtub have a showerhead?
image_66_jpg.rf.d1719ed41937e4c3975d29f8b63b67ad.jpg,bathtub,0.1468172669410705,-4.072151184082031,388.2662353515625,581.1334228515625,625.552734375,baseline,Image file: image_66_jpg.rf.d1719ed41937e4c3975d29f8b63b67ad.jpg. Detected amenity: bathtub. Detection confidence: low (0.15). Source prompt type: baseline.,"You are generating hotel amenity questions for guests browsing accommodation photos. Given the detection summary below, generate a hotel amenity related question that a guest may ask or a guest might want to be answeredwhile browsing accommodation images. Keep the question short, factual, and neutral. Detection summary: Image file: image_66_jpg.rf.d1719ed41937e4c3975d29f8b63b67ad.jpg. Detected amenity: bathtub. Detection confidence: low (0.15). Source prompt type: baseline. Question:",What type of amenity is the bathtub in a hotel?,What type of amenity is the bathtub?,Does this room have a bathtub?,Is there a bathtub in the room?
image_172_jpg.rf.350a23505f55d4d2aaa09008978644c4.jpg,bathtub,0.1901436597108841,21.59893035888672,392.33685302734375,209.23341369628903,640.7955932617188,baseline,Image file: image_172_jpg.rf.350a23505f55d4d2aaa09008978644c4.jpg. Detected amenity: bathtub. Detection confidence: low (0.19). Source prompt type: baseline.,"You are generating hotel amenity questions for guests browsing accommodation photos. Given the detection summary below, generate a hotel amenity related question that a guest may ask or a guest might want to be answeredwhile browsing accommodation images. Keep the question short, factual, and neutral. Detection summary: Image file: image_172_jpg.rf.350a23505f55d4d2aaa09008978644c4.jpg. Detected amenity: bathtub. Detection confidence: low (0.19). Source prompt type: baseline. Question:",What type of amenity does the image file contain?,What type of amenity is the bathtub?,Does this room have a bathtub?,Is there a bathtub in the room?
image_71_jpg.rf.6b99dbfc4417c46dd7e78750f68829d7.jpg,bathtub,0.1074022725224495,67.42310333251953,488.9813232421875,335.0565795898437,638.850341796875,baseline,Image file: image_71_jpg.rf.6b99dbfc4417c46dd7e78750f68829d7.jpg. Detected amenity: bathtub. Detection confidence: low (0.11). Source prompt type: baseline.,"You are generating hotel amenity questions for guests browsing accommodation photos. Given the detection summary below, generate a hotel amenity related question that a guest may ask or a guest might want to be answeredwhile browsing accommodation images. Keep the question short, factual, and neutral. Detection summary: Image file: image_71_jpg.rf.6b99dbfc4417c46dd7e78750f68829d7.jpg. Detected amenity: bathtub. Detection confidence: low (0.11). Source prompt type: baseline. Question:",What type of amenity is the bathtub in a hotel?,What is the name of the hotel's bathtub?,Does this room have a bathtub?,Does the bathtub have a shower attachment?
image_234_fp_jpg.rf.13eab136a6b38fa01a9c28c31d6e56e7.jpg,bathtub,0.150431752204895,291.0122375488281,328.922119140625,455.2806091308594,636.3998413085938,baseline,Image file: image_234_fp_jpg.rf.13eab136a6b38fa01a9c28c31d6e56e7.jpg. Detected amenity: bathtub. Detection confidence: low (0.15). Source prompt type: baseline.,"You are generating hotel amenity questions for guests browsing accommodation photos. Given the detection summary below, generate a hotel amenity related question that a guest may ask or a guest might want to be answeredwhile browsing accommodation images. Keep the question short, factual, and neutral. Detection summary: Image file: image_234_fp_jpg.rf.13eab136a6b38fa01a9c28c31d6e56e7.jpg. Detected amenity: bathtub. Detection confidence: low (0.15). Source prompt type: baseline. Question:",What type of amenity does a bathtub have?,What type of amenity is the bathtub?,Does the room have a bathtub?,Does the bathtub have a shower attachment?
image_109_jpg.rf.d427e4824b1aa2dcffb4a78bdeaaaed1.jpg,bathtub,0.2404946684837341,149.97897338867188,301.6800231933594,455.59173583984375,625.7793579101562,baseline,Image file: image_109_jpg.rf.d427e4824b1aa2dcffb4a78bdeaaaed1.jpg. Detected amenity: bathtub. Detection confidence: low (0.24). Source prompt type: baseline.,"You are generating hotel amenity questions for guests browsing accommodation photos. Given the detection summary below, generate a hotel amenity related question that a guest may ask or a guest might want to be answeredwhile browsing accommodation images. Keep the question short, factual, and neutral. Detection summary: Image file: image_109_jpg.rf.d427e4824b1aa2dcffb4a78bdeaaaed1.jpg. Detected amenity: bathtub. Detection confidence: low (0.24). Source prompt type: baseline. Question:",What type of amenity is the bathtub in a hotel?,What is the name of the hotel's bathtub?,Does the room have a bathtub?,Is there a bathtub in the room?
image_79_jpg.rf.439497666bfc09bbe6988d4d09b70c2a.jpg,bathtub,0.1944268643856048,-0.1364707946777343,419.2222595214844,298.2548828125,641.201416015625,baseline,Image file: image_79_jpg.rf.439497666bfc09bbe6988d4d09b70c2a.jpg. Detected amenity: bathtub. Detection confidence: low (0.19). Source prompt type: baseline.,"You are generating hotel amenity questions for guests browsing accommodation photos. Given the detection summary below, generate a hotel amenity related question that a guest may ask or a guest might want to be answeredwhile browsing accommodation images. Keep the question short, factual, and neutral. Detection summary: Image file: image_79_jpg.rf.439497666bfc09bbe6988d4d09b70c2a.jpg. Detected amenity: bathtub. Detection confidence: low (0.19). Source prompt type: baseline. Question:",What type of amenity is the bathtub in a hotel?,What type of amenity is the bathtub?,Does this room have a bathtub?,Is the bathtub separate from the shower?
image_133_jpg.rf.73e4a9cb776424dfd5f93b5c358d0712.jpg,bathtub,0.2658374309539795,143.15463256835938,424.6226806640625,416.546142578125,639.5994262695312,baseline,Image file: image_133_jpg.rf.73e4a9cb776424dfd5f93b5c358d0712.jpg. Detected amenity: bathtub. Detection confidence: low (0.27). Source prompt type: baseline.,"You are generating hotel amenity questions for guests browsing accommodation photos. Given the detection summary below, generate a hotel amenity related question that a guest may ask or a guest might want to be answeredwhile browsing accommodation images. Keep the question short, factual, and neutral. Detection summary: Image file: image_133_jpg.rf.73e4a9cb776424dfd5f93b5c358d0712.jpg. Detected amenity: bathtub. Detection confidence: low (0.27). Source prompt type: baseline. Question:",What type of amenity does the image show?,What is the name of the hotel's bathtub?,Does this room have a bathtub?,Is the bathtub separate from the shower?
image_204_jpg.rf.83215b328cf761ea6a935a064328e713.jpg,bathtub,0.2707204222679138,-2.134227752685547,421.02777099609375,317.3968200683594,630.592529296875,baseline,Image file: image_204_jpg.rf.83215b328cf761ea6a935a064328e713.jpg. Detected amenity: bathtub. Detection confidence: low (0.27). Source prompt type: baseline.,"You are generating hotel amenity questions for guests browsing accommodation photos. Given the detection summary below, generate a hotel amenity related question that a guest may ask or a guest might want to be answeredwhile browsing accommodation images. Keep the question short, factual, and neutral. Detection summary: Image file: image_204_jpg.rf.83215b328cf761ea6a935a064328e713.jpg. Detected amenity: bathtub. Detection confidence: low (0.27). Source prompt type: baseline. Question:",What type of amenity does the image show?,What type of amenity is the bathtub?,Does the room have a bathtub?,Is there a bathtub in the room?
image_205_jpg.rf.3a9d2058fadc0f8ba542e2eae3ee3009.jpg,bathtub,0.3239235877990722,328.10211181640625,409.04107666015625,641.8944091796875,639.16748046875,baseline,Image file: image_205_jpg.rf.3a9d2058fadc0f8ba542e2eae3ee3009.jpg. Detected amenity: bathtub. Detection confidence: medium (0.32). Source prompt type: baseline.,"You are generating hotel amenity questions for guests browsing accommodation photos. Given the detection summary below, generate a hotel amenity related question that a guest may ask or a guest might want to be answeredwhile browsing accommodation images. Keep the question short, factual, and neutral. Detection summary: Image file: image_205_jpg.rf.3a9d2058fadc0f8ba542e2eae3ee3009.jpg. Detected amenity: bathtub. Detection confidence: medium (0.32). Source prompt type: baseline. Question:",What is the name of the hotel amenity?,What is the name of the hotel's bathtub?,Does the room have a bathtub?,Is there a bathtub in the room?
image_43_jpg.rf.9e4b253645ab3a793f00e81b88724301.jpg,bathtub,0.2339691966772079,305.637939453125,463.095703125,619.7044677734375,639.2091064453125,baseline,Image file: image_43_jpg.rf.9e4b253645ab3a793f00e81b88724301.jpg. Detected amenity: bathtub. Detection confidence: low (0.23). Source prompt type: baseline.,"You are generating hotel amenity questions for guests browsing accommodation photos. Given the detection summary below, generate a hotel amenity related question that a guest may ask or a guest might want to be answeredwhile browsing accommodation images. Keep the question short, factual, and neutral. Detection summary: Image file: image_43_jpg.rf.9e4b253645ab3a793f00e81b88724301.jpg. Detected amenity: bathtub. Detection confidence: low (0.23). Source prompt type: baseline. Question:",What type of amenity is the bathtub in a hotel?,What type of amenity is the bathtub?,Does this room have a bathtub?,Does the bathtub have a shower attachment?
image_124_jpg.rf.5ad3d32def263e4cf589e320e7deae2d.jpg,bathtub,0.2328037470579147,67.93731689453125,394.557861328125,248.59332275390625,638.5568237304688,baseline,Image file: image_124_jpg.rf.5ad3d32def263e4cf589e320e7deae2d.jpg. Detected amenity: bathtub. Detection confidence: low (0.23). Source prompt type: baseline.,"You are generating hotel amenity questions for guests browsing accommodation photos. Given the detection summary below, generate a hotel amenity related question that a guest may ask or a guest might want to be answeredwhile browsing accommodation images. Keep the question short, factual, and neutral. Detection summary: Image file: image_124_jpg.rf.5ad3d32def263e4cf589e320e7deae2d.jpg. Detected amenity: bathtub. Detection confidence: low (0.23). Source prompt type: baseline. Question:",What is the name of the hotel amenity?,What type of amenity is the bathtub?,Does this room have a bathtub?,Is the bathtub separate from the shower?
image_53_jpg.rf.8067cc9bf4971f5adc1b3a5151002a8f.jpg,bathtub,0.3071249127388,434.51025390625,302.2909240722656,571.9918212890625,520.3627319335938,baseline,Image file: image_53_jpg.rf.8067cc9bf4971f5adc1b3a5151002a8f.jpg. Detected amenity: bathtub. Detection confidence: medium (0.31). Source prompt type: baseline.,"You are generating hotel amenity questions for guests browsing accommodation photos. Given the detection summary below, generate a hotel amenity related question that a guest may ask or a guest might want to be answeredwhile browsing accommodation images. Keep the question short, factual, and neutral. Detection summary: Image file: image_53_jpg.rf.8067cc9bf4971f5adc1b3a5151002a8f.jpg. Detected amenity: bathtub. Detection confidence: medium (0.31). Source prompt type: baseline. Question:",What is the name of the hotel amenity?,What type of amenity is the bathtub?,Does this room have a bathtub?,Is there a bathtub in the room?
image_90_jpg.rf.923d2b46262fb0b34b003a94213094ab.jpg,bathtub,0.132782444357872,65.98228454589844,364.2215576171875,380.6473083496094,613.7637329101562,baseline,Image file: image_90_jpg.rf.923d2b46262fb0b34b003a94213094ab.jpg. Detected amenity: bathtub. Detection confidence: low (0.13). Source prompt type: baseline.,"You are generating hotel amenity questions for guests browsing accommodation photos. Given the detection summary below, generate a hotel amenity related question that a guest may ask or a guest might want to be answeredwhile browsing accommodation images. Keep the question short, factual, and neutral. Detection summary: Image file: image_90_jpg.rf.923d2b46262fb0b34b003a94213094ab.jpg. Detected amenity: bathtub. Detection confidence: low (0.13). Source prompt type: baseline. Question:",What type of amenity does the image show?,What type of amenity is the bathtub?,Does this room have a bathtub?,Does the bathtub have a shower attachment?
image_90_jpg.rf.923d2b46262fb0b34b003a94213094ab.jpg,bathtub,0.243636354804039,79.8716049194336,357.15625,352.20587158203125,499.4435424804688,baseline,Image file: image_90_jpg.rf.923d2b46262fb0b34b003a94213094ab.jpg. Detected amenity: bathtub. Detection confidence: low (0.24). Source prompt type: baseline.,"You are generating hotel amenity questions for guests browsing accommodation photos. Given the detection summary below, generate a hotel amenity related question that a guest may ask or a guest might want to be answeredwhile browsing accommodation images. Keep the question short, factual, and neutral. Detection summary: Image file: image_90_jpg.rf.923d2b46262fb0b34b003a94213094ab.jpg. Detected amenity: bathtub. Detection confidence: low (0.24). Source prompt type: baseline. Question:",What type of amenity does the image show?,What type of amenity is the bathtub?,Does this room have a bathtub?,Is there a bathtub in the room?
image_126_jpg.rf.05940aae5f89301cf9b3f48931692b18.jpg,bathtub,0.1656758487224578,344.4013977050781,426.94183349609375,560.1561889648438,616.242919921875,baseline,Image file: image_126_jpg.rf.05940aae5f89301cf9b3f48931692b18.jpg. Detected amenity: bathtub. Detection confidence: low (0.17). Source prompt type: baseline.,"You are generating hotel amenity questions for guests browsing accommodation photos. Given the detection summary below, generate a hotel amenity related question that a guest may ask or a guest might want to be answeredwhile browsing accommodation images. Keep the question short, factual, and neutral. Detection summary: Image file: image_126_jpg.rf.05940aae5f89301cf9b3f48931692b18.jpg. Detected amenity: bathtub. Detection confidence: low (0.17). Source prompt type: baseline. Question:",What type of amenity does a bathtub have?,What type of amenity is the bathtub?,Does this room have a bathtub?,Is there a bathtub in the room?
image_56_jpg.rf.55c46d8c9f46fa3ed53821edcf738ab0.jpg,bathtub,0.1404060870409011,5.638589859008789,428.9300537109375,168.83450317382812,564.81103515625,baseline,Image file: image_56_jpg.rf.55c46d8c9f46fa3ed53821edcf738ab0.jpg. Detected amenity: bathtub. Detection confidence: low (0.14). Source prompt type: baseline.,"You are generating hotel amenity questions for guests browsing accommodation photos. Given the detection summary below, generate a hotel amenity related question that a guest may ask or a guest might want to be answeredwhile browsing accommodation images. Keep the question short, factual, and neutral. Detection summary: Image file: image_56_jpg.rf.55c46d8c9f46fa3ed53821edcf738ab0.jpg. Detected amenity: bathtub. Detection confidence: low (0.14). Source prompt type: baseline. Question:",What type of amenity is the bathtub in a hotel?,What type of amenity is the bathtub?,Does the room have a bathtub?,Does the bathtub have a shower attachment?
image_203_jpg.rf.eddf43e9860a824021c685dcc6afe6ee.jpg,bathtub,0.2430275231599807,47.22257614135742,475.4580078125,484.3731689453125,642.1941528320312,baseline,Image file: image_203_jpg.rf.eddf43e9860a824021c685dcc6afe6ee.jpg. Detected amenity: bathtub. Detection confidence: low (0.24). Source prompt type: baseline.,"You are generating hotel amenity questions for guests browsing accommodation photos. Given the detection summary below, generate a hotel amenity related question that a guest may ask or a guest might want to be answeredwhile browsing accommodation images. Keep the question short, factual, and neutral. Detection summary: Image file: image_203_jpg.rf.eddf43e9860a824021c685dcc6afe6ee.jpg. Detected amenity: bathtub. Detection confidence: low (0.24). Source prompt type: baseline. Question:",What is the name of the hotel amenity?,What type of amenity is the bathtub?,Does the room have a bathtub?,Is the bathtub separate from the shower?
image_183_jpg.rf.654be78c489e41c2111612f576ae2a8a.jpg,bathtub,0.370025634765625,1.629486083984375,411.1484375,264.3436584472656,642.735107421875,baseline,Image file: image_183_jpg.rf.654be78c489e41c2111612f576ae2a8a.jpg. Detected amenity: bathtub. Detection confidence: medium (0.37). Source prompt type: baseline.,"You are generating hotel amenity questions for guests browsing accommodation photos. Given the detection summary below, generate a hotel amenity related question that a guest may ask or a guest might want to be answeredwhile browsing accommodation images. Keep the question short, factual, and neutral. Detection summary: Image file: image_183_jpg.rf.654be78c489e41c2111612f576ae2a8a.jpg. Detected amenity: bathtub. Detection confidence: medium (0.37). Source prompt type: baseline. Question:",What is the name of the hotel amenity?,What type of amenity is the bathtub?,Does this room have a bathtub?,Does the hotel room have a walk-in shower or a separate shower area?
image_211_jpg.rf.4cb9583c68f438ab62e3c79fb62293f4.jpg,bathtub,0.5392449498176575,20.936241149902344,362.4398498535156,215.132064819336,479.3136901855469,baseline,Image file: image_211_jpg.rf.4cb9583c68f438ab62e3c79fb62293f4.jpg. Detected amenity: bathtub. Detection confidence: medium (0.54). Source prompt type: baseline.,"You are generating hotel amenity questions for guests browsing accommodation photos. Given the detection summary below, generate a hotel amenity related question that a guest may ask or a guest might want to be answeredwhile browsing accommodation images. Keep the question short, factual, and neutral. Detection summary: Image file: image_211_jpg.rf.4cb9583c68f438ab62e3c79fb62293f4.jpg. Detected amenity: bathtub. Detection confidence: medium (0.54). Source prompt type: baseline. Question:",What is the name of the hotel amenity?,What type of amenity is the bathtub?,Does the room have a bathtub?,Does the hotel room have a separate shower?
image_181_jpg.rf.8aa57b33c2090b52196b75217d22793c.jpg,bathtub,0.5531702041625977,2.696704864501953,358.097900390625,412.743896484375,636.9811401367188,baseline,Image file: image_181_jpg.rf.8aa57b33c2090b52196b75217d22793c.jpg. Detected amenity: bathtub. Detection confidence: medium (0.55). Source prompt type: baseline.,"You are generating hotel amenity questions for guests browsing accommodation photos. Given the detection summary below, generate a hotel amenity related question that a guest may ask or a guest might want to be answeredwhile browsing accommodation images. Keep the question short, factual, and neutral. Detection summary: Image file: image_181_jpg.rf.8aa57b33c2090b52196b75217d22793c.jpg. Detected amenity: bathtub. Detection confidence: medium (0.55). Source prompt type: baseline. Question:",What is the name of the hotel amenity?,What type of amenity is the bathtub?,Does this room have a bathtub?,Does the room have a separate shower?
image_181_jpg.rf.8aa57b33c2090b52196b75217d22793c.jpg,bathtub,0.136344239115715,420.6378479003906,408.5741882324219,635.7429809570312,636.8773193359375,baseline,Image file: image_181_jpg.rf.8aa57b33c2090b52196b75217d22793c.jpg. Detected amenity: bathtub. Detection confidence: low (0.14). Source prompt type: baseline.,"You are generating hotel amenity questions for guests browsing accommodation photos. Given the detection summary below, generate a hotel amenity related question that a guest may ask or a guest might want to be answeredwhile browsing accommodation images. Keep the question short, factual, and neutral. Detection summary: Image file: image_181_jpg.rf.8aa57b33c2090b52196b75217d22793c.jpg. Detected amenity: bathtub. Detection confidence: low (0.14). Source prompt type: baseline. Question:",What type of amenity does the image file contain?,What type of amenity is the bathtub?,Does this room have a bathtub?,Is there a bathtub in the room?
image_74_jpg.rf.9cfbe6437a7bea453a47141dbb94933c.jpg,bathtub,0.2594731152057647,266.8995361328125,414.39837646484375,523.9185791015625,618.5158081054688,baseline,Image file: image_74_jpg.rf.9cfbe6437a7bea453a47141dbb94933c.jpg. Detected amenity: bathtub. Detection confidence: low (0.26). Source prompt type: baseline.,"You are generating hotel amenity questions for guests browsing accommodation photos. Given the detection summary below, generate a hotel amenity related question that a guest may ask or a guest might want to be answeredwhile browsing accommodation images. Keep the question short, factual, and neutral. Detection summary: Image file: image_74_jpg.rf.9cfbe6437a7bea453a47141dbb94933c.jpg. Detected amenity: bathtub. Detection confidence: low (0.26). Source prompt type: baseline. Question:",What type of amenity does the image file contain?,What type of amenity is the bathtub?,Does this room have a bathtub?,Is the bathtub separate from the shower?
image_67_jpg.rf.43884fa03bdfadfc7c78f879d93d6dbf.jpg,bathtub,0.1178034543991088,0.2857112884521484,347.5077514648437,173.773193359375,637.2108764648438,baseline,Image file: image_67_jpg.rf.43884fa03bdfadfc7c78f879d93d6dbf.jpg. Detected amenity: bathtub. Detection confidence: low (0.12). Source prompt type: baseline.,"You are generating hotel amenity questions for guests browsing accommodation photos. Given the detection summary below, generate a hotel amenity related question that a guest may ask or a guest might want to be answeredwhile browsing accommodation images. Keep the question short, factual, and neutral. Detection summary: Image file: image_67_jpg.rf.43884fa03bdfadfc7c78f879d93d6dbf.jpg. Detected amenity: bathtub. Detection confidence: low (0.12). Source prompt type: baseline. Question:",What type of amenity does a bathtub have?,What type of amenity is the bathtub?,Does this room have a bathtub?,Does the room have a separate shower?
image_67_jpg.rf.43884fa03bdfadfc7c78f879d93d6dbf.jpg,bathtub,0.1390442550182342,423.7039794921875,374.5975341796875,636.6680297851562,639.3074951171875,baseline,Image file: image_67_jpg.rf.43884fa03bdfadfc7c78f879d93d6dbf.jpg. Detected amenity: bathtub. Detection confidence: low (0.14). Source prompt type: baseline.,"You are generating hotel amenity questions for guests browsing accommodation photos. Given the detection summary below, generate a hotel amenity related question that a guest may ask or a guest might want to be answeredwhile browsing accommodation images. Keep the question short, factual, and neutral. Detection summary: Image file: image_67_jpg.rf.43884fa03bdfadfc7c78f879d93d6dbf.jpg. Detected amenity: bathtub. Detection confidence: low (0.14). Source prompt type: baseline. Question:",What type of amenity is the bathtub?,What type of amenity is the bathtub?,Does this room have a bathtub?,Is there a bathtub in the room?
image_38_jpg.rf.75260065d6c37fefda6362169013f00b.jpg,bathtub,0.1738964766263961,235.8226776123047,413.1603698730469,328.6343688964844,500.254638671875,baseline,Image file: image_38_jpg.rf.75260065d6c37fefda6362169013f00b.jpg. Detected amenity: bathtub. Detection confidence: low (0.17). Source prompt type: baseline.,"You are generating hotel amenity questions for guests browsing accommodation photos. Given the detection summary below, generate a hotel amenity related question that a guest may ask or a guest might want to be answeredwhile browsing accommodation images. Keep the question short, factual, and neutral. Detection summary: Image file: image_38_jpg.rf.75260065d6c37fefda6362169013f00b.jpg. Detected amenity: bathtub. Detection confidence: low (0.17). Source prompt type: baseline. Question:",What type of amenity does the image file contain?,What type of amenity is the bathtub?,Does this room have a bathtub?,Is there a bathtub in the room?
image_38_jpg.rf.75260065d6c37fefda6362169013f00b.jpg,bathtub,0.4385826885700226,-1.4984130859375,387.2124633789063,235.30084228515625,641.5406494140625,baseline,Image file: image_38_jpg.rf.75260065d6c37fefda6362169013f00b.jpg. Detected amenity: bathtub. Detection confidence: medium (0.44). Source prompt type: baseline.,"You are generating hotel amenity questions for guests browsing accommodation photos. Given the detection summary below, generate a hotel amenity related question that a guest may ask or a guest might want to be answeredwhile browsing accommodation images. Keep the question short, factual, and neutral. Detection summary: Image file: image_38_jpg.rf.75260065d6c37fefda6362169013f00b.jpg. Detected amenity: bathtub. Detection confidence: medium (0.44). Source prompt type: baseline. Question:",What is the name of the hotel amenity?,What type of amenity is the bathtub?,Does this room have a bathtub?,Does the bathtub have a shower attachment?
image_73_jpg.rf.24f6459c6cfcc3edae262c7a9453d6f8.jpg,bathtub,0.1825948804616928,-3.6313247680664062,443.2649230957031,188.87954711914065,643.1932373046875,baseline,Image file: image_73_jpg.rf.24f6459c6cfcc3edae262c7a9453d6f8.jpg. Detected amenity: bathtub. Detection confidence: low (0.18). Source prompt type: baseline.,"You are generating hotel amenity questions for guests browsing accommodation photos. Given the detection summary below, generate a hotel amenity related question that a guest may ask or a guest might want to be answeredwhile browsing accommodation images. Keep the question short, factual, and neutral. Detection summary: Image file: image_73_jpg.rf.24f6459c6cfcc3edae262c7a9453d6f8.jpg. Detected amenity: bathtub. Detection confidence: low (0.18). Source prompt type: baseline. Question:",What type of amenity is the bathtub in a hotel?,What is the name of the hotel's bathtub?,Does this room have a bathtub?,Does the bathtub have a shower attachment?
image_73_jpg.rf.24f6459c6cfcc3edae262c7a9453d6f8.jpg,bathtub,0.2092540711164474,277.77667236328125,368.8747863769531,642.4691772460938,647.4133911132812,baseline,Image file: image_73_jpg.rf.24f6459c6cfcc3edae262c7a9453d6f8.jpg. Detected amenity: bathtub. Detection confidence: low (0.21). Source prompt type: baseline.,"You are generating hotel amenity questions for guests browsing accommodation photos. Given the detection summary below, generate a hotel amenity related question that a guest may ask or a guest might want to be answeredwhile browsing accommodation images. Keep the question short, factual, and neutral. Detection summary: Image file: image_73_jpg.rf.24f6459c6cfcc3edae262c7a9453d6f8.jpg. Detected amenity: bathtub. Detection confidence: low (0.21). Source prompt type: baseline. Question:",What type of amenity is the bathtub in a hotel?,What type of amenity is the bathtub?,Does the room have a bathtub?,Does the room have a separate shower area?
image_97_jpg.rf.9e80bda1d83e2ffdfc46b9c6072deb67.jpg,bathtub,0.170476421713829,220.57470703125,496.2081909179688,335.3866271972656,616.3177490234375,baseline,Image file: image_97_jpg.rf.9e80bda1d83e2ffdfc46b9c6072deb67.jpg. Detected amenity: bathtub. Detection confidence: low (0.17). Source prompt type: baseline.,"You are generating hotel amenity questions for guests browsing accommodation photos. Given the detection summary below, generate a hotel amenity related question that a guest may ask or a guest might want to be answeredwhile browsing accommodation images. Keep the question short, factual, and neutral. Detection summary: Image file: image_97_jpg.rf.9e80bda1d83e2ffdfc46b9c6072deb67.jpg. Detected amenity: bathtub. Detection confidence: low (0.17). Source prompt type: baseline. Question:",What type of amenity does a bathtub have?,What type of amenity is the bathtub?,Does the room have a bathtub?,Does the bathtub have a shower attachment?
image_49_jpg.rf.7a4a5b96835696fc6ac6809e85922cd3.jpg,bathtub,0.4044458866119385,10.231952667236328,366.5203247070313,271.1325378417969,627.1155395507812,baseline,Image file: image_49_jpg.rf.7a4a5b96835696fc6ac6809e85922cd3.jpg. Detected amenity: bathtub. Detection confidence: medium (0.40). Source prompt type: baseline.,"You are generating hotel amenity questions for guests browsing accommodation photos. Given the detection summary below, generate a hotel amenity related question that a guest may ask or a guest might want to be answeredwhile browsing accommodation images. Keep the question short, factual, and neutral. Detection summary: Image file: image_49_jpg.rf.7a4a5b96835696fc6ac6809e85922cd3.jpg. Detected amenity: bathtub. Detection confidence: medium (0.40). Source prompt type: baseline. Question:",What is the name of the hotel amenity?,What type of amenity is the bathtub?,Does this room have a bathtub?,Does the bathtub have a shower attachment?
image_78_jpg.rf.f74697c0839071d8287b1c2fc2294013.jpg,bathtub,0.2896871268749237,29.625959396362305,467.03326416015625,206.05145263671875,642.738037109375,baseline,Image file: image_78_jpg.rf.f74697c0839071d8287b1c2fc2294013.jpg. Detected amenity: bathtub. Detection confidence: low (0.29). Source prompt type: baseline.,"You are generating hotel amenity questions for guests browsing accommodation photos. Given the detection summary below, generate a hotel amenity related question that a guest may ask or a guest might want to be answeredwhile browsing accommodation images. Keep the question short, factual, and neutral. Detection summary: Image file: image_78_jpg.rf.f74697c0839071d8287b1c2fc2294013.jpg. Detected amenity: bathtub. Detection confidence: low (0.29). Source prompt type: baseline. Question:",What type of amenity does a bathtub have?,What type of amenity is the bathtub?,Does this room have a bathtub?,Is the bathtub separate from the shower?
image_35_jpg.rf.2ca043d78448a85bcfbcde4aff22e4cc.jpg,bathtub,0.1065150499343872,0.5350399017333984,521.0446166992188,148.79603576660156,639.8798217773438,baseline,Image file: image_35_jpg.rf.2ca043d78448a85bcfbcde4aff22e4cc.jpg. Detected amenity: bathtub. Detection confidence: low (0.11). Source prompt type: baseline.,"You are generating hotel amenity questions for guests browsing accommodation photos. Given the detection summary below, generate a hotel amenity related question that a guest may ask or a guest might want to be answeredwhile browsing accommodation images. Keep the question short, factual, and neutral. Detection summary: Image file: image_35_jpg.rf.2ca043d78448a85bcfbcde4aff22e4cc.jpg. Detected amenity: bathtub. Detection confidence: low (0.11). Source prompt type: baseline. Question:",What type of amenity is the bathtub?,What type of amenity is the bathtub?,Does the room have a bathtub?,Does the bathtub have a shower attachment?
image_77_jpg.rf.1ab047f42073f263159f644061485d43.jpg,bathtub,0.3480313420295715,335.19708251953125,528.273681640625,619.0560302734375,639.12353515625,baseline,Image file: image_77_jpg.rf.1ab047f42073f263159f644061485d43.jpg. Detected amenity: bathtub. Detection confidence: medium (0.35). Source prompt type: baseline.,"You are generating hotel amenity questions for guests browsing accommodation photos. Given the detection summary below, generate a hotel amenity related question that a guest may ask or a guest might want to be answeredwhile browsing accommodation images. Keep the question short, factual, and neutral. Detection summary: Image file: image_77_jpg.rf.1ab047f42073f263159f644061485d43.jpg. Detected amenity: bathtub. Detection confidence: medium (0.35). Source prompt type: baseline. Question:",What is the name of the hotel amenity?,What type of amenity is the bathtub?,Does this room have a bathtub?,Does the room have a separate shower?
image_70_jpg.rf.31764efb1387bec5b98c275a840b3874.jpg,bathtub,0.1472707986831665,-2.1096324920654297,501.36224365234375,316.1004943847656,636.341796875,baseline,Image file: image_70_jpg.rf.31764efb1387bec5b98c275a840b3874.jpg. Detected amenity: bathtub. Detection confidence: low (0.15). Source prompt type: baseline.,"You are generating hotel amenity questions for guests browsing accommodation photos. Given the detection summary below, generate a hotel amenity related question that a guest may ask or a guest might want to be answeredwhile browsing accommodation images. Keep the question short, factual, and neutral. Detection summary: Image file: image_70_jpg.rf.31764efb1387bec5b98c275a840b3874.jpg. Detected amenity: bathtub. Detection confidence: low (0.15). Source prompt type: baseline. Question:",What type of amenity does a bathtub have?,What type of amenity is the bathtub?,Does this room have a bathtub?,Is there a bathtub in the room?
image_154_jpg.rf.459671f8205426dfe4f80231a1f57dce.jpg,bathtub,0.1494947671890258,4.282951354980469,224.06246948242188,639.1929321289062,538.4417114257812,baseline,Image file: image_154_jpg.rf.459671f8205426dfe4f80231a1f57dce.jpg. Detected amenity: bathtub. Detection confidence: low (0.15). Source prompt type: baseline.,"You are generating hotel amenity questions for guests browsing accommodation photos. Given the detection summary below, generate a hotel amenity related question that a guest may ask or a guest might want to be answeredwhile browsing accommodation images. Keep the question short, factual, and neutral. Detection summary: Image file: image_154_jpg.rf.459671f8205426dfe4f80231a1f57dce.jpg. Detected amenity: bathtub. Detection confidence: low (0.15). Source prompt type: baseline. Question:",What type of amenity does a bathtub have?,What type of amenity is the bathtub?,Does the room have a bathtub?,Is there a bathtub in the room?
image_103_jpg.rf.5a2a13dfadaafe7d7ea69a1ef4687768.jpg,bathtub,0.136534184217453,419.10784912109375,305.3020324707031,639.46826171875,642.4279174804688,baseline,Image file: image_103_jpg.rf.5a2a13dfadaafe7d7ea69a1ef4687768.jpg. Detected amenity: bathtub. Detection confidence: low (0.14). Source prompt type: baseline.,"You are generating hotel amenity questions for guests browsing accommodation photos. Given the detection summary below, generate a hotel amenity related question that a guest may ask or a guest might want to be answeredwhile browsing accommodation images. Keep the question short, factual, and neutral. Detection summary: Image file: image_103_jpg.rf.5a2a13dfadaafe7d7ea69a1ef4687768.jpg. Detected amenity: bathtub. Detection confidence: low (0.14). Source prompt type: baseline. Question:",What is the name of the hotel amenity?,What is the name of the hotel's bathtub?,Does this room have a bathtub?,Is a bathtub available in the room?
image_113_jpg.rf.919e53f9fab018728c4570c6d9fbd794.jpg,bathtub,0.28642737865448,260.0590209960937,457.9597473144531,592.6517944335938,642.406494140625,baseline,Image file: image_113_jpg.rf.919e53f9fab018728c4570c6d9fbd794.jpg. Detected amenity: bathtub. Detection confidence: low (0.29). Source prompt type: baseline.,"You are generating hotel amenity questions for guests browsing accommodation photos. Given the detection summary below, generate a hotel amenity related question that a guest may ask or a guest might want to be answeredwhile browsing accommodation images. Keep the question short, factual, and neutral. Detection summary: Image file: image_113_jpg.rf.919e53f9fab018728c4570c6d9fbd794.jpg. Detected amenity: bathtub. Detection confidence: low (0.29). Source prompt type: baseline. Question:",What type of amenity does the image show?,What type of amenity is the bathtub?,Does the room have a bathtub?,Does the room have a separate shower area?
image_141_jpg.rf.ed46ccd2378f1ef471d027575068e08b.jpg,bathtub,0.1263480931520462,191.52078247070312,505.4380798339844,471.2483215332031,641.3060913085938,baseline,Image file: image_141_jpg.rf.ed46ccd2378f1ef471d027575068e08b.jpg. Detected amenity: bathtub. Detection confidence: low (0.13). Source prompt type: baseline.,"You are generating hotel amenity questions for guests browsing accommodation photos. Given the detection summary below, generate a hotel amenity related question that a guest may ask or a guest might want to be answeredwhile browsing accommodation images. Keep the question short, factual, and neutral. Detection summary: Image file: image_141_jpg.rf.ed46ccd2378f1ef471d027575068e08b.jpg. Detected amenity: bathtub. Detection confidence: low (0.13). Source prompt type: baseline. Question:",What type of amenity does the image file contain?,What type of amenity is the bathtub?,Does this room have a bathtub?,Is the bathtub separate from the shower?
image_161_jpg.rf.1733468d50607110358e42805a0c0641.jpg,bathtub,0.5775230526924133,443.2611083984375,422.1797180175781,637.4932861328125,637.87158203125,baseline,Image file: image_161_jpg.rf.1733468d50607110358e42805a0c0641.jpg. Detected amenity: bathtub. Detection confidence: medium (0.58). Source prompt type: baseline.,"You are generating hotel amenity questions for guests browsing accommodation photos. Given the detection summary below, generate a hotel amenity related question that a guest may ask or a guest might want to be answeredwhile browsing accommodation images. Keep the question short, factual, and neutral. Detection summary: Image file: image_161_jpg.rf.1733468d50607110358e42805a0c0641.jpg. Detected amenity: bathtub. Detection confidence: medium (0.58). Source prompt type: baseline. Question:",What is the name of the hotel amenity?,What type of amenity is the bathtub?,Does the room have a bathtub?,Does the room have a walk-in shower or a separate shower area?
image_75_jpg.rf.80388cd6dc634fd170f4b49f5db2a739.jpg,bathtub,0.1425974667072296,15.679149627685549,492.6260986328125,355.7933044433594,638.5499267578125,baseline,Image file: image_75_jpg.rf.80388cd6dc634fd170f4b49f5db2a739.jpg. Detected amenity: bathtub. Detection confidence: low (0.14). Source prompt type: baseline.,"You are generating hotel amenity questions for guests browsing accommodation photos. Given the detection summary below, generate a hotel amenity related question that a guest may ask or a guest might want to be answeredwhile browsing accommodation images. Keep the question short, factual, and neutral. Detection summary: Image file: image_75_jpg.rf.80388cd6dc634fd170f4b49f5db2a739.jpg. Detected amenity: bathtub. Detection confidence: low (0.14). Source prompt type: baseline. Question:",What type of amenity is the bathtub in a hotel?,What is the name of the hotel's bathtub?,Does the room have a bathtub?,Is there a bathtub available in the room?
image_155_jpg.rf.e1f7532cfc45538616d9e76448fb8ab2.jpg,bathtub,0.4180261790752411,21.898298263549805,430.63128662109375,321.84002685546875,639.0975341796875,baseline,Image file: image_155_jpg.rf.e1f7532cfc45538616d9e76448fb8ab2.jpg. Detected amenity: bathtub. Detection confidence: medium (0.42). Source prompt type: baseline.,"You are generating hotel amenity questions for guests browsing accommodation photos. Given the detection summary below, generate a hotel amenity related question that a guest may ask or a guest might want to be answeredwhile browsing accommodation images. Keep the question short, factual, and neutral. Detection summary: Image file: image_155_jpg.rf.e1f7532cfc45538616d9e76448fb8ab2.jpg. Detected amenity: bathtub. Detection confidence: medium (0.42). Source prompt type: baseline. Question:",What is the name of the hotel amenity?,What type of amenity is the bathtub?,Does this room have a bathtub?,Does the hotel room have a separate shower?
image_207_jpg.rf.726375a50f5cd855de3ec88e741a71b9.jpg,bathtub,0.2098099142313003,321.4425964355469,383.5330200195313,643.783447265625,633.10400390625,baseline,Image file: image_207_jpg.rf.726375a50f5cd855de3ec88e741a71b9.jpg. Detected amenity: bathtub. Detection confidence: low (0.21). Source prompt type: baseline.,"You are generating hotel amenity questions for guests browsing accommodation photos. Given the detection summary below, generate a hotel amenity related question that a guest may ask or a guest might want to be answeredwhile browsing accommodation images. Keep the question short, factual, and neutral. Detection summary: Image file: image_207_jpg.rf.726375a50f5cd855de3ec88e741a71b9.jpg. Detected amenity: bathtub. Detection confidence: low (0.21). Source prompt type: baseline. Question:",What type of amenity is the bathtub in a hotel?,What is the name of the hotel's bathtub?,Does this room have a bathtub?,Is there a bathtub in the room?
image_175_jpg.rf.f6ea66016e19eca6bed70a83cf868b02.jpg,bathtub,0.2741739153861999,102.60725402832033,134.26248168945312,552.703369140625,471.55120849609375,baseline,Image file: image_175_jpg.rf.f6ea66016e19eca6bed70a83cf868b02.jpg. Detected amenity: bathtub. Detection confidence: low (0.27). Source prompt type: baseline.,"You are generating hotel amenity questions for guests browsing accommodation photos. Given the detection summary below, generate a hotel amenity related question that a guest may ask or a guest might want to be answeredwhile browsing accommodation images. Keep the question short, factual, and neutral. Detection summary: Image file: image_175_jpg.rf.f6ea66016e19eca6bed70a83cf868b02.jpg. Detected amenity: bathtub. Detection confidence: low (0.27). Source prompt type: baseline. Question:",What type of amenity does a bathtub have?,What type of amenity is the bathtub?,Does this room have a bathtub?,Does the room have a separate shower?
image_138_jpg.rf.ac9e503a47e8d80288f85ec27c1c925f.jpg,bathtub,0.1982138752937317,354.518798828125,383.4087524414063,607.3251953125,555.2789916992188,baseline,Image file: image_138_jpg.rf.ac9e503a47e8d80288f85ec27c1c925f.jpg. Detected amenity: bathtub. Detection confidence: low (0.20). Source prompt type: baseline.,"You are generating hotel amenity questions for guests browsing accommodation photos. Given the detection summary below, generate a hotel amenity related question that a guest may ask or a guest might want to be answeredwhile browsing accommodation images. Keep the question short, factual, and neutral. Detection summary: Image file: image_138_jpg.rf.ac9e503a47e8d80288f85ec27c1c925f.jpg. Detected amenity: bathtub. Detection confidence: low (0.20). Source prompt type: baseline. Question:",What type of amenity is the bathtub in a hotel?,What type of amenity is the bathtub?,Does the room have a bathtub?,Does the bathtub have a shower attachment?
image_123_jpg.rf.e87d07c04b184177c5c84d27fb5ce202.jpg,bathtub,0.1475981324911117,1.3317489624023438,3.0496788024902344,297.6628723144531,637.932373046875,baseline,Image file: image_123_jpg.rf.e87d07c04b184177c5c84d27fb5ce202.jpg. Detected amenity: bathtub. Detection confidence: low (0.15). Source prompt type: baseline.,"You are generating hotel amenity questions for guests browsing accommodation photos. Given the detection summary below, generate a hotel amenity related question that a guest may ask or a guest might want to be answeredwhile browsing accommodation images. Keep the question short, factual, and neutral. Detection summary: Image file: image_123_jpg.rf.e87d07c04b184177c5c84d27fb5ce202.jpg. Detected amenity: bathtub. Detection confidence: low (0.15). Source prompt type: baseline. Question:",What type of amenity does a bathtub have?,What type of amenity is the bathtub?,Does this room have a bathtub?,Is there a bathtub in the room?
image_123_jpg.rf.e87d07c04b184177c5c84d27fb5ce202.jpg,bathtub,0.2876534759998321,2.540864944458008,472.33404541015625,269.9959716796875,640.8323974609375,baseline,Image file: image_123_jpg.rf.e87d07c04b184177c5c84d27fb5ce202.jpg. Detected amenity: bathtub. Detection confidence: low (0.29). Source prompt type: baseline.,"You are generating hotel amenity questions for guests browsing accommodation photos. Given the detection summary below, generate a hotel amenity related question that a guest may ask or a guest might want to be answeredwhile browsing accommodation images. Keep the question short, factual, and neutral. Detection summary: Image file: image_123_jpg.rf.e87d07c04b184177c5c84d27fb5ce202.jpg. Detected amenity: bathtub. Detection confidence: low (0.29). Source prompt type: baseline. Question:",What type of amenity does a bathtub have?,What type of amenity is the bathtub?,Does the room have a bathtub?,Is there a bathtub in the room?
image_28_jpg.rf.b8535e3aa3218282cc77a22a4746d940.jpg,white ceramic bathtub,0.1253564059734344,4.117355346679688,-0.6097984313964844,642.4828491210938,636.9708251953125,long,Image file: image_28_jpg.rf.b8535e3aa3218282cc77a22a4746d940.jpg. Detected amenity: white ceramic bathtub. Detection confidence: low (0.13). Source prompt type: long.,"You are generating hotel amenity questions for guests browsing accommodation photos. Given the detection summary below, generate a hotel amenity related question that a guest may ask or a guest might want to be answeredwhile browsing accommodation images. Keep the question short, factual, and neutral. Detection summary: Image file: image_28_jpg.rf.b8535e3aa3218282cc77a22a4746d940.jpg. Detected amenity: white ceramic bathtub. Detection confidence: low (0.13). Source prompt type: long. Question:",What is the name of the hotel amenity?,What is the name of the bathroom amenity?,Does the room have a bathtub?,Does the hotel room have a separate shower stall?
image_28_jpg.rf.b8535e3aa3218282cc77a22a4746d940.jpg,white ceramic bathtub,0.1089148521423339,-0.4831123352050781,340.1010437011719,356.1100769042969,611.427734375,long,Image file: image_28_jpg.rf.b8535e3aa3218282cc77a22a4746d940.jpg. Detected amenity: white ceramic bathtub. Detection confidence: low (0.11). Source prompt type: long.,"You are generating hotel amenity questions for guests browsing accommodation photos. Given the detection summary below, generate a hotel amenity related question that a guest may ask or a guest might want to be answeredwhile browsing accommodation images. Keep the question short, factual, and neutral. Detection summary: Image file: image_28_jpg.rf.b8535e3aa3218282cc77a22a4746d940.jpg. Detected amenity: white ceramic bathtub. Detection confidence: low (0.11). Source prompt type: long. Question:",What is the name of the hotel amenity?,What is the name of the bathroom amenity?,Does the room have a bathtub?,Is the white ceramic bathtub in the room or a shared facility?
image_28_jpg.rf.b8535e3aa3218282cc77a22a4746d940.jpg,white ceramic bathtub,0.1214513406157493,319.1335754394531,352.0474548339844,645.381103515625,639.2418823242188,long,Image file: image_28_jpg.rf.b8535e3aa3218282cc77a22a4746d940.jpg. Detected amenity: white ceramic bathtub. Detection confidence: low (0.12). Source prompt type: long.,"You are generating hotel amenity questions for guests browsing accommodation photos. Given the detection summary below, generate a hotel amenity related question that a guest may ask or a guest might want to be answeredwhile browsing accommodation images. Keep the question short, factual, and neutral. Detection summary: Image file: image_28_jpg.rf.b8535e3aa3218282cc77a22a4746d940.jpg. Detected amenity: white ceramic bathtub. Detection confidence: low (0.12). Source prompt type: long. Question:",What is the name of the hotel amenity?,What is the name of the bathroom amenity?,Does the room have a bathtub?,Is the bathtub separate or a shower over bathtub combination?
image_28_jpg.rf.b8535e3aa3218282cc77a22a4746d940.jpg,white ceramic bathtub,0.2642476856708526,-0.2539634704589844,351.459228515625,354.25439453125,601.0574951171875,long,Image file: image_28_jpg.rf.b8535e3aa3218282cc77a22a4746d940.jpg. Detected amenity: white ceramic bathtub. Detection confidence: low (0.26). Source prompt type: long.,"You are generating hotel amenity questions for guests browsing accommodation photos. Given the detection summary below, generate a hotel amenity related question that a guest may ask or a guest might want to be answeredwhile browsing accommodation images. Keep the question short, factual, and neutral. Detection summary: Image file: image_28_jpg.rf.b8535e3aa3218282cc77a22a4746d940.jpg. Detected amenity: white ceramic bathtub. Detection confidence: low (0.26). Source prompt type: long. Question:",What is the name of the hotel amenity?,What is the name of the bathroom amenity?,Does the room have a bathtub?,Does the room have a separate shower?
image_28_jpg.rf.b8535e3aa3218282cc77a22a4746d940.jpg,white ceramic bathtub,0.3547760844230652,333.8162536621094,436.6530151367188,637.705322265625,637.6221313476562,long,Image file: image_28_jpg.rf.b8535e3aa3218282cc77a22a4746d940.jpg. Detected amenity: white ceramic bathtub. Detection confidence: medium (0.35). Source prompt type: long.,"You are generating hotel amenity questions for guests browsing accommodation photos. Given the detection summary below, generate a hotel amenity related question that a guest may ask or a guest might want to be answeredwhile browsing accommodation images. Keep the question short, factual, and neutral. Detection summary: Image file: image_28_jpg.rf.b8535e3aa3218282cc77a22a4746d940.jpg. Detected amenity: white ceramic bathtub. Detection confidence: medium (0.35). Source prompt type: long. Question:",What is the name of the hotel amenity?,What is the name of the bathroom amenity?,Does the room have a bathtub?,Does the hotel room have a walk-in shower or a separate shower stall?
image_107_jpg.rf.af5e3a5945f12270da1104b704bdc995.jpg,white ceramic bathtub,0.3633385002613067,340.69805908203125,373.4248046875,579.342529296875,633.9684448242188,long,Image file: image_107_jpg.rf.af5e3a5945f12270da1104b704bdc995.jpg. Detected amenity: white ceramic bathtub. Detection confidence: medium (0.36). Source prompt type: long.,"You are generating hotel amenity questions for guests browsing accommodation photos. Given the detection summary below, generate a hotel amenity related question that a guest may ask or a guest might want to be answeredwhile browsing accommodation images. Keep the question short, factual, and neutral. Detection summary: Image file: image_107_jpg.rf.af5e3a5945f12270da1104b704bdc995.jpg. Detected amenity: white ceramic bathtub. Detection confidence: medium (0.36). Source prompt type: long. Question:",What is the name of the hotel amenity?,What is the name of the bathroom amenity?,"Does the room come with a bathtub, and if so, is it a standard feature in all rooms?",Does the hotel room have a walk-in shower or a bathtub?
image_189_jpg.rf.4cea852ad7c21055001c0bbcd5a04701.jpg,white ceramic bathtub,0.1398692727088928,247.40573120117188,371.1950988769531,396.1306457519531,464.630615234375,long,Image file: image_189_jpg.rf.4cea852ad7c21055001c0bbcd5a04701.jpg. Detected amenity: white ceramic bathtub. Detection confidence: low (0.14). Source prompt type: long.,"You are generating hotel amenity questions for guests browsing accommodation photos. Given the detection summary below, generate a hotel amenity related question that a guest may ask or a guest might want to be answeredwhile browsing accommodation images. Keep the question short, factual, and neutral. Detection summary: Image file: image_189_jpg.rf.4cea852ad7c21055001c0bbcd5a04701.jpg. Detected amenity: white ceramic bathtub. Detection confidence: low (0.14). Source prompt type: long. Question:",What is the name of the hotel amenity?,What is the name of the bathroom amenity?,Does the room have a bathtub?,Does the room have a shower or bathtub?
image_190_jpg.rf.9ca1b83677aad57f957076376edd7669.jpg,white ceramic bathtub,0.1413473784923553,204.3641357421875,371.9030151367188,633.6339721679688,630.235595703125,long,Image file: image_190_jpg.rf.9ca1b83677aad57f957076376edd7669.jpg. Detected amenity: white ceramic bathtub. Detection confidence: low (0.14). Source prompt type: long.,"You are generating hotel amenity questions for guests browsing accommodation photos. Given the detection summary below, generate a hotel amenity related question that a guest may ask or a guest might want to be answeredwhile browsing accommodation images. Keep the question short, factual, and neutral. Detection summary: Image file: image_190_jpg.rf.9ca1b83677aad57f957076376edd7669.jpg. Detected amenity: white ceramic bathtub. Detection confidence: low (0.14). Source prompt type: long. Question:",What is the name of the hotel amenity?,What is the name of the bathroom amenity?,Does the room have a bathtub?,Does the hotel room have a separate shower or a shower over the bathtub?
image_190_jpg.rf.9ca1b83677aad57f957076376edd7669.jpg,white ceramic bathtub,0.2232282757759094,209.84591674804688,408.6604309082031,408.4441528320313,604.046142578125,long,Image file: image_190_jpg.rf.9ca1b83677aad57f957076376edd7669.jpg. Detected amenity: white ceramic bathtub. Detection confidence: low (0.22). Source prompt type: long.,"You are generating hotel amenity questions for guests browsing accommodation photos. Given the detection summary below, generate a hotel amenity related question that a guest may ask or a guest might want to be answeredwhile browsing accommodation images. Keep the question short, factual, and neutral. Detection summary: Image file: image_190_jpg.rf.9ca1b83677aad57f957076376edd7669.jpg. Detected amenity: white ceramic bathtub. Detection confidence: low (0.22). Source prompt type: long. Question:",What is the name of the hotel amenity?,What is the name of the bathroom amenity?,Does the room have a bathtub?,Is the bathtub separate from the shower?
image_190_jpg.rf.9ca1b83677aad57f957076376edd7669.jpg,white ceramic bathtub,0.1474625319242477,387.5138854980469,517.1959228515625,636.1795654296875,637.8814086914062,long,Image file: image_190_jpg.rf.9ca1b83677aad57f957076376edd7669.jpg. Detected amenity: white ceramic bathtub. Detection confidence: low (0.15). Source prompt type: long.,"You are generating hotel amenity questions for guests browsing accommodation photos. Given the detection summary below, generate a hotel amenity related question that a guest may ask or a guest might want to be answeredwhile browsing accommodation images. Keep the question short, factual, and neutral. Detection summary: Image file: image_190_jpg.rf.9ca1b83677aad57f957076376edd7669.jpg. Detected amenity: white ceramic bathtub. Detection confidence: low (0.15). Source prompt type: long. Question:",What is the name of the hotel amenity?,What is the name of the bathroom amenity?,Does the room have a bathtub?,Is the bathtub separate from the shower?
image_48_jpg.rf.1d874ce20336c05973439631199b88c0.jpg,white ceramic bathtub,0.1709003448486328,46.44190979003906,377.1609802246094,327.4816589355469,638.15625,long,Image file: image_48_jpg.rf.1d874ce20336c05973439631199b88c0.jpg. Detected amenity: white ceramic bathtub. Detection confidence: low (0.17). Source prompt type: long.,"You are generating hotel amenity questions for guests browsing accommodation photos. Given the detection summary below, generate a hotel amenity related question that a guest may ask or a guest might want to be answeredwhile browsing accommodation images. Keep the question short, factual, and neutral. Detection summary: Image file: image_48_jpg.rf.1d874ce20336c05973439631199b88c0.jpg. Detected amenity: white ceramic bathtub. Detection confidence: low (0.17). Source prompt type: long. Question:",What is the name of the hotel amenity?,What is the name of the bathroom amenity?,Does the room have a bathtub?,Does the hotel room have a separate shower?
image_106_jpg.rf.e25bdeb6e8ad8bc2c8873c4a044711d0.jpg,white ceramic bathtub,0.1848907470703125,258.51568603515625,368.6380310058594,602.1246948242188,636.8216552734375,long,Image file: image_106_jpg.rf.e25bdeb6e8ad8bc2c8873c4a044711d0.jpg. Detected amenity: white ceramic bathtub. Detection confidence: low (0.18). Source prompt type: long.,"You are generating hotel amenity questions for guests browsing accommodation photos. Given the detection summary below, generate a hotel amenity related question that a guest may ask or a guest might want to be answeredwhile browsing accommodation images. Keep the question short, factual, and neutral. Detection summary: Image file: image_106_jpg.rf.e25bdeb6e8ad8bc2c8873c4a044711d0.jpg. Detected amenity: white ceramic bathtub. Detection confidence: low (0.18). Source prompt type: long. Question:",What is the name of the hotel amenity?,What is the name of the bathroom amenity?,Does the room have a bathtub?,Is the bathtub in the room a walk-in or a standard bathtub?
image_20_jpg.rf.d75748499f118bc755aa30fe2f02ffb2.jpg,white ceramic bathtub,0.1136752068996429,58.470211029052734,230.45681762695312,457.5777587890625,606.2593383789062,long,Image file: image_20_jpg.rf.d75748499f118bc755aa30fe2f02ffb2.jpg. Detected amenity: white ceramic bathtub. Detection confidence: low (0.11). Source prompt type: long.,"You are generating hotel amenity questions for guests browsing accommodation photos. Given the detection summary below, generate a hotel amenity related question that a guest may ask or a guest might want to be answeredwhile browsing accommodation images. Keep the question short, factual, and neutral. Detection summary: Image file: image_20_jpg.rf.d75748499f118bc755aa30fe2f02ffb2.jpg. Detected amenity: white ceramic bathtub. Detection confidence: low (0.11). Source prompt type: long. Question:",What is the name of the hotel amenity?,What is the name of the bathroom amenity?,Does the room have a bathtub?,Does the room have a walk-in shower or a separate shower area?
image_178_jpg.rf.6edc380713af1c2a2d007cb73c1e94a5.jpg,white ceramic bathtub,0.279670387506485,20.702152252197266,438.7805480957031,300.5198059082031,637.025390625,long,Image file: image_178_jpg.rf.6edc380713af1c2a2d007cb73c1e94a5.jpg. Detected amenity: white ceramic bathtub. Detection confidence: low (0.28). Source prompt type: long.,"You are generating hotel amenity questions for guests browsing accommodation photos. Given the detection summary below, generate a hotel amenity related question that a guest may ask or a guest might want to be answeredwhile browsing accommodation images. Keep the question short, factual, and neutral. Detection summary: Image file: image_178_jpg.rf.6edc380713af1c2a2d007cb73c1e94a5.jpg. Detected amenity: white ceramic bathtub. Detection confidence: low (0.28). Source prompt type: long. Question:",What is the name of the hotel amenity?,What is the name of the bathroom amenity?,Does the room have a bathtub?,Does the hotel room have a separate shower?
image_140_jpg.rf.c4e445ec565bc828426802e9d00d2e2e.jpg,white ceramic bathtub,0.1504903584718704,1.5589141845703125,1.5285682678222656,638.997802734375,639.0113525390625,long,Image file: image_140_jpg.rf.c4e445ec565bc828426802e9d00d2e2e.jpg. Detected amenity: white ceramic bathtub. Detection confidence: low (0.15). Source prompt type: long.,"You are generating hotel amenity questions for guests browsing accommodation photos. Given the detection summary below, generate a hotel amenity related question that a guest may ask or a guest might want to be answeredwhile browsing accommodation images. Keep the question short, factual, and neutral. Detection summary: Image file: image_140_jpg.rf.c4e445ec565bc828426802e9d00d2e2e.jpg. Detected amenity: white ceramic bathtub. Detection confidence: low (0.15). Source prompt type: long. Question:",What is the name of the hotel amenity?,What is the name of the bathroom amenity?,Does the room have a bathtub?,Does the hotel room have a separate shower?
image_140_jpg.rf.c4e445ec565bc828426802e9d00d2e2e.jpg,white ceramic bathtub,0.1400569528341293,4.836082458496094,2.447509765625,369.4318237304688,639.0982666015625,long,Image file: image_140_jpg.rf.c4e445ec565bc828426802e9d00d2e2e.jpg. Detected amenity: white ceramic bathtub. Detection confidence: low (0.14). Source prompt type: long.,"You are generating hotel amenity questions for guests browsing accommodation photos. Given the detection summary below, generate a hotel amenity related question that a guest may ask or a guest might want to be answeredwhile browsing accommodation images. Keep the question short, factual, and neutral. Detection summary: Image file: image_140_jpg.rf.c4e445ec565bc828426802e9d00d2e2e.jpg. Detected amenity: white ceramic bathtub. Detection confidence: low (0.14). Source prompt type: long. Question:",What is the name of the hotel amenity?,What is the name of the bathroom amenity?,Does the room have a bathtub?,Is the bathtub in the room a shower or a bathtub for soaking?
image_140_jpg.rf.c4e445ec565bc828426802e9d00d2e2e.jpg,white ceramic bathtub,0.3109806478023529,15.23784637451172,484.3560485839844,375.9062194824219,636.042236328125,long,Image file: image_140_jpg.rf.c4e445ec565bc828426802e9d00d2e2e.jpg. Detected amenity: white ceramic bathtub. Detection confidence: medium (0.31). Source prompt type: long.,"You are generating hotel amenity questions for guests browsing accommodation photos. Given the detection summary below, generate a hotel amenity related question that a guest may ask or a guest might want to be answeredwhile browsing accommodation images. Keep the question short, factual, and neutral. Detection summary: Image file: image_140_jpg.rf.c4e445ec565bc828426802e9d00d2e2e.jpg. Detected amenity: white ceramic bathtub. Detection confidence: medium (0.31). Source prompt type: long. Question:",What is the name of the hotel amenity?,What is the name of the bathroom amenity?,Does the room have a bathtub?,Does the hotel room have a separate shower area?
image_140_jpg.rf.c4e445ec565bc828426802e9d00d2e2e.jpg,white ceramic bathtub,0.128594622015953,188.27276611328125,519.689697265625,385.9722290039063,642.7269897460938,long,Image file: image_140_jpg.rf.c4e445ec565bc828426802e9d00d2e2e.jpg. Detected amenity: white ceramic bathtub. Detection confidence: low (0.13). Source prompt type: long.,"You are generating hotel amenity questions for guests browsing accommodation photos. Given the detection summary below, generate a hotel amenity related question that a guest may ask or a guest might want to be answeredwhile browsing accommodation images. Keep the question short, factual, and neutral. Detection summary: Image file: image_140_jpg.rf.c4e445ec565bc828426802e9d00d2e2e.jpg. Detected amenity: white ceramic bathtub. Detection confidence: low (0.13). Source prompt type: long. Question:",What is the name of the hotel amenity?,What is the name of the bathroom amenity?,Does the room have a bathtub?,Is the bathtub in the room or a shared facility?
image_199_jpg.rf.ce53fb235760cc9c51bba7b701b7ddbf.jpg,white ceramic bathtub,0.1219524443149566,216.9113311767578,418.57952880859375,412.9739990234375,560.2415161132812,long,Image file: image_199_jpg.rf.ce53fb235760cc9c51bba7b701b7ddbf.jpg. Detected amenity: white ceramic bathtub. Detection confidence: low (0.12). Source prompt type: long.,"You are generating hotel amenity questions for guests browsing accommodation photos. Given the detection summary below, generate a hotel amenity related question that a guest may ask or a guest might want to be answeredwhile browsing accommodation images. Keep the question short, factual, and neutral. Detection summary: Image file: image_199_jpg.rf.ce53fb235760cc9c51bba7b701b7ddbf.jpg. Detected amenity: white ceramic bathtub. Detection confidence: low (0.12). Source prompt type: long. Question:",What is the name of the hotel amenity?,What is the name of the bathroom amenity?,Does the room have a bathtub?,Is a bathtub available in the room?
image_199_jpg.rf.ce53fb235760cc9c51bba7b701b7ddbf.jpg,white ceramic bathtub,0.1923882812261581,217.19764709472656,419.2214660644531,411.6812438964844,561.9358520507812,long,Image file: image_199_jpg.rf.ce53fb235760cc9c51bba7b701b7ddbf.jpg. Detected amenity: white ceramic bathtub. Detection confidence: low (0.19). Source prompt type: long.,"You are generating hotel amenity questions for guests browsing accommodation photos. Given the detection summary below, generate a hotel amenity related question that a guest may ask or a guest might want to be answeredwhile browsing accommodation images. Keep the question short, factual, and neutral. Detection summary: Image file: image_199_jpg.rf.ce53fb235760cc9c51bba7b701b7ddbf.jpg. Detected amenity: white ceramic bathtub. Detection confidence: low (0.19). Source prompt type: long. Question:",What is the name of the hotel amenity?,What is the name of the bathroom amenity?,Does the room have a bathtub?,Is the bathtub made of white ceramic?
image_200_jpg.rf.2dd5ae1b5dadabe2af28d4b5b643827c.jpg,white ceramic bathtub,0.3433735072612762,9.924087524414062,500.67041015625,632.6685791015625,643.98291015625,long,Image file: image_200_jpg.rf.2dd5ae1b5dadabe2af28d4b5b643827c.jpg. Detected amenity: white ceramic bathtub. Detection confidence: medium (0.34). Source prompt type: long.,"You are generating hotel amenity questions for guests browsing accommodation photos. Given the detection summary below, generate a hotel amenity related question that a guest may ask or a guest might want to be answeredwhile browsing accommodation images. Keep the question short, factual, and neutral. Detection summary: Image file: image_200_jpg.rf.2dd5ae1b5dadabe2af28d4b5b643827c.jpg. Detected amenity: white ceramic bathtub. Detection confidence: medium (0.34). Source prompt type: long. Question:",What is the name of the hotel that has a white ceramic bathtub?,What is the name of the bathroom amenity?,Does the hotel room have a bathtub?,Does the hotel room have a separate shower stall?
image_193_jpg.rf.af66b4c1f9396b7d207e6bb45856cf2b.jpg,white ceramic bathtub,0.2839105129241943,66.82452392578125,391.8518371582031,250.9976959228516,564.9956665039062,long,Image file: image_193_jpg.rf.af66b4c1f9396b7d207e6bb45856cf2b.jpg. Detected amenity: white ceramic bathtub. Detection confidence: low (0.28). Source prompt type: long.,"You are generating hotel amenity questions for guests browsing accommodation photos. Given the detection summary below, generate a hotel amenity related question that a guest may ask or a guest might want to be answeredwhile browsing accommodation images. Keep the question short, factual, and neutral. Detection summary: Image file: image_193_jpg.rf.af66b4c1f9396b7d207e6bb45856cf2b.jpg. Detected amenity: white ceramic bathtub. Detection confidence: low (0.28). Source prompt type: long. Question:",What is the name of the hotel amenity?,What is the name of the bathroom amenity?,Does the room have a bathtub?,Does the hotel room have a separate shower stall?
image_173_jpg.rf.add297beffb9a895fa999a2562b36b9c.jpg,white ceramic bathtub,0.1159002929925918,403.9405517578125,311.6357421875,475.0555114746094,601.9597778320312,long,Image file: image_173_jpg.rf.add297beffb9a895fa999a2562b36b9c.jpg. Detected amenity: white ceramic bathtub. Detection confidence: low (0.12). Source prompt type: long.,"You are generating hotel amenity questions for guests browsing accommodation photos. Given the detection summary below, generate a hotel amenity related question that a guest may ask or a guest might want to be answeredwhile browsing accommodation images. Keep the question short, factual, and neutral. Detection summary: Image file: image_173_jpg.rf.add297beffb9a895fa999a2562b36b9c.jpg. Detected amenity: white ceramic bathtub. Detection confidence: low (0.12). Source prompt type: long. Question:",What is the name of the hotel amenity?,What is the name of the bathroom amenity?,Does the room have a bathtub?,Does the hotel room have a separate shower or is it a shower over the bathtub?
image_173_jpg.rf.add297beffb9a895fa999a2562b36b9c.jpg,white ceramic bathtub,0.1464788615703582,403.9181518554688,326.5951843261719,636.3088989257812,639.5802612304688,long,Image file: image_173_jpg.rf.add297beffb9a895fa999a2562b36b9c.jpg. Detected amenity: white ceramic bathtub. Detection confidence: low (0.15). Source prompt type: long.,"You are generating hotel amenity questions for guests browsing accommodation photos. Given the detection summary below, generate a hotel amenity related question that a guest may ask or a guest might want to be answeredwhile browsing accommodation images. Keep the question short, factual, and neutral. Detection summary: Image file: image_173_jpg.rf.add297beffb9a895fa999a2562b36b9c.jpg. Detected amenity: white ceramic bathtub. Detection confidence: low (0.15). Source prompt type: long. Question:",What is the name of the hotel amenity?,What is the name of the bathroom amenity?,Does the room have a bathtub?,Is the bathtub separate from the shower?
image_173_jpg.rf.add297beffb9a895fa999a2562b36b9c.jpg,white ceramic bathtub,0.1492271870374679,398.7757873535156,448.5762023925781,625.6365966796875,637.3526000976562,long,Image file: image_173_jpg.rf.add297beffb9a895fa999a2562b36b9c.jpg. Detected amenity: white ceramic bathtub. Detection confidence: low (0.15). Source prompt type: long.,"You are generating hotel amenity questions for guests browsing accommodation photos. Given the detection summary below, generate a hotel amenity related question that a guest may ask or a guest might want to be answeredwhile browsing accommodation images. Keep the question short, factual, and neutral. Detection summary: Image file: image_173_jpg.rf.add297beffb9a895fa999a2562b36b9c.jpg. Detected amenity: white ceramic bathtub. Detection confidence: low (0.15). Source prompt type: long. Question:",What is the name of the hotel amenity?,What is the name of the bathroom amenity?,Does the room have a bathtub?,Does the hotel room have a separate shower?
image_163_jpg.rf.fb76dd1298237edbbb8bf077dfb2048f.jpg,white ceramic bathtub,0.2143459022045135,-5.265054702758789,483.0605773925781,244.29595947265625,644.466552734375,long,Image file: image_163_jpg.rf.fb76dd1298237edbbb8bf077dfb2048f.jpg. Detected amenity: white ceramic bathtub. Detection confidence: low (0.21). Source prompt type: long.,"You are generating hotel amenity questions for guests browsing accommodation photos. Given the detection summary below, generate a hotel amenity related question that a guest may ask or a guest might want to be answeredwhile browsing accommodation images. Keep the question short, factual, and neutral. Detection summary: Image file: image_163_jpg.rf.fb76dd1298237edbbb8bf077dfb2048f.jpg. Detected amenity: white ceramic bathtub. Detection confidence: low (0.21). Source prompt type: long. Question:",What is the name of the hotel amenity?,What is the name of the bathroom amenity?,Does the room have a bathtub?,Is the bathtub separate from the shower?
image_9_jpg.rf.054198650788dd3a4a23d292fe6b03d8.jpg,white ceramic bathtub,0.1939299255609512,286.6298522949219,409.014404296875,640.4200439453125,638.1438598632812,long,Image file: image_9_jpg.rf.054198650788dd3a4a23d292fe6b03d8.jpg. Detected amenity: white ceramic bathtub. Detection confidence: low (0.19). Source prompt type: long.,"You are generating hotel amenity questions for guests browsing accommodation photos. Given the detection summary below, generate a hotel amenity related question that a guest may ask or a guest might want to be answeredwhile browsing accommodation images. Keep the question short, factual, and neutral. Detection summary: Image file: image_9_jpg.rf.054198650788dd3a4a23d292fe6b03d8.jpg. Detected amenity: white ceramic bathtub. Detection confidence: low (0.19). Source prompt type: long. Question:",What is the name of the hotel amenity?,What is the name of the bathroom amenity?,Does the room have a bathtub?,Does the hotel room have a separate shower area?
image_61_jpg.rf.a380ff3d712fed8163e499c3ebf65351.jpg,white ceramic bathtub,0.141616478562355,2.554607391357422,1.9942855834960933,640.3856811523438,638.44873046875,long,Image file: image_61_jpg.rf.a380ff3d712fed8163e499c3ebf65351.jpg. Detected amenity: white ceramic bathtub. Detection confidence: low (0.14). Source prompt type: long.,"You are generating hotel amenity questions for guests browsing accommodation photos. Given the detection summary below, generate a hotel amenity related question that a guest may ask or a guest might want to be answeredwhile browsing accommodation images. Keep the question short, factual, and neutral. Detection summary: Image file: image_61_jpg.rf.a380ff3d712fed8163e499c3ebf65351.jpg. Detected amenity: white ceramic bathtub. Detection confidence: low (0.14). Source prompt type: long. Question:",What is the name of the hotel amenity?,What is the name of the bathroom amenity?,Does the room have a bathtub?,Does the room have a separate shower or is it a shower-over-bathtub combination?
image_61_jpg.rf.a380ff3d712fed8163e499c3ebf65351.jpg,white ceramic bathtub,0.1128430366516113,2.243375778198242,368.8238830566406,270.9218139648437,592.8837890625,long,Image file: image_61_jpg.rf.a380ff3d712fed8163e499c3ebf65351.jpg. Detected amenity: white ceramic bathtub. Detection confidence: low (0.11). Source prompt type: long.,"You are generating hotel amenity questions for guests browsing accommodation photos. Given the detection summary below, generate a hotel amenity related question that a guest may ask or a guest might want to be answeredwhile browsing accommodation images. Keep the question short, factual, and neutral. Detection summary: Image file: image_61_jpg.rf.a380ff3d712fed8163e499c3ebf65351.jpg. Detected amenity: white ceramic bathtub. Detection confidence: low (0.11). Source prompt type: long. Question:",What is the name of the hotel amenity?,What is the name of the bathroom amenity?,Does the room have a bathtub?,Does the room have a separate shower?
image_61_jpg.rf.a380ff3d712fed8163e499c3ebf65351.jpg,white ceramic bathtub,0.1708854436874389,-1.4676284790039062,370.63519287109375,267.6678771972656,623.9943237304688,long,Image file: image_61_jpg.rf.a380ff3d712fed8163e499c3ebf65351.jpg. Detected amenity: white ceramic bathtub. Detection confidence: low (0.17). Source prompt type: long.,"You are generating hotel amenity questions for guests browsing accommodation photos. Given the detection summary below, generate a hotel amenity related question that a guest may ask or a guest might want to be answeredwhile browsing accommodation images. Keep the question short, factual, and neutral. Detection summary: Image file: image_61_jpg.rf.a380ff3d712fed8163e499c3ebf65351.jpg. Detected amenity: white ceramic bathtub. Detection confidence: low (0.17). Source prompt type: long. Question:",What is the name of the hotel amenity?,What is the name of the bathroom amenity?,Does the room have a bathtub?,Is the bathtub in the room or a shared facility?
image_61_jpg.rf.a380ff3d712fed8163e499c3ebf65351.jpg,white ceramic bathtub,0.2491040229797363,504.55615234375,478.7374572753906,639.4017944335938,635.5927734375,long,Image file: image_61_jpg.rf.a380ff3d712fed8163e499c3ebf65351.jpg. Detected amenity: white ceramic bathtub. Detection confidence: low (0.25). Source prompt type: long.,"You are generating hotel amenity questions for guests browsing accommodation photos. Given the detection summary below, generate a hotel amenity related question that a guest may ask or a guest might want to be answeredwhile browsing accommodation images. Keep the question short, factual, and neutral. Detection summary: Image file: image_61_jpg.rf.a380ff3d712fed8163e499c3ebf65351.jpg. Detected amenity: white ceramic bathtub. Detection confidence: low (0.25). Source prompt type: long. Question:",What is the name of the hotel amenity?,What is the name of the bathroom amenity?,Does the room have a bathtub?,Does the room have a walk-in shower or a separate shower stall?
image_83_jpg.rf.520e040e8aab9b629c4e85d5dc84744d.jpg,white ceramic bathtub,0.1421840637922287,400.2230224609375,388.7525939941406,601.760986328125,627.0018920898438,long,Image file: image_83_jpg.rf.520e040e8aab9b629c4e85d5dc84744d.jpg. Detected amenity: white ceramic bathtub. Detection confidence: low (0.14). Source prompt type: long.,"You are generating hotel amenity questions for guests browsing accommodation photos. Given the detection summary below, generate a hotel amenity related question that a guest may ask or a guest might want to be answeredwhile browsing accommodation images. Keep the question short, factual, and neutral. Detection summary: Image file: image_83_jpg.rf.520e040e8aab9b629c4e85d5dc84744d.jpg. Detected amenity: white ceramic bathtub. Detection confidence: low (0.14). Source prompt type: long. Question:",What is the name of the hotel amenity?,What is the name of the bathroom amenity?,Does the room have a bathtub?,Does the hotel room have a separate shower or is it a shower-over-bathtub setup?
image_62_jpg.rf.f9896c39b23b667cbdbf9c73d75e0591.jpg,white ceramic bathtub,0.1372027993202209,132.84335327148438,317.3155212402344,349.2104797363281,537.94384765625,long,Image file: image_62_jpg.rf.f9896c39b23b667cbdbf9c73d75e0591.jpg. Detected amenity: white ceramic bathtub. Detection confidence: low (0.14). Source prompt type: long.,"You are generating hotel amenity questions for guests browsing accommodation photos. Given the detection summary below, generate a hotel amenity related question that a guest may ask or a guest might want to be answeredwhile browsing accommodation images. Keep the question short, factual, and neutral. Detection summary: Image file: image_62_jpg.rf.f9896c39b23b667cbdbf9c73d75e0591.jpg. Detected amenity: white ceramic bathtub. Detection confidence: low (0.14). Source prompt type: long. Question:",What is the name of the hotel amenity?,What is the name of the bathroom amenity?,Does the room have a bathtub?,Does the hotel room have a separate shower?
image_62_jpg.rf.f9896c39b23b667cbdbf9c73d75e0591.jpg,white ceramic bathtub,0.101421058177948,24.39321517944336,321.3245849609375,344.80133056640625,637.062255859375,long,Image file: image_62_jpg.rf.f9896c39b23b667cbdbf9c73d75e0591.jpg. Detected amenity: white ceramic bathtub. Detection confidence: low (0.10). Source prompt type: long.,"You are generating hotel amenity questions for guests browsing accommodation photos. Given the detection summary below, generate a hotel amenity related question that a guest may ask or a guest might want to be answeredwhile browsing accommodation images. Keep the question short, factual, and neutral. Detection summary: Image file: image_62_jpg.rf.f9896c39b23b667cbdbf9c73d75e0591.jpg. Detected amenity: white ceramic bathtub. Detection confidence: low (0.10). Source prompt type: long. Question:",What is the name of the hotel amenity?,What is the name of the bathroom amenity?,Does the room have a bathtub?,Does the hotel room have a separate shower or is it a shower-over-bathtub setup?
image_134_jpg.rf.86fcebba2f02748b41c5155ad8adf6a0.jpg,white ceramic bathtub,0.1766113191843032,24.1750431060791,314.12579345703125,342.86846923828125,627.5556030273438,long,Image file: image_134_jpg.rf.86fcebba2f02748b41c5155ad8adf6a0.jpg. Detected amenity: white ceramic bathtub. Detection confidence: low (0.18). Source prompt type: long.,"You are generating hotel amenity questions for guests browsing accommodation photos. Given the detection summary below, generate a hotel amenity related question that a guest may ask or a guest might want to be answeredwhile browsing accommodation images. Keep the question short, factual, and neutral. Detection summary: Image file: image_134_jpg.rf.86fcebba2f02748b41c5155ad8adf6a0.jpg. Detected amenity: white ceramic bathtub. Detection confidence: low (0.18). Source prompt type: long. Question:",What is the name of the hotel amenity?,What is the name of the bathroom amenity?,Does the room have a bathtub?,Does the hotel room have a separate shower or is it a shower-over-bathtub combination?
image_13_jpg.rf.381f46e4feb9bc8eba82e080930aad2a.jpg,white ceramic bathtub,0.1438308358192443,203.6763916015625,382.18011474609375,525.9860229492188,642.3792724609375,long,Image file: image_13_jpg.rf.381f46e4feb9bc8eba82e080930aad2a.jpg. Detected amenity: white ceramic bathtub. Detection confidence: low (0.14). Source prompt type: long.,"You are generating hotel amenity questions for guests browsing accommodation photos. Given the detection summary below, generate a hotel amenity related question that a guest may ask or a guest might want to be answeredwhile browsing accommodation images. Keep the question short, factual, and neutral. Detection summary: Image file: image_13_jpg.rf.381f46e4feb9bc8eba82e080930aad2a.jpg. Detected amenity: white ceramic bathtub. Detection confidence: low (0.14). Source prompt type: long. Question:",What is the name of the hotel amenity?,What is the name of the bathroom amenity?,Does the room have a bathtub?,Does the room have a separate shower or is it a bathtub-only setup?
image_122_jpg.rf.84ce7e44b874c1bd892f575e6ade2fca.jpg,white ceramic bathtub,0.1721642315387725,6.765270233154297,3.7235260009765625,643.13330078125,641.9990234375,long,Image file: image_122_jpg.rf.84ce7e44b874c1bd892f575e6ade2fca.jpg. Detected amenity: white ceramic bathtub. Detection confidence: low (0.17). Source prompt type: long.,"You are generating hotel amenity questions for guests browsing accommodation photos. Given the detection summary below, generate a hotel amenity related question that a guest may ask or a guest might want to be answeredwhile browsing accommodation images. Keep the question short, factual, and neutral. Detection summary: Image file: image_122_jpg.rf.84ce7e44b874c1bd892f575e6ade2fca.jpg. Detected amenity: white ceramic bathtub. Detection confidence: low (0.17). Source prompt type: long. Question:",What is the name of the hotel amenity?,What is the name of the bathroom amenity?,Does the room have a bathtub?,Does the hotel room have a separate shower or is it a bathtub/shower combination?
image_122_jpg.rf.84ce7e44b874c1bd892f575e6ade2fca.jpg,white ceramic bathtub,0.1006151065230369,248.95993041992188,66.06515502929688,400.8948974609375,525.4699096679688,long,Image file: image_122_jpg.rf.84ce7e44b874c1bd892f575e6ade2fca.jpg. Detected amenity: white ceramic bathtub. Detection confidence: low (0.10). Source prompt type: long.,"You are generating hotel amenity questions for guests browsing accommodation photos. Given the detection summary below, generate a hotel amenity related question that a guest may ask or a guest might want to be answeredwhile browsing accommodation images. Keep the question short, factual, and neutral. Detection summary: Image file: image_122_jpg.rf.84ce7e44b874c1bd892f575e6ade2fca.jpg. Detected amenity: white ceramic bathtub. Detection confidence: low (0.10). Source prompt type: long. Question:",What is the name of the hotel amenity?,What is the name of the bathroom amenity?,Does the room have a bathtub?,Does the hotel room have a walk-in shower or a separate shower area?
image_122_jpg.rf.84ce7e44b874c1bd892f575e6ade2fca.jpg,white ceramic bathtub,0.1055536121129989,436.65435791015625,-5.718879699707031,640.948974609375,624.1715087890625,long,Image file: image_122_jpg.rf.84ce7e44b874c1bd892f575e6ade2fca.jpg. Detected amenity: white ceramic bathtub. Detection confidence: low (0.11). Source prompt type: long.,"You are generating hotel amenity questions for guests browsing accommodation photos. Given the detection summary below, generate a hotel amenity related question that a guest may ask or a guest might want to be answeredwhile browsing accommodation images. Keep the question short, factual, and neutral. Detection summary: Image file: image_122_jpg.rf.84ce7e44b874c1bd892f575e6ade2fca.jpg. Detected amenity: white ceramic bathtub. Detection confidence: low (0.11). Source prompt type: long. Question:",What is the name of the hotel amenity?,What is the name of the bathroom amenity?,Does the room have a bathtub?,Is the bathtub separate from the shower?
image_122_jpg.rf.84ce7e44b874c1bd892f575e6ade2fca.jpg,white ceramic bathtub,0.1147752627730369,20.0717830657959,45.16124725341797,252.57000732421875,618.7341918945312,long,Image file: image_122_jpg.rf.84ce7e44b874c1bd892f575e6ade2fca.jpg. Detected amenity: white ceramic bathtub. Detection confidence: low (0.11). Source prompt type: long.,"You are generating hotel amenity questions for guests browsing accommodation photos. Given the detection summary below, generate a hotel amenity related question that a guest may ask or a guest might want to be answeredwhile browsing accommodation images. Keep the question short, factual, and neutral. Detection summary: Image file: image_122_jpg.rf.84ce7e44b874c1bd892f575e6ade2fca.jpg. Detected amenity: white ceramic bathtub. Detection confidence: low (0.11). Source prompt type: long. Question:",What is the name of the hotel amenity?,What is the name of the bathroom amenity?,Does the room have a bathtub?,Does the hotel room have a separate shower stall?
image_122_jpg.rf.84ce7e44b874c1bd892f575e6ade2fca.jpg,white ceramic bathtub,0.1259080171585083,406.1146545410156,366.7379760742188,637.5794677734375,602.9346923828125,long,Image file: image_122_jpg.rf.84ce7e44b874c1bd892f575e6ade2fca.jpg. Detected amenity: white ceramic bathtub. Detection confidence: low (0.13). Source prompt type: long.,"You are generating hotel amenity questions for guests browsing accommodation photos. Given the detection summary below, generate a hotel amenity related question that a guest may ask or a guest might want to be answeredwhile browsing accommodation images. Keep the question short, factual, and neutral. Detection summary: Image file: image_122_jpg.rf.84ce7e44b874c1bd892f575e6ade2fca.jpg. Detected amenity: white ceramic bathtub. Detection confidence: low (0.13). Source prompt type: long. Question:",What is the name of the hotel amenity?,What is the name of the bathroom amenity?,Does the room have a bathtub?,Is the bathtub separate from the shower?
image_122_jpg.rf.84ce7e44b874c1bd892f575e6ade2fca.jpg,white ceramic bathtub,0.4077555537223816,34.264984130859375,402.7319946289063,246.46408081054688,558.486328125,long,Image file: image_122_jpg.rf.84ce7e44b874c1bd892f575e6ade2fca.jpg. Detected amenity: white ceramic bathtub. Detection confidence: medium (0.41). Source prompt type: long.,"You are generating hotel amenity questions for guests browsing accommodation photos. Given the detection summary below, generate a hotel amenity related question that a guest may ask or a guest might want to be answeredwhile browsing accommodation images. Keep the question short, factual, and neutral. Detection summary: Image file: image_122_jpg.rf.84ce7e44b874c1bd892f575e6ade2fca.jpg. Detected amenity: white ceramic bathtub. Detection confidence: medium (0.41). Source prompt type: long. Question:",What is the name of the hotel amenity?,What is the name of the bathroom amenity?,"Does the room have a bathtub, and is it a separate unit or part of a shower combination?",Does the room have a separate shower or is it a shower-over-bathtub setup?
image_122_jpg.rf.84ce7e44b874c1bd892f575e6ade2fca.jpg,white ceramic bathtub,0.1912493556737899,34.3891716003418,402.4090881347656,246.73873901367188,558.747802734375,long,Image file: image_122_jpg.rf.84ce7e44b874c1bd892f575e6ade2fca.jpg. Detected amenity: white ceramic bathtub. Detection confidence: low (0.19). Source prompt type: long.,"You are generating hotel amenity questions for guests browsing accommodation photos. Given the detection summary below, generate a hotel amenity related question that a guest may ask or a guest might want to be answeredwhile browsing accommodation images. Keep the question short, factual, and neutral. Detection summary: Image file: image_122_jpg.rf.84ce7e44b874c1bd892f575e6ade2fca.jpg. Detected amenity: white ceramic bathtub. Detection confidence: low (0.19). Source prompt type: long. Question:",What is the name of the hotel amenity?,What is the name of the bathroom amenity?,Does the room have a bathtub?,Does the room have a walk-in shower or a separate shower area?
image_185_jpg.rf.bccf9d4d6e7cd96445ca5940e0ff9e94.jpg,white ceramic bathtub,0.4186719357967376,262.7006530761719,398.8234252929688,465.5750122070313,597.3734741210938,long,Image file: image_185_jpg.rf.bccf9d4d6e7cd96445ca5940e0ff9e94.jpg. Detected amenity: white ceramic bathtub. Detection confidence: medium (0.42). Source prompt type: long.,"You are generating hotel amenity questions for guests browsing accommodation photos. Given the detection summary below, generate a hotel amenity related question that a guest may ask or a guest might want to be answeredwhile browsing accommodation images. Keep the question short, factual, and neutral. Detection summary: Image file: image_185_jpg.rf.bccf9d4d6e7cd96445ca5940e0ff9e94.jpg. Detected amenity: white ceramic bathtub. Detection confidence: medium (0.42). Source prompt type: long. Question:",What is the name of the hotel that has a white ceramic bathtub?,What is the name of the bathroom amenity?,"Does the room have a bathtub, and is it a separate unit or part of a shower combination?",Is the bathtub separate from the shower?
image_185_jpg.rf.bccf9d4d6e7cd96445ca5940e0ff9e94.jpg,white ceramic bathtub,0.1301146149635315,261.5710754394531,398.017333984375,466.740234375,597.709716796875,long,Image file: image_185_jpg.rf.bccf9d4d6e7cd96445ca5940e0ff9e94.jpg. Detected amenity: white ceramic bathtub. Detection confidence: low (0.13). Source prompt type: long.,"You are generating hotel amenity questions for guests browsing accommodation photos. Given the detection summary below, generate a hotel amenity related question that a guest may ask or a guest might want to be answeredwhile browsing accommodation images. Keep the question short, factual, and neutral. Detection summary: Image file: image_185_jpg.rf.bccf9d4d6e7cd96445ca5940e0ff9e94.jpg. Detected amenity: white ceramic bathtub. Detection confidence: low (0.13). Source prompt type: long. Question:",What is the name of the hotel amenity?,What is the name of the bathroom amenity?,Does the room have a bathtub?,Is the bathtub separate from the shower?
image_256_fp_jpg.rf.1707eec9c302acb66a58c7756fc2d96e.jpg,white ceramic bathtub,0.1360233575105667,392.27484130859375,334.12384033203125,640.9821166992188,643.4364013671875,long,Image file: image_256_fp_jpg.rf.1707eec9c302acb66a58c7756fc2d96e.jpg. Detected amenity: white ceramic bathtub. Detection confidence: low (0.14). Source prompt type: long.,"You are generating hotel amenity questions for guests browsing accommodation photos. Given the detection summary below, generate a hotel amenity related question that a guest may ask or a guest might want to be answeredwhile browsing accommodation images. Keep the question short, factual, and neutral. Detection summary: Image file: image_256_fp_jpg.rf.1707eec9c302acb66a58c7756fc2d96e.jpg. Detected amenity: white ceramic bathtub. Detection confidence: low (0.14). Source prompt type: long. Question:",What is the name of the hotel amenity?,What is the name of the bathroom amenity?,Does the room have a bathtub?,Does the room have a separate shower stall?
image_256_fp_jpg.rf.1707eec9c302acb66a58c7756fc2d96e.jpg,white ceramic bathtub,0.1942954510450363,421.7596435546875,459.988525390625,634.9393310546875,642.4327392578125,long,Image file: image_256_fp_jpg.rf.1707eec9c302acb66a58c7756fc2d96e.jpg. Detected amenity: white ceramic bathtub. Detection confidence: low (0.19). Source prompt type: long.,"You are generating hotel amenity questions for guests browsing accommodation photos. Given the detection summary below, generate a hotel amenity related question that a guest may ask or a guest might want to be answeredwhile browsing accommodation images. Keep the question short, factual, and neutral. Detection summary: Image file: image_256_fp_jpg.rf.1707eec9c302acb66a58c7756fc2d96e.jpg. Detected amenity: white ceramic bathtub. Detection confidence: low (0.19). Source prompt type: long. Question:",What is the name of the hotel amenity?,What is the name of the bathroom amenity?,Does the room have a bathtub?,Does the room have a separate shower or is it a bathtub-only setup?
image_132_jpg.rf.9fd63dad427c4c41a86d4d845b5f331a.jpg,white ceramic bathtub,0.1901927143335342,1.82302474975586,-0.9034347534179688,639.219482421875,635.9979248046875,long,Image file: image_132_jpg.rf.9fd63dad427c4c41a86d4d845b5f331a.jpg. Detected amenity: white ceramic bathtub. Detection confidence: low (0.19). Source prompt type: long.,"You are generating hotel amenity questions for guests browsing accommodation photos. Given the detection summary below, generate a hotel amenity related question that a guest may ask or a guest might want to be answeredwhile browsing accommodation images. Keep the question short, factual, and neutral. Detection summary: Image file: image_132_jpg.rf.9fd63dad427c4c41a86d4d845b5f331a.jpg. Detected amenity: white ceramic bathtub. Detection confidence: low (0.19). Source prompt type: long. Question:",What is the name of the hotel amenity?,What is the name of the bathroom amenity?,Does the room have a bathtub?,Does the hotel room have a separate shower?
image_132_jpg.rf.9fd63dad427c4c41a86d4d845b5f331a.jpg,white ceramic bathtub,0.100237637758255,1.4540743827819824,360.2351379394531,65.70753479003906,465.28814697265625,long,Image file: image_132_jpg.rf.9fd63dad427c4c41a86d4d845b5f331a.jpg. Detected amenity: white ceramic bathtub. Detection confidence: low (0.10). Source prompt type: long.,"You are generating hotel amenity questions for guests browsing accommodation photos. Given the detection summary below, generate a hotel amenity related question that a guest may ask or a guest might want to be answeredwhile browsing accommodation images. Keep the question short, factual, and neutral. Detection summary: Image file: image_132_jpg.rf.9fd63dad427c4c41a86d4d845b5f331a.jpg. Detected amenity: white ceramic bathtub. Detection confidence: low (0.10). Source prompt type: long. Question:",What is the name of the hotel amenity?,What is the name of the bathroom amenity?,Does the room have a bathtub?,Does the hotel room have a walk-in shower or a separate shower area?
image_132_jpg.rf.9fd63dad427c4c41a86d4d845b5f331a.jpg,white ceramic bathtub,0.5091840624809265,166.6454315185547,425.5013732910156,395.83245849609375,613.1856079101562,long,Image file: image_132_jpg.rf.9fd63dad427c4c41a86d4d845b5f331a.jpg. Detected amenity: white ceramic bathtub. Detection confidence: medium (0.51). Source prompt type: long.,"You are generating hotel amenity questions for guests browsing accommodation photos. Given the detection summary below, generate a hotel amenity related question that a guest may ask or a guest might want to be answeredwhile browsing accommodation images. Keep the question short, factual, and neutral. Detection summary: Image file: image_132_jpg.rf.9fd63dad427c4c41a86d4d845b5f331a.jpg. Detected amenity: white ceramic bathtub. Detection confidence: medium (0.51). Source prompt type: long. Question:",What is the name of the hotel amenity?,What is the name of the bathroom amenity?,"Does the room come with a bathtub, and if so, is it a separate unit or part of a shower combination?",Does the hotel room have a separate shower or a shower over the bathtub?
image_132_jpg.rf.9fd63dad427c4c41a86d4d845b5f331a.jpg,white ceramic bathtub,0.1329298168420791,163.40313720703125,424.858642578125,396.7268371582031,614.7201538085938,long,Image file: image_132_jpg.rf.9fd63dad427c4c41a86d4d845b5f331a.jpg. Detected amenity: white ceramic bathtub. Detection confidence: low (0.13). Source prompt type: long.,"You are generating hotel amenity questions for guests browsing accommodation photos. Given the detection summary below, generate a hotel amenity related question that a guest may ask or a guest might want to be answeredwhile browsing accommodation images. Keep the question short, factual, and neutral. Detection summary: Image file: image_132_jpg.rf.9fd63dad427c4c41a86d4d845b5f331a.jpg. Detected amenity: white ceramic bathtub. Detection confidence: low (0.13). Source prompt type: long. Question:",What is the name of the hotel amenity?,What is the name of the bathroom amenity?,Does the room have a bathtub?,Is the bathtub in the room a walk-in or a standard tub?
image_132_jpg.rf.9fd63dad427c4c41a86d4d845b5f331a.jpg,white ceramic bathtub,0.1720679700374603,181.46348571777344,547.4602661132812,592.0052490234375,639.5761108398438,long,Image file: image_132_jpg.rf.9fd63dad427c4c41a86d4d845b5f331a.jpg. Detected amenity: white ceramic bathtub. Detection confidence: low (0.17). Source prompt type: long.,"You are generating hotel amenity questions for guests browsing accommodation photos. Given the detection summary below, generate a hotel amenity related question that a guest may ask or a guest might want to be answeredwhile browsing accommodation images. Keep the question short, factual, and neutral. Detection summary: Image file: image_132_jpg.rf.9fd63dad427c4c41a86d4d845b5f331a.jpg. Detected amenity: white ceramic bathtub. Detection confidence: low (0.17). Source prompt type: long. Question:",What is the name of the hotel amenity?,What is the name of the bathroom amenity?,Does the room have a bathtub?,Does the hotel room have a separate shower?
image_132_jpg.rf.9fd63dad427c4c41a86d4d845b5f331a.jpg,white ceramic bathtub,0.1285431981086731,403.0484619140625,554.3212280273438,587.72265625,641.5872802734375,long,Image file: image_132_jpg.rf.9fd63dad427c4c41a86d4d845b5f331a.jpg. Detected amenity: white ceramic bathtub. Detection confidence: low (0.13). Source prompt type: long.,"You are generating hotel amenity questions for guests browsing accommodation photos. Given the detection summary below, generate a hotel amenity related question that a guest may ask or a guest might want to be answeredwhile browsing accommodation images. Keep the question short, factual, and neutral. Detection summary: Image file: image_132_jpg.rf.9fd63dad427c4c41a86d4d845b5f331a.jpg. Detected amenity: white ceramic bathtub. Detection confidence: low (0.13). Source prompt type: long. Question:",What is the name of the hotel amenity?,What is the name of the bathroom amenity?,Does the room have a bathtub?,Is the white ceramic bathtub separate or part of a shower enclosure?
image_212_jpg.rf.5648dec0f2987e4cf2f7c35d593e6660.jpg,white ceramic bathtub,0.1411269456148147,438.3522033691406,374.0217895507813,641.291259765625,547.5050048828125,long,Image file: image_212_jpg.rf.5648dec0f2987e4cf2f7c35d593e6660.jpg. Detected amenity: white ceramic bathtub. Detection confidence: low (0.14). Source prompt type: long.,"You are generating hotel amenity questions for guests browsing accommodation photos. Given the detection summary below, generate a hotel amenity related question that a guest may ask or a guest might want to be answeredwhile browsing accommodation images. Keep the question short, factual, and neutral. Detection summary: Image file: image_212_jpg.rf.5648dec0f2987e4cf2f7c35d593e6660.jpg. Detected amenity: white ceramic bathtub. Detection confidence: low (0.14). Source prompt type: long. Question:",What is the name of the hotel amenity?,What is the name of the bathroom amenity?,Does the room have a bathtub?,Is the white ceramic bathtub a freestanding or built-in fixture?
image_212_jpg.rf.5648dec0f2987e4cf2f7c35d593e6660.jpg,white ceramic bathtub,0.1531818658113479,432.7854919433594,375.3369140625,639.0499877929688,633.0734252929688,long,Image file: image_212_jpg.rf.5648dec0f2987e4cf2f7c35d593e6660.jpg. Detected amenity: white ceramic bathtub. Detection confidence: low (0.15). Source prompt type: long.,"You are generating hotel amenity questions for guests browsing accommodation photos. Given the detection summary below, generate a hotel amenity related question that a guest may ask or a guest might want to be answeredwhile browsing accommodation images. Keep the question short, factual, and neutral. Detection summary: Image file: image_212_jpg.rf.5648dec0f2987e4cf2f7c35d593e6660.jpg. Detected amenity: white ceramic bathtub. Detection confidence: low (0.15). Source prompt type: long. Question:",What is the name of the hotel amenity?,What is the name of the bathroom amenity?,Does the room have a bathtub?,Is the bathtub in the room a walk-in shower or a standalone tub?
image_81_jpg.rf.b8aefd7bf71b13278c23688e466f3c43.jpg,white ceramic bathtub,0.2687960267066955,266.5880432128906,399.46478271484375,605.5213623046875,639.3869018554688,long,Image file: image_81_jpg.rf.b8aefd7bf71b13278c23688e466f3c43.jpg. Detected amenity: white ceramic bathtub. Detection confidence: low (0.27). Source prompt type: long.,"You are generating hotel amenity questions for guests browsing accommodation photos. Given the detection summary below, generate a hotel amenity related question that a guest may ask or a guest might want to be answeredwhile browsing accommodation images. Keep the question short, factual, and neutral. Detection summary: Image file: image_81_jpg.rf.b8aefd7bf71b13278c23688e466f3c43.jpg. Detected amenity: white ceramic bathtub. Detection confidence: low (0.27). Source prompt type: long. Question:",What is the name of the hotel amenity?,What is the name of the bathroom amenity?,Does the room have a bathtub?,Is the bathtub separate or part of a shower enclosure?
image_87_jpg.rf.e75d4aa521ba09ec4ac9af988ac90ee3.jpg,white ceramic bathtub,0.1317279040813446,217.93899536132807,338.41192626953125,339.10308837890625,422.32025146484375,long,Image file: image_87_jpg.rf.e75d4aa521ba09ec4ac9af988ac90ee3.jpg. Detected amenity: white ceramic bathtub. Detection confidence: low (0.13). Source prompt type: long.,"You are generating hotel amenity questions for guests browsing accommodation photos. Given the detection summary below, generate a hotel amenity related question that a guest may ask or a guest might want to be answeredwhile browsing accommodation images. Keep the question short, factual, and neutral. Detection summary: Image file: image_87_jpg.rf.e75d4aa521ba09ec4ac9af988ac90ee3.jpg. Detected amenity: white ceramic bathtub. Detection confidence: low (0.13). Source prompt type: long. Question:",What is the name of the hotel amenity?,What is the name of the bathroom amenity?,Does the room have a bathtub?,Does the hotel room have a separate shower?
image_98_jpg.rf.6d39ef63d33dc5d5edfcf3058bd51c2a.jpg,white ceramic bathtub,0.1118631064891815,284.98748779296875,397.3687133789063,539.3991088867188,639.394287109375,long,Image file: image_98_jpg.rf.6d39ef63d33dc5d5edfcf3058bd51c2a.jpg. Detected amenity: white ceramic bathtub. Detection confidence: low (0.11). Source prompt type: long.,"You are generating hotel amenity questions for guests browsing accommodation photos. Given the detection summary below, generate a hotel amenity related question that a guest may ask or a guest might want to be answeredwhile browsing accommodation images. Keep the question short, factual, and neutral. Detection summary: Image file: image_98_jpg.rf.6d39ef63d33dc5d5edfcf3058bd51c2a.jpg. Detected amenity: white ceramic bathtub. Detection confidence: low (0.11). Source prompt type: long. Question:",What is the name of the hotel amenity?,What is the name of the bathroom amenity?,Does the room have a bathtub?,Does the hotel room have a separate shower?
image_36_jpg.rf.2ec6f1286a1b810098fa52c1636cae08.jpg,white ceramic bathtub,0.123992420732975,170.51536560058594,418.2154846191406,433.98541259765625,639.2733764648438,long,Image file: image_36_jpg.rf.2ec6f1286a1b810098fa52c1636cae08.jpg. Detected amenity: white ceramic bathtub. Detection confidence: low (0.12). Source prompt type: long.,"You are generating hotel amenity questions for guests browsing accommodation photos. Given the detection summary below, generate a hotel amenity related question that a guest may ask or a guest might want to be answeredwhile browsing accommodation images. Keep the question short, factual, and neutral. Detection summary: Image file: image_36_jpg.rf.2ec6f1286a1b810098fa52c1636cae08.jpg. Detected amenity: white ceramic bathtub. Detection confidence: low (0.12). Source prompt type: long. Question:",What is the name of the hotel amenity?,What is the name of the bathroom amenity?,Does the room have a bathtub?,Does the room have a separate shower stall or is the white ceramic bathtub a shower bathtub combination?
image_52_jpg.rf.5719023edea20695cde4e057dd580888.jpg,white ceramic bathtub,0.3555846214294433,13.513946533203123,442.6404418945313,405.4681091308594,637.5546875,long,Image file: image_52_jpg.rf.5719023edea20695cde4e057dd580888.jpg. Detected amenity: white ceramic bathtub. Detection confidence: medium (0.36). Source prompt type: long.,"You are generating hotel amenity questions for guests browsing accommodation photos. Given the detection summary below, generate a hotel amenity related question that a guest may ask or a guest might want to be answeredwhile browsing accommodation images. Keep the question short, factual, and neutral. Detection summary: Image file: image_52_jpg.rf.5719023edea20695cde4e057dd580888.jpg. Detected amenity: white ceramic bathtub. Detection confidence: medium (0.36). Source prompt type: long. Question:",What type of amenity is the white ceramic bathtub?,What is the name of the bathroom amenity?,Does the room have a separate bathtub?,Is the bathtub in the room a standalone unit or part of an en-suite bathroom?
image_52_jpg.rf.5719023edea20695cde4e057dd580888.jpg,white ceramic bathtub,0.1922990083694458,399.5704345703125,529.9931640625,625.5297241210938,641.8341674804688,long,Image file: image_52_jpg.rf.5719023edea20695cde4e057dd580888.jpg. Detected amenity: white ceramic bathtub. Detection confidence: low (0.19). Source prompt type: long.,"You are generating hotel amenity questions for guests browsing accommodation photos. Given the detection summary below, generate a hotel amenity related question that a guest may ask or a guest might want to be answeredwhile browsing accommodation images. Keep the question short, factual, and neutral. Detection summary: Image file: image_52_jpg.rf.5719023edea20695cde4e057dd580888.jpg. Detected amenity: white ceramic bathtub. Detection confidence: low (0.19). Source prompt type: long. Question:",What is the name of the hotel amenity?,What is the name of the bathroom amenity?,Does the room have a bathtub?,Is the bathtub in the room or a shared facility?
image_92_jpg.rf.1ced57ab98b4e8b5abd41d9ec0b27f25.jpg,white ceramic bathtub,0.1826531738042831,-1.690349578857422,1.172809600830078,636.3750610351562,638.5980834960938,long,Image file: image_92_jpg.rf.1ced57ab98b4e8b5abd41d9ec0b27f25.jpg. Detected amenity: white ceramic bathtub. Detection confidence: low (0.18). Source prompt type: long.,"You are generating hotel amenity questions for guests browsing accommodation photos. Given the detection summary below, generate a hotel amenity related question that a guest may ask or a guest might want to be answeredwhile browsing accommodation images. Keep the question short, factual, and neutral. Detection summary: Image file: image_92_jpg.rf.1ced57ab98b4e8b5abd41d9ec0b27f25.jpg. Detected amenity: white ceramic bathtub. Detection confidence: low (0.18). Source prompt type: long. Question:",What is the name of the hotel amenity?,What is the name of the bathroom amenity?,Does the room have a bathtub?,Is the bathtub in the room or a shared facility?
image_92_jpg.rf.1ced57ab98b4e8b5abd41d9ec0b27f25.jpg,white ceramic bathtub,0.1299529671669006,-2.3337554931640625,-0.5896568298339844,260.6098327636719,574.99609375,long,Image file: image_92_jpg.rf.1ced57ab98b4e8b5abd41d9ec0b27f25.jpg. Detected amenity: white ceramic bathtub. Detection confidence: low (0.13). Source prompt type: long.,"You are generating hotel amenity questions for guests browsing accommodation photos. Given the detection summary below, generate a hotel amenity related question that a guest may ask or a guest might want to be answeredwhile browsing accommodation images. Keep the question short, factual, and neutral. Detection summary: Image file: image_92_jpg.rf.1ced57ab98b4e8b5abd41d9ec0b27f25.jpg. Detected amenity: white ceramic bathtub. Detection confidence: low (0.13). Source prompt type: long. Question:",What is the name of the hotel amenity?,What is the name of the bathroom amenity?,Does the room have a bathtub?,Does the hotel room have a shower or just a bathtub?
image_92_jpg.rf.1ced57ab98b4e8b5abd41d9ec0b27f25.jpg,white ceramic bathtub,0.1654012352228164,193.39572143554688,379.8532409667969,424.67388916015625,557.1419677734375,long,Image file: image_92_jpg.rf.1ced57ab98b4e8b5abd41d9ec0b27f25.jpg. Detected amenity: white ceramic bathtub. Detection confidence: low (0.17). Source prompt type: long.,"You are generating hotel amenity questions for guests browsing accommodation photos. Given the detection summary below, generate a hotel amenity related question that a guest may ask or a guest might want to be answeredwhile browsing accommodation images. Keep the question short, factual, and neutral. Detection summary: Image file: image_92_jpg.rf.1ced57ab98b4e8b5abd41d9ec0b27f25.jpg. Detected amenity: white ceramic bathtub. Detection confidence: low (0.17). Source prompt type: long. Question:",What is the name of the hotel amenity?,What is the name of the bathroom amenity?,Does the room have a bathtub?,Is the bathtub made of white ceramic?
image_92_jpg.rf.1ced57ab98b4e8b5abd41d9ec0b27f25.jpg,white ceramic bathtub,0.1134379282593727,9.04372215270996,532.3035888671875,297.24420166015625,638.9345703125,long,Image file: image_92_jpg.rf.1ced57ab98b4e8b5abd41d9ec0b27f25.jpg. Detected amenity: white ceramic bathtub. Detection confidence: low (0.11). Source prompt type: long.,"You are generating hotel amenity questions for guests browsing accommodation photos. Given the detection summary below, generate a hotel amenity related question that a guest may ask or a guest might want to be answeredwhile browsing accommodation images. Keep the question short, factual, and neutral. Detection summary: Image file: image_92_jpg.rf.1ced57ab98b4e8b5abd41d9ec0b27f25.jpg. Detected amenity: white ceramic bathtub. Detection confidence: low (0.11). Source prompt type: long. Question:",What is the name of the hotel amenity?,What is the name of the bathroom amenity?,Does the room have a bathtub?,Does the hotel room have a separate shower?
image_92_jpg.rf.1ced57ab98b4e8b5abd41d9ec0b27f25.jpg,white ceramic bathtub,0.11569344997406,282.6504821777344,475.7239379882813,636.9002685546875,638.7979736328125,long,Image file: image_92_jpg.rf.1ced57ab98b4e8b5abd41d9ec0b27f25.jpg. Detected amenity: white ceramic bathtub. Detection confidence: low (0.12). Source prompt type: long.,"You are generating hotel amenity questions for guests browsing accommodation photos. Given the detection summary below, generate a hotel amenity related question that a guest may ask or a guest might want to be answeredwhile browsing accommodation images. Keep the question short, factual, and neutral. Detection summary: Image file: image_92_jpg.rf.1ced57ab98b4e8b5abd41d9ec0b27f25.jpg. Detected amenity: white ceramic bathtub. Detection confidence: low (0.12). Source prompt type: long. Question:",What is the name of the hotel amenity?,What is the name of the bathroom amenity?,Does the room have a bathtub?,Is the bathtub separate from the shower?
image_92_jpg.rf.1ced57ab98b4e8b5abd41d9ec0b27f25.jpg,white ceramic bathtub,0.4023902118206024,285.30340576171875,474.2161560058594,637.697021484375,637.8795166015625,long,Image file: image_92_jpg.rf.1ced57ab98b4e8b5abd41d9ec0b27f25.jpg. Detected amenity: white ceramic bathtub. Detection confidence: medium (0.40). Source prompt type: long.,"You are generating hotel amenity questions for guests browsing accommodation photos. Given the detection summary below, generate a hotel amenity related question that a guest may ask or a guest might want to be answeredwhile browsing accommodation images. Keep the question short, factual, and neutral. Detection summary: Image file: image_92_jpg.rf.1ced57ab98b4e8b5abd41d9ec0b27f25.jpg. Detected amenity: white ceramic bathtub. Detection confidence: medium (0.40). Source prompt type: long. Question:",What is the name of the hotel amenity?,What is the name of the bathroom amenity?,"Does the room have a bathtub, and is it a separate unit or part of a shower combination?",Does the hotel room have a separate shower or is it a shower-over-bathtub setup?
image_101_jpg.rf.e93a0eb31dea15d1fda213a8e42ff961.jpg,white ceramic bathtub,0.2324843257665634,-1.459197998046875,-0.1529312133789062,635.1407470703125,637.794677734375,long,Image file: image_101_jpg.rf.e93a0eb31dea15d1fda213a8e42ff961.jpg. Detected amenity: white ceramic bathtub. Detection confidence: low (0.23). Source prompt type: long.,"You are generating hotel amenity questions for guests browsing accommodation photos. Given the detection summary below, generate a hotel amenity related question that a guest may ask or a guest might want to be answeredwhile browsing accommodation images. Keep the question short, factual, and neutral. Detection summary: Image file: image_101_jpg.rf.e93a0eb31dea15d1fda213a8e42ff961.jpg. Detected amenity: white ceramic bathtub. Detection confidence: low (0.23). Source prompt type: long. Question:",What is the name of the hotel amenity?,What is the name of the bathroom amenity?,Does the room have a bathtub?,Does the hotel room have a separate shower?
image_101_jpg.rf.e93a0eb31dea15d1fda213a8e42ff961.jpg,white ceramic bathtub,0.2348390370607376,1.4272117614746094,356.8937683105469,296.4305114746094,630.8626708984375,long,Image file: image_101_jpg.rf.e93a0eb31dea15d1fda213a8e42ff961.jpg. Detected amenity: white ceramic bathtub. Detection confidence: low (0.23). Source prompt type: long.,"You are generating hotel amenity questions for guests browsing accommodation photos. Given the detection summary below, generate a hotel amenity related question that a guest may ask or a guest might want to be answeredwhile browsing accommodation images. Keep the question short, factual, and neutral. Detection summary: Image file: image_101_jpg.rf.e93a0eb31dea15d1fda213a8e42ff961.jpg. Detected amenity: white ceramic bathtub. Detection confidence: low (0.23). Source prompt type: long. Question:",What is the name of the hotel amenity?,What is the name of the bathroom amenity?,Does the room have a bathtub?,Does the hotel room have a separate shower?
image_101_jpg.rf.e93a0eb31dea15d1fda213a8e42ff961.jpg,white ceramic bathtub,0.6246304512023926,333.9915771484375,431.9620361328125,631.5763549804688,638.3880615234375,long,Image file: image_101_jpg.rf.e93a0eb31dea15d1fda213a8e42ff961.jpg. Detected amenity: white ceramic bathtub. Detection confidence: high (0.62). Source prompt type: long.,"You are generating hotel amenity questions for guests browsing accommodation photos. Given the detection summary below, generate a hotel amenity related question that a guest may ask or a guest might want to be answeredwhile browsing accommodation images. Keep the question short, factual, and neutral. Detection summary: Image file: image_101_jpg.rf.e93a0eb31dea15d1fda213a8e42ff961.jpg. Detected amenity: white ceramic bathtub. Detection confidence: high (0.62). Source prompt type: long. Question:",What is the name of the hotel amenity?,What is the name of the bathroom amenity?,"Does the room come with a bathtub, and is it a separate unit or part of a shower combination?",Does the hotel room have a separate shower stall?
image_101_jpg.rf.e93a0eb31dea15d1fda213a8e42ff961.jpg,white ceramic bathtub,0.1634288430213928,332.7235412597656,430.1203002929688,633.6453857421875,637.3442993164062,long,Image file: image_101_jpg.rf.e93a0eb31dea15d1fda213a8e42ff961.jpg. Detected amenity: white ceramic bathtub. Detection confidence: low (0.16). Source prompt type: long.,"You are generating hotel amenity questions for guests browsing accommodation photos. Given the detection summary below, generate a hotel amenity related question that a guest may ask or a guest might want to be answeredwhile browsing accommodation images. Keep the question short, factual, and neutral. Detection summary: Image file: image_101_jpg.rf.e93a0eb31dea15d1fda213a8e42ff961.jpg. Detected amenity: white ceramic bathtub. Detection confidence: low (0.16). Source prompt type: long. Question:",What is the name of the hotel amenity?,What is the name of the bathroom amenity?,Does the room have a bathtub?,Does the hotel room have a separate shower?
image_257_fp_jpg.rf.8e10bf43029dbb0aeaf04fafb98b7328.jpg,white ceramic bathtub,0.1006716266274452,412.1405029296875,77.36751556396484,642.2546997070312,612.3326416015625,long,Image file: image_257_fp_jpg.rf.8e10bf43029dbb0aeaf04fafb98b7328.jpg. Detected amenity: white ceramic bathtub. Detection confidence: low (0.10). Source prompt type: long.,"You are generating hotel amenity questions for guests browsing accommodation photos. Given the detection summary below, generate a hotel amenity related question that a guest may ask or a guest might want to be answeredwhile browsing accommodation images. Keep the question short, factual, and neutral. Detection summary: Image file: image_257_fp_jpg.rf.8e10bf43029dbb0aeaf04fafb98b7328.jpg. Detected amenity: white ceramic bathtub. Detection confidence: low (0.10). Source prompt type: long. Question:",What is the name of the hotel amenity?,What is the name of the bathroom amenity?,Does the room have a bathtub?,Does the room have a shower over the bathtub or a separate shower?
image_257_fp_jpg.rf.8e10bf43029dbb0aeaf04fafb98b7328.jpg,white ceramic bathtub,0.2057403326034546,28.86366271972656,489.26116943359375,165.77926635742188,637.990234375,long,Image file: image_257_fp_jpg.rf.8e10bf43029dbb0aeaf04fafb98b7328.jpg. Detected amenity: white ceramic bathtub. Detection confidence: low (0.21). Source prompt type: long.,"You are generating hotel amenity questions for guests browsing accommodation photos. Given the detection summary below, generate a hotel amenity related question that a guest may ask or a guest might want to be answeredwhile browsing accommodation images. Keep the question short, factual, and neutral. Detection summary: Image file: image_257_fp_jpg.rf.8e10bf43029dbb0aeaf04fafb98b7328.jpg. Detected amenity: white ceramic bathtub. Detection confidence: low (0.21). Source prompt type: long. Question:",What is the name of the hotel amenity?,What is the name of the bathroom amenity?,Does the room have a bathtub?,Is the bathtub made of ceramic?
image_257_fp_jpg.rf.8e10bf43029dbb0aeaf04fafb98b7328.jpg,white ceramic bathtub,0.1957656741142273,427.8138427734375,459.3519592285156,644.4463500976562,637.0014038085938,long,Image file: image_257_fp_jpg.rf.8e10bf43029dbb0aeaf04fafb98b7328.jpg. Detected amenity: white ceramic bathtub. Detection confidence: low (0.20). Source prompt type: long.,"You are generating hotel amenity questions for guests browsing accommodation photos. Given the detection summary below, generate a hotel amenity related question that a guest may ask or a guest might want to be answeredwhile browsing accommodation images. Keep the question short, factual, and neutral. Detection summary: Image file: image_257_fp_jpg.rf.8e10bf43029dbb0aeaf04fafb98b7328.jpg. Detected amenity: white ceramic bathtub. Detection confidence: low (0.20). Source prompt type: long. Question:",What is the name of the hotel amenity?,What is the name of the bathroom amenity?,Does the room have a bathtub?,Is there a separate shower or is the bathtub used for both bathing and showering?
image_257_fp_jpg.rf.8e10bf43029dbb0aeaf04fafb98b7328.jpg,white ceramic bathtub,0.3274106085300445,432.9278259277344,456.7278442382813,639.88427734375,570.4478759765625,long,Image file: image_257_fp_jpg.rf.8e10bf43029dbb0aeaf04fafb98b7328.jpg. Detected amenity: white ceramic bathtub. Detection confidence: medium (0.33). Source prompt type: long.,"You are generating hotel amenity questions for guests browsing accommodation photos. Given the detection summary below, generate a hotel amenity related question that a guest may ask or a guest might want to be answeredwhile browsing accommodation images. Keep the question short, factual, and neutral. Detection summary: Image file: image_257_fp_jpg.rf.8e10bf43029dbb0aeaf04fafb98b7328.jpg. Detected amenity: white ceramic bathtub. Detection confidence: medium (0.33). Source prompt type: long. Question:",What is the name of the hotel amenity?,What is the name of the bathroom amenity?,Does the room have a bathtub?,Does the hotel room have a separate shower stall?
image_72_jpg.rf.f8e98a1ff127084398a6f3aaf422361f.jpg,white ceramic bathtub,0.1126787960529327,22.19977378845215,399.2312927246094,324.9552917480469,639.2040405273438,long,Image file: image_72_jpg.rf.f8e98a1ff127084398a6f3aaf422361f.jpg. Detected amenity: white ceramic bathtub. Detection confidence: low (0.11). Source prompt type: long.,"You are generating hotel amenity questions for guests browsing accommodation photos. Given the detection summary below, generate a hotel amenity related question that a guest may ask or a guest might want to be answeredwhile browsing accommodation images. Keep the question short, factual, and neutral. Detection summary: Image file: image_72_jpg.rf.f8e98a1ff127084398a6f3aaf422361f.jpg. Detected amenity: white ceramic bathtub. Detection confidence: low (0.11). Source prompt type: long. Question:",What is the name of the hotel amenity?,What is the name of the bathroom amenity?,Does the room have a bathtub?,Does the hotel room have a shower or bathtub?
image_168_jpg.rf.9ebf21d26fdf9ac0f02137c7b5ad30d7.jpg,white ceramic bathtub,0.1359992325305938,3.1826210021972656,369.0902099609375,271.3979797363281,639.991455078125,long,Image file: image_168_jpg.rf.9ebf21d26fdf9ac0f02137c7b5ad30d7.jpg. Detected amenity: white ceramic bathtub. Detection confidence: low (0.14). Source prompt type: long.,"You are generating hotel amenity questions for guests browsing accommodation photos. Given the detection summary below, generate a hotel amenity related question that a guest may ask or a guest might want to be answeredwhile browsing accommodation images. Keep the question short, factual, and neutral. Detection summary: Image file: image_168_jpg.rf.9ebf21d26fdf9ac0f02137c7b5ad30d7.jpg. Detected amenity: white ceramic bathtub. Detection confidence: low (0.14). Source prompt type: long. Question:",What is the name of the hotel amenity?,What is the name of the bathroom amenity?,Does the room have a bathtub?,Does the hotel room have a separate shower?
image_285_fp_jpg.rf.63ea1bc9e846428175694c6b67756c20.jpg,white ceramic bathtub,0.1315153241157531,531.0760498046875,278.88653564453125,638.5498046875,412.2273559570313,long,Image file: image_285_fp_jpg.rf.63ea1bc9e846428175694c6b67756c20.jpg. Detected amenity: white ceramic bathtub. Detection confidence: low (0.13). Source prompt type: long.,"You are generating hotel amenity questions for guests browsing accommodation photos. Given the detection summary below, generate a hotel amenity related question that a guest may ask or a guest might want to be answeredwhile browsing accommodation images. Keep the question short, factual, and neutral. Detection summary: Image file: image_285_fp_jpg.rf.63ea1bc9e846428175694c6b67756c20.jpg. Detected amenity: white ceramic bathtub. Detection confidence: low (0.13). Source prompt type: long. Question:",What is the name of the hotel amenity?,What is the name of the bathroom amenity?,Does the room have a bathtub?,Does the hotel room have a separate shower area?
image_85_jpg.rf.4bfd23d9ac0496a67e736520de38ad84.jpg,white ceramic bathtub,0.1350323855876922,60.33729553222656,418.5253601074219,289.4266357421875,635.2374877929688,long,Image file: image_85_jpg.rf.4bfd23d9ac0496a67e736520de38ad84.jpg. Detected amenity: white ceramic bathtub. Detection confidence: low (0.14). Source prompt type: long.,"You are generating hotel amenity questions for guests browsing accommodation photos. Given the detection summary below, generate a hotel amenity related question that a guest may ask or a guest might want to be answeredwhile browsing accommodation images. Keep the question short, factual, and neutral. Detection summary: Image file: image_85_jpg.rf.4bfd23d9ac0496a67e736520de38ad84.jpg. Detected amenity: white ceramic bathtub. Detection confidence: low (0.14). Source prompt type: long. Question:",What is the name of the hotel amenity?,What is the name of the bathroom amenity?,Does the room have a bathtub?,Is the bathtub separate from the shower?
image_85_jpg.rf.4bfd23d9ac0496a67e736520de38ad84.jpg,white ceramic bathtub,0.3057616353034973,60.05145263671875,417.7844848632813,290.87359619140625,635.8588256835938,long,Image file: image_85_jpg.rf.4bfd23d9ac0496a67e736520de38ad84.jpg. Detected amenity: white ceramic bathtub. Detection confidence: medium (0.31). Source prompt type: long.,"You are generating hotel amenity questions for guests browsing accommodation photos. Given the detection summary below, generate a hotel amenity related question that a guest may ask or a guest might want to be answeredwhile browsing accommodation images. Keep the question short, factual, and neutral. Detection summary: Image file: image_85_jpg.rf.4bfd23d9ac0496a67e736520de38ad84.jpg. Detected amenity: white ceramic bathtub. Detection confidence: medium (0.31). Source prompt type: long. Question:",What is the name of the hotel amenity?,What is the name of the bathroom amenity?,"Does the room have a bathtub, and is it a separate unit or part of a shower combination?",Does the room have a separate shower or is it a shower-over-bathtub setup?
image_187_jpg.rf.4b4b3c71d32c2b3ff399710d30e18e18.jpg,white ceramic bathtub,0.3096749186515808,245.9657592773437,390.9509887695313,648.7464599609375,638.4639892578125,long,Image file: image_187_jpg.rf.4b4b3c71d32c2b3ff399710d30e18e18.jpg. Detected amenity: white ceramic bathtub. Detection confidence: medium (0.31). Source prompt type: long.,"You are generating hotel amenity questions for guests browsing accommodation photos. Given the detection summary below, generate a hotel amenity related question that a guest may ask or a guest might want to be answeredwhile browsing accommodation images. Keep the question short, factual, and neutral. Detection summary: Image file: image_187_jpg.rf.4b4b3c71d32c2b3ff399710d30e18e18.jpg. Detected amenity: white ceramic bathtub. Detection confidence: medium (0.31). Source prompt type: long. Question:",What is the name of the hotel amenity?,What is the name of the bathroom amenity?,"Does the room have a bathtub, and if so, is it a separate unit or part of a shower combination?",Does the hotel room have a separate shower or is it a shower-over-bathtub setup?
image_45_jpg.rf.1935dc65fe04e6b1e8bee0e4c01a5efd.jpg,white ceramic bathtub,0.2615287899971008,462.6518249511719,465.7117919921875,637.63330078125,641.307373046875,long,Image file: image_45_jpg.rf.1935dc65fe04e6b1e8bee0e4c01a5efd.jpg. Detected amenity: white ceramic bathtub. Detection confidence: low (0.26). Source prompt type: long.,"You are generating hotel amenity questions for guests browsing accommodation photos. Given the detection summary below, generate a hotel amenity related question that a guest may ask or a guest might want to be answeredwhile browsing accommodation images. Keep the question short, factual, and neutral. Detection summary: Image file: image_45_jpg.rf.1935dc65fe04e6b1e8bee0e4c01a5efd.jpg. Detected amenity: white ceramic bathtub. Detection confidence: low (0.26). Source prompt type: long. Question:",What is the name of the hotel amenity?,What is the name of the bathroom amenity?,Does the room have a bathtub?,Does the hotel room have a separate shower?
image_57_jpg.rf.9d9b7b735ff201c443b54c55299ea596.jpg,white ceramic bathtub,0.1640948355197906,5.404624938964844,3.364219665527344,371.6677551269531,641.5170288085938,long,Image file: image_57_jpg.rf.9d9b7b735ff201c443b54c55299ea596.jpg. Detected amenity: white ceramic bathtub. Detection confidence: low (0.16). Source prompt type: long.,"You are generating hotel amenity questions for guests browsing accommodation photos. Given the detection summary below, generate a hotel amenity related question that a guest may ask or a guest might want to be answeredwhile browsing accommodation images. Keep the question short, factual, and neutral. Detection summary: Image file: image_57_jpg.rf.9d9b7b735ff201c443b54c55299ea596.jpg. Detected amenity: white ceramic bathtub. Detection confidence: low (0.16). Source prompt type: long. Question:",What is the name of the hotel amenity?,What is the name of the bathroom amenity?,Does the room have a bathtub?,Does the hotel room have a walk-in shower or a separate shower stall?
image_57_jpg.rf.9d9b7b735ff201c443b54c55299ea596.jpg,white ceramic bathtub,0.287590742111206,49.39859390258789,537.9764404296875,333.93194580078125,642.4305419921875,long,Image file: image_57_jpg.rf.9d9b7b735ff201c443b54c55299ea596.jpg. Detected amenity: white ceramic bathtub. Detection confidence: low (0.29). Source prompt type: long.,"You are generating hotel amenity questions for guests browsing accommodation photos. Given the detection summary below, generate a hotel amenity related question that a guest may ask or a guest might want to be answeredwhile browsing accommodation images. Keep the question short, factual, and neutral. Detection summary: Image file: image_57_jpg.rf.9d9b7b735ff201c443b54c55299ea596.jpg. Detected amenity: white ceramic bathtub. Detection confidence: low (0.29). Source prompt type: long. Question:",What is the name of the hotel amenity?,What is the name of the bathroom amenity?,Does the room have a bathtub?,Does the hotel room have a separate shower stall?
image_33_jpg.rf.c992d0711db2b4e0f7ede608f61d0d2c.jpg,white ceramic bathtub,0.1705606877803802,214.0677185058593,429.9127807617188,623.5197143554688,638.7747802734375,long,Image file: image_33_jpg.rf.c992d0711db2b4e0f7ede608f61d0d2c.jpg. Detected amenity: white ceramic bathtub. Detection confidence: low (0.17). Source prompt type: long.,"You are generating hotel amenity questions for guests browsing accommodation photos. Given the detection summary below, generate a hotel amenity related question that a guest may ask or a guest might want to be answeredwhile browsing accommodation images. Keep the question short, factual, and neutral. Detection summary: Image file: image_33_jpg.rf.c992d0711db2b4e0f7ede608f61d0d2c.jpg. Detected amenity: white ceramic bathtub. Detection confidence: low (0.17). Source prompt type: long. Question:",What is the name of the hotel amenity?,What is the name of the bathroom amenity?,Does the room have a bathtub?,Does the hotel room have a separate shower?
image_129_jpg.rf.c93482597141a549c2bf4bc6aa1aa68c.jpg,white ceramic bathtub,0.1595241427421569,-3.729066848754883,464.2946166992188,318.767578125,642.6708984375,long,Image file: image_129_jpg.rf.c93482597141a549c2bf4bc6aa1aa68c.jpg. Detected amenity: white ceramic bathtub. Detection confidence: low (0.16). Source prompt type: long.,"You are generating hotel amenity questions for guests browsing accommodation photos. Given the detection summary below, generate a hotel amenity related question that a guest may ask or a guest might want to be answeredwhile browsing accommodation images. Keep the question short, factual, and neutral. Detection summary: Image file: image_129_jpg.rf.c93482597141a549c2bf4bc6aa1aa68c.jpg. Detected amenity: white ceramic bathtub. Detection confidence: low (0.16). Source prompt type: long. Question:",What is the name of the hotel amenity?,What is the name of the bathroom amenity?,Does the room have a bathtub?,Does the hotel room have a separate shower area?
image_19_jpg.rf.c406c7dfec38a3c663000d3f820de6d0.jpg,white ceramic bathtub,0.2586907744407654,1.8087387084960933,358.85797119140625,323.81512451171875,632.0499267578125,long,Image file: image_19_jpg.rf.c406c7dfec38a3c663000d3f820de6d0.jpg. Detected amenity: white ceramic bathtub. Detection confidence: low (0.26). Source prompt type: long.,"You are generating hotel amenity questions for guests browsing accommodation photos. Given the detection summary below, generate a hotel amenity related question that a guest may ask or a guest might want to be answeredwhile browsing accommodation images. Keep the question short, factual, and neutral. Detection summary: Image file: image_19_jpg.rf.c406c7dfec38a3c663000d3f820de6d0.jpg. Detected amenity: white ceramic bathtub. Detection confidence: low (0.26). Source prompt type: long. Question:",What is the name of the hotel amenity?,What is the name of the bathroom amenity?,Does the room have a bathtub?,Does the hotel room have a separate shower stall or a walk-in shower?
image_17_jpg.rf.a37a9d49b8913a66ba408e96cd7180ed.jpg,white ceramic bathtub,0.102577619254589,1.4559650421142578,428.9196166992188,139.24441528320312,638.187744140625,long,Image file: image_17_jpg.rf.a37a9d49b8913a66ba408e96cd7180ed.jpg. Detected amenity: white ceramic bathtub. Detection confidence: low (0.10). Source prompt type: long.,"You are generating hotel amenity questions for guests browsing accommodation photos. Given the detection summary below, generate a hotel amenity related question that a guest may ask or a guest might want to be answeredwhile browsing accommodation images. Keep the question short, factual, and neutral. Detection summary: Image file: image_17_jpg.rf.a37a9d49b8913a66ba408e96cd7180ed.jpg. Detected amenity: white ceramic bathtub. Detection confidence: low (0.10). Source prompt type: long. Question:",What is the name of the hotel amenity?,What is the name of the bathroom amenity?,Does the room have a bathtub?,Is the bathtub separate from the shower?
image_17_jpg.rf.a37a9d49b8913a66ba408e96cd7180ed.jpg,white ceramic bathtub,0.342081069946289,389.32318115234375,430.2667236328125,584.6527099609375,641.0147094726562,long,Image file: image_17_jpg.rf.a37a9d49b8913a66ba408e96cd7180ed.jpg. Detected amenity: white ceramic bathtub. Detection confidence: medium (0.34). Source prompt type: long.,"You are generating hotel amenity questions for guests browsing accommodation photos. Given the detection summary below, generate a hotel amenity related question that a guest may ask or a guest might want to be answeredwhile browsing accommodation images. Keep the question short, factual, and neutral. Detection summary: Image file: image_17_jpg.rf.a37a9d49b8913a66ba408e96cd7180ed.jpg. Detected amenity: white ceramic bathtub. Detection confidence: medium (0.34). Source prompt type: long. Question:",What is the name of the hotel amenity?,What is the name of the bathroom amenity?,Does the room have a bathtub?,Does the hotel room have a walk-in shower or a bathtub?
image_158_jpg.rf.52794ec1b569c815e2a9274a87443d82.jpg,white ceramic bathtub,0.1187246367335319,127.62564086914062,472.04833984375,452.77252197265625,639.5379638671875,long,Image file: image_158_jpg.rf.52794ec1b569c815e2a9274a87443d82.jpg. Detected amenity: white ceramic bathtub. Detection confidence: low (0.12). Source prompt type: long.,"You are generating hotel amenity questions for guests browsing accommodation photos. Given the detection summary below, generate a hotel amenity related question that a guest may ask or a guest might want to be answeredwhile browsing accommodation images. Keep the question short, factual, and neutral. Detection summary: Image file: image_158_jpg.rf.52794ec1b569c815e2a9274a87443d82.jpg. Detected amenity: white ceramic bathtub. Detection confidence: low (0.12). Source prompt type: long. Question:",What is the name of the hotel amenity?,What is the name of the bathroom amenity?,Does the room have a bathtub?,Is the white ceramic bathtub for bathing or soaking?
image_166_jpg.rf.4338869023ae1398819acd56cc409f8e.jpg,white ceramic bathtub,0.1334464997053146,384.932861328125,434.1760864257813,647.428466796875,645.6771850585938,long,Image file: image_166_jpg.rf.4338869023ae1398819acd56cc409f8e.jpg. Detected amenity: white ceramic bathtub. Detection confidence: low (0.13). Source prompt type: long.,"You are generating hotel amenity questions for guests browsing accommodation photos. Given the detection summary below, generate a hotel amenity related question that a guest may ask or a guest might want to be answeredwhile browsing accommodation images. Keep the question short, factual, and neutral. Detection summary: Image file: image_166_jpg.rf.4338869023ae1398819acd56cc409f8e.jpg. Detected amenity: white ceramic bathtub. Detection confidence: low (0.13). Source prompt type: long. Question:",What is the name of the hotel amenity?,What is the name of the bathroom amenity?,Does the room have a bathtub?,Does the room have a separate shower?
image_40_jpg.rf.8babe190788e56cb68c592308ce6bc61.jpg,white ceramic bathtub,0.1237948760390281,3.4230995178222656,-1.317138671875,641.3958129882812,635.4971313476562,long,Image file: image_40_jpg.rf.8babe190788e56cb68c592308ce6bc61.jpg. Detected amenity: white ceramic bathtub. Detection confidence: low (0.12). Source prompt type: long.,"You are generating hotel amenity questions for guests browsing accommodation photos. Given the detection summary below, generate a hotel amenity related question that a guest may ask or a guest might want to be answeredwhile browsing accommodation images. Keep the question short, factual, and neutral. Detection summary: Image file: image_40_jpg.rf.8babe190788e56cb68c592308ce6bc61.jpg. Detected amenity: white ceramic bathtub. Detection confidence: low (0.12). Source prompt type: long. Question:",What is the name of the hotel amenity?,What is the name of the bathroom amenity?,Does the room have a bathtub?,Does the hotel room have a separate shower?
image_40_jpg.rf.8babe190788e56cb68c592308ce6bc61.jpg,white ceramic bathtub,0.1368277966976165,1.5613746643066406,397.49212646484375,332.2789001464844,635.1199951171875,long,Image file: image_40_jpg.rf.8babe190788e56cb68c592308ce6bc61.jpg. Detected amenity: white ceramic bathtub. Detection confidence: low (0.14). Source prompt type: long.,"You are generating hotel amenity questions for guests browsing accommodation photos. Given the detection summary below, generate a hotel amenity related question that a guest may ask or a guest might want to be answeredwhile browsing accommodation images. Keep the question short, factual, and neutral. Detection summary: Image file: image_40_jpg.rf.8babe190788e56cb68c592308ce6bc61.jpg. Detected amenity: white ceramic bathtub. Detection confidence: low (0.14). Source prompt type: long. Question:",What is the name of the hotel amenity?,What is the name of the bathroom amenity?,Does the room have a bathtub?,Is the bathtub in the room or a shared facility?
image_40_jpg.rf.8babe190788e56cb68c592308ce6bc61.jpg,white ceramic bathtub,0.2340419143438339,377.4925537109375,422.01123046875,636.4967041015625,537.6986083984375,long,Image file: image_40_jpg.rf.8babe190788e56cb68c592308ce6bc61.jpg. Detected amenity: white ceramic bathtub. Detection confidence: low (0.23). Source prompt type: long.,"You are generating hotel amenity questions for guests browsing accommodation photos. Given the detection summary below, generate a hotel amenity related question that a guest may ask or a guest might want to be answeredwhile browsing accommodation images. Keep the question short, factual, and neutral. Detection summary: Image file: image_40_jpg.rf.8babe190788e56cb68c592308ce6bc61.jpg. Detected amenity: white ceramic bathtub. Detection confidence: low (0.23). Source prompt type: long. Question:",What is the name of the hotel amenity?,What is the name of the bathroom amenity?,Does the room have a bathtub?,Does the hotel room have a separate shower?
image_40_jpg.rf.8babe190788e56cb68c592308ce6bc61.jpg,white ceramic bathtub,0.193128153681755,370.2972412109375,421.3237915039063,633.0482177734375,631.75,long,Image file: image_40_jpg.rf.8babe190788e56cb68c592308ce6bc61.jpg. Detected amenity: white ceramic bathtub. Detection confidence: low (0.19). Source prompt type: long.,"You are generating hotel amenity questions for guests browsing accommodation photos. Given the detection summary below, generate a hotel amenity related question that a guest may ask or a guest might want to be answeredwhile browsing accommodation images. Keep the question short, factual, and neutral. Detection summary: Image file: image_40_jpg.rf.8babe190788e56cb68c592308ce6bc61.jpg. Detected amenity: white ceramic bathtub. Detection confidence: low (0.19). Source prompt type: long. Question:",What is the name of the hotel amenity?,What is the name of the bathroom amenity?,Does the room have a bathtub?,Is the bathtub in the room or a shared facility?
image_162_jpg.rf.44da3862d9e1837569f8a85956c1b4a8.jpg,white ceramic bathtub,0.1231423541903495,3.010406494140625,1.306610107421875,641.1795654296875,638.21630859375,long,Image file: image_162_jpg.rf.44da3862d9e1837569f8a85956c1b4a8.jpg. Detected amenity: white ceramic bathtub. Detection confidence: low (0.12). Source prompt type: long.,"You are generating hotel amenity questions for guests browsing accommodation photos. Given the detection summary below, generate a hotel amenity related question that a guest may ask or a guest might want to be answeredwhile browsing accommodation images. Keep the question short, factual, and neutral. Detection summary: Image file: image_162_jpg.rf.44da3862d9e1837569f8a85956c1b4a8.jpg. Detected amenity: white ceramic bathtub. Detection confidence: low (0.12). Source prompt type: long. Question:",What is the name of the hotel amenity?,What is the name of the bathroom amenity?,Does the room have a bathtub?,Does the hotel room have a separate shower or a walk-in shower?
image_162_jpg.rf.44da3862d9e1837569f8a85956c1b4a8.jpg,white ceramic bathtub,0.1074895486235618,-0.1665496826171875,-1.2431144714355469,404.3299560546875,632.747802734375,long,Image file: image_162_jpg.rf.44da3862d9e1837569f8a85956c1b4a8.jpg. Detected amenity: white ceramic bathtub. Detection confidence: low (0.11). Source prompt type: long.,"You are generating hotel amenity questions for guests browsing accommodation photos. Given the detection summary below, generate a hotel amenity related question that a guest may ask or a guest might want to be answeredwhile browsing accommodation images. Keep the question short, factual, and neutral. Detection summary: Image file: image_162_jpg.rf.44da3862d9e1837569f8a85956c1b4a8.jpg. Detected amenity: white ceramic bathtub. Detection confidence: low (0.11). Source prompt type: long. Question:",What is the name of the hotel amenity?,What is the name of the bathroom amenity?,Does the room have a bathtub?,Does the hotel room have a shower or bathtub?
image_162_jpg.rf.44da3862d9e1837569f8a85956c1b4a8.jpg,white ceramic bathtub,0.2318227440118789,346.0507202148437,381.1417236328125,642.5866088867188,643.3141479492188,long,Image file: image_162_jpg.rf.44da3862d9e1837569f8a85956c1b4a8.jpg. Detected amenity: white ceramic bathtub. Detection confidence: low (0.23). Source prompt type: long.,"You are generating hotel amenity questions for guests browsing accommodation photos. Given the detection summary below, generate a hotel amenity related question that a guest may ask or a guest might want to be answeredwhile browsing accommodation images. Keep the question short, factual, and neutral. Detection summary: Image file: image_162_jpg.rf.44da3862d9e1837569f8a85956c1b4a8.jpg. Detected amenity: white ceramic bathtub. Detection confidence: low (0.23). Source prompt type: long. Question:",What is the name of the hotel amenity?,What is the name of the bathroom amenity?,Does the room have a bathtub?,Is the bathtub in the bathroom?
image_162_jpg.rf.44da3862d9e1837569f8a85956c1b4a8.jpg,white ceramic bathtub,0.2878091037273407,18.83808135986328,397.0379333496094,338.16558837890625,626.24609375,long,Image file: image_162_jpg.rf.44da3862d9e1837569f8a85956c1b4a8.jpg. Detected amenity: white ceramic bathtub. Detection confidence: low (0.29). Source prompt type: long.,"You are generating hotel amenity questions for guests browsing accommodation photos. Given the detection summary below, generate a hotel amenity related question that a guest may ask or a guest might want to be answeredwhile browsing accommodation images. Keep the question short, factual, and neutral. Detection summary: Image file: image_162_jpg.rf.44da3862d9e1837569f8a85956c1b4a8.jpg. Detected amenity: white ceramic bathtub. Detection confidence: low (0.29). Source prompt type: long. Question:",What is the name of the hotel amenity?,What is the name of the bathroom amenity?,Does the room have a bathtub?,Is the bathtub in the room a walk-in or a standard bathtub?
image_159_jpg.rf.0ad28521526e77fd9ac1d91609de7ca5.jpg,white ceramic bathtub,0.1656658798456192,2.83742904663086,426.6380310058594,367.68548583984375,639.312744140625,long,Image file: image_159_jpg.rf.0ad28521526e77fd9ac1d91609de7ca5.jpg. Detected amenity: white ceramic bathtub. Detection confidence: low (0.17). Source prompt type: long.,"You are generating hotel amenity questions for guests browsing accommodation photos. Given the detection summary below, generate a hotel amenity related question that a guest may ask or a guest might want to be answeredwhile browsing accommodation images. Keep the question short, factual, and neutral. Detection summary: Image file: image_159_jpg.rf.0ad28521526e77fd9ac1d91609de7ca5.jpg. Detected amenity: white ceramic bathtub. Detection confidence: low (0.17). Source prompt type: long. Question:",What is the name of the hotel amenity?,What is the name of the bathroom amenity?,Does the room have a bathtub?,Does the hotel room have a separate shower area?
image_159_jpg.rf.0ad28521526e77fd9ac1d91609de7ca5.jpg,white ceramic bathtub,0.2191352546215057,346.5561218261719,427.10980224609375,642.2137451171875,623.5826416015625,long,Image file: image_159_jpg.rf.0ad28521526e77fd9ac1d91609de7ca5.jpg. Detected amenity: white ceramic bathtub. Detection confidence: low (0.22). Source prompt type: long.,"You are generating hotel amenity questions for guests browsing accommodation photos. Given the detection summary below, generate a hotel amenity related question that a guest may ask or a guest might want to be answeredwhile browsing accommodation images. Keep the question short, factual, and neutral. Detection summary: Image file: image_159_jpg.rf.0ad28521526e77fd9ac1d91609de7ca5.jpg. Detected amenity: white ceramic bathtub. Detection confidence: low (0.22). Source prompt type: long. Question:",What is the name of the hotel amenity?,What is the name of the bathroom amenity?,Does the room have a bathtub?,Does the hotel room have a separate shower?
image_186_jpg.rf.203ccb8a83866afdc8e717185d4a32e9.jpg,white ceramic bathtub,0.2311881333589553,0.7813262939453125,431.5595703125,375.9159851074219,638.4971923828125,long,Image file: image_186_jpg.rf.203ccb8a83866afdc8e717185d4a32e9.jpg. Detected amenity: white ceramic bathtub. Detection confidence: low (0.23). Source prompt type: long.,"You are generating hotel amenity questions for guests browsing accommodation photos. Given the detection summary below, generate a hotel amenity related question that a guest may ask or a guest might want to be answeredwhile browsing accommodation images. Keep the question short, factual, and neutral. Detection summary: Image file: image_186_jpg.rf.203ccb8a83866afdc8e717185d4a32e9.jpg. Detected amenity: white ceramic bathtub. Detection confidence: low (0.23). Source prompt type: long. Question:",What is the name of the hotel amenity?,What is the name of the bathroom amenity?,Does the room have a bathtub?,Does the hotel room have a separate shower?
image_186_jpg.rf.203ccb8a83866afdc8e717185d4a32e9.jpg,white ceramic bathtub,0.4213860630989074,372.0609130859375,391.0401916503906,633.0614013671875,604.0689086914062,long,Image file: image_186_jpg.rf.203ccb8a83866afdc8e717185d4a32e9.jpg. Detected amenity: white ceramic bathtub. Detection confidence: medium (0.42). Source prompt type: long.,"You are generating hotel amenity questions for guests browsing accommodation photos. Given the detection summary below, generate a hotel amenity related question that a guest may ask or a guest might want to be answeredwhile browsing accommodation images. Keep the question short, factual, and neutral. Detection summary: Image file: image_186_jpg.rf.203ccb8a83866afdc8e717185d4a32e9.jpg. Detected amenity: white ceramic bathtub. Detection confidence: medium (0.42). Source prompt type: long. Question:",How long is the hotel amenity?,What is the name of the bathroom amenity?,Is the bathtub in the room a separate shower unit or a combined bathtub and shower?,Does the hotel room have a separate shower?
image_186_jpg.rf.203ccb8a83866afdc8e717185d4a32e9.jpg,white ceramic bathtub,0.1688798367977142,349.4982604980469,512.5924682617188,472.19342041015625,639.83447265625,long,Image file: image_186_jpg.rf.203ccb8a83866afdc8e717185d4a32e9.jpg. Detected amenity: white ceramic bathtub. Detection confidence: low (0.17). Source prompt type: long.,"You are generating hotel amenity questions for guests browsing accommodation photos. Given the detection summary below, generate a hotel amenity related question that a guest may ask or a guest might want to be answeredwhile browsing accommodation images. Keep the question short, factual, and neutral. Detection summary: Image file: image_186_jpg.rf.203ccb8a83866afdc8e717185d4a32e9.jpg. Detected amenity: white ceramic bathtub. Detection confidence: low (0.17). Source prompt type: long. Question:",What is the name of the hotel amenity?,What is the name of the bathroom amenity?,Does the room have a bathtub?,Is the bathtub in the room or a shared bathroom?
image_254_fp_jpg.rf.2e4e79c2f93f674ca846be1c28eae362.jpg,white ceramic bathtub,0.1228886172175407,483.85198974609375,309.23297119140625,637.093505859375,583.578125,long,Image file: image_254_fp_jpg.rf.2e4e79c2f93f674ca846be1c28eae362.jpg. Detected amenity: white ceramic bathtub. Detection confidence: low (0.12). Source prompt type: long.,"You are generating hotel amenity questions for guests browsing accommodation photos. Given the detection summary below, generate a hotel amenity related question that a guest may ask or a guest might want to be answeredwhile browsing accommodation images. Keep the question short, factual, and neutral. Detection summary: Image file: image_254_fp_jpg.rf.2e4e79c2f93f674ca846be1c28eae362.jpg. Detected amenity: white ceramic bathtub. Detection confidence: low (0.12). Source prompt type: long. Question:",What is the name of the hotel amenity?,What is the name of the bathroom amenity?,Does the room have a bathtub?,Does the hotel room have a shower or bathtub?
image_130_jpg.rf.a7b9ffc1da8a5522d82748c52492849d.jpg,white ceramic bathtub,0.3739299774169922,391.9689331054688,404.4364013671875,597.315673828125,615.5899658203125,long,Image file: image_130_jpg.rf.a7b9ffc1da8a5522d82748c52492849d.jpg. Detected amenity: white ceramic bathtub. Detection confidence: medium (0.37). Source prompt type: long.,"You are generating hotel amenity questions for guests browsing accommodation photos. Given the detection summary below, generate a hotel amenity related question that a guest may ask or a guest might want to be answeredwhile browsing accommodation images. Keep the question short, factual, and neutral. Detection summary: Image file: image_130_jpg.rf.a7b9ffc1da8a5522d82748c52492849d.jpg. Detected amenity: white ceramic bathtub. Detection confidence: medium (0.37). Source prompt type: long. Question:",What is the name of the hotel that has a white ceramic bathtub?,What is the name of the bathroom amenity?,Does the room have a bathtub?,Does the hotel room have a separate shower or is it a bathtub-only setup?
image_120_jpg.rf.52e1da3e1fa3fccc0f3067853a4599a5.jpg,white ceramic bathtub,0.1550589203834533,427.6637268066406,395.8591003417969,643.5559692382812,637.3136596679688,long,Image file: image_120_jpg.rf.52e1da3e1fa3fccc0f3067853a4599a5.jpg. Detected amenity: white ceramic bathtub. Detection confidence: low (0.16). Source prompt type: long.,"You are generating hotel amenity questions for guests browsing accommodation photos. Given the detection summary below, generate a hotel amenity related question that a guest may ask or a guest might want to be answeredwhile browsing accommodation images. Keep the question short, factual, and neutral. Detection summary: Image file: image_120_jpg.rf.52e1da3e1fa3fccc0f3067853a4599a5.jpg. Detected amenity: white ceramic bathtub. Detection confidence: low (0.16). Source prompt type: long. Question:",What is the name of the hotel amenity?,What is the name of the bathroom amenity?,Does the room have a bathtub?,Does the room have a separate shower?
image_137_jpg.rf.97cca694682191ffce8bc6ba683400aa.jpg,white ceramic bathtub,0.2685469686985016,286.0697021484375,314.27471923828125,627.512451171875,637.4121704101562,long,Image file: image_137_jpg.rf.97cca694682191ffce8bc6ba683400aa.jpg. Detected amenity: white ceramic bathtub. Detection confidence: low (0.27). Source prompt type: long.,"You are generating hotel amenity questions for guests browsing accommodation photos. Given the detection summary below, generate a hotel amenity related question that a guest may ask or a guest might want to be answeredwhile browsing accommodation images. Keep the question short, factual, and neutral. Detection summary: Image file: image_137_jpg.rf.97cca694682191ffce8bc6ba683400aa.jpg. Detected amenity: white ceramic bathtub. Detection confidence: low (0.27). Source prompt type: long. Question:",What is the name of the hotel amenity?,What is the name of the bathroom amenity?,Does the room have a bathtub?,Is the bathtub in the room or a separate bathroom?
image_110_jpg.rf.5afd81c13976666355a2c7df557ebb5a.jpg,white ceramic bathtub,0.1544103324413299,203.4451904296875,343.9085388183594,495.0899658203125,623.4453735351562,long,Image file: image_110_jpg.rf.5afd81c13976666355a2c7df557ebb5a.jpg. Detected amenity: white ceramic bathtub. Detection confidence: low (0.15). Source prompt type: long.,"You are generating hotel amenity questions for guests browsing accommodation photos. Given the detection summary below, generate a hotel amenity related question that a guest may ask or a guest might want to be answeredwhile browsing accommodation images. Keep the question short, factual, and neutral. Detection summary: Image file: image_110_jpg.rf.5afd81c13976666355a2c7df557ebb5a.jpg. Detected amenity: white ceramic bathtub. Detection confidence: low (0.15). Source prompt type: long. Question:",What is the name of the hotel amenity?,What is the name of the bathroom amenity?,Does the room have a bathtub?,Does the hotel room have a separate shower or is it a shower-bathtub combination?
image_111_jpg.rf.505881c70da3815a41386b3d4ae35e85.jpg,white ceramic bathtub,0.160415917634964,-0.4265117645263672,381.681640625,249.58071899414065,595.3724975585938,long,Image file: image_111_jpg.rf.505881c70da3815a41386b3d4ae35e85.jpg. Detected amenity: white ceramic bathtub. Detection confidence: low (0.16). Source prompt type: long.,"You are generating hotel amenity questions for guests browsing accommodation photos. Given the detection summary below, generate a hotel amenity related question that a guest may ask or a guest might want to be answeredwhile browsing accommodation images. Keep the question short, factual, and neutral. Detection summary: Image file: image_111_jpg.rf.505881c70da3815a41386b3d4ae35e85.jpg. Detected amenity: white ceramic bathtub. Detection confidence: low (0.16). Source prompt type: long. Question:",What is the name of the hotel amenity?,What is the name of the bathroom amenity?,Does the room have a bathtub?,Does the hotel room have a separate shower?
image_102_jpg.rf.b797e974f793bcbca5b9151cf2f4dfdc.jpg,white ceramic bathtub,0.3634197115898132,288.9693908691406,516.8175048828125,474.6426696777344,636.4293823242188,long,Image file: image_102_jpg.rf.b797e974f793bcbca5b9151cf2f4dfdc.jpg. Detected amenity: white ceramic bathtub. Detection confidence: medium (0.36). Source prompt type: long.,"You are generating hotel amenity questions for guests browsing accommodation photos. Given the detection summary below, generate a hotel amenity related question that a guest may ask or a guest might want to be answeredwhile browsing accommodation images. Keep the question short, factual, and neutral. Detection summary: Image file: image_102_jpg.rf.b797e974f793bcbca5b9151cf2f4dfdc.jpg. Detected amenity: white ceramic bathtub. Detection confidence: medium (0.36). Source prompt type: long. Question:",What is the name of the hotel amenity?,What is the name of the bathroom amenity?,"Does the room have a bathtub, and if so, is it a separate unit or part of a shower combination?",Does the hotel room have a separate shower or is it a bathtub with shower?
image_102_jpg.rf.b797e974f793bcbca5b9151cf2f4dfdc.jpg,white ceramic bathtub,0.1051596850156784,288.1332397460937,517.3324584960938,476.8485107421875,636.1117553710938,long,Image file: image_102_jpg.rf.b797e974f793bcbca5b9151cf2f4dfdc.jpg. Detected amenity: white ceramic bathtub. Detection confidence: low (0.11). Source prompt type: long.,"You are generating hotel amenity questions for guests browsing accommodation photos. Given the detection summary below, generate a hotel amenity related question that a guest may ask or a guest might want to be answeredwhile browsing accommodation images. Keep the question short, factual, and neutral. Detection summary: Image file: image_102_jpg.rf.b797e974f793bcbca5b9151cf2f4dfdc.jpg. Detected amenity: white ceramic bathtub. Detection confidence: low (0.11). Source prompt type: long. Question:",What is the name of the hotel amenity?,What is the name of the bathroom amenity?,Does the room have a bathtub?,Does the hotel room have a separate shower?
image_93_jpg.rf.46e1dc76f8cf9cce699869628fe8bd12.jpg,white ceramic bathtub,0.167000725865364,28.21523666381836,432.6842041015625,370.82861328125,638.2555541992188,long,Image file: image_93_jpg.rf.46e1dc76f8cf9cce699869628fe8bd12.jpg. Detected amenity: white ceramic bathtub. Detection confidence: low (0.17). Source prompt type: long.,"You are generating hotel amenity questions for guests browsing accommodation photos. Given the detection summary below, generate a hotel amenity related question that a guest may ask or a guest might want to be answeredwhile browsing accommodation images. Keep the question short, factual, and neutral. Detection summary: Image file: image_93_jpg.rf.46e1dc76f8cf9cce699869628fe8bd12.jpg. Detected amenity: white ceramic bathtub. Detection confidence: low (0.17). Source prompt type: long. Question:",What is the name of the hotel amenity?,What is the name of the bathroom amenity?,Does the room have a bathtub?,Does the hotel room have a separate shower area?
image_94_jpg.rf.bf0c76352f9cd0a1cb2fb78b4892ea99.jpg,white ceramic bathtub,0.1827093362808227,-0.7662200927734375,434.3829345703125,418.5441589355469,641.1549072265625,long,Image file: image_94_jpg.rf.bf0c76352f9cd0a1cb2fb78b4892ea99.jpg. Detected amenity: white ceramic bathtub. Detection confidence: low (0.18). Source prompt type: long.,"You are generating hotel amenity questions for guests browsing accommodation photos. Given the detection summary below, generate a hotel amenity related question that a guest may ask or a guest might want to be answeredwhile browsing accommodation images. Keep the question short, factual, and neutral. Detection summary: Image file: image_94_jpg.rf.bf0c76352f9cd0a1cb2fb78b4892ea99.jpg. Detected amenity: white ceramic bathtub. Detection confidence: low (0.18). Source prompt type: long. Question:",What is the name of the hotel amenity?,What is the name of the bathroom amenity?,Does the room have a bathtub?,Does the hotel room have a separate shower?
image_10_jpg.rf.f5ab964cd363b355b396c8e51befa12a.jpg,white ceramic bathtub,0.1398825198411941,-4.134502410888672,252.892578125,383.0807495117188,639.330078125,long,Image file: image_10_jpg.rf.f5ab964cd363b355b396c8e51befa12a.jpg. Detected amenity: white ceramic bathtub. Detection confidence: low (0.14). Source prompt type: long.,"You are generating hotel amenity questions for guests browsing accommodation photos. Given the detection summary below, generate a hotel amenity related question that a guest may ask or a guest might want to be answeredwhile browsing accommodation images. Keep the question short, factual, and neutral. Detection summary: Image file: image_10_jpg.rf.f5ab964cd363b355b396c8e51befa12a.jpg. Detected amenity: white ceramic bathtub. Detection confidence: low (0.14). Source prompt type: long. Question:",What is the name of the hotel amenity?,What is the name of the bathroom amenity?,Does the room have a bathtub?,Does the hotel room have a separate shower area?
image_184_jpg.rf.59dd63d76d3d012f796f97e692daede6.jpg,white ceramic bathtub,0.1192248910665512,-0.3047943115234375,424.1674499511719,462.0538940429688,640.9664306640625,long,Image file: image_184_jpg.rf.59dd63d76d3d012f796f97e692daede6.jpg. Detected amenity: white ceramic bathtub. Detection confidence: low (0.12). Source prompt type: long.,"You are generating hotel amenity questions for guests browsing accommodation photos. Given the detection summary below, generate a hotel amenity related question that a guest may ask or a guest might want to be answeredwhile browsing accommodation images. Keep the question short, factual, and neutral. Detection summary: Image file: image_184_jpg.rf.59dd63d76d3d012f796f97e692daede6.jpg. Detected amenity: white ceramic bathtub. Detection confidence: low (0.12). Source prompt type: long. Question:",What is the name of the hotel amenity?,What is the name of the bathroom amenity?,Does the room have a bathtub?,Is a bathtub available in the room?
image_30_jpg.rf.27fda00752cd8b77af3e19d8417c8b37.jpg,white ceramic bathtub,0.2494384199380874,241.4438018798828,485.1193542480469,632.1170043945312,639.4527587890625,long,Image file: image_30_jpg.rf.27fda00752cd8b77af3e19d8417c8b37.jpg. Detected amenity: white ceramic bathtub. Detection confidence: low (0.25). Source prompt type: long.,"You are generating hotel amenity questions for guests browsing accommodation photos. Given the detection summary below, generate a hotel amenity related question that a guest may ask or a guest might want to be answeredwhile browsing accommodation images. Keep the question short, factual, and neutral. Detection summary: Image file: image_30_jpg.rf.27fda00752cd8b77af3e19d8417c8b37.jpg. Detected amenity: white ceramic bathtub. Detection confidence: low (0.25). Source prompt type: long. Question:",What is the name of the hotel amenity?,What is the name of the bathroom amenity?,Does the room have a bathtub?,Is the bathtub separate from the shower?
image_18_jpg.rf.1753b92b1f00f7204d84b15cfb9b114d.jpg,white ceramic bathtub,0.1500850021839141,119.82494354248048,333.3651733398437,603.0454711914062,641.66455078125,long,Image file: image_18_jpg.rf.1753b92b1f00f7204d84b15cfb9b114d.jpg. Detected amenity: white ceramic bathtub. Detection confidence: low (0.15). Source prompt type: long.,"You are generating hotel amenity questions for guests browsing accommodation photos. Given the detection summary below, generate a hotel amenity related question that a guest may ask or a guest might want to be answeredwhile browsing accommodation images. Keep the question short, factual, and neutral. Detection summary: Image file: image_18_jpg.rf.1753b92b1f00f7204d84b15cfb9b114d.jpg. Detected amenity: white ceramic bathtub. Detection confidence: low (0.15). Source prompt type: long. Question:",What is the name of the hotel amenity?,What is the name of the bathroom amenity?,Does the room have a bathtub?,Is the bathtub in the room or a shared bathroom facility?
image_116_jpg.rf.ca3c60b8a646ea2ce5615d7d0c2a42eb.jpg,white ceramic bathtub,0.3132455348968506,19.77529525756836,474.3706970214844,381.0322570800781,640.23193359375,long,Image file: image_116_jpg.rf.ca3c60b8a646ea2ce5615d7d0c2a42eb.jpg. Detected amenity: white ceramic bathtub. Detection confidence: medium (0.31). Source prompt type: long.,"You are generating hotel amenity questions for guests browsing accommodation photos. Given the detection summary below, generate a hotel amenity related question that a guest may ask or a guest might want to be answeredwhile browsing accommodation images. Keep the question short, factual, and neutral. Detection summary: Image file: image_116_jpg.rf.ca3c60b8a646ea2ce5615d7d0c2a42eb.jpg. Detected amenity: white ceramic bathtub. Detection confidence: medium (0.31). Source prompt type: long. Question:",What is the name of the hotel amenity?,What is the name of the bathroom amenity?,"Does the room have a bathtub, and if so, what type of material is it made of?",Does the hotel room have a separate shower stall?
image_215_jpg.rf.2a51abefbb9e37ec2c8c5fec3dc3b4c1.jpg,white ceramic bathtub,0.1729616671800613,145.99134826660156,406.2415771484375,337.6644592285156,617.9627075195312,long,Image file: image_215_jpg.rf.2a51abefbb9e37ec2c8c5fec3dc3b4c1.jpg. Detected amenity: white ceramic bathtub. Detection confidence: low (0.17). Source prompt type: long.,"You are generating hotel amenity questions for guests browsing accommodation photos. Given the detection summary below, generate a hotel amenity related question that a guest may ask or a guest might want to be answeredwhile browsing accommodation images. Keep the question short, factual, and neutral. Detection summary: Image file: image_215_jpg.rf.2a51abefbb9e37ec2c8c5fec3dc3b4c1.jpg. Detected amenity: white ceramic bathtub. Detection confidence: low (0.17). Source prompt type: long. Question:",What is the name of the hotel amenity?,What is the name of the bathroom amenity?,Does the room have a bathtub?,Is the bathtub in the room or a shared facility?
image_160_jpg.rf.80ab13530ae460c4436013afdf1266f1.jpg,white ceramic bathtub,0.1951930671930313,-10.451221466064451,236.97076416015625,589.174560546875,626.5185546875,long,Image file: image_160_jpg.rf.80ab13530ae460c4436013afdf1266f1.jpg. Detected amenity: white ceramic bathtub. Detection confidence: low (0.20). Source prompt type: long.,"You are generating hotel amenity questions for guests browsing accommodation photos. Given the detection summary below, generate a hotel amenity related question that a guest may ask or a guest might want to be answeredwhile browsing accommodation images. Keep the question short, factual, and neutral. Detection summary: Image file: image_160_jpg.rf.80ab13530ae460c4436013afdf1266f1.jpg. Detected amenity: white ceramic bathtub. Detection confidence: low (0.20). Source prompt type: long. Question:",What is the name of the hotel amenity?,What is the name of the bathroom amenity?,Does the room have a bathtub?,Does the hotel room have a separate shower area?
image_29_jpg.rf.1ad707206894101864f5e97f5186edee.jpg,white ceramic bathtub,0.1302966624498367,15.825929641723633,428.3064270019531,225.745849609375,611.7943115234375,long,Image file: image_29_jpg.rf.1ad707206894101864f5e97f5186edee.jpg. Detected amenity: white ceramic bathtub. Detection confidence: low (0.13). Source prompt type: long.,"You are generating hotel amenity questions for guests browsing accommodation photos. Given the detection summary below, generate a hotel amenity related question that a guest may ask or a guest might want to be answeredwhile browsing accommodation images. Keep the question short, factual, and neutral. Detection summary: Image file: image_29_jpg.rf.1ad707206894101864f5e97f5186edee.jpg. Detected amenity: white ceramic bathtub. Detection confidence: low (0.13). Source prompt type: long. Question:",What is the name of the hotel amenity?,What is the name of the bathroom amenity?,Does the room have a bathtub?,Does the hotel room have a shower or bathtub?
image_69_jpg.rf.8423e6ea171b2fb061b918f88b6f6a44.jpg,white ceramic bathtub,0.2170669138431549,27.10930824279785,458.5200500488281,201.3636016845703,640.1944580078125,long,Image file: image_69_jpg.rf.8423e6ea171b2fb061b918f88b6f6a44.jpg. Detected amenity: white ceramic bathtub. Detection confidence: low (0.22). Source prompt type: long.,"You are generating hotel amenity questions for guests browsing accommodation photos. Given the detection summary below, generate a hotel amenity related question that a guest may ask or a guest might want to be answeredwhile browsing accommodation images. Keep the question short, factual, and neutral. Detection summary: Image file: image_69_jpg.rf.8423e6ea171b2fb061b918f88b6f6a44.jpg. Detected amenity: white ceramic bathtub. Detection confidence: low (0.22). Source prompt type: long. Question:",What is the name of the hotel amenity?,What is the name of the bathroom amenity?,Does the room have a bathtub?,Does the hotel room have a separate shower or is it a shower-over-bathtub setup?
image_197_jpg.rf.663ded4da5b60db09c505df13b594aa7.jpg,white ceramic bathtub,0.2244984209537506,321.9960021972656,391.122802734375,631.463623046875,549.588134765625,long,Image file: image_197_jpg.rf.663ded4da5b60db09c505df13b594aa7.jpg. Detected amenity: white ceramic bathtub. Detection confidence: low (0.22). Source prompt type: long.,"You are generating hotel amenity questions for guests browsing accommodation photos. Given the detection summary below, generate a hotel amenity related question that a guest may ask or a guest might want to be answeredwhile browsing accommodation images. Keep the question short, factual, and neutral. Detection summary: Image file: image_197_jpg.rf.663ded4da5b60db09c505df13b594aa7.jpg. Detected amenity: white ceramic bathtub. Detection confidence: low (0.22). Source prompt type: long. Question:",What is the name of the hotel amenity?,What is the name of the bathroom amenity?,Does the room have a bathtub?,Does the hotel room have a separate shower or is it a shower-over-bathtub setup?
image_197_jpg.rf.663ded4da5b60db09c505df13b594aa7.jpg,white ceramic bathtub,0.1119349896907806,429.5159912109375,543.1568603515625,617.2796630859375,642.0194091796875,long,Image file: image_197_jpg.rf.663ded4da5b60db09c505df13b594aa7.jpg. Detected amenity: white ceramic bathtub. Detection confidence: low (0.11). Source prompt type: long.,"You are generating hotel amenity questions for guests browsing accommodation photos. Given the detection summary below, generate a hotel amenity related question that a guest may ask or a guest might want to be answeredwhile browsing accommodation images. Keep the question short, factual, and neutral. Detection summary: Image file: image_197_jpg.rf.663ded4da5b60db09c505df13b594aa7.jpg. Detected amenity: white ceramic bathtub. Detection confidence: low (0.11). Source prompt type: long. Question:",What is the name of the hotel amenity?,What is the name of the bathroom amenity?,Does the room have a bathtub?,Does the hotel room have a separate shower or is it a shower-over-bathtub setup?
image_24_jpg.rf.f3925b1e5c8b9537de97868303efb69b.jpg,white ceramic bathtub,0.2077748924493789,291.4559631347656,437.5182800292969,640.6279296875,638.9105834960938,long,Image file: image_24_jpg.rf.f3925b1e5c8b9537de97868303efb69b.jpg. Detected amenity: white ceramic bathtub. Detection confidence: low (0.21). Source prompt type: long.,"You are generating hotel amenity questions for guests browsing accommodation photos. Given the detection summary below, generate a hotel amenity related question that a guest may ask or a guest might want to be answeredwhile browsing accommodation images. Keep the question short, factual, and neutral. Detection summary: Image file: image_24_jpg.rf.f3925b1e5c8b9537de97868303efb69b.jpg. Detected amenity: white ceramic bathtub. Detection confidence: low (0.21). Source prompt type: long. Question:",What is the name of the hotel amenity?,What is the name of the bathroom amenity?,Does the room have a bathtub?,Is a bathtub available in the room?
image_150_jpg.rf.6641ad738e9c13d65319377df9a43a8c.jpg,white ceramic bathtub,0.2760073244571686,277.91070556640625,376.07818603515625,613.742431640625,592.7611083984375,long,Image file: image_150_jpg.rf.6641ad738e9c13d65319377df9a43a8c.jpg. Detected amenity: white ceramic bathtub. Detection confidence: low (0.28). Source prompt type: long.,"You are generating hotel amenity questions for guests browsing accommodation photos. Given the detection summary below, generate a hotel amenity related question that a guest may ask or a guest might want to be answeredwhile browsing accommodation images. Keep the question short, factual, and neutral. Detection summary: Image file: image_150_jpg.rf.6641ad738e9c13d65319377df9a43a8c.jpg. Detected amenity: white ceramic bathtub. Detection confidence: low (0.28). Source prompt type: long. Question:",What is the name of the hotel amenity?,What is the name of the bathroom amenity?,Does the room have a bathtub?,Does the hotel room have a separate shower or a shower over the bathtub?
image_144_jpg.rf.da59aba81562a070abca53f67cf73d63.jpg,white ceramic bathtub,0.1597513407468795,74.70716857910156,438.8614501953125,381.4370727539063,637.512939453125,long,Image file: image_144_jpg.rf.da59aba81562a070abca53f67cf73d63.jpg. Detected amenity: white ceramic bathtub. Detection confidence: low (0.16). Source prompt type: long.,"You are generating hotel amenity questions for guests browsing accommodation photos. Given the detection summary below, generate a hotel amenity related question that a guest may ask or a guest might want to be answeredwhile browsing accommodation images. Keep the question short, factual, and neutral. Detection summary: Image file: image_144_jpg.rf.da59aba81562a070abca53f67cf73d63.jpg. Detected amenity: white ceramic bathtub. Detection confidence: low (0.16). Source prompt type: long. Question:",What is the name of the hotel amenity?,What is the name of the bathroom amenity?,Does the room have a bathtub?,Does the room have a shower or a bathtub?
image_7_jpg.rf.105f80081e50c0973533e698fac0998d.jpg,white ceramic bathtub,0.1441970914602279,18.38953018188477,427.5721435546875,368.2735595703125,638.2628173828125,long,Image file: image_7_jpg.rf.105f80081e50c0973533e698fac0998d.jpg. Detected amenity: white ceramic bathtub. Detection confidence: low (0.14). Source prompt type: long.,"You are generating hotel amenity questions for guests browsing accommodation photos. Given the detection summary below, generate a hotel amenity related question that a guest may ask or a guest might want to be answeredwhile browsing accommodation images. Keep the question short, factual, and neutral. Detection summary: Image file: image_7_jpg.rf.105f80081e50c0973533e698fac0998d.jpg. Detected amenity: white ceramic bathtub. Detection confidence: low (0.14). Source prompt type: long. Question:",What is the name of the hotel amenity?,What is the name of the bathroom amenity?,Does the room have a bathtub?,Is the white ceramic bathtub in the bathroom for guest use?
image_114_jpg.rf.e931054445f9dd0149bb10329334ce22.jpg,white ceramic bathtub,0.1484462022781372,300.6763000488281,445.04827880859375,636.870361328125,544.7610473632812,long,Image file: image_114_jpg.rf.e931054445f9dd0149bb10329334ce22.jpg. Detected amenity: white ceramic bathtub. Detection confidence: low (0.15). Source prompt type: long.,"You are generating hotel amenity questions for guests browsing accommodation photos. Given the detection summary below, generate a hotel amenity related question that a guest may ask or a guest might want to be answeredwhile browsing accommodation images. Keep the question short, factual, and neutral. Detection summary: Image file: image_114_jpg.rf.e931054445f9dd0149bb10329334ce22.jpg. Detected amenity: white ceramic bathtub. Detection confidence: low (0.15). Source prompt type: long. Question:",What is the name of the hotel amenity?,What is the name of the bathroom amenity?,Does the room have a bathtub?,Does the room have a separate shower?
image_139_jpg.rf.4d99b58474f041faf04f3a0115197b00.jpg,white ceramic bathtub,0.1819287687540054,63.485450744628906,441.5946044921875,545.414794921875,639.06396484375,long,Image file: image_139_jpg.rf.4d99b58474f041faf04f3a0115197b00.jpg. Detected amenity: white ceramic bathtub. Detection confidence: low (0.18). Source prompt type: long.,"You are generating hotel amenity questions for guests browsing accommodation photos. Given the detection summary below, generate a hotel amenity related question that a guest may ask or a guest might want to be answeredwhile browsing accommodation images. Keep the question short, factual, and neutral. Detection summary: Image file: image_139_jpg.rf.4d99b58474f041faf04f3a0115197b00.jpg. Detected amenity: white ceramic bathtub. Detection confidence: low (0.18). Source prompt type: long. Question:",What is the name of the hotel amenity?,What is the name of the bathroom amenity?,Does the room have a bathtub?,Does the room have a separate shower?
image_64_jpg.rf.33076e4b502b34d36c70d4ecb68ae4c1.jpg,white ceramic bathtub,0.3059046566486358,100.2909698486328,485.5330200195313,231.2910614013672,642.2801513671875,long,Image file: image_64_jpg.rf.33076e4b502b34d36c70d4ecb68ae4c1.jpg. Detected amenity: white ceramic bathtub. Detection confidence: medium (0.31). Source prompt type: long.,"You are generating hotel amenity questions for guests browsing accommodation photos. Given the detection summary below, generate a hotel amenity related question that a guest may ask or a guest might want to be answeredwhile browsing accommodation images. Keep the question short, factual, and neutral. Detection summary: Image file: image_64_jpg.rf.33076e4b502b34d36c70d4ecb68ae4c1.jpg. Detected amenity: white ceramic bathtub. Detection confidence: medium (0.31). Source prompt type: long. Question:",What is the name of the hotel amenity?,What is the name of the bathroom amenity?,Does the room have a bathtub?,Does the hotel room have a walk-in shower or a separate shower area?
image_64_jpg.rf.33076e4b502b34d36c70d4ecb68ae4c1.jpg,white ceramic bathtub,0.1862142831087112,64.39814758300781,480.8500671386719,227.4969787597656,638.1156005859375,long,Image file: image_64_jpg.rf.33076e4b502b34d36c70d4ecb68ae4c1.jpg. Detected amenity: white ceramic bathtub. Detection confidence: low (0.19). Source prompt type: long.,"You are generating hotel amenity questions for guests browsing accommodation photos. Given the detection summary below, generate a hotel amenity related question that a guest may ask or a guest might want to be answeredwhile browsing accommodation images. Keep the question short, factual, and neutral. Detection summary: Image file: image_64_jpg.rf.33076e4b502b34d36c70d4ecb68ae4c1.jpg. Detected amenity: white ceramic bathtub. Detection confidence: low (0.19). Source prompt type: long. Question:",What is the name of the hotel amenity?,What is the name of the bathroom amenity?,Does the room have a bathtub?,Is the white ceramic bathtub a standalone fixture or part of an en-suite bathroom?
image_157_jpg.rf.7f1e0b0923a2165843668f366857db96.jpg,white ceramic bathtub,0.1495545208454132,-6.227626800537109,355.6330871582031,328.2017517089844,630.0189208984375,long,Image file: image_157_jpg.rf.7f1e0b0923a2165843668f366857db96.jpg. Detected amenity: white ceramic bathtub. Detection confidence: low (0.15). Source prompt type: long.,"You are generating hotel amenity questions for guests browsing accommodation photos. Given the detection summary below, generate a hotel amenity related question that a guest may ask or a guest might want to be answeredwhile browsing accommodation images. Keep the question short, factual, and neutral. Detection summary: Image file: image_157_jpg.rf.7f1e0b0923a2165843668f366857db96.jpg. Detected amenity: white ceramic bathtub. Detection confidence: low (0.15). Source prompt type: long. Question:",What is the name of the hotel amenity?,What is the name of the bathroom amenity?,Does the room have a bathtub?,Is the bathtub separate from the shower?
image_157_jpg.rf.7f1e0b0923a2165843668f366857db96.jpg,white ceramic bathtub,0.1727160066366195,387.5343627929688,449.6209411621094,606.840087890625,642.85400390625,long,Image file: image_157_jpg.rf.7f1e0b0923a2165843668f366857db96.jpg. Detected amenity: white ceramic bathtub. Detection confidence: low (0.17). Source prompt type: long.,"You are generating hotel amenity questions for guests browsing accommodation photos. Given the detection summary below, generate a hotel amenity related question that a guest may ask or a guest might want to be answeredwhile browsing accommodation images. Keep the question short, factual, and neutral. Detection summary: Image file: image_157_jpg.rf.7f1e0b0923a2165843668f366857db96.jpg. Detected amenity: white ceramic bathtub. Detection confidence: low (0.17). Source prompt type: long. Question:",What is the name of the hotel amenity?,What is the name of the bathroom amenity?,Does the room have a bathtub?,Does the hotel room have a separate shower?
image_50_jpg.rf.780239f89bf4bf7c477159fad51de2a2.jpg,white ceramic bathtub,0.210890382528305,4.082736968994141,380.9943237304688,350.37109375,636.6954956054688,long,Image file: image_50_jpg.rf.780239f89bf4bf7c477159fad51de2a2.jpg. Detected amenity: white ceramic bathtub. Detection confidence: low (0.21). Source prompt type: long.,"You are generating hotel amenity questions for guests browsing accommodation photos. Given the detection summary below, generate a hotel amenity related question that a guest may ask or a guest might want to be answeredwhile browsing accommodation images. Keep the question short, factual, and neutral. Detection summary: Image file: image_50_jpg.rf.780239f89bf4bf7c477159fad51de2a2.jpg. Detected amenity: white ceramic bathtub. Detection confidence: low (0.21). Source prompt type: long. Question:",What is the name of the hotel amenity?,What is the name of the bathroom amenity?,Does the room have a bathtub?,Does the hotel room have a separate shower or is it a shower-over-bathtub setup?
image_80_jpg.rf.44aa0730b7ff7e7fc0c5d331326dd79d.jpg,white ceramic bathtub,0.1248124688863754,0.0216865539550781,475.0532531738281,221.30230712890625,640.0640869140625,long,Image file: image_80_jpg.rf.44aa0730b7ff7e7fc0c5d331326dd79d.jpg. Detected amenity: white ceramic bathtub. Detection confidence: low (0.12). Source prompt type: long.,"You are generating hotel amenity questions for guests browsing accommodation photos. Given the detection summary below, generate a hotel amenity related question that a guest may ask or a guest might want to be answeredwhile browsing accommodation images. Keep the question short, factual, and neutral. Detection summary: Image file: image_80_jpg.rf.44aa0730b7ff7e7fc0c5d331326dd79d.jpg. Detected amenity: white ceramic bathtub. Detection confidence: low (0.12). Source prompt type: long. Question:",What is the name of the hotel amenity?,What is the name of the bathroom amenity?,Does the room have a bathtub?,Is the bathtub a walk-in model?
image_44_jpg.rf.643cd584c5f3c4f457d154bf41fdbd43.jpg,white ceramic bathtub,0.3723333477973938,109.91372680664062,205.07379150390625,333.67303466796875,628.2055053710938,long,Image file: image_44_jpg.rf.643cd584c5f3c4f457d154bf41fdbd43.jpg. Detected amenity: white ceramic bathtub. Detection confidence: medium (0.37). Source prompt type: long.,"You are generating hotel amenity questions for guests browsing accommodation photos. Given the detection summary below, generate a hotel amenity related question that a guest may ask or a guest might want to be answeredwhile browsing accommodation images. Keep the question short, factual, and neutral. Detection summary: Image file: image_44_jpg.rf.643cd584c5f3c4f457d154bf41fdbd43.jpg. Detected amenity: white ceramic bathtub. Detection confidence: medium (0.37). Source prompt type: long. Question:",What is the name of the hotel that has a white ceramic bathtub?,What is the name of the bathroom amenity?,Does the room have a bathtub?,Does the hotel room have a separate shower area?
image_44_jpg.rf.643cd584c5f3c4f457d154bf41fdbd43.jpg,white ceramic bathtub,0.1025387644767761,369.489501953125,275.3297424316406,628.3966064453125,474.1539916992188,long,Image file: image_44_jpg.rf.643cd584c5f3c4f457d154bf41fdbd43.jpg. Detected amenity: white ceramic bathtub. Detection confidence: low (0.10). Source prompt type: long.,"You are generating hotel amenity questions for guests browsing accommodation photos. Given the detection summary below, generate a hotel amenity related question that a guest may ask or a guest might want to be answeredwhile browsing accommodation images. Keep the question short, factual, and neutral. Detection summary: Image file: image_44_jpg.rf.643cd584c5f3c4f457d154bf41fdbd43.jpg. Detected amenity: white ceramic bathtub. Detection confidence: low (0.10). Source prompt type: long. Question:",What is the name of the hotel amenity?,What is the name of the bathroom amenity?,Does the room have a bathtub?,Does the hotel room have a separate shower?
image_170_jpg.rf.50f296e0d721f9b72a78867bfceac10d.jpg,white ceramic bathtub,0.1097457185387611,0.9789657592773438,473.2989196777344,334.2973327636719,642.712646484375,long,Image file: image_170_jpg.rf.50f296e0d721f9b72a78867bfceac10d.jpg. Detected amenity: white ceramic bathtub. Detection confidence: low (0.11). Source prompt type: long.,"You are generating hotel amenity questions for guests browsing accommodation photos. Given the detection summary below, generate a hotel amenity related question that a guest may ask or a guest might want to be answeredwhile browsing accommodation images. Keep the question short, factual, and neutral. Detection summary: Image file: image_170_jpg.rf.50f296e0d721f9b72a78867bfceac10d.jpg. Detected amenity: white ceramic bathtub. Detection confidence: low (0.11). Source prompt type: long. Question:",What is the name of the hotel amenity?,What is the name of the bathroom amenity?,Does the room have a bathtub?,Does the hotel room have a separate shower?
image_143_jpg.rf.973dc9b936a34477602ecd4a9ef46d8a.jpg,white ceramic bathtub,0.1152667179703712,258.7188720703125,368.8443298339844,644.740966796875,640.1754150390625,long,Image file: image_143_jpg.rf.973dc9b936a34477602ecd4a9ef46d8a.jpg. Detected amenity: white ceramic bathtub. Detection confidence: low (0.12). Source prompt type: long.,"You are generating hotel amenity questions for guests browsing accommodation photos. Given the detection summary below, generate a hotel amenity related question that a guest may ask or a guest might want to be answeredwhile browsing accommodation images. Keep the question short, factual, and neutral. Detection summary: Image file: image_143_jpg.rf.973dc9b936a34477602ecd4a9ef46d8a.jpg. Detected amenity: white ceramic bathtub. Detection confidence: low (0.12). Source prompt type: long. Question:",What is the name of the hotel amenity?,What is the name of the bathroom amenity?,Does the room have a bathtub?,Does the hotel room have a separate shower area?
image_51_jpg.rf.7b159e702507ea94cd8e459993d0693f.jpg,white ceramic bathtub,0.2799477577209472,-4.409341812133789,397.0657348632813,248.88180541992188,638.6993408203125,long,Image file: image_51_jpg.rf.7b159e702507ea94cd8e459993d0693f.jpg. Detected amenity: white ceramic bathtub. Detection confidence: low (0.28). Source prompt type: long.,"You are generating hotel amenity questions for guests browsing accommodation photos. Given the detection summary below, generate a hotel amenity related question that a guest may ask or a guest might want to be answeredwhile browsing accommodation images. Keep the question short, factual, and neutral. Detection summary: Image file: image_51_jpg.rf.7b159e702507ea94cd8e459993d0693f.jpg. Detected amenity: white ceramic bathtub. Detection confidence: low (0.28). Source prompt type: long. Question:",What is the name of the hotel amenity?,What is the name of the bathroom amenity?,Does the room have a bathtub?,Is the bathtub separate from the shower?
image_198_jpg.rf.8c777b66d68085516e6bd11c0f495834.jpg,white ceramic bathtub,0.1301223933696746,110.5461883544922,329.3526611328125,519.6708374023438,605.4091796875,long,Image file: image_198_jpg.rf.8c777b66d68085516e6bd11c0f495834.jpg. Detected amenity: white ceramic bathtub. Detection confidence: low (0.13). Source prompt type: long.,"You are generating hotel amenity questions for guests browsing accommodation photos. Given the detection summary below, generate a hotel amenity related question that a guest may ask or a guest might want to be answeredwhile browsing accommodation images. Keep the question short, factual, and neutral. Detection summary: Image file: image_198_jpg.rf.8c777b66d68085516e6bd11c0f495834.jpg. Detected amenity: white ceramic bathtub. Detection confidence: low (0.13). Source prompt type: long. Question:",What is the name of the hotel amenity?,What is the name of the bathroom amenity?,Does the room have a bathtub?,Does the hotel room have a separate shower?
image_11_jpg.rf.97be198888a5d9467b56b34ab3a34879.jpg,white ceramic bathtub,0.1212378218770027,303.71612548828125,23.469066619873047,636.0198974609375,627.4533081054688,long,Image file: image_11_jpg.rf.97be198888a5d9467b56b34ab3a34879.jpg. Detected amenity: white ceramic bathtub. Detection confidence: low (0.12). Source prompt type: long.,"You are generating hotel amenity questions for guests browsing accommodation photos. Given the detection summary below, generate a hotel amenity related question that a guest may ask or a guest might want to be answeredwhile browsing accommodation images. Keep the question short, factual, and neutral. Detection summary: Image file: image_11_jpg.rf.97be198888a5d9467b56b34ab3a34879.jpg. Detected amenity: white ceramic bathtub. Detection confidence: low (0.12). Source prompt type: long. Question:",What is the name of the hotel amenity?,What is the name of the bathroom amenity?,Does the room have a bathtub?,Does the room have a separate shower?
image_11_jpg.rf.97be198888a5d9467b56b34ab3a34879.jpg,white ceramic bathtub,0.1409544348716735,309.16912841796875,518.8612670898438,634.8253784179688,641.3177490234375,long,Image file: image_11_jpg.rf.97be198888a5d9467b56b34ab3a34879.jpg. Detected amenity: white ceramic bathtub. Detection confidence: low (0.14). Source prompt type: long.,"You are generating hotel amenity questions for guests browsing accommodation photos. Given the detection summary below, generate a hotel amenity related question that a guest may ask or a guest might want to be answeredwhile browsing accommodation images. Keep the question short, factual, and neutral. Detection summary: Image file: image_11_jpg.rf.97be198888a5d9467b56b34ab3a34879.jpg. Detected amenity: white ceramic bathtub. Detection confidence: low (0.14). Source prompt type: long. Question:",What is the name of the hotel amenity?,What is the name of the bathroom amenity?,Does the room have a bathtub?,Does the hotel room have a separate shower stall?
image_100_jpg.rf.6feee3ceca4b6005b98b7047fefb2ab9.jpg,white ceramic bathtub,0.143325001001358,396.1021423339844,395.0296020507813,639.1357421875,639.8316040039062,long,Image file: image_100_jpg.rf.6feee3ceca4b6005b98b7047fefb2ab9.jpg. Detected amenity: white ceramic bathtub. Detection confidence: low (0.14). Source prompt type: long.,"You are generating hotel amenity questions for guests browsing accommodation photos. Given the detection summary below, generate a hotel amenity related question that a guest may ask or a guest might want to be answeredwhile browsing accommodation images. Keep the question short, factual, and neutral. Detection summary: Image file: image_100_jpg.rf.6feee3ceca4b6005b98b7047fefb2ab9.jpg. Detected amenity: white ceramic bathtub. Detection confidence: low (0.14). Source prompt type: long. Question:",What is the name of the hotel amenity?,What is the name of the bathroom amenity?,Does the room have a bathtub?,Does the hotel room have a separate shower?
image_86_jpg.rf.ea06ad8c1ecb4141cdcb6b37fc51d07d.jpg,white ceramic bathtub,0.236306145787239,277.4100341796875,405.039306640625,629.0382080078125,642.101318359375,long,Image file: image_86_jpg.rf.ea06ad8c1ecb4141cdcb6b37fc51d07d.jpg. Detected amenity: white ceramic bathtub. Detection confidence: low (0.24). Source prompt type: long.,"You are generating hotel amenity questions for guests browsing accommodation photos. Given the detection summary below, generate a hotel amenity related question that a guest may ask or a guest might want to be answeredwhile browsing accommodation images. Keep the question short, factual, and neutral. Detection summary: Image file: image_86_jpg.rf.ea06ad8c1ecb4141cdcb6b37fc51d07d.jpg. Detected amenity: white ceramic bathtub. Detection confidence: low (0.24). Source prompt type: long. Question:",What is the name of the hotel amenity?,What is the name of the bathroom amenity?,Does the room have a bathtub?,Does the hotel room have a separate shower stall?
image_210_jpg.rf.c3ae8b6f3ec0c40352312f9894602530.jpg,white ceramic bathtub,0.13896544277668,11.041336059570312,442.3211364746094,346.96728515625,641.6546630859375,long,Image file: image_210_jpg.rf.c3ae8b6f3ec0c40352312f9894602530.jpg. Detected amenity: white ceramic bathtub. Detection confidence: low (0.14). Source prompt type: long.,"You are generating hotel amenity questions for guests browsing accommodation photos. Given the detection summary below, generate a hotel amenity related question that a guest may ask or a guest might want to be answeredwhile browsing accommodation images. Keep the question short, factual, and neutral. Detection summary: Image file: image_210_jpg.rf.c3ae8b6f3ec0c40352312f9894602530.jpg. Detected amenity: white ceramic bathtub. Detection confidence: low (0.14). Source prompt type: long. Question:",What is the name of the hotel amenity?,What is the name of the bathroom amenity?,Does the room have a bathtub?,Does the hotel room have a separate shower area?
image_55_jpg.rf.f44878d3b1431b6b4d21e9c4caa73a42.jpg,white ceramic bathtub,0.2109882980585098,21.828670501708984,463.9945068359375,227.7950439453125,642.6555786132812,long,Image file: image_55_jpg.rf.f44878d3b1431b6b4d21e9c4caa73a42.jpg. Detected amenity: white ceramic bathtub. Detection confidence: low (0.21). Source prompt type: long.,"You are generating hotel amenity questions for guests browsing accommodation photos. Given the detection summary below, generate a hotel amenity related question that a guest may ask or a guest might want to be answeredwhile browsing accommodation images. Keep the question short, factual, and neutral. Detection summary: Image file: image_55_jpg.rf.f44878d3b1431b6b4d21e9c4caa73a42.jpg. Detected amenity: white ceramic bathtub. Detection confidence: low (0.21). Source prompt type: long. Question:",What is the name of the hotel amenity?,What is the name of the bathroom amenity?,Does the room have a bathtub?,Does the hotel room have a walk-in shower or a separate shower area?
image_39_jpg.rf.1148f74abd7bc00b5cf15446357aebd2.jpg,white ceramic bathtub,0.2378922253847122,8.773612976074219,415.2786560058594,302.1572570800781,627.1678466796875,long,Image file: image_39_jpg.rf.1148f74abd7bc00b5cf15446357aebd2.jpg. Detected amenity: white ceramic bathtub. Detection confidence: low (0.24). Source prompt type: long.,"You are generating hotel amenity questions for guests browsing accommodation photos. Given the detection summary below, generate a hotel amenity related question that a guest may ask or a guest might want to be answeredwhile browsing accommodation images. Keep the question short, factual, and neutral. Detection summary: Image file: image_39_jpg.rf.1148f74abd7bc00b5cf15446357aebd2.jpg. Detected amenity: white ceramic bathtub. Detection confidence: low (0.24). Source prompt type: long. Question:",What is the name of the hotel amenity?,What is the name of the bathroom amenity?,Does the room have a bathtub?,Is the bathtub separate from the shower?
image_39_jpg.rf.1148f74abd7bc00b5cf15446357aebd2.jpg,white ceramic bathtub,0.1282502710819244,421.46197509765625,513.5001831054688,571.8765869140625,638.8330688476562,long,Image file: image_39_jpg.rf.1148f74abd7bc00b5cf15446357aebd2.jpg. Detected amenity: white ceramic bathtub. Detection confidence: low (0.13). Source prompt type: long.,"You are generating hotel amenity questions for guests browsing accommodation photos. Given the detection summary below, generate a hotel amenity related question that a guest may ask or a guest might want to be answeredwhile browsing accommodation images. Keep the question short, factual, and neutral. Detection summary: Image file: image_39_jpg.rf.1148f74abd7bc00b5cf15446357aebd2.jpg. Detected amenity: white ceramic bathtub. Detection confidence: low (0.13). Source prompt type: long. Question:",What is the name of the hotel amenity?,What is the name of the bathroom amenity?,Does the room have a bathtub?,Does the hotel room have a separate shower?
image_135_jpg.rf.bf9503d5d32f7bf4656850df76059ebc.jpg,white ceramic bathtub,0.1260751783847808,3.054428100585937,-0.353240966796875,640.3912353515625,636.6509399414062,long,Image file: image_135_jpg.rf.bf9503d5d32f7bf4656850df76059ebc.jpg. Detected amenity: white ceramic bathtub. Detection confidence: low (0.13). Source prompt type: long.,"You are generating hotel amenity questions for guests browsing accommodation photos. Given the detection summary below, generate a hotel amenity related question that a guest may ask or a guest might want to be answeredwhile browsing accommodation images. Keep the question short, factual, and neutral. Detection summary: Image file: image_135_jpg.rf.bf9503d5d32f7bf4656850df76059ebc.jpg. Detected amenity: white ceramic bathtub. Detection confidence: low (0.13). Source prompt type: long. Question:",What is the name of the hotel amenity?,What is the name of the bathroom amenity?,Does the room have a bathtub?,Is the bathtub in the room or a shared facility?
image_135_jpg.rf.bf9503d5d32f7bf4656850df76059ebc.jpg,white ceramic bathtub,0.1074835956096649,383.9341735839844,1.439666748046875,638.4881591796875,637.2193603515625,long,Image file: image_135_jpg.rf.bf9503d5d32f7bf4656850df76059ebc.jpg. Detected amenity: white ceramic bathtub. Detection confidence: low (0.11). Source prompt type: long.,"You are generating hotel amenity questions for guests browsing accommodation photos. Given the detection summary below, generate a hotel amenity related question that a guest may ask or a guest might want to be answeredwhile browsing accommodation images. Keep the question short, factual, and neutral. Detection summary: Image file: image_135_jpg.rf.bf9503d5d32f7bf4656850df76059ebc.jpg. Detected amenity: white ceramic bathtub. Detection confidence: low (0.11). Source prompt type: long. Question:",What is the name of the hotel amenity?,What is the name of the bathroom amenity?,Does the room have a bathtub?,Does the room have a walk-in shower instead of a bathtub?
image_135_jpg.rf.bf9503d5d32f7bf4656850df76059ebc.jpg,white ceramic bathtub,0.1049747839570045,144.53379821777344,38.38842391967773,320.84686279296875,477.0675048828125,long,Image file: image_135_jpg.rf.bf9503d5d32f7bf4656850df76059ebc.jpg. Detected amenity: white ceramic bathtub. Detection confidence: low (0.10). Source prompt type: long.,"You are generating hotel amenity questions for guests browsing accommodation photos. Given the detection summary below, generate a hotel amenity related question that a guest may ask or a guest might want to be answeredwhile browsing accommodation images. Keep the question short, factual, and neutral. Detection summary: Image file: image_135_jpg.rf.bf9503d5d32f7bf4656850df76059ebc.jpg. Detected amenity: white ceramic bathtub. Detection confidence: low (0.10). Source prompt type: long. Question:",What is the name of the hotel amenity?,What is the name of the bathroom amenity?,Does the room have a bathtub?,Is the bathtub in the bathroom a separate shower unit or a standalone bathtub?
image_135_jpg.rf.bf9503d5d32f7bf4656850df76059ebc.jpg,white ceramic bathtub,0.1035265922546386,14.999074935913086,14.889068603515623,326.1380310058594,632.4405517578125,long,Image file: image_135_jpg.rf.bf9503d5d32f7bf4656850df76059ebc.jpg. Detected amenity: white ceramic bathtub. Detection confidence: low (0.10). Source prompt type: long.,"You are generating hotel amenity questions for guests browsing accommodation photos. Given the detection summary below, generate a hotel amenity related question that a guest may ask or a guest might want to be answeredwhile browsing accommodation images. Keep the question short, factual, and neutral. Detection summary: Image file: image_135_jpg.rf.bf9503d5d32f7bf4656850df76059ebc.jpg. Detected amenity: white ceramic bathtub. Detection confidence: low (0.10). Source prompt type: long. Question:",What is the name of the hotel amenity?,What is the name of the bathroom amenity?,Does the room have a bathtub?,Does the hotel room have a separate shower or is it a shower-over-bathtub setup?
image_135_jpg.rf.bf9503d5d32f7bf4656850df76059ebc.jpg,white ceramic bathtub,0.1917409151792526,42.8284912109375,349.2709350585937,315.5097045898437,510.6310424804688,long,Image file: image_135_jpg.rf.bf9503d5d32f7bf4656850df76059ebc.jpg. Detected amenity: white ceramic bathtub. Detection confidence: low (0.19). Source prompt type: long.,"You are generating hotel amenity questions for guests browsing accommodation photos. Given the detection summary below, generate a hotel amenity related question that a guest may ask or a guest might want to be answeredwhile browsing accommodation images. Keep the question short, factual, and neutral. Detection summary: Image file: image_135_jpg.rf.bf9503d5d32f7bf4656850df76059ebc.jpg. Detected amenity: white ceramic bathtub. Detection confidence: low (0.19). Source prompt type: long. Question:",What is the name of the hotel amenity?,What is the name of the bathroom amenity?,Does the room have a bathtub?,Is the bathtub separate from the shower?
image_135_jpg.rf.bf9503d5d32f7bf4656850df76059ebc.jpg,white ceramic bathtub,0.2553547918796539,154.97128295898438,346.1410827636719,318.3356018066406,480.8800048828125,long,Image file: image_135_jpg.rf.bf9503d5d32f7bf4656850df76059ebc.jpg. Detected amenity: white ceramic bathtub. Detection confidence: low (0.26). Source prompt type: long.,"You are generating hotel amenity questions for guests browsing accommodation photos. Given the detection summary below, generate a hotel amenity related question that a guest may ask or a guest might want to be answeredwhile browsing accommodation images. Keep the question short, factual, and neutral. Detection summary: Image file: image_135_jpg.rf.bf9503d5d32f7bf4656850df76059ebc.jpg. Detected amenity: white ceramic bathtub. Detection confidence: low (0.26). Source prompt type: long. Question:",What is the name of the hotel amenity?,What is the name of the bathroom amenity?,Does the room have a bathtub?,Does the hotel room have a separate shower or a shower over the bathtub?
image_135_jpg.rf.bf9503d5d32f7bf4656850df76059ebc.jpg,white ceramic bathtub,0.1240950524806976,407.2428588867188,321.9148254394531,636.9771728515625,561.5554809570312,long,Image file: image_135_jpg.rf.bf9503d5d32f7bf4656850df76059ebc.jpg. Detected amenity: white ceramic bathtub. Detection confidence: low (0.12). Source prompt type: long.,"You are generating hotel amenity questions for guests browsing accommodation photos. Given the detection summary below, generate a hotel amenity related question that a guest may ask or a guest might want to be answeredwhile browsing accommodation images. Keep the question short, factual, and neutral. Detection summary: Image file: image_135_jpg.rf.bf9503d5d32f7bf4656850df76059ebc.jpg. Detected amenity: white ceramic bathtub. Detection confidence: low (0.12). Source prompt type: long. Question:",What is the name of the hotel amenity?,What is the name of the bathroom amenity?,Does the room have a bathtub?,Does the hotel room have a separate shower or is it a shower over the bathtub?
image_135_jpg.rf.bf9503d5d32f7bf4656850df76059ebc.jpg,white ceramic bathtub,0.1045950427651405,439.5516357421875,351.2317199707031,644.6693115234375,637.871826171875,long,Image file: image_135_jpg.rf.bf9503d5d32f7bf4656850df76059ebc.jpg. Detected amenity: white ceramic bathtub. Detection confidence: low (0.10). Source prompt type: long.,"You are generating hotel amenity questions for guests browsing accommodation photos. Given the detection summary below, generate a hotel amenity related question that a guest may ask or a guest might want to be answeredwhile browsing accommodation images. Keep the question short, factual, and neutral. Detection summary: Image file: image_135_jpg.rf.bf9503d5d32f7bf4656850df76059ebc.jpg. Detected amenity: white ceramic bathtub. Detection confidence: low (0.10). Source prompt type: long. Question:",What is the name of the hotel amenity?,What is the name of the bathroom amenity?,Does the room have a bathtub?,Does the hotel room have a separate shower area?
image_31_jpg.rf.dc9e4e313d10b0f808a1a79d56487d79.jpg,white ceramic bathtub,0.1356666535139084,376.6015319824219,356.4813232421875,600.0050659179688,642.265380859375,long,Image file: image_31_jpg.rf.dc9e4e313d10b0f808a1a79d56487d79.jpg. Detected amenity: white ceramic bathtub. Detection confidence: low (0.14). Source prompt type: long.,"You are generating hotel amenity questions for guests browsing accommodation photos. Given the detection summary below, generate a hotel amenity related question that a guest may ask or a guest might want to be answeredwhile browsing accommodation images. Keep the question short, factual, and neutral. Detection summary: Image file: image_31_jpg.rf.dc9e4e313d10b0f808a1a79d56487d79.jpg. Detected amenity: white ceramic bathtub. Detection confidence: low (0.14). Source prompt type: long. Question:",What is the name of the hotel amenity?,What is the name of the bathroom amenity?,Does the room have a bathtub?,Is the bathtub a walk-in or a standard bathtub?
image_31_jpg.rf.dc9e4e313d10b0f808a1a79d56487d79.jpg,white ceramic bathtub,0.4303971230983734,39.54826354980469,416.1507873535156,247.64279174804688,639.2897338867188,long,Image file: image_31_jpg.rf.dc9e4e313d10b0f808a1a79d56487d79.jpg. Detected amenity: white ceramic bathtub. Detection confidence: medium (0.43). Source prompt type: long.,"You are generating hotel amenity questions for guests browsing accommodation photos. Given the detection summary below, generate a hotel amenity related question that a guest may ask or a guest might want to be answeredwhile browsing accommodation images. Keep the question short, factual, and neutral. Detection summary: Image file: image_31_jpg.rf.dc9e4e313d10b0f808a1a79d56487d79.jpg. Detected amenity: white ceramic bathtub. Detection confidence: medium (0.43). Source prompt type: long. Question:",What is the name of the hotel amenity?,What is the name of the bathroom amenity?,Does the room have a bathtub?,Does the room have a shower or is it a standalone bathtub?
image_146_jpg.rf.abbdd11aaa159ff6009c5a2074fa677f.jpg,white ceramic bathtub,0.1499670445919037,-0.7657814025878906,4.265346527099609,631.5867919921875,639.4711303710938,long,Image file: image_146_jpg.rf.abbdd11aaa159ff6009c5a2074fa677f.jpg. Detected amenity: white ceramic bathtub. Detection confidence: low (0.15). Source prompt type: long.,"You are generating hotel amenity questions for guests browsing accommodation photos. Given the detection summary below, generate a hotel amenity related question that a guest may ask or a guest might want to be answeredwhile browsing accommodation images. Keep the question short, factual, and neutral. Detection summary: Image file: image_146_jpg.rf.abbdd11aaa159ff6009c5a2074fa677f.jpg. Detected amenity: white ceramic bathtub. Detection confidence: low (0.15). Source prompt type: long. Question:",What is the name of the hotel amenity?,What is the name of the bathroom amenity?,Does the room have a bathtub?,Is the bathtub separate from the shower?
image_146_jpg.rf.abbdd11aaa159ff6009c5a2074fa677f.jpg,white ceramic bathtub,0.1191102862358093,0.0098609924316406,-2.783794403076172,370.691162109375,634.4556884765625,long,Image file: image_146_jpg.rf.abbdd11aaa159ff6009c5a2074fa677f.jpg. Detected amenity: white ceramic bathtub. Detection confidence: low (0.12). Source prompt type: long.,"You are generating hotel amenity questions for guests browsing accommodation photos. Given the detection summary below, generate a hotel amenity related question that a guest may ask or a guest might want to be answeredwhile browsing accommodation images. Keep the question short, factual, and neutral. Detection summary: Image file: image_146_jpg.rf.abbdd11aaa159ff6009c5a2074fa677f.jpg. Detected amenity: white ceramic bathtub. Detection confidence: low (0.12). Source prompt type: long. Question:",What is the name of the hotel amenity?,What is the name of the bathroom amenity?,Does the room have a bathtub?,Does the hotel room have a separate shower or is it a shower-over-bathtub setup?
image_146_jpg.rf.abbdd11aaa159ff6009c5a2074fa677f.jpg,white ceramic bathtub,0.3056229650974273,0.0427627563476562,383.544677734375,298.1558532714844,637.2643432617188,long,Image file: image_146_jpg.rf.abbdd11aaa159ff6009c5a2074fa677f.jpg. Detected amenity: white ceramic bathtub. Detection confidence: medium (0.31). Source prompt type: long.,"You are generating hotel amenity questions for guests browsing accommodation photos. Given the detection summary below, generate a hotel amenity related question that a guest may ask or a guest might want to be answeredwhile browsing accommodation images. Keep the question short, factual, and neutral. Detection summary: Image file: image_146_jpg.rf.abbdd11aaa159ff6009c5a2074fa677f.jpg. Detected amenity: white ceramic bathtub. Detection confidence: medium (0.31). Source prompt type: long. Question:",What is the name of the hotel amenity?,What is the name of the bathroom amenity?,Does the room have a bathtub?,Is the bathtub in the room or a shared facility?
image_146_jpg.rf.abbdd11aaa159ff6009c5a2074fa677f.jpg,white ceramic bathtub,0.1974091082811355,2.2410202026367188,458.23870849609375,293.1799621582031,636.2828369140625,long,Image file: image_146_jpg.rf.abbdd11aaa159ff6009c5a2074fa677f.jpg. Detected amenity: white ceramic bathtub. Detection confidence: low (0.20). Source prompt type: long.,"You are generating hotel amenity questions for guests browsing accommodation photos. Given the detection summary below, generate a hotel amenity related question that a guest may ask or a guest might want to be answeredwhile browsing accommodation images. Keep the question short, factual, and neutral. Detection summary: Image file: image_146_jpg.rf.abbdd11aaa159ff6009c5a2074fa677f.jpg. Detected amenity: white ceramic bathtub. Detection confidence: low (0.20). Source prompt type: long. Question:",What is the name of the hotel amenity?,What is the name of the bathroom amenity?,Does the room have a bathtub?,Is the bathtub in the room or a shared facility?
image_146_jpg.rf.abbdd11aaa159ff6009c5a2074fa677f.jpg,white ceramic bathtub,0.1998799294233322,6.571025848388672,492.908935546875,292.9093017578125,641.023681640625,long,Image file: image_146_jpg.rf.abbdd11aaa159ff6009c5a2074fa677f.jpg. Detected amenity: white ceramic bathtub. Detection confidence: low (0.20). Source prompt type: long.,"You are generating hotel amenity questions for guests browsing accommodation photos. Given the detection summary below, generate a hotel amenity related question that a guest may ask or a guest might want to be answeredwhile browsing accommodation images. Keep the question short, factual, and neutral. Detection summary: Image file: image_146_jpg.rf.abbdd11aaa159ff6009c5a2074fa677f.jpg. Detected amenity: white ceramic bathtub. Detection confidence: low (0.20). Source prompt type: long. Question:",What is the name of the hotel amenity?,What is the name of the bathroom amenity?,Does the room have a bathtub?,Is the bathtub made of white ceramic or painted white?
image_118_jpg.rf.f2f12fa38940475de6152f6d83535872.jpg,white ceramic bathtub,0.2103592157363891,307.2304992675781,423.6598205566406,611.9736328125,638.55126953125,long,Image file: image_118_jpg.rf.f2f12fa38940475de6152f6d83535872.jpg. Detected amenity: white ceramic bathtub. Detection confidence: low (0.21). Source prompt type: long.,"You are generating hotel amenity questions for guests browsing accommodation photos. Given the detection summary below, generate a hotel amenity related question that a guest may ask or a guest might want to be answeredwhile browsing accommodation images. Keep the question short, factual, and neutral. Detection summary: Image file: image_118_jpg.rf.f2f12fa38940475de6152f6d83535872.jpg. Detected amenity: white ceramic bathtub. Detection confidence: low (0.21). Source prompt type: long. Question:",What is the name of the hotel amenity?,What is the name of the bathroom amenity?,Does the room have a bathtub?,Does the room have a separate shower?
image_151_jpg.rf.bc2a52c20c5b53799addab2a4d6b425e.jpg,white ceramic bathtub,0.1391944289207458,3.00100326538086,1.4014244079589844,640.7347412109375,639.14892578125,long,Image file: image_151_jpg.rf.bc2a52c20c5b53799addab2a4d6b425e.jpg. Detected amenity: white ceramic bathtub. Detection confidence: low (0.14). Source prompt type: long.,"You are generating hotel amenity questions for guests browsing accommodation photos. Given the detection summary below, generate a hotel amenity related question that a guest may ask or a guest might want to be answeredwhile browsing accommodation images. Keep the question short, factual, and neutral. Detection summary: Image file: image_151_jpg.rf.bc2a52c20c5b53799addab2a4d6b425e.jpg. Detected amenity: white ceramic bathtub. Detection confidence: low (0.14). Source prompt type: long. Question:",What is the name of the hotel amenity?,What is the name of the bathroom amenity?,Does the room have a bathtub?,Is the bathtub separate from the shower?
image_151_jpg.rf.bc2a52c20c5b53799addab2a4d6b425e.jpg,white ceramic bathtub,0.1392108052968979,260.62921142578125,339.85919189453125,528.3892822265625,633.16015625,long,Image file: image_151_jpg.rf.bc2a52c20c5b53799addab2a4d6b425e.jpg. Detected amenity: white ceramic bathtub. Detection confidence: low (0.14). Source prompt type: long.,"You are generating hotel amenity questions for guests browsing accommodation photos. Given the detection summary below, generate a hotel amenity related question that a guest may ask or a guest might want to be answeredwhile browsing accommodation images. Keep the question short, factual, and neutral. Detection summary: Image file: image_151_jpg.rf.bc2a52c20c5b53799addab2a4d6b425e.jpg. Detected amenity: white ceramic bathtub. Detection confidence: low (0.14). Source prompt type: long. Question:",What is the name of the hotel amenity?,What is the name of the bathroom amenity?,Does the room have a bathtub?,Does the hotel room have a separate shower?
image_151_jpg.rf.bc2a52c20c5b53799addab2a4d6b425e.jpg,white ceramic bathtub,0.308001160621643,0.2065849304199218,418.3976440429688,250.6649932861328,640.210205078125,long,Image file: image_151_jpg.rf.bc2a52c20c5b53799addab2a4d6b425e.jpg. Detected amenity: white ceramic bathtub. Detection confidence: medium (0.31). Source prompt type: long.,"You are generating hotel amenity questions for guests browsing accommodation photos. Given the detection summary below, generate a hotel amenity related question that a guest may ask or a guest might want to be answeredwhile browsing accommodation images. Keep the question short, factual, and neutral. Detection summary: Image file: image_151_jpg.rf.bc2a52c20c5b53799addab2a4d6b425e.jpg. Detected amenity: white ceramic bathtub. Detection confidence: medium (0.31). Source prompt type: long. Question:",What is the name of the hotel amenity?,What is the name of the bathroom amenity?,"Does the room have a bathtub, and if so, is it a separate unit or part of a shower combination?",Does the hotel room have a separate shower or is it a shower-over-bathtub setup?
image_151_jpg.rf.bc2a52c20c5b53799addab2a4d6b425e.jpg,white ceramic bathtub,0.113467738032341,-0.6011009216308594,416.7547912597656,252.92059326171875,640.5047607421875,long,Image file: image_151_jpg.rf.bc2a52c20c5b53799addab2a4d6b425e.jpg. Detected amenity: white ceramic bathtub. Detection confidence: low (0.11). Source prompt type: long.,"You are generating hotel amenity questions for guests browsing accommodation photos. Given the detection summary below, generate a hotel amenity related question that a guest may ask or a guest might want to be answeredwhile browsing accommodation images. Keep the question short, factual, and neutral. Detection summary: Image file: image_151_jpg.rf.bc2a52c20c5b53799addab2a4d6b425e.jpg. Detected amenity: white ceramic bathtub. Detection confidence: low (0.11). Source prompt type: long. Question:",What is the name of the hotel amenity?,What is the name of the bathroom amenity?,Does the room have a bathtub?,Is the bathtub in the room a standalone unit or part of a larger bathroom setup?
image_171_jpg.rf.1546eb8a795e0fcd8311287f2264a636.jpg,white ceramic bathtub,0.1004112511873245,181.0376892089844,361.1790466308594,431.8668212890625,514.7186889648438,long,Image file: image_171_jpg.rf.1546eb8a795e0fcd8311287f2264a636.jpg. Detected amenity: white ceramic bathtub. Detection confidence: low (0.10). Source prompt type: long.,"You are generating hotel amenity questions for guests browsing accommodation photos. Given the detection summary below, generate a hotel amenity related question that a guest may ask or a guest might want to be answeredwhile browsing accommodation images. Keep the question short, factual, and neutral. Detection summary: Image file: image_171_jpg.rf.1546eb8a795e0fcd8311287f2264a636.jpg. Detected amenity: white ceramic bathtub. Detection confidence: low (0.10). Source prompt type: long. Question:",What is the name of the hotel amenity?,What is the name of the bathroom amenity?,Does the room have a bathtub?,Is the bathtub in the bathroom a separate shower unit or a combined shower and bathtub?
image_171_jpg.rf.1546eb8a795e0fcd8311287f2264a636.jpg,white ceramic bathtub,0.2821400463581085,222.98944091796875,479.3386535644531,638.9578247070312,640.5428466796875,long,Image file: image_171_jpg.rf.1546eb8a795e0fcd8311287f2264a636.jpg. Detected amenity: white ceramic bathtub. Detection confidence: low (0.28). Source prompt type: long.,"You are generating hotel amenity questions for guests browsing accommodation photos. Given the detection summary below, generate a hotel amenity related question that a guest may ask or a guest might want to be answeredwhile browsing accommodation images. Keep the question short, factual, and neutral. Detection summary: Image file: image_171_jpg.rf.1546eb8a795e0fcd8311287f2264a636.jpg. Detected amenity: white ceramic bathtub. Detection confidence: low (0.28). Source prompt type: long. Question:",What is the name of the hotel amenity?,What is the name of the bathroom amenity?,Does the room have a bathtub?,Is the bathtub separate from the shower?
image_127_jpg.rf.6fcbcc10efd39be9384a7d18f86fa2ee.jpg,white ceramic bathtub,0.1554377228021621,1.7224502563476562,380.3472595214844,349.80096435546875,636.2186279296875,long,Image file: image_127_jpg.rf.6fcbcc10efd39be9384a7d18f86fa2ee.jpg. Detected amenity: white ceramic bathtub. Detection confidence: low (0.16). Source prompt type: long.,"You are generating hotel amenity questions for guests browsing accommodation photos. Given the detection summary below, generate a hotel amenity related question that a guest may ask or a guest might want to be answeredwhile browsing accommodation images. Keep the question short, factual, and neutral. Detection summary: Image file: image_127_jpg.rf.6fcbcc10efd39be9384a7d18f86fa2ee.jpg. Detected amenity: white ceramic bathtub. Detection confidence: low (0.16). Source prompt type: long. Question:",What is the name of the hotel amenity?,What is the name of the bathroom amenity?,Does the room have a bathtub?,Does the hotel room have a walk-in shower or a separate shower area?
image_60_jpg.rf.1c6ce8f598092f42fcce9365b372235a.jpg,white ceramic bathtub,0.156419962644577,385.6646728515625,453.2585144042969,641.4873657226562,645.760986328125,long,Image file: image_60_jpg.rf.1c6ce8f598092f42fcce9365b372235a.jpg. Detected amenity: white ceramic bathtub. Detection confidence: low (0.16). Source prompt type: long.,"You are generating hotel amenity questions for guests browsing accommodation photos. Given the detection summary below, generate a hotel amenity related question that a guest may ask or a guest might want to be answeredwhile browsing accommodation images. Keep the question short, factual, and neutral. Detection summary: Image file: image_60_jpg.rf.1c6ce8f598092f42fcce9365b372235a.jpg. Detected amenity: white ceramic bathtub. Detection confidence: low (0.16). Source prompt type: long. Question:",What is the name of the hotel amenity?,What is the name of the bathroom amenity?,Does the room have a bathtub?,Does the hotel room have a separate shower?
image_60_jpg.rf.1c6ce8f598092f42fcce9365b372235a.jpg,white ceramic bathtub,0.1139105781912803,390.8784484863281,454.19439697265625,641.0205688476562,640.3369140625,long,Image file: image_60_jpg.rf.1c6ce8f598092f42fcce9365b372235a.jpg. Detected amenity: white ceramic bathtub. Detection confidence: low (0.11). Source prompt type: long.,"You are generating hotel amenity questions for guests browsing accommodation photos. Given the detection summary below, generate a hotel amenity related question that a guest may ask or a guest might want to be answeredwhile browsing accommodation images. Keep the question short, factual, and neutral. Detection summary: Image file: image_60_jpg.rf.1c6ce8f598092f42fcce9365b372235a.jpg. Detected amenity: white ceramic bathtub. Detection confidence: low (0.11). Source prompt type: long. Question:",What is the name of the hotel amenity?,What is the name of the bathroom amenity?,Does the room have a bathtub?,Does the hotel room have a separate shower or is it a bathtub/shower combination?
image_23_jpg.rf.1ad7314110e7a61336d8305cdcea5775.jpg,white ceramic bathtub,0.1531375050544738,2.912921905517578,2.204113006591797,640.5300903320312,639.3579711914062,long,Image file: image_23_jpg.rf.1ad7314110e7a61336d8305cdcea5775.jpg. Detected amenity: white ceramic bathtub. Detection confidence: low (0.15). Source prompt type: long.,"You are generating hotel amenity questions for guests browsing accommodation photos. Given the detection summary below, generate a hotel amenity related question that a guest may ask or a guest might want to be answeredwhile browsing accommodation images. Keep the question short, factual, and neutral. Detection summary: Image file: image_23_jpg.rf.1ad7314110e7a61336d8305cdcea5775.jpg. Detected amenity: white ceramic bathtub. Detection confidence: low (0.15). Source prompt type: long. Question:",What is the name of the hotel amenity?,What is the name of the bathroom amenity?,Does the room have a bathtub?,Does the room have a separate shower?
image_23_jpg.rf.1ad7314110e7a61336d8305cdcea5775.jpg,white ceramic bathtub,0.1294213086366653,293.8129272460937,433.0913696289063,333.59197998046875,567.5011596679688,long,Image file: image_23_jpg.rf.1ad7314110e7a61336d8305cdcea5775.jpg. Detected amenity: white ceramic bathtub. Detection confidence: low (0.13). Source prompt type: long.,"You are generating hotel amenity questions for guests browsing accommodation photos. Given the detection summary below, generate a hotel amenity related question that a guest may ask or a guest might want to be answeredwhile browsing accommodation images. Keep the question short, factual, and neutral. Detection summary: Image file: image_23_jpg.rf.1ad7314110e7a61336d8305cdcea5775.jpg. Detected amenity: white ceramic bathtub. Detection confidence: low (0.13). Source prompt type: long. Question:",What is the name of the hotel amenity?,What is the name of the bathroom amenity?,Does the room have a bathtub?,Does the hotel room have a separate shower?
image_23_jpg.rf.1ad7314110e7a61336d8305cdcea5775.jpg,white ceramic bathtub,0.4998238086700439,367.0732116699219,429.4844970703125,642.300048828125,637.427001953125,long,Image file: image_23_jpg.rf.1ad7314110e7a61336d8305cdcea5775.jpg. Detected amenity: white ceramic bathtub. Detection confidence: medium (0.50). Source prompt type: long.,"You are generating hotel amenity questions for guests browsing accommodation photos. Given the detection summary below, generate a hotel amenity related question that a guest may ask or a guest might want to be answeredwhile browsing accommodation images. Keep the question short, factual, and neutral. Detection summary: Image file: image_23_jpg.rf.1ad7314110e7a61336d8305cdcea5775.jpg. Detected amenity: white ceramic bathtub. Detection confidence: medium (0.50). Source prompt type: long. Question:",What type of amenity is the white ceramic bathtub?,What is the name of the bathroom amenity?,"Does the room have a separate bathtub, and is it made of ceramic?",Does the hotel room come with a shower curtain or door for the bathtub?
image_23_jpg.rf.1ad7314110e7a61336d8305cdcea5775.jpg,white ceramic bathtub,0.1765967756509781,0.0598526000976562,423.0523376464844,100.62161254882812,643.937255859375,long,Image file: image_23_jpg.rf.1ad7314110e7a61336d8305cdcea5775.jpg. Detected amenity: white ceramic bathtub. Detection confidence: low (0.18). Source prompt type: long.,"You are generating hotel amenity questions for guests browsing accommodation photos. Given the detection summary below, generate a hotel amenity related question that a guest may ask or a guest might want to be answeredwhile browsing accommodation images. Keep the question short, factual, and neutral. Detection summary: Image file: image_23_jpg.rf.1ad7314110e7a61336d8305cdcea5775.jpg. Detected amenity: white ceramic bathtub. Detection confidence: low (0.18). Source prompt type: long. Question:",What is the name of the hotel amenity?,What is the name of the bathroom amenity?,Does the room have a bathtub?,Is the bathtub separate from the shower?
image_23_jpg.rf.1ad7314110e7a61336d8305cdcea5775.jpg,white ceramic bathtub,0.1358922719955444,368.0589294433594,440.9490356445313,638.8849487304688,640.2700805664062,long,Image file: image_23_jpg.rf.1ad7314110e7a61336d8305cdcea5775.jpg. Detected amenity: white ceramic bathtub. Detection confidence: low (0.14). Source prompt type: long.,"You are generating hotel amenity questions for guests browsing accommodation photos. Given the detection summary below, generate a hotel amenity related question that a guest may ask or a guest might want to be answeredwhile browsing accommodation images. Keep the question short, factual, and neutral. Detection summary: Image file: image_23_jpg.rf.1ad7314110e7a61336d8305cdcea5775.jpg. Detected amenity: white ceramic bathtub. Detection confidence: low (0.14). Source prompt type: long. Question:",What is the name of the hotel amenity?,What is the name of the bathroom amenity?,Does the room have a bathtub?,Does the hotel room have a separate shower?
image_4_jpg.rf.ecbbef2fb09b6446415419966b4bf381.jpg,white ceramic bathtub,0.28245809674263,130.62442016601562,413.0632019042969,639.8731689453125,638.8428955078125,long,Image file: image_4_jpg.rf.ecbbef2fb09b6446415419966b4bf381.jpg. Detected amenity: white ceramic bathtub. Detection confidence: low (0.28). Source prompt type: long.,"You are generating hotel amenity questions for guests browsing accommodation photos. Given the detection summary below, generate a hotel amenity related question that a guest may ask or a guest might want to be answeredwhile browsing accommodation images. Keep the question short, factual, and neutral. Detection summary: Image file: image_4_jpg.rf.ecbbef2fb09b6446415419966b4bf381.jpg. Detected amenity: white ceramic bathtub. Detection confidence: low (0.28). Source prompt type: long. Question:",What is the name of the hotel amenity?,What is the name of the bathroom amenity?,Does the room have a bathtub?,Does the hotel room have a separate shower?
image_148_jpg.rf.6f89068d69b71a202b1c7037e38d56c4.jpg,white ceramic bathtub,0.1368177086114883,1.2590312957763672,414.8974914550781,272.685302734375,635.9055786132812,long,Image file: image_148_jpg.rf.6f89068d69b71a202b1c7037e38d56c4.jpg. Detected amenity: white ceramic bathtub. Detection confidence: low (0.14). Source prompt type: long.,"You are generating hotel amenity questions for guests browsing accommodation photos. Given the detection summary below, generate a hotel amenity related question that a guest may ask or a guest might want to be answeredwhile browsing accommodation images. Keep the question short, factual, and neutral. Detection summary: Image file: image_148_jpg.rf.6f89068d69b71a202b1c7037e38d56c4.jpg. Detected amenity: white ceramic bathtub. Detection confidence: low (0.14). Source prompt type: long. Question:",What is the name of the hotel amenity?,What is the name of the bathroom amenity?,Does the room have a bathtub?,Is the bathtub made of white ceramic?
image_148_jpg.rf.6f89068d69b71a202b1c7037e38d56c4.jpg,white ceramic bathtub,0.3470902740955353,301.7489013671875,468.1897277832031,586.1679077148438,643.0596923828125,long,Image file: image_148_jpg.rf.6f89068d69b71a202b1c7037e38d56c4.jpg. Detected amenity: white ceramic bathtub. Detection confidence: medium (0.35). Source prompt type: long.,"You are generating hotel amenity questions for guests browsing accommodation photos. Given the detection summary below, generate a hotel amenity related question that a guest may ask or a guest might want to be answeredwhile browsing accommodation images. Keep the question short, factual, and neutral. Detection summary: Image file: image_148_jpg.rf.6f89068d69b71a202b1c7037e38d56c4.jpg. Detected amenity: white ceramic bathtub. Detection confidence: medium (0.35). Source prompt type: long. Question:",What is the name of the hotel amenity?,What is the name of the bathroom amenity?,Does the room have a bathtub?,Does the hotel room have a walk-in shower or a separate shower area?
image_63_jpg.rf.66d182a66173cc0c53bdc2391b1b6de3.jpg,white ceramic bathtub,0.16603884100914,217.0844268798828,392.1744995117188,430.677490234375,541.4815673828125,long,Image file: image_63_jpg.rf.66d182a66173cc0c53bdc2391b1b6de3.jpg. Detected amenity: white ceramic bathtub. Detection confidence: low (0.17). Source prompt type: long.,"You are generating hotel amenity questions for guests browsing accommodation photos. Given the detection summary below, generate a hotel amenity related question that a guest may ask or a guest might want to be answeredwhile browsing accommodation images. Keep the question short, factual, and neutral. Detection summary: Image file: image_63_jpg.rf.66d182a66173cc0c53bdc2391b1b6de3.jpg. Detected amenity: white ceramic bathtub. Detection confidence: low (0.17). Source prompt type: long. Question:",What is the name of the hotel amenity?,What is the name of the bathroom amenity?,Does the room have a bathtub?,Does the hotel room have a separate shower?
image_188_jpg.rf.0f1ea3a39f616b197179e61df4506834.jpg,white ceramic bathtub,0.1507982313632965,344.7557983398437,461.3616943359375,637.9669189453125,641.102783203125,long,Image file: image_188_jpg.rf.0f1ea3a39f616b197179e61df4506834.jpg. Detected amenity: white ceramic bathtub. Detection confidence: low (0.15). Source prompt type: long.,"You are generating hotel amenity questions for guests browsing accommodation photos. Given the detection summary below, generate a hotel amenity related question that a guest may ask or a guest might want to be answeredwhile browsing accommodation images. Keep the question short, factual, and neutral. Detection summary: Image file: image_188_jpg.rf.0f1ea3a39f616b197179e61df4506834.jpg. Detected amenity: white ceramic bathtub. Detection confidence: low (0.15). Source prompt type: long. Question:",What is the name of the hotel amenity?,What is the name of the bathroom amenity?,Does the room have a bathtub?,Does the room have a separate shower?
image_58_jpg.rf.b624864c1245a4136e105b66de4b7130.jpg,white ceramic bathtub,0.119722843170166,2.6763916015625,408.7879028320313,439.3402099609375,639.8065185546875,long,Image file: image_58_jpg.rf.b624864c1245a4136e105b66de4b7130.jpg. Detected amenity: white ceramic bathtub. Detection confidence: low (0.12). Source prompt type: long.,"You are generating hotel amenity questions for guests browsing accommodation photos. Given the detection summary below, generate a hotel amenity related question that a guest may ask or a guest might want to be answeredwhile browsing accommodation images. Keep the question short, factual, and neutral. Detection summary: Image file: image_58_jpg.rf.b624864c1245a4136e105b66de4b7130.jpg. Detected amenity: white ceramic bathtub. Detection confidence: low (0.12). Source prompt type: long. Question:",What is the name of the hotel amenity?,What is the name of the bathroom amenity?,Does the room have a bathtub?,Does the hotel room have a walk-in shower or a bathtub?
image_179_jpg.rf.5ea8dea48b4b734654da7c058da1d821.jpg,white ceramic bathtub,0.4792433083057403,372.23834228515625,405.6790161132813,636.027587890625,641.373779296875,long,Image file: image_179_jpg.rf.5ea8dea48b4b734654da7c058da1d821.jpg. Detected amenity: white ceramic bathtub. Detection confidence: medium (0.48). Source prompt type: long.,"You are generating hotel amenity questions for guests browsing accommodation photos. Given the detection summary below, generate a hotel amenity related question that a guest may ask or a guest might want to be answeredwhile browsing accommodation images. Keep the question short, factual, and neutral. Detection summary: Image file: image_179_jpg.rf.5ea8dea48b4b734654da7c058da1d821.jpg. Detected amenity: white ceramic bathtub. Detection confidence: medium (0.48). Source prompt type: long. Question:",What is the name of the hotel amenity?,What is the name of the bathroom amenity?,"Does the room have a bathtub, and is it a separate unit or part of a shower combination?",Does the hotel room have a separate shower or is it a bathtub-only setup?
image_247_fp_jpg.rf.ceb10d2334d81c1207e13fa7993489af.jpg,white ceramic bathtub,0.2344802320003509,333.8995666503906,464.4894409179688,627.4708862304688,632.984619140625,long,Image file: image_247_fp_jpg.rf.ceb10d2334d81c1207e13fa7993489af.jpg. Detected amenity: white ceramic bathtub. Detection confidence: low (0.23). Source prompt type: long.,"You are generating hotel amenity questions for guests browsing accommodation photos. Given the detection summary below, generate a hotel amenity related question that a guest may ask or a guest might want to be answeredwhile browsing accommodation images. Keep the question short, factual, and neutral. Detection summary: Image file: image_247_fp_jpg.rf.ceb10d2334d81c1207e13fa7993489af.jpg. Detected amenity: white ceramic bathtub. Detection confidence: low (0.23). Source prompt type: long. Question:",What is the name of the hotel amenity?,What is the name of the bathroom amenity?,Does the room have a bathtub?,Is the bathtub separate from the shower?
image_8_jpg.rf.0855d48f390ef435524bbc9b7e5f8230.jpg,white ceramic bathtub,0.1194724217057228,73.64399719238281,519.731201171875,220.564453125,643.7859497070312,long,Image file: image_8_jpg.rf.0855d48f390ef435524bbc9b7e5f8230.jpg. Detected amenity: white ceramic bathtub. Detection confidence: low (0.12). Source prompt type: long.,"You are generating hotel amenity questions for guests browsing accommodation photos. Given the detection summary below, generate a hotel amenity related question that a guest may ask or a guest might want to be answeredwhile browsing accommodation images. Keep the question short, factual, and neutral. Detection summary: Image file: image_8_jpg.rf.0855d48f390ef435524bbc9b7e5f8230.jpg. Detected amenity: white ceramic bathtub. Detection confidence: low (0.12). Source prompt type: long. Question:",What is the name of the hotel amenity?,What is the name of the bathroom amenity?,Does the room have a bathtub?,Does the hotel room have a separate shower area?
image_145_jpg.rf.51c84ef94f4ba3683568b52355376279.jpg,white ceramic bathtub,0.2001753598451614,52.51014709472656,406.163818359375,635.8529052734375,640.493896484375,long,Image file: image_145_jpg.rf.51c84ef94f4ba3683568b52355376279.jpg. Detected amenity: white ceramic bathtub. Detection confidence: low (0.20). Source prompt type: long.,"You are generating hotel amenity questions for guests browsing accommodation photos. Given the detection summary below, generate a hotel amenity related question that a guest may ask or a guest might want to be answeredwhile browsing accommodation images. Keep the question short, factual, and neutral. Detection summary: Image file: image_145_jpg.rf.51c84ef94f4ba3683568b52355376279.jpg. Detected amenity: white ceramic bathtub. Detection confidence: low (0.20). Source prompt type: long. Question:",What is the name of the hotel amenity?,What is the name of the bathroom amenity?,Does the room have a bathtub?,Does the hotel room have a walk-in shower or a separate shower stall?
image_32_jpg.rf.670278de5d5334f48157445ba60c9a79.jpg,white ceramic bathtub,0.1120381206274032,7.900495529174805,429.51904296875,257.3089294433594,639.8265380859375,long,Image file: image_32_jpg.rf.670278de5d5334f48157445ba60c9a79.jpg. Detected amenity: white ceramic bathtub. Detection confidence: low (0.11). Source prompt type: long.,"You are generating hotel amenity questions for guests browsing accommodation photos. Given the detection summary below, generate a hotel amenity related question that a guest may ask or a guest might want to be answeredwhile browsing accommodation images. Keep the question short, factual, and neutral. Detection summary: Image file: image_32_jpg.rf.670278de5d5334f48157445ba60c9a79.jpg. Detected amenity: white ceramic bathtub. Detection confidence: low (0.11). Source prompt type: long. Question:",What is the name of the hotel amenity?,What is the name of the bathroom amenity?,Does the room have a bathtub?,Is the bathtub in the room a walk-in tub or a standard bathtub?
image_37_jpg.rf.69d915a10aada1ad649770a43e4bc47e.jpg,white ceramic bathtub,0.1495273411273956,1.173849105834961,395.8945007324219,272.1260070800781,642.1103515625,long,Image file: image_37_jpg.rf.69d915a10aada1ad649770a43e4bc47e.jpg. Detected amenity: white ceramic bathtub. Detection confidence: low (0.15). Source prompt type: long.,"You are generating hotel amenity questions for guests browsing accommodation photos. Given the detection summary below, generate a hotel amenity related question that a guest may ask or a guest might want to be answeredwhile browsing accommodation images. Keep the question short, factual, and neutral. Detection summary: Image file: image_37_jpg.rf.69d915a10aada1ad649770a43e4bc47e.jpg. Detected amenity: white ceramic bathtub. Detection confidence: low (0.15). Source prompt type: long. Question:",What is the name of the hotel amenity?,What is the name of the bathroom amenity?,Does the room have a bathtub?,Does the hotel room have a separate shower?
image_176_jpg.rf.4e5544ff928e4465c7c106c7e735d14a.jpg,white ceramic bathtub,0.1215073391795158,10.701980590820312,0.2833938598632812,646.6474609375,636.8533325195312,long,Image file: image_176_jpg.rf.4e5544ff928e4465c7c106c7e735d14a.jpg. Detected amenity: white ceramic bathtub. Detection confidence: low (0.12). Source prompt type: long.,"You are generating hotel amenity questions for guests browsing accommodation photos. Given the detection summary below, generate a hotel amenity related question that a guest may ask or a guest might want to be answeredwhile browsing accommodation images. Keep the question short, factual, and neutral. Detection summary: Image file: image_176_jpg.rf.4e5544ff928e4465c7c106c7e735d14a.jpg. Detected amenity: white ceramic bathtub. Detection confidence: low (0.12). Source prompt type: long. Question:",What is the name of the hotel amenity?,What is the name of the bathroom amenity?,Does the room have a bathtub?,Does the hotel room have a separate shower area?
image_176_jpg.rf.4e5544ff928e4465c7c106c7e735d14a.jpg,white ceramic bathtub,0.2102604955434799,39.19902801513672,442.2481689453125,278.3719482421875,635.0390014648438,long,Image file: image_176_jpg.rf.4e5544ff928e4465c7c106c7e735d14a.jpg. Detected amenity: white ceramic bathtub. Detection confidence: low (0.21). Source prompt type: long.,"You are generating hotel amenity questions for guests browsing accommodation photos. Given the detection summary below, generate a hotel amenity related question that a guest may ask or a guest might want to be answeredwhile browsing accommodation images. Keep the question short, factual, and neutral. Detection summary: Image file: image_176_jpg.rf.4e5544ff928e4465c7c106c7e735d14a.jpg. Detected amenity: white ceramic bathtub. Detection confidence: low (0.21). Source prompt type: long. Question:",What is the name of the hotel amenity?,What is the name of the bathroom amenity?,Does the room have a bathtub?,Does the hotel room have a shower or bathtub?
image_152_jpg.rf.81f0a013b5f36cd1fa248ab52d423688.jpg,white ceramic bathtub,0.1089894473552703,3.7830734252929688,3.111248016357422,641.4468383789062,640.0145263671875,long,Image file: image_152_jpg.rf.81f0a013b5f36cd1fa248ab52d423688.jpg. Detected amenity: white ceramic bathtub. Detection confidence: low (0.11). Source prompt type: long.,"You are generating hotel amenity questions for guests browsing accommodation photos. Given the detection summary below, generate a hotel amenity related question that a guest may ask or a guest might want to be answeredwhile browsing accommodation images. Keep the question short, factual, and neutral. Detection summary: Image file: image_152_jpg.rf.81f0a013b5f36cd1fa248ab52d423688.jpg. Detected amenity: white ceramic bathtub. Detection confidence: low (0.11). Source prompt type: long. Question:",What is the name of the hotel amenity?,What is the name of the bathroom amenity?,Does the room have a bathtub?,Is the bathtub separate from the shower?
image_152_jpg.rf.81f0a013b5f36cd1fa248ab52d423688.jpg,white ceramic bathtub,0.2542758584022522,16.2408447265625,476.7624206542969,423.5644836425781,614.3568115234375,long,Image file: image_152_jpg.rf.81f0a013b5f36cd1fa248ab52d423688.jpg. Detected amenity: white ceramic bathtub. Detection confidence: low (0.25). Source prompt type: long.,"You are generating hotel amenity questions for guests browsing accommodation photos. Given the detection summary below, generate a hotel amenity related question that a guest may ask or a guest might want to be answeredwhile browsing accommodation images. Keep the question short, factual, and neutral. Detection summary: Image file: image_152_jpg.rf.81f0a013b5f36cd1fa248ab52d423688.jpg. Detected amenity: white ceramic bathtub. Detection confidence: low (0.25). Source prompt type: long. Question:",What is the name of the hotel amenity?,What is the name of the bathroom amenity?,Does the room have a bathtub?,Is the bathtub in the room a separate unit or part of a combined shower and bathtub?
image_15_jpg.rf.9d508e553ad7d80180ab6aa5dfb5afa4.jpg,white ceramic bathtub,0.1666758805513382,332.07147216796875,458.337646484375,633.5782470703125,636.6505126953125,long,Image file: image_15_jpg.rf.9d508e553ad7d80180ab6aa5dfb5afa4.jpg. Detected amenity: white ceramic bathtub. Detection confidence: low (0.17). Source prompt type: long.,"You are generating hotel amenity questions for guests browsing accommodation photos. Given the detection summary below, generate a hotel amenity related question that a guest may ask or a guest might want to be answeredwhile browsing accommodation images. Keep the question short, factual, and neutral. Detection summary: Image file: image_15_jpg.rf.9d508e553ad7d80180ab6aa5dfb5afa4.jpg. Detected amenity: white ceramic bathtub. Detection confidence: low (0.17). Source prompt type: long. Question:",What is the name of the hotel amenity?,What is the name of the bathroom amenity?,Does the room have a bathtub?,Does the room have a separate shower?
image_54_jpg.rf.67c772c28a65186ffcdb4e1e6f636246.jpg,white ceramic bathtub,0.1791227757930755,428.6116333007813,467.0292663574219,643.3118286132812,641.4224243164062,long,Image file: image_54_jpg.rf.67c772c28a65186ffcdb4e1e6f636246.jpg. Detected amenity: white ceramic bathtub. Detection confidence: low (0.18). Source prompt type: long.,"You are generating hotel amenity questions for guests browsing accommodation photos. Given the detection summary below, generate a hotel amenity related question that a guest may ask or a guest might want to be answeredwhile browsing accommodation images. Keep the question short, factual, and neutral. Detection summary: Image file: image_54_jpg.rf.67c772c28a65186ffcdb4e1e6f636246.jpg. Detected amenity: white ceramic bathtub. Detection confidence: low (0.18). Source prompt type: long. Question:",What is the name of the hotel amenity?,What is the name of the bathroom amenity?,Does the room have a bathtub?,Does the hotel room have a separate shower stall?
image_248_fp_jpg.rf.3161c23632f089e5a446917a9a83fd2f.jpg,white ceramic bathtub,0.1401796489953994,429.5369873046875,401.58544921875,629.4641723632812,639.42138671875,long,Image file: image_248_fp_jpg.rf.3161c23632f089e5a446917a9a83fd2f.jpg. Detected amenity: white ceramic bathtub. Detection confidence: low (0.14). Source prompt type: long.,"You are generating hotel amenity questions for guests browsing accommodation photos. Given the detection summary below, generate a hotel amenity related question that a guest may ask or a guest might want to be answeredwhile browsing accommodation images. Keep the question short, factual, and neutral. Detection summary: Image file: image_248_fp_jpg.rf.3161c23632f089e5a446917a9a83fd2f.jpg. Detected amenity: white ceramic bathtub. Detection confidence: low (0.14). Source prompt type: long. Question:",What is the name of the hotel amenity?,What is the name of the bathroom amenity?,Does the room have a bathtub?,Does the hotel room have a separate shower?
image_248_fp_jpg.rf.3161c23632f089e5a446917a9a83fd2f.jpg,white ceramic bathtub,0.1206487044692039,3.307332992553711,452.1213989257813,229.71652221679688,638.5547485351562,long,Image file: image_248_fp_jpg.rf.3161c23632f089e5a446917a9a83fd2f.jpg. Detected amenity: white ceramic bathtub. Detection confidence: low (0.12). Source prompt type: long.,"You are generating hotel amenity questions for guests browsing accommodation photos. Given the detection summary below, generate a hotel amenity related question that a guest may ask or a guest might want to be answeredwhile browsing accommodation images. Keep the question short, factual, and neutral. Detection summary: Image file: image_248_fp_jpg.rf.3161c23632f089e5a446917a9a83fd2f.jpg. Detected amenity: white ceramic bathtub. Detection confidence: low (0.12). Source prompt type: long. Question:",What is the name of the hotel amenity?,What is the name of the bathroom amenity?,Does the room have a bathtub?,Does the hotel room have a shower or a separate shower area?
image_245_fp_jpg.rf.07ad91f39794b6360476082deb379730.jpg,white ceramic bathtub,0.2277995198965072,372.6417541503906,473.0281982421875,610.8338012695312,634.5150146484375,long,Image file: image_245_fp_jpg.rf.07ad91f39794b6360476082deb379730.jpg. Detected amenity: white ceramic bathtub. Detection confidence: low (0.23). Source prompt type: long.,"You are generating hotel amenity questions for guests browsing accommodation photos. Given the detection summary below, generate a hotel amenity related question that a guest may ask or a guest might want to be answeredwhile browsing accommodation images. Keep the question short, factual, and neutral. Detection summary: Image file: image_245_fp_jpg.rf.07ad91f39794b6360476082deb379730.jpg. Detected amenity: white ceramic bathtub. Detection confidence: low (0.23). Source prompt type: long. Question:",What is the name of the hotel amenity?,What is the name of the bathroom amenity?,Does the room have a bathtub?,Does the hotel room have a shower or bathtub?
image_16_jpg.rf.ed142ec0f8ab318a2fac25646da5eea8.jpg,white ceramic bathtub,0.2105146944522857,3.551025390625,449.32916259765625,257.7884826660156,634.7134399414062,long,Image file: image_16_jpg.rf.ed142ec0f8ab318a2fac25646da5eea8.jpg. Detected amenity: white ceramic bathtub. Detection confidence: low (0.21). Source prompt type: long.,"You are generating hotel amenity questions for guests browsing accommodation photos. Given the detection summary below, generate a hotel amenity related question that a guest may ask or a guest might want to be answeredwhile browsing accommodation images. Keep the question short, factual, and neutral. Detection summary: Image file: image_16_jpg.rf.ed142ec0f8ab318a2fac25646da5eea8.jpg. Detected amenity: white ceramic bathtub. Detection confidence: low (0.21). Source prompt type: long. Question:",What is the name of the hotel amenity?,What is the name of the bathroom amenity?,Does the room have a bathtub?,Is the bathtub in the room or a shared facility?
image_180_jpg.rf.4c2a5310cf05d7d1dcce1bb9b78e76cb.jpg,white ceramic bathtub,0.2774549722671509,8.833274841308594,419.0729370117188,350.3799743652344,635.4847412109375,long,Image file: image_180_jpg.rf.4c2a5310cf05d7d1dcce1bb9b78e76cb.jpg. Detected amenity: white ceramic bathtub. Detection confidence: low (0.28). Source prompt type: long.,"You are generating hotel amenity questions for guests browsing accommodation photos. Given the detection summary below, generate a hotel amenity related question that a guest may ask or a guest might want to be answeredwhile browsing accommodation images. Keep the question short, factual, and neutral. Detection summary: Image file: image_180_jpg.rf.4c2a5310cf05d7d1dcce1bb9b78e76cb.jpg. Detected amenity: white ceramic bathtub. Detection confidence: low (0.28). Source prompt type: long. Question:",What is the name of the hotel amenity?,What is the name of the bathroom amenity?,Does the room have a bathtub?,Does the hotel room have a separate shower area?
image_121_jpg.rf.3c0b9029bd91f3caef6019aa22b2d657.jpg,white ceramic bathtub,0.1871068477630615,319.5968933105469,430.8724365234375,639.8402709960938,639.2100830078125,long,Image file: image_121_jpg.rf.3c0b9029bd91f3caef6019aa22b2d657.jpg. Detected amenity: white ceramic bathtub. Detection confidence: low (0.19). Source prompt type: long.,"You are generating hotel amenity questions for guests browsing accommodation photos. Given the detection summary below, generate a hotel amenity related question that a guest may ask or a guest might want to be answeredwhile browsing accommodation images. Keep the question short, factual, and neutral. Detection summary: Image file: image_121_jpg.rf.3c0b9029bd91f3caef6019aa22b2d657.jpg. Detected amenity: white ceramic bathtub. Detection confidence: low (0.19). Source prompt type: long. Question:",What is the name of the hotel amenity?,What is the name of the bathroom amenity?,Does the room have a bathtub?,Does the hotel room have a separate shower or is it a shower-over-bathtub setup?
image_156_jpg.rf.ef2baf203261266d285137aa2a7e1132.jpg,white ceramic bathtub,0.147007942199707,310.5700378417969,386.2730407714844,643.7734985351562,637.873046875,long,Image file: image_156_jpg.rf.ef2baf203261266d285137aa2a7e1132.jpg. Detected amenity: white ceramic bathtub. Detection confidence: low (0.15). Source prompt type: long.,"You are generating hotel amenity questions for guests browsing accommodation photos. Given the detection summary below, generate a hotel amenity related question that a guest may ask or a guest might want to be answeredwhile browsing accommodation images. Keep the question short, factual, and neutral. Detection summary: Image file: image_156_jpg.rf.ef2baf203261266d285137aa2a7e1132.jpg. Detected amenity: white ceramic bathtub. Detection confidence: low (0.15). Source prompt type: long. Question:",What is the name of the hotel amenity?,What is the name of the bathroom amenity?,Does the room have a bathtub?,Does the hotel room have a separate shower?
image_156_jpg.rf.ef2baf203261266d285137aa2a7e1132.jpg,white ceramic bathtub,0.2935805022716522,0.6203842163085938,435.1917114257813,339.4810791015625,641.7937622070312,long,Image file: image_156_jpg.rf.ef2baf203261266d285137aa2a7e1132.jpg. Detected amenity: white ceramic bathtub. Detection confidence: low (0.29). Source prompt type: long.,"You are generating hotel amenity questions for guests browsing accommodation photos. Given the detection summary below, generate a hotel amenity related question that a guest may ask or a guest might want to be answeredwhile browsing accommodation images. Keep the question short, factual, and neutral. Detection summary: Image file: image_156_jpg.rf.ef2baf203261266d285137aa2a7e1132.jpg. Detected amenity: white ceramic bathtub. Detection confidence: low (0.29). Source prompt type: long. Question:",What is the name of the hotel amenity?,What is the name of the bathroom amenity?,Does the room have a bathtub?,Is the bathtub separate from the shower or a combined unit?
image_174_jpg.rf.0a0569f3e86915e981d4ecfceed2a33e.jpg,white ceramic bathtub,0.1517234444618225,161.96539306640625,466.3670043945313,520.89404296875,640.2971801757812,long,Image file: image_174_jpg.rf.0a0569f3e86915e981d4ecfceed2a33e.jpg. Detected amenity: white ceramic bathtub. Detection confidence: low (0.15). Source prompt type: long.,"You are generating hotel amenity questions for guests browsing accommodation photos. Given the detection summary below, generate a hotel amenity related question that a guest may ask or a guest might want to be answeredwhile browsing accommodation images. Keep the question short, factual, and neutral. Detection summary: Image file: image_174_jpg.rf.0a0569f3e86915e981d4ecfceed2a33e.jpg. Detected amenity: white ceramic bathtub. Detection confidence: low (0.15). Source prompt type: long. Question:",What is the name of the hotel amenity?,What is the name of the bathroom amenity?,Does the room have a bathtub?,Does the room have a separate shower?
image_104_jpg.rf.76463ed37df28a5bff4a1390233fe8ad.jpg,white ceramic bathtub,0.1007156893610954,327.84326171875,-15.142898559570312,626.8916015625,621.0892944335938,long,Image file: image_104_jpg.rf.76463ed37df28a5bff4a1390233fe8ad.jpg. Detected amenity: white ceramic bathtub. Detection confidence: low (0.10). Source prompt type: long.,"You are generating hotel amenity questions for guests browsing accommodation photos. Given the detection summary below, generate a hotel amenity related question that a guest may ask or a guest might want to be answeredwhile browsing accommodation images. Keep the question short, factual, and neutral. Detection summary: Image file: image_104_jpg.rf.76463ed37df28a5bff4a1390233fe8ad.jpg. Detected amenity: white ceramic bathtub. Detection confidence: low (0.10). Source prompt type: long. Question:",What is the name of the hotel amenity?,What is the name of the bathroom amenity?,Does the room have a bathtub?,Does the room have a walk-in shower or a separate shower area?
image_104_jpg.rf.76463ed37df28a5bff4a1390233fe8ad.jpg,white ceramic bathtub,0.158243715763092,323.8878173828125,486.0092468261719,610.2296142578125,640.4769897460938,long,Image file: image_104_jpg.rf.76463ed37df28a5bff4a1390233fe8ad.jpg. Detected amenity: white ceramic bathtub. Detection confidence: low (0.16). Source prompt type: long.,"You are generating hotel amenity questions for guests browsing accommodation photos. Given the detection summary below, generate a hotel amenity related question that a guest may ask or a guest might want to be answeredwhile browsing accommodation images. Keep the question short, factual, and neutral. Detection summary: Image file: image_104_jpg.rf.76463ed37df28a5bff4a1390233fe8ad.jpg. Detected amenity: white ceramic bathtub. Detection confidence: low (0.16). Source prompt type: long. Question:",What is the name of the hotel amenity?,What is the name of the bathroom amenity?,Does the room have a bathtub?,Is the white ceramic bathtub separate or a part of a shower or tub combination?
image_104_jpg.rf.76463ed37df28a5bff4a1390233fe8ad.jpg,white ceramic bathtub,0.4832129180431366,322.01513671875,482.6229553222656,606.19921875,639.5759887695312,long,Image file: image_104_jpg.rf.76463ed37df28a5bff4a1390233fe8ad.jpg. Detected amenity: white ceramic bathtub. Detection confidence: medium (0.48). Source prompt type: long.,"You are generating hotel amenity questions for guests browsing accommodation photos. Given the detection summary below, generate a hotel amenity related question that a guest may ask or a guest might want to be answeredwhile browsing accommodation images. Keep the question short, factual, and neutral. Detection summary: Image file: image_104_jpg.rf.76463ed37df28a5bff4a1390233fe8ad.jpg. Detected amenity: white ceramic bathtub. Detection confidence: medium (0.48). Source prompt type: long. Question:",What is the name of the hotel amenity?,What is the name of the bathroom amenity?,"Does the room have a separate bathtub, and is it made of ceramic?",Does the hotel room have a separate shower stall?
image_214_jpg.rf.8df04a6e1f62b15584638a9b97bef080.jpg,white ceramic bathtub,0.3153909742832184,2.547168731689453,446.67486572265625,470.6015625,643.1522216796875,long,Image file: image_214_jpg.rf.8df04a6e1f62b15584638a9b97bef080.jpg. Detected amenity: white ceramic bathtub. Detection confidence: medium (0.32). Source prompt type: long.,"You are generating hotel amenity questions for guests browsing accommodation photos. Given the detection summary below, generate a hotel amenity related question that a guest may ask or a guest might want to be answeredwhile browsing accommodation images. Keep the question short, factual, and neutral. Detection summary: Image file: image_214_jpg.rf.8df04a6e1f62b15584638a9b97bef080.jpg. Detected amenity: white ceramic bathtub. Detection confidence: medium (0.32). Source prompt type: long. Question:",What is the name of the hotel amenity?,What is the name of the bathroom amenity?,Does the room have a bathtub?,Does the hotel room have a separate shower?
image_6_jpg.rf.aa9530f81086e4ce1f1f5eb71e2238d9.jpg,white ceramic bathtub,0.1452990174293518,-0.352783203125,433.40576171875,369.828125,640.260009765625,long,Image file: image_6_jpg.rf.aa9530f81086e4ce1f1f5eb71e2238d9.jpg. Detected amenity: white ceramic bathtub. Detection confidence: low (0.15). Source prompt type: long.,"You are generating hotel amenity questions for guests browsing accommodation photos. Given the detection summary below, generate a hotel amenity related question that a guest may ask or a guest might want to be answeredwhile browsing accommodation images. Keep the question short, factual, and neutral. Detection summary: Image file: image_6_jpg.rf.aa9530f81086e4ce1f1f5eb71e2238d9.jpg. Detected amenity: white ceramic bathtub. Detection confidence: low (0.15). Source prompt type: long. Question:",What is the name of the hotel amenity?,What is the name of the bathroom amenity?,Does the room have a bathtub?,Does the hotel room have a separate shower area?
image_96_jpg.rf.296fc863c11be6436a2a5ed05ee47202.jpg,white ceramic bathtub,0.2744669616222381,222.26071166992188,350.4262084960937,634.7577514648438,635.104736328125,long,Image file: image_96_jpg.rf.296fc863c11be6436a2a5ed05ee47202.jpg. Detected amenity: white ceramic bathtub. Detection confidence: low (0.27). Source prompt type: long.,"You are generating hotel amenity questions for guests browsing accommodation photos. Given the detection summary below, generate a hotel amenity related question that a guest may ask or a guest might want to be answeredwhile browsing accommodation images. Keep the question short, factual, and neutral. Detection summary: Image file: image_96_jpg.rf.296fc863c11be6436a2a5ed05ee47202.jpg. Detected amenity: white ceramic bathtub. Detection confidence: low (0.27). Source prompt type: long. Question:",What is the name of the hotel amenity?,What is the name of the bathroom amenity?,Does the room have a bathtub?,Does the hotel room have a separate shower?
image_142_jpg.rf.4813469f69c83290418c52ca9ba07cc9.jpg,white ceramic bathtub,0.1589659005403518,4.930438995361328,2.944316864013672,641.642578125,640.08154296875,long,Image file: image_142_jpg.rf.4813469f69c83290418c52ca9ba07cc9.jpg. Detected amenity: white ceramic bathtub. Detection confidence: low (0.16). Source prompt type: long.,"You are generating hotel amenity questions for guests browsing accommodation photos. Given the detection summary below, generate a hotel amenity related question that a guest may ask or a guest might want to be answeredwhile browsing accommodation images. Keep the question short, factual, and neutral. Detection summary: Image file: image_142_jpg.rf.4813469f69c83290418c52ca9ba07cc9.jpg. Detected amenity: white ceramic bathtub. Detection confidence: low (0.16). Source prompt type: long. Question:",What is the name of the hotel amenity?,What is the name of the bathroom amenity?,Does the room have a bathtub?,Does the hotel room have a walk-in shower or a separate shower stall?
image_142_jpg.rf.4813469f69c83290418c52ca9ba07cc9.jpg,white ceramic bathtub,0.1063339412212371,84.83802032470703,26.110916137695312,352.5386047363281,594.5404663085938,long,Image file: image_142_jpg.rf.4813469f69c83290418c52ca9ba07cc9.jpg. Detected amenity: white ceramic bathtub. Detection confidence: low (0.11). Source prompt type: long.,"You are generating hotel amenity questions for guests browsing accommodation photos. Given the detection summary below, generate a hotel amenity related question that a guest may ask or a guest might want to be answeredwhile browsing accommodation images. Keep the question short, factual, and neutral. Detection summary: Image file: image_142_jpg.rf.4813469f69c83290418c52ca9ba07cc9.jpg. Detected amenity: white ceramic bathtub. Detection confidence: low (0.11). Source prompt type: long. Question:",What is the name of the hotel amenity?,What is the name of the bathroom amenity?,Does the room have a bathtub?,Does the room have a separate shower or is it a shower-over-bathtub setup?
image_142_jpg.rf.4813469f69c83290418c52ca9ba07cc9.jpg,white ceramic bathtub,0.3241449296474457,132.62545776367188,397.1351318359375,344.0975341796875,515.8936157226562,long,Image file: image_142_jpg.rf.4813469f69c83290418c52ca9ba07cc9.jpg. Detected amenity: white ceramic bathtub. Detection confidence: medium (0.32). Source prompt type: long.,"You are generating hotel amenity questions for guests browsing accommodation photos. Given the detection summary below, generate a hotel amenity related question that a guest may ask or a guest might want to be answeredwhile browsing accommodation images. Keep the question short, factual, and neutral. Detection summary: Image file: image_142_jpg.rf.4813469f69c83290418c52ca9ba07cc9.jpg. Detected amenity: white ceramic bathtub. Detection confidence: medium (0.32). Source prompt type: long. Question:",What is the name of the hotel amenity?,What is the name of the bathroom amenity?,Does the room have a bathtub?,Is the bathtub in the room or a shared facility?
image_142_jpg.rf.4813469f69c83290418c52ca9ba07cc9.jpg,white ceramic bathtub,0.102076731622219,348.5662536621094,388.6179809570313,610.0303955078125,636.538818359375,long,Image file: image_142_jpg.rf.4813469f69c83290418c52ca9ba07cc9.jpg. Detected amenity: white ceramic bathtub. Detection confidence: low (0.10). Source prompt type: long.,"You are generating hotel amenity questions for guests browsing accommodation photos. Given the detection summary below, generate a hotel amenity related question that a guest may ask or a guest might want to be answeredwhile browsing accommodation images. Keep the question short, factual, and neutral. Detection summary: Image file: image_142_jpg.rf.4813469f69c83290418c52ca9ba07cc9.jpg. Detected amenity: white ceramic bathtub. Detection confidence: low (0.10). Source prompt type: long. Question:",What is the name of the hotel amenity?,What is the name of the bathroom amenity?,Does the room have a bathtub?,Does the hotel room have a separate shower area?
image_142_jpg.rf.4813469f69c83290418c52ca9ba07cc9.jpg,white ceramic bathtub,0.3627657890319824,89.41132354736328,409.2557373046875,334.4689636230469,638.2711181640625,long,Image file: image_142_jpg.rf.4813469f69c83290418c52ca9ba07cc9.jpg. Detected amenity: white ceramic bathtub. Detection confidence: medium (0.36). Source prompt type: long.,"You are generating hotel amenity questions for guests browsing accommodation photos. Given the detection summary below, generate a hotel amenity related question that a guest may ask or a guest might want to be answeredwhile browsing accommodation images. Keep the question short, factual, and neutral. Detection summary: Image file: image_142_jpg.rf.4813469f69c83290418c52ca9ba07cc9.jpg. Detected amenity: white ceramic bathtub. Detection confidence: medium (0.36). Source prompt type: long. Question:",What is the name of the hotel amenity?,What is the name of the bathroom amenity?,Does the room have a bathtub?,Does the hotel room have a separate shower or just a bathtub?
image_68_jpg.rf.b5b9c41d7ba70886b8e491b2765a7639.jpg,white ceramic bathtub,0.257822722196579,221.573959350586,395.6683349609375,540.5986328125,638.1494140625,long,Image file: image_68_jpg.rf.b5b9c41d7ba70886b8e491b2765a7639.jpg. Detected amenity: white ceramic bathtub. Detection confidence: low (0.26). Source prompt type: long.,"You are generating hotel amenity questions for guests browsing accommodation photos. Given the detection summary below, generate a hotel amenity related question that a guest may ask or a guest might want to be answeredwhile browsing accommodation images. Keep the question short, factual, and neutral. Detection summary: Image file: image_68_jpg.rf.b5b9c41d7ba70886b8e491b2765a7639.jpg. Detected amenity: white ceramic bathtub. Detection confidence: low (0.26). Source prompt type: long. Question:",What is the name of the hotel amenity?,What is the name of the bathroom amenity?,Does the room have a bathtub?,Is the bathtub separate from the shower?
image_41_jpg.rf.2ec14559d2c6c6c32699c6f0c38dcb19.jpg,white ceramic bathtub,0.1530144065618515,373.0421752929688,-3.6941146850585938,642.7411499023438,632.8206176757812,long,Image file: image_41_jpg.rf.2ec14559d2c6c6c32699c6f0c38dcb19.jpg. Detected amenity: white ceramic bathtub. Detection confidence: low (0.15). Source prompt type: long.,"You are generating hotel amenity questions for guests browsing accommodation photos. Given the detection summary below, generate a hotel amenity related question that a guest may ask or a guest might want to be answeredwhile browsing accommodation images. Keep the question short, factual, and neutral. Detection summary: Image file: image_41_jpg.rf.2ec14559d2c6c6c32699c6f0c38dcb19.jpg. Detected amenity: white ceramic bathtub. Detection confidence: low (0.15). Source prompt type: long. Question:",What is the name of the hotel amenity?,What is the name of the bathroom amenity?,Does the room have a bathtub?,Is the bathtub included in the room or is it a shared facility?
image_41_jpg.rf.2ec14559d2c6c6c32699c6f0c38dcb19.jpg,white ceramic bathtub,0.1216950193047523,-3.744068145751953,368.6775207519531,366.00775146484375,641.7249755859375,long,Image file: image_41_jpg.rf.2ec14559d2c6c6c32699c6f0c38dcb19.jpg. Detected amenity: white ceramic bathtub. Detection confidence: low (0.12). Source prompt type: long.,"You are generating hotel amenity questions for guests browsing accommodation photos. Given the detection summary below, generate a hotel amenity related question that a guest may ask or a guest might want to be answeredwhile browsing accommodation images. Keep the question short, factual, and neutral. Detection summary: Image file: image_41_jpg.rf.2ec14559d2c6c6c32699c6f0c38dcb19.jpg. Detected amenity: white ceramic bathtub. Detection confidence: low (0.12). Source prompt type: long. Question:",What is the name of the hotel amenity?,What is the name of the bathroom amenity?,Does the room have a bathtub?,Does the room have a separate shower area?
image_41_jpg.rf.2ec14559d2c6c6c32699c6f0c38dcb19.jpg,white ceramic bathtub,0.3295043706893921,400.7892456054688,412.1940307617188,638.570556640625,638.4808959960938,long,Image file: image_41_jpg.rf.2ec14559d2c6c6c32699c6f0c38dcb19.jpg. Detected amenity: white ceramic bathtub. Detection confidence: medium (0.33). Source prompt type: long.,"You are generating hotel amenity questions for guests browsing accommodation photos. Given the detection summary below, generate a hotel amenity related question that a guest may ask or a guest might want to be answeredwhile browsing accommodation images. Keep the question short, factual, and neutral. Detection summary: Image file: image_41_jpg.rf.2ec14559d2c6c6c32699c6f0c38dcb19.jpg. Detected amenity: white ceramic bathtub. Detection confidence: medium (0.33). Source prompt type: long. Question:",What is the name of the hotel that has a white ceramic bathtub?,What is the name of the bathroom amenity?,Does the room have a bathtub?,Is the bathtub in the room a walk-in or a standard tub?
image_41_jpg.rf.2ec14559d2c6c6c32699c6f0c38dcb19.jpg,white ceramic bathtub,0.1165448203682899,395.121337890625,465.6797790527344,488.4905700683594,632.329345703125,long,Image file: image_41_jpg.rf.2ec14559d2c6c6c32699c6f0c38dcb19.jpg. Detected amenity: white ceramic bathtub. Detection confidence: low (0.12). Source prompt type: long.,"You are generating hotel amenity questions for guests browsing accommodation photos. Given the detection summary below, generate a hotel amenity related question that a guest may ask or a guest might want to be answeredwhile browsing accommodation images. Keep the question short, factual, and neutral. Detection summary: Image file: image_41_jpg.rf.2ec14559d2c6c6c32699c6f0c38dcb19.jpg. Detected amenity: white ceramic bathtub. Detection confidence: low (0.12). Source prompt type: long. Question:",What is the name of the hotel amenity?,What is the name of the bathroom amenity?,Does the room have a bathtub?,Does the room have a shower or just a bathtub?
image_76_jpg.rf.d6a34bd14c72695435023f64e7a3b7ef.jpg,white ceramic bathtub,0.1100601777434349,1.9923782348632808,-0.0073814392089843,638.8604125976562,637.3519287109375,long,Image file: image_76_jpg.rf.d6a34bd14c72695435023f64e7a3b7ef.jpg. Detected amenity: white ceramic bathtub. Detection confidence: low (0.11). Source prompt type: long.,"You are generating hotel amenity questions for guests browsing accommodation photos. Given the detection summary below, generate a hotel amenity related question that a guest may ask or a guest might want to be answeredwhile browsing accommodation images. Keep the question short, factual, and neutral. Detection summary: Image file: image_76_jpg.rf.d6a34bd14c72695435023f64e7a3b7ef.jpg. Detected amenity: white ceramic bathtub. Detection confidence: low (0.11). Source prompt type: long. Question:",What is the name of the hotel amenity?,What is the name of the bathroom amenity?,Does the room have a bathtub?,Is the bathtub made of white ceramic?
image_76_jpg.rf.d6a34bd14c72695435023f64e7a3b7ef.jpg,white ceramic bathtub,0.142522856593132,193.76495361328125,441.3669128417969,619.2119140625,639.7942504882812,long,Image file: image_76_jpg.rf.d6a34bd14c72695435023f64e7a3b7ef.jpg. Detected amenity: white ceramic bathtub. Detection confidence: low (0.14). Source prompt type: long.,"You are generating hotel amenity questions for guests browsing accommodation photos. Given the detection summary below, generate a hotel amenity related question that a guest may ask or a guest might want to be answeredwhile browsing accommodation images. Keep the question short, factual, and neutral. Detection summary: Image file: image_76_jpg.rf.d6a34bd14c72695435023f64e7a3b7ef.jpg. Detected amenity: white ceramic bathtub. Detection confidence: low (0.14). Source prompt type: long. Question:",What is the name of the hotel amenity?,What is the name of the bathroom amenity?,Does the room have a bathtub?,Is the bathtub in the room a walk-in shower or a standalone tub?
image_76_jpg.rf.d6a34bd14c72695435023f64e7a3b7ef.jpg,white ceramic bathtub,0.6336092948913574,188.965087890625,442.1341552734375,620.3845825195312,640.731201171875,long,Image file: image_76_jpg.rf.d6a34bd14c72695435023f64e7a3b7ef.jpg. Detected amenity: white ceramic bathtub. Detection confidence: high (0.63). Source prompt type: long.,"You are generating hotel amenity questions for guests browsing accommodation photos. Given the detection summary below, generate a hotel amenity related question that a guest may ask or a guest might want to be answeredwhile browsing accommodation images. Keep the question short, factual, and neutral. Detection summary: Image file: image_76_jpg.rf.d6a34bd14c72695435023f64e7a3b7ef.jpg. Detected amenity: white ceramic bathtub. Detection confidence: high (0.63). Source prompt type: long. Question:",What is the name of the hotel amenity?,What is the name of the bathroom amenity?,"Does the room come with a bathtub, and is it a separate unit or part of a shower combination?",Is the bathtub separate from the shower?
image_12_jpg.rf.6034ae972d44405c913076577cec4733.jpg,white ceramic bathtub,0.1054974868893623,6.739425659179688,367.7365112304688,362.9263305664063,625.267578125,long,Image file: image_12_jpg.rf.6034ae972d44405c913076577cec4733.jpg. Detected amenity: white ceramic bathtub. Detection confidence: low (0.11). Source prompt type: long.,"You are generating hotel amenity questions for guests browsing accommodation photos. Given the detection summary below, generate a hotel amenity related question that a guest may ask or a guest might want to be answeredwhile browsing accommodation images. Keep the question short, factual, and neutral. Detection summary: Image file: image_12_jpg.rf.6034ae972d44405c913076577cec4733.jpg. Detected amenity: white ceramic bathtub. Detection confidence: low (0.11). Source prompt type: long. Question:",What is the name of the hotel amenity?,What is the name of the bathroom amenity?,Does the room have a bathtub?,Does the hotel room have a walk-in shower or a bathtub?
image_12_jpg.rf.6034ae972d44405c913076577cec4733.jpg,white ceramic bathtub,0.2403936684131622,409.1369018554688,386.3471984863281,642.1094970703125,624.8809204101562,long,Image file: image_12_jpg.rf.6034ae972d44405c913076577cec4733.jpg. Detected amenity: white ceramic bathtub. Detection confidence: low (0.24). Source prompt type: long.,"You are generating hotel amenity questions for guests browsing accommodation photos. Given the detection summary below, generate a hotel amenity related question that a guest may ask or a guest might want to be answeredwhile browsing accommodation images. Keep the question short, factual, and neutral. Detection summary: Image file: image_12_jpg.rf.6034ae972d44405c913076577cec4733.jpg. Detected amenity: white ceramic bathtub. Detection confidence: low (0.24). Source prompt type: long. Question:",What is the name of the hotel amenity?,What is the name of the bathroom amenity?,Does the room have a bathtub?,Is the white ceramic bathtub in the bathroom a standalone unit or part of a shower/bathtub combination?
image_167_jpg.rf.26fee9c9a90c6e4f484769bb579caedd.jpg,white ceramic bathtub,0.2283318191766739,248.49200439453125,434.2135925292969,476.6823120117188,643.5228881835938,long,Image file: image_167_jpg.rf.26fee9c9a90c6e4f484769bb579caedd.jpg. Detected amenity: white ceramic bathtub. Detection confidence: low (0.23). Source prompt type: long.,"You are generating hotel amenity questions for guests browsing accommodation photos. Given the detection summary below, generate a hotel amenity related question that a guest may ask or a guest might want to be answeredwhile browsing accommodation images. Keep the question short, factual, and neutral. Detection summary: Image file: image_167_jpg.rf.26fee9c9a90c6e4f484769bb579caedd.jpg. Detected amenity: white ceramic bathtub. Detection confidence: low (0.23). Source prompt type: long. Question:",What is the name of the hotel amenity?,What is the name of the bathroom amenity?,Does the room have a bathtub?,Does the hotel room have a separate shower or is it a shower-over-bathtub setup?
image_164_jpg.rf.00a60b32c39c50548d0396370a82ce0c.jpg,white ceramic bathtub,0.1414990276098251,290.19891357421875,479.1758728027344,606.1849975585938,640.38232421875,long,Image file: image_164_jpg.rf.00a60b32c39c50548d0396370a82ce0c.jpg. Detected amenity: white ceramic bathtub. Detection confidence: low (0.14). Source prompt type: long.,"You are generating hotel amenity questions for guests browsing accommodation photos. Given the detection summary below, generate a hotel amenity related question that a guest may ask or a guest might want to be answeredwhile browsing accommodation images. Keep the question short, factual, and neutral. Detection summary: Image file: image_164_jpg.rf.00a60b32c39c50548d0396370a82ce0c.jpg. Detected amenity: white ceramic bathtub. Detection confidence: low (0.14). Source prompt type: long. Question:",What is the name of the hotel amenity?,What is the name of the bathroom amenity?,Does the room have a bathtub?,Does the hotel room have a separate shower?
image_164_jpg.rf.00a60b32c39c50548d0396370a82ce0c.jpg,white ceramic bathtub,0.1653575301170349,414.5097351074219,502.7984619140625,609.0303955078125,640.5325317382812,long,Image file: image_164_jpg.rf.00a60b32c39c50548d0396370a82ce0c.jpg. Detected amenity: white ceramic bathtub. Detection confidence: low (0.17). Source prompt type: long.,"You are generating hotel amenity questions for guests browsing accommodation photos. Given the detection summary below, generate a hotel amenity related question that a guest may ask or a guest might want to be answeredwhile browsing accommodation images. Keep the question short, factual, and neutral. Detection summary: Image file: image_164_jpg.rf.00a60b32c39c50548d0396370a82ce0c.jpg. Detected amenity: white ceramic bathtub. Detection confidence: low (0.17). Source prompt type: long. Question:",What is the name of the hotel amenity?,What is the name of the bathroom amenity?,Does the room have a bathtub?,Does the hotel room have a separate shower or is it a shower-over-bathtub setup?
image_243_fp_jpg.rf.1260746595b8c75d3e226822f3cfafa5.jpg,white ceramic bathtub,0.1430509686470031,279.5556640625,399.8306274414063,485.61224365234375,637.1204833984375,long,Image file: image_243_fp_jpg.rf.1260746595b8c75d3e226822f3cfafa5.jpg. Detected amenity: white ceramic bathtub. Detection confidence: low (0.14). Source prompt type: long.,"You are generating hotel amenity questions for guests browsing accommodation photos. Given the detection summary below, generate a hotel amenity related question that a guest may ask or a guest might want to be answeredwhile browsing accommodation images. Keep the question short, factual, and neutral. Detection summary: Image file: image_243_fp_jpg.rf.1260746595b8c75d3e226822f3cfafa5.jpg. Detected amenity: white ceramic bathtub. Detection confidence: low (0.14). Source prompt type: long. Question:",What is the name of the hotel amenity?,What is the name of the bathroom amenity?,Does the room have a bathtub?,Is the bathtub made of white ceramic?
image_177_jpg.rf.542420829367d6e3e6c506bfa43f4004.jpg,white ceramic bathtub,0.2138692438602447,175.88604736328125,303.4947814941406,642.0452880859375,624.9283447265625,long,Image file: image_177_jpg.rf.542420829367d6e3e6c506bfa43f4004.jpg. Detected amenity: white ceramic bathtub. Detection confidence: low (0.21). Source prompt type: long.,"You are generating hotel amenity questions for guests browsing accommodation photos. Given the detection summary below, generate a hotel amenity related question that a guest may ask or a guest might want to be answeredwhile browsing accommodation images. Keep the question short, factual, and neutral. Detection summary: Image file: image_177_jpg.rf.542420829367d6e3e6c506bfa43f4004.jpg. Detected amenity: white ceramic bathtub. Detection confidence: low (0.21). Source prompt type: long. Question:",What is the name of the hotel amenity?,What is the name of the bathroom amenity?,Does the room have a bathtub?,Does the hotel room have a separate shower?
image_3_jpg.rf.ed8ebff0f7cab1333547666c222bc6c4.jpg,white ceramic bathtub,0.1522694677114486,307.885498046875,420.40863037109375,635.785888671875,644.381103515625,long,Image file: image_3_jpg.rf.ed8ebff0f7cab1333547666c222bc6c4.jpg. Detected amenity: white ceramic bathtub. Detection confidence: low (0.15). Source prompt type: long.,"You are generating hotel amenity questions for guests browsing accommodation photos. Given the detection summary below, generate a hotel amenity related question that a guest may ask or a guest might want to be answeredwhile browsing accommodation images. Keep the question short, factual, and neutral. Detection summary: Image file: image_3_jpg.rf.ed8ebff0f7cab1333547666c222bc6c4.jpg. Detected amenity: white ceramic bathtub. Detection confidence: low (0.15). Source prompt type: long. Question:",What is the name of the hotel amenity?,What is the name of the bathroom amenity?,Does the room have a bathtub?,Does the room have a separate shower?
image_84_jpg.rf.7a74ca554feed89da45f8e6521dbffbd.jpg,white ceramic bathtub,0.3219841122627258,-1.2938976287841797,367.71673583984375,252.5666046142578,640.0692749023438,long,Image file: image_84_jpg.rf.7a74ca554feed89da45f8e6521dbffbd.jpg. Detected amenity: white ceramic bathtub. Detection confidence: medium (0.32). Source prompt type: long.,"You are generating hotel amenity questions for guests browsing accommodation photos. Given the detection summary below, generate a hotel amenity related question that a guest may ask or a guest might want to be answeredwhile browsing accommodation images. Keep the question short, factual, and neutral. Detection summary: Image file: image_84_jpg.rf.7a74ca554feed89da45f8e6521dbffbd.jpg. Detected amenity: white ceramic bathtub. Detection confidence: medium (0.32). Source prompt type: long. Question:",What is the name of the hotel amenity?,What is the name of the bathroom amenity?,Does the room have a bathtub?,Does the hotel room have a walk-in shower or a bathtub?
image_117_jpg.rf.902139786f4686be919e7fc8ead55441.jpg,white ceramic bathtub,0.2094148993492126,164.0184783935547,386.1975402832031,380.7251281738281,632.5865478515625,long,Image file: image_117_jpg.rf.902139786f4686be919e7fc8ead55441.jpg. Detected amenity: white ceramic bathtub. Detection confidence: low (0.21). Source prompt type: long.,"You are generating hotel amenity questions for guests browsing accommodation photos. Given the detection summary below, generate a hotel amenity related question that a guest may ask or a guest might want to be answeredwhile browsing accommodation images. Keep the question short, factual, and neutral. Detection summary: Image file: image_117_jpg.rf.902139786f4686be919e7fc8ead55441.jpg. Detected amenity: white ceramic bathtub. Detection confidence: low (0.21). Source prompt type: long. Question:",What is the name of the hotel amenity?,What is the name of the bathroom amenity?,Does the room have a bathtub?,Is the bathtub in the room a walk-in shower or a standalone tub?
image_26_jpg.rf.b90c2de57d828c743eb095d73eabb157.jpg,white ceramic bathtub,0.1298838406801223,347.21807861328125,393.7081604003906,640.647705078125,569.0086669921875,long,Image file: image_26_jpg.rf.b90c2de57d828c743eb095d73eabb157.jpg. Detected amenity: white ceramic bathtub. Detection confidence: low (0.13). Source prompt type: long.,"You are generating hotel amenity questions for guests browsing accommodation photos. Given the detection summary below, generate a hotel amenity related question that a guest may ask or a guest might want to be answeredwhile browsing accommodation images. Keep the question short, factual, and neutral. Detection summary: Image file: image_26_jpg.rf.b90c2de57d828c743eb095d73eabb157.jpg. Detected amenity: white ceramic bathtub. Detection confidence: low (0.13). Source prompt type: long. Question:",What is the name of the hotel amenity?,What is the name of the bathroom amenity?,Does the room have a bathtub?,Is the bathtub separate from the shower?
image_209_jpg.rf.d3d8765e197b74b8b136b4eef8ae562c.jpg,white ceramic bathtub,0.1294842511415481,222.4957275390625,140.94570922851562,523.593994140625,545.7357177734375,long,Image file: image_209_jpg.rf.d3d8765e197b74b8b136b4eef8ae562c.jpg. Detected amenity: white ceramic bathtub. Detection confidence: low (0.13). Source prompt type: long.,"You are generating hotel amenity questions for guests browsing accommodation photos. Given the detection summary below, generate a hotel amenity related question that a guest may ask or a guest might want to be answeredwhile browsing accommodation images. Keep the question short, factual, and neutral. Detection summary: Image file: image_209_jpg.rf.d3d8765e197b74b8b136b4eef8ae562c.jpg. Detected amenity: white ceramic bathtub. Detection confidence: low (0.13). Source prompt type: long. Question:",What is the name of the hotel amenity?,What is the name of the bathroom amenity?,Does the room have a bathtub?,Does the hotel room have a separate shower or a walk-in shower?
image_5_jpg.rf.ada8a9b2f04240d7b406cf3548014f3b.jpg,white ceramic bathtub,0.3381606340408325,132.32810974121094,384.3793029785156,394.0713195800781,551.5543212890625,long,Image file: image_5_jpg.rf.ada8a9b2f04240d7b406cf3548014f3b.jpg. Detected amenity: white ceramic bathtub. Detection confidence: medium (0.34). Source prompt type: long.,"You are generating hotel amenity questions for guests browsing accommodation photos. Given the detection summary below, generate a hotel amenity related question that a guest may ask or a guest might want to be answeredwhile browsing accommodation images. Keep the question short, factual, and neutral. Detection summary: Image file: image_5_jpg.rf.ada8a9b2f04240d7b406cf3548014f3b.jpg. Detected amenity: white ceramic bathtub. Detection confidence: medium (0.34). Source prompt type: long. Question:",What is the name of the hotel that has a white ceramic bathtub?,What is the name of the bathroom amenity?,"Does the room have a bathtub, and is it a separate unit or part of a shower combination?",Does the hotel room have a separate shower or is it a shower-over-bathtub setup?
image_88_jpg.rf.8bd6c85560adfaed06d062d5819d3cec.jpg,white ceramic bathtub,0.1728175282478332,379.3852233886719,339.361572265625,635.2509765625,460.4301452636719,long,Image file: image_88_jpg.rf.8bd6c85560adfaed06d062d5819d3cec.jpg. Detected amenity: white ceramic bathtub. Detection confidence: low (0.17). Source prompt type: long.,"You are generating hotel amenity questions for guests browsing accommodation photos. Given the detection summary below, generate a hotel amenity related question that a guest may ask or a guest might want to be answeredwhile browsing accommodation images. Keep the question short, factual, and neutral. Detection summary: Image file: image_88_jpg.rf.8bd6c85560adfaed06d062d5819d3cec.jpg. Detected amenity: white ceramic bathtub. Detection confidence: low (0.17). Source prompt type: long. Question:",What is the name of the hotel amenity?,What is the name of the bathroom amenity?,Does the room have a bathtub?,Does the hotel room have a separate shower area?
image_88_jpg.rf.8bd6c85560adfaed06d062d5819d3cec.jpg,white ceramic bathtub,0.1576246172189712,379.6792297363281,323.754638671875,640.2447509765625,625.5830078125,long,Image file: image_88_jpg.rf.8bd6c85560adfaed06d062d5819d3cec.jpg. Detected amenity: white ceramic bathtub. Detection confidence: low (0.16). Source prompt type: long.,"You are generating hotel amenity questions for guests browsing accommodation photos. Given the detection summary below, generate a hotel amenity related question that a guest may ask or a guest might want to be answeredwhile browsing accommodation images. Keep the question short, factual, and neutral. Detection summary: Image file: image_88_jpg.rf.8bd6c85560adfaed06d062d5819d3cec.jpg. Detected amenity: white ceramic bathtub. Detection confidence: low (0.16). Source prompt type: long. Question:",What is the name of the hotel amenity?,What is the name of the bathroom amenity?,Does the room have a bathtub?,Does the hotel room have a separate shower?
image_66_jpg.rf.d1719ed41937e4c3975d29f8b63b67ad.jpg,white ceramic bathtub,0.1200803518295288,-4.072151184082031,388.2662353515625,581.1334228515625,625.552734375,long,Image file: image_66_jpg.rf.d1719ed41937e4c3975d29f8b63b67ad.jpg. Detected amenity: white ceramic bathtub. Detection confidence: low (0.12). Source prompt type: long.,"You are generating hotel amenity questions for guests browsing accommodation photos. Given the detection summary below, generate a hotel amenity related question that a guest may ask or a guest might want to be answeredwhile browsing accommodation images. Keep the question short, factual, and neutral. Detection summary: Image file: image_66_jpg.rf.d1719ed41937e4c3975d29f8b63b67ad.jpg. Detected amenity: white ceramic bathtub. Detection confidence: low (0.12). Source prompt type: long. Question:",What is the name of the hotel amenity?,What is the name of the bathroom amenity?,Does the room have a bathtub?,Does the hotel room have a separate shower stall?
image_234_fp_jpg.rf.13eab136a6b38fa01a9c28c31d6e56e7.jpg,white ceramic bathtub,0.165086343884468,291.0122375488281,328.922119140625,455.2806091308594,636.3998413085938,long,Image file: image_234_fp_jpg.rf.13eab136a6b38fa01a9c28c31d6e56e7.jpg. Detected amenity: white ceramic bathtub. Detection confidence: low (0.17). Source prompt type: long.,"You are generating hotel amenity questions for guests browsing accommodation photos. Given the detection summary below, generate a hotel amenity related question that a guest may ask or a guest might want to be answeredwhile browsing accommodation images. Keep the question short, factual, and neutral. Detection summary: Image file: image_234_fp_jpg.rf.13eab136a6b38fa01a9c28c31d6e56e7.jpg. Detected amenity: white ceramic bathtub. Detection confidence: low (0.17). Source prompt type: long. Question:",What is the name of the hotel amenity?,What is the name of the bathroom amenity?,Does the room have a bathtub?,Does the hotel room have a separate shower?
image_109_jpg.rf.d427e4824b1aa2dcffb4a78bdeaaaed1.jpg,white ceramic bathtub,0.1166126579046249,149.97897338867188,301.6800231933594,455.59173583984375,625.7793579101562,long,Image file: image_109_jpg.rf.d427e4824b1aa2dcffb4a78bdeaaaed1.jpg. Detected amenity: white ceramic bathtub. Detection confidence: low (0.12). Source prompt type: long.,"You are generating hotel amenity questions for guests browsing accommodation photos. Given the detection summary below, generate a hotel amenity related question that a guest may ask or a guest might want to be answeredwhile browsing accommodation images. Keep the question short, factual, and neutral. Detection summary: Image file: image_109_jpg.rf.d427e4824b1aa2dcffb4a78bdeaaaed1.jpg. Detected amenity: white ceramic bathtub. Detection confidence: low (0.12). Source prompt type: long. Question:",What is the name of the hotel amenity?,What is the name of the bathroom amenity?,Does the room have a bathtub?,Does the hotel room have a separate shower or is it a shower-over-bathtub setup?
image_79_jpg.rf.439497666bfc09bbe6988d4d09b70c2a.jpg,white ceramic bathtub,0.1191009581089019,-0.1364707946777343,419.2222595214844,298.2548828125,641.201416015625,long,Image file: image_79_jpg.rf.439497666bfc09bbe6988d4d09b70c2a.jpg. Detected amenity: white ceramic bathtub. Detection confidence: low (0.12). Source prompt type: long.,"You are generating hotel amenity questions for guests browsing accommodation photos. Given the detection summary below, generate a hotel amenity related question that a guest may ask or a guest might want to be answeredwhile browsing accommodation images. Keep the question short, factual, and neutral. Detection summary: Image file: image_79_jpg.rf.439497666bfc09bbe6988d4d09b70c2a.jpg. Detected amenity: white ceramic bathtub. Detection confidence: low (0.12). Source prompt type: long. Question:",What is the name of the hotel amenity?,What is the name of the bathroom amenity?,Does the room have a bathtub?,Does the room have a separate shower stall or is the bathtub used for both bathing and showering?
image_133_jpg.rf.73e4a9cb776424dfd5f93b5c358d0712.jpg,white ceramic bathtub,0.1876848638057708,143.15463256835938,424.6226806640625,416.546142578125,639.5994262695312,long,Image file: image_133_jpg.rf.73e4a9cb776424dfd5f93b5c358d0712.jpg. Detected amenity: white ceramic bathtub. Detection confidence: low (0.19). Source prompt type: long.,"You are generating hotel amenity questions for guests browsing accommodation photos. Given the detection summary below, generate a hotel amenity related question that a guest may ask or a guest might want to be answeredwhile browsing accommodation images. Keep the question short, factual, and neutral. Detection summary: Image file: image_133_jpg.rf.73e4a9cb776424dfd5f93b5c358d0712.jpg. Detected amenity: white ceramic bathtub. Detection confidence: low (0.19). Source prompt type: long. Question:",What is the name of the hotel amenity?,What is the name of the bathroom amenity?,Does the room have a bathtub?,Is the bathtub in the room a walk-in or a regular bathtub?
image_204_jpg.rf.83215b328cf761ea6a935a064328e713.jpg,white ceramic bathtub,0.1231433972716331,-2.134227752685547,421.02777099609375,317.3968200683594,630.592529296875,long,Image file: image_204_jpg.rf.83215b328cf761ea6a935a064328e713.jpg. Detected amenity: white ceramic bathtub. Detection confidence: low (0.12). Source prompt type: long.,"You are generating hotel amenity questions for guests browsing accommodation photos. Given the detection summary below, generate a hotel amenity related question that a guest may ask or a guest might want to be answeredwhile browsing accommodation images. Keep the question short, factual, and neutral. Detection summary: Image file: image_204_jpg.rf.83215b328cf761ea6a935a064328e713.jpg. Detected amenity: white ceramic bathtub. Detection confidence: low (0.12). Source prompt type: long. Question:",What is the name of the hotel amenity?,What is the name of the bathroom amenity?,Does the room have a bathtub?,Does the hotel room have a separate shower?
image_205_jpg.rf.3a9d2058fadc0f8ba542e2eae3ee3009.jpg,white ceramic bathtub,0.180591881275177,328.10211181640625,409.04107666015625,641.8944091796875,639.16748046875,long,Image file: image_205_jpg.rf.3a9d2058fadc0f8ba542e2eae3ee3009.jpg. Detected amenity: white ceramic bathtub. Detection confidence: low (0.18). Source prompt type: long.,"You are generating hotel amenity questions for guests browsing accommodation photos. Given the detection summary below, generate a hotel amenity related question that a guest may ask or a guest might want to be answeredwhile browsing accommodation images. Keep the question short, factual, and neutral. Detection summary: Image file: image_205_jpg.rf.3a9d2058fadc0f8ba542e2eae3ee3009.jpg. Detected amenity: white ceramic bathtub. Detection confidence: low (0.18). Source prompt type: long. Question:",What is the name of the hotel amenity?,What is the name of the bathroom amenity?,Does the room have a bathtub?,Does the hotel room have a separate shower?
image_43_jpg.rf.9e4b253645ab3a793f00e81b88724301.jpg,white ceramic bathtub,0.2019741386175155,305.637939453125,463.095703125,619.7044677734375,639.2091064453125,long,Image file: image_43_jpg.rf.9e4b253645ab3a793f00e81b88724301.jpg. Detected amenity: white ceramic bathtub. Detection confidence: low (0.20). Source prompt type: long.,"You are generating hotel amenity questions for guests browsing accommodation photos. Given the detection summary below, generate a hotel amenity related question that a guest may ask or a guest might want to be answeredwhile browsing accommodation images. Keep the question short, factual, and neutral. Detection summary: Image file: image_43_jpg.rf.9e4b253645ab3a793f00e81b88724301.jpg. Detected amenity: white ceramic bathtub. Detection confidence: low (0.20). Source prompt type: long. Question:",What is the name of the hotel amenity?,What is the name of the bathroom amenity?,Does the room have a bathtub?,Does the hotel room have a separate shower?
image_124_jpg.rf.5ad3d32def263e4cf589e320e7deae2d.jpg,white ceramic bathtub,0.1676356047391891,67.93731689453125,394.557861328125,248.59332275390625,638.5568237304688,long,Image file: image_124_jpg.rf.5ad3d32def263e4cf589e320e7deae2d.jpg. Detected amenity: white ceramic bathtub. Detection confidence: low (0.17). Source prompt type: long.,"You are generating hotel amenity questions for guests browsing accommodation photos. Given the detection summary below, generate a hotel amenity related question that a guest may ask or a guest might want to be answeredwhile browsing accommodation images. Keep the question short, factual, and neutral. Detection summary: Image file: image_124_jpg.rf.5ad3d32def263e4cf589e320e7deae2d.jpg. Detected amenity: white ceramic bathtub. Detection confidence: low (0.17). Source prompt type: long. Question:",What is the name of the hotel amenity?,What is the name of the bathroom amenity?,Does the room have a bathtub?,Does the hotel room have a separate shower or is it a shower-over-bathtub setup?
image_124_jpg.rf.5ad3d32def263e4cf589e320e7deae2d.jpg,white ceramic bathtub,0.1296102553606033,306.4336853027344,435.0915832519531,557.1732177734375,631.8280639648438,long,Image file: image_124_jpg.rf.5ad3d32def263e4cf589e320e7deae2d.jpg. Detected amenity: white ceramic bathtub. Detection confidence: low (0.13). Source prompt type: long.,"You are generating hotel amenity questions for guests browsing accommodation photos. Given the detection summary below, generate a hotel amenity related question that a guest may ask or a guest might want to be answeredwhile browsing accommodation images. Keep the question short, factual, and neutral. Detection summary: Image file: image_124_jpg.rf.5ad3d32def263e4cf589e320e7deae2d.jpg. Detected amenity: white ceramic bathtub. Detection confidence: low (0.13). Source prompt type: long. Question:",What is the name of the hotel amenity?,What is the name of the bathroom amenity?,Does the room have a bathtub?,Is the bathtub separate from the shower?
image_53_jpg.rf.8067cc9bf4971f5adc1b3a5151002a8f.jpg,white ceramic bathtub,0.1139139682054519,293.7960510253906,311.11444091796875,643.8607788085938,636.8724365234375,long,Image file: image_53_jpg.rf.8067cc9bf4971f5adc1b3a5151002a8f.jpg. Detected amenity: white ceramic bathtub. Detection confidence: low (0.11). Source prompt type: long.,"You are generating hotel amenity questions for guests browsing accommodation photos. Given the detection summary below, generate a hotel amenity related question that a guest may ask or a guest might want to be answeredwhile browsing accommodation images. Keep the question short, factual, and neutral. Detection summary: Image file: image_53_jpg.rf.8067cc9bf4971f5adc1b3a5151002a8f.jpg. Detected amenity: white ceramic bathtub. Detection confidence: low (0.11). Source prompt type: long. Question:",What is the name of the hotel amenity?,What is the name of the bathroom amenity?,Does the room have a bathtub?,Is the bathtub in the room a standalone tub or a combination tub shower?
image_53_jpg.rf.8067cc9bf4971f5adc1b3a5151002a8f.jpg,white ceramic bathtub,0.1372361630201339,434.51025390625,302.2909240722656,571.9918212890625,520.3627319335938,long,Image file: image_53_jpg.rf.8067cc9bf4971f5adc1b3a5151002a8f.jpg. Detected amenity: white ceramic bathtub. Detection confidence: low (0.14). Source prompt type: long.,"You are generating hotel amenity questions for guests browsing accommodation photos. Given the detection summary below, generate a hotel amenity related question that a guest may ask or a guest might want to be answeredwhile browsing accommodation images. Keep the question short, factual, and neutral. Detection summary: Image file: image_53_jpg.rf.8067cc9bf4971f5adc1b3a5151002a8f.jpg. Detected amenity: white ceramic bathtub. Detection confidence: low (0.14). Source prompt type: long. Question:",What is the name of the hotel amenity?,What is the name of the bathroom amenity?,Does the room have a bathtub?,Does the hotel room have a separate shower area?
image_90_jpg.rf.923d2b46262fb0b34b003a94213094ab.jpg,white ceramic bathtub,0.1265415996313095,65.98228454589844,364.2215576171875,380.6473083496094,613.7637329101562,long,Image file: image_90_jpg.rf.923d2b46262fb0b34b003a94213094ab.jpg. Detected amenity: white ceramic bathtub. Detection confidence: low (0.13). Source prompt type: long.,"You are generating hotel amenity questions for guests browsing accommodation photos. Given the detection summary below, generate a hotel amenity related question that a guest may ask or a guest might want to be answeredwhile browsing accommodation images. Keep the question short, factual, and neutral. Detection summary: Image file: image_90_jpg.rf.923d2b46262fb0b34b003a94213094ab.jpg. Detected amenity: white ceramic bathtub. Detection confidence: low (0.13). Source prompt type: long. Question:",What is the name of the hotel amenity?,What is the name of the bathroom amenity?,Does the room have a bathtub?,Does the hotel room have a shower or a bathtub?
image_203_jpg.rf.eddf43e9860a824021c685dcc6afe6ee.jpg,white ceramic bathtub,0.1958806365728378,47.22257614135742,475.4580078125,484.3731689453125,642.1941528320312,long,Image file: image_203_jpg.rf.eddf43e9860a824021c685dcc6afe6ee.jpg. Detected amenity: white ceramic bathtub. Detection confidence: low (0.20). Source prompt type: long.,"You are generating hotel amenity questions for guests browsing accommodation photos. Given the detection summary below, generate a hotel amenity related question that a guest may ask or a guest might want to be answeredwhile browsing accommodation images. Keep the question short, factual, and neutral. Detection summary: Image file: image_203_jpg.rf.eddf43e9860a824021c685dcc6afe6ee.jpg. Detected amenity: white ceramic bathtub. Detection confidence: low (0.20). Source prompt type: long. Question:",What is the name of the hotel amenity?,What is the name of the bathroom amenity?,Does the room have a bathtub?,Is the white ceramic bathtub in the bathroom for soaking or showering?
image_183_jpg.rf.654be78c489e41c2111612f576ae2a8a.jpg,white ceramic bathtub,0.3398453593254089,1.629486083984375,411.1484375,264.3436584472656,642.735107421875,long,Image file: image_183_jpg.rf.654be78c489e41c2111612f576ae2a8a.jpg. Detected amenity: white ceramic bathtub. Detection confidence: medium (0.34). Source prompt type: long.,"You are generating hotel amenity questions for guests browsing accommodation photos. Given the detection summary below, generate a hotel amenity related question that a guest may ask or a guest might want to be answeredwhile browsing accommodation images. Keep the question short, factual, and neutral. Detection summary: Image file: image_183_jpg.rf.654be78c489e41c2111612f576ae2a8a.jpg. Detected amenity: white ceramic bathtub. Detection confidence: medium (0.34). Source prompt type: long. Question:",What is the name of the hotel that has a white ceramic bathtub?,What is the name of the bathroom amenity?,Does the room have a separate bathtub?,Does the hotel room have a walk-in shower or a separate shower area?
image_211_jpg.rf.4cb9583c68f438ab62e3c79fb62293f4.jpg,white ceramic bathtub,0.2859938740730285,20.936241149902344,362.4398498535156,215.132064819336,479.3136901855469,long,Image file: image_211_jpg.rf.4cb9583c68f438ab62e3c79fb62293f4.jpg. Detected amenity: white ceramic bathtub. Detection confidence: low (0.29). Source prompt type: long.,"You are generating hotel amenity questions for guests browsing accommodation photos. Given the detection summary below, generate a hotel amenity related question that a guest may ask or a guest might want to be answeredwhile browsing accommodation images. Keep the question short, factual, and neutral. Detection summary: Image file: image_211_jpg.rf.4cb9583c68f438ab62e3c79fb62293f4.jpg. Detected amenity: white ceramic bathtub. Detection confidence: low (0.29). Source prompt type: long. Question:",What is the name of the hotel amenity?,What is the name of the bathroom amenity?,Does the room have a bathtub?,Is the bathtub made of white ceramic?
image_181_jpg.rf.8aa57b33c2090b52196b75217d22793c.jpg,white ceramic bathtub,0.1986330896615982,-0.0495719909667968,-2.2092819213867188,638.2451782226562,636.2272338867188,long,Image file: image_181_jpg.rf.8aa57b33c2090b52196b75217d22793c.jpg. Detected amenity: white ceramic bathtub. Detection confidence: low (0.20). Source prompt type: long.,"You are generating hotel amenity questions for guests browsing accommodation photos. Given the detection summary below, generate a hotel amenity related question that a guest may ask or a guest might want to be answeredwhile browsing accommodation images. Keep the question short, factual, and neutral. Detection summary: Image file: image_181_jpg.rf.8aa57b33c2090b52196b75217d22793c.jpg. Detected amenity: white ceramic bathtub. Detection confidence: low (0.20). Source prompt type: long. Question:",What is the name of the hotel amenity?,What is the name of the bathroom amenity?,Does the room have a bathtub?,Is the bathtub in the room a walk-in or a standard bathtub?
image_181_jpg.rf.8aa57b33c2090b52196b75217d22793c.jpg,white ceramic bathtub,0.1005220413208007,435.3112487792969,-3.5788345336914062,640.46484375,631.0192260742188,long,Image file: image_181_jpg.rf.8aa57b33c2090b52196b75217d22793c.jpg. Detected amenity: white ceramic bathtub. Detection confidence: low (0.10). Source prompt type: long.,"You are generating hotel amenity questions for guests browsing accommodation photos. Given the detection summary below, generate a hotel amenity related question that a guest may ask or a guest might want to be answeredwhile browsing accommodation images. Keep the question short, factual, and neutral. Detection summary: Image file: image_181_jpg.rf.8aa57b33c2090b52196b75217d22793c.jpg. Detected amenity: white ceramic bathtub. Detection confidence: low (0.10). Source prompt type: long. Question:",What is the name of the hotel amenity?,What is the name of the bathroom amenity?,Does the room have a bathtub?,Is the bathtub separate from the shower?
image_181_jpg.rf.8aa57b33c2090b52196b75217d22793c.jpg,white ceramic bathtub,0.5544583797454834,2.696704864501953,358.097900390625,412.743896484375,636.9811401367188,long,Image file: image_181_jpg.rf.8aa57b33c2090b52196b75217d22793c.jpg. Detected amenity: white ceramic bathtub. Detection confidence: medium (0.55). Source prompt type: long.,"You are generating hotel amenity questions for guests browsing accommodation photos. Given the detection summary below, generate a hotel amenity related question that a guest may ask or a guest might want to be answeredwhile browsing accommodation images. Keep the question short, factual, and neutral. Detection summary: Image file: image_181_jpg.rf.8aa57b33c2090b52196b75217d22793c.jpg. Detected amenity: white ceramic bathtub. Detection confidence: medium (0.55). Source prompt type: long. Question:",What is the name of the hotel that has a white ceramic bathtub?,What is the name of the bathroom amenity?,Does the room have a separate bathtub?,Is the bathtub in the room or located in a separate bathroom?
image_181_jpg.rf.8aa57b33c2090b52196b75217d22793c.jpg,white ceramic bathtub,0.1379253417253494,8.522071838378906,354.3352966308594,416.2661437988281,634.8140869140625,long,Image file: image_181_jpg.rf.8aa57b33c2090b52196b75217d22793c.jpg. Detected amenity: white ceramic bathtub. Detection confidence: low (0.14). Source prompt type: long.,"You are generating hotel amenity questions for guests browsing accommodation photos. Given the detection summary below, generate a hotel amenity related question that a guest may ask or a guest might want to be answeredwhile browsing accommodation images. Keep the question short, factual, and neutral. Detection summary: Image file: image_181_jpg.rf.8aa57b33c2090b52196b75217d22793c.jpg. Detected amenity: white ceramic bathtub. Detection confidence: low (0.14). Source prompt type: long. Question:",What is the name of the hotel amenity?,What is the name of the bathroom amenity?,Does the room have a bathtub?,Is the bathtub separate from the shower?
image_181_jpg.rf.8aa57b33c2090b52196b75217d22793c.jpg,white ceramic bathtub,0.1182764694094657,-0.0617027282714843,351.595703125,392.872314453125,636.6344604492188,long,Image file: image_181_jpg.rf.8aa57b33c2090b52196b75217d22793c.jpg. Detected amenity: white ceramic bathtub. Detection confidence: low (0.12). Source prompt type: long.,"You are generating hotel amenity questions for guests browsing accommodation photos. Given the detection summary below, generate a hotel amenity related question that a guest may ask or a guest might want to be answeredwhile browsing accommodation images. Keep the question short, factual, and neutral. Detection summary: Image file: image_181_jpg.rf.8aa57b33c2090b52196b75217d22793c.jpg. Detected amenity: white ceramic bathtub. Detection confidence: low (0.12). Source prompt type: long. Question:",What is the name of the hotel amenity?,What is the name of the bathroom amenity?,Does the room have a bathtub?,Does the hotel room have a separate shower stall?
image_181_jpg.rf.8aa57b33c2090b52196b75217d22793c.jpg,white ceramic bathtub,0.1040350049734115,252.07012939453125,394.1126098632813,453.639404296875,637.0748901367188,long,Image file: image_181_jpg.rf.8aa57b33c2090b52196b75217d22793c.jpg. Detected amenity: white ceramic bathtub. Detection confidence: low (0.10). Source prompt type: long.,"You are generating hotel amenity questions for guests browsing accommodation photos. Given the detection summary below, generate a hotel amenity related question that a guest may ask or a guest might want to be answeredwhile browsing accommodation images. Keep the question short, factual, and neutral. Detection summary: Image file: image_181_jpg.rf.8aa57b33c2090b52196b75217d22793c.jpg. Detected amenity: white ceramic bathtub. Detection confidence: low (0.10). Source prompt type: long. Question:",What is the name of the hotel amenity?,What is the name of the bathroom amenity?,Does the room have a bathtub?,Is the bathtub separate from the shower?
image_181_jpg.rf.8aa57b33c2090b52196b75217d22793c.jpg,white ceramic bathtub,0.1353645175695419,420.6378479003906,408.5741882324219,635.7429809570312,636.8773193359375,long,Image file: image_181_jpg.rf.8aa57b33c2090b52196b75217d22793c.jpg. Detected amenity: white ceramic bathtub. Detection confidence: low (0.14). Source prompt type: long.,"You are generating hotel amenity questions for guests browsing accommodation photos. Given the detection summary below, generate a hotel amenity related question that a guest may ask or a guest might want to be answeredwhile browsing accommodation images. Keep the question short, factual, and neutral. Detection summary: Image file: image_181_jpg.rf.8aa57b33c2090b52196b75217d22793c.jpg. Detected amenity: white ceramic bathtub. Detection confidence: low (0.14). Source prompt type: long. Question:",What is the name of the hotel amenity?,What is the name of the bathroom amenity?,Does the room have a bathtub?,Does the hotel room have a separate shower area?
image_181_jpg.rf.8aa57b33c2090b52196b75217d22793c.jpg,white ceramic bathtub,0.1099935993552208,34.52965545654297,462.3581237792969,277.7342224121094,635.7322387695312,long,Image file: image_181_jpg.rf.8aa57b33c2090b52196b75217d22793c.jpg. Detected amenity: white ceramic bathtub. Detection confidence: low (0.11). Source prompt type: long.,"You are generating hotel amenity questions for guests browsing accommodation photos. Given the detection summary below, generate a hotel amenity related question that a guest may ask or a guest might want to be answeredwhile browsing accommodation images. Keep the question short, factual, and neutral. Detection summary: Image file: image_181_jpg.rf.8aa57b33c2090b52196b75217d22793c.jpg. Detected amenity: white ceramic bathtub. Detection confidence: low (0.11). Source prompt type: long. Question:",What is the name of the hotel amenity?,What is the name of the bathroom amenity?,Does the room have a bathtub?,Does the hotel room have a separate shower?
image_74_jpg.rf.9cfbe6437a7bea453a47141dbb94933c.jpg,white ceramic bathtub,0.1779858469963073,266.8995361328125,414.39837646484375,523.9185791015625,618.5158081054688,long,Image file: image_74_jpg.rf.9cfbe6437a7bea453a47141dbb94933c.jpg. Detected amenity: white ceramic bathtub. Detection confidence: low (0.18). Source prompt type: long.,"You are generating hotel amenity questions for guests browsing accommodation photos. Given the detection summary below, generate a hotel amenity related question that a guest may ask or a guest might want to be answeredwhile browsing accommodation images. Keep the question short, factual, and neutral. Detection summary: Image file: image_74_jpg.rf.9cfbe6437a7bea453a47141dbb94933c.jpg. Detected amenity: white ceramic bathtub. Detection confidence: low (0.18). Source prompt type: long. Question:",What is the name of the hotel amenity?,What is the name of the bathroom amenity?,Does the room have a bathtub?,Is the bathtub separate from the shower?
image_67_jpg.rf.43884fa03bdfadfc7c78f879d93d6dbf.jpg,white ceramic bathtub,0.1362163722515106,0.2857112884521484,347.5077514648437,173.773193359375,637.2108764648438,long,Image file: image_67_jpg.rf.43884fa03bdfadfc7c78f879d93d6dbf.jpg. Detected amenity: white ceramic bathtub. Detection confidence: low (0.14). Source prompt type: long.,"You are generating hotel amenity questions for guests browsing accommodation photos. Given the detection summary below, generate a hotel amenity related question that a guest may ask or a guest might want to be answeredwhile browsing accommodation images. Keep the question short, factual, and neutral. Detection summary: Image file: image_67_jpg.rf.43884fa03bdfadfc7c78f879d93d6dbf.jpg. Detected amenity: white ceramic bathtub. Detection confidence: low (0.14). Source prompt type: long. Question:",What is the name of the hotel amenity?,What is the name of the bathroom amenity?,Does the room have a bathtub?,Does the hotel room have a separate shower?
image_67_jpg.rf.43884fa03bdfadfc7c78f879d93d6dbf.jpg,white ceramic bathtub,0.176218494772911,423.7039794921875,374.5975341796875,636.6680297851562,639.3074951171875,long,Image file: image_67_jpg.rf.43884fa03bdfadfc7c78f879d93d6dbf.jpg. Detected amenity: white ceramic bathtub. Detection confidence: low (0.18). Source prompt type: long.,"You are generating hotel amenity questions for guests browsing accommodation photos. Given the detection summary below, generate a hotel amenity related question that a guest may ask or a guest might want to be answeredwhile browsing accommodation images. Keep the question short, factual, and neutral. Detection summary: Image file: image_67_jpg.rf.43884fa03bdfadfc7c78f879d93d6dbf.jpg. Detected amenity: white ceramic bathtub. Detection confidence: low (0.18). Source prompt type: long. Question:",What is the name of the hotel amenity?,What is the name of the bathroom amenity?,Does the room have a bathtub?,Does the room have a separate shower area?
image_38_jpg.rf.75260065d6c37fefda6362169013f00b.jpg,white ceramic bathtub,0.1126958057284355,0.3174209594726562,1.2071418762207031,638.3280029296875,637.8040771484375,long,Image file: image_38_jpg.rf.75260065d6c37fefda6362169013f00b.jpg. Detected amenity: white ceramic bathtub. Detection confidence: low (0.11). Source prompt type: long.,"You are generating hotel amenity questions for guests browsing accommodation photos. Given the detection summary below, generate a hotel amenity related question that a guest may ask or a guest might want to be answeredwhile browsing accommodation images. Keep the question short, factual, and neutral. Detection summary: Image file: image_38_jpg.rf.75260065d6c37fefda6362169013f00b.jpg. Detected amenity: white ceramic bathtub. Detection confidence: low (0.11). Source prompt type: long. Question:",What is the name of the hotel amenity?,What is the name of the bathroom amenity?,Does the room have a bathtub?,Is the bathtub in the room or a shared bathroom facility?
image_38_jpg.rf.75260065d6c37fefda6362169013f00b.jpg,white ceramic bathtub,0.193969115614891,235.8226776123047,413.1603698730469,328.6343688964844,500.254638671875,long,Image file: image_38_jpg.rf.75260065d6c37fefda6362169013f00b.jpg. Detected amenity: white ceramic bathtub. Detection confidence: low (0.19). Source prompt type: long.,"You are generating hotel amenity questions for guests browsing accommodation photos. Given the detection summary below, generate a hotel amenity related question that a guest may ask or a guest might want to be answeredwhile browsing accommodation images. Keep the question short, factual, and neutral. Detection summary: Image file: image_38_jpg.rf.75260065d6c37fefda6362169013f00b.jpg. Detected amenity: white ceramic bathtub. Detection confidence: low (0.19). Source prompt type: long. Question:",What is the name of the hotel amenity?,What is the name of the bathroom amenity?,Does the room have a bathtub?,Does the room have a walk-in shower or a separate shower area?
image_38_jpg.rf.75260065d6c37fefda6362169013f00b.jpg,white ceramic bathtub,0.3701394200325012,-1.4984130859375,387.2124633789063,235.30084228515625,641.5406494140625,long,Image file: image_38_jpg.rf.75260065d6c37fefda6362169013f00b.jpg. Detected amenity: white ceramic bathtub. Detection confidence: medium (0.37). Source prompt type: long.,"You are generating hotel amenity questions for guests browsing accommodation photos. Given the detection summary below, generate a hotel amenity related question that a guest may ask or a guest might want to be answeredwhile browsing accommodation images. Keep the question short, factual, and neutral. Detection summary: Image file: image_38_jpg.rf.75260065d6c37fefda6362169013f00b.jpg. Detected amenity: white ceramic bathtub. Detection confidence: medium (0.37). Source prompt type: long. Question:",What is the name of the hotel that has a white ceramic bathtub?,What is the name of the bathroom amenity?,Does the room have a bathtub?,Does the hotel room have a separate shower?
image_73_jpg.rf.24f6459c6cfcc3edae262c7a9453d6f8.jpg,white ceramic bathtub,0.155930146574974,-3.6313247680664062,443.2649230957031,188.87954711914065,643.1932373046875,long,Image file: image_73_jpg.rf.24f6459c6cfcc3edae262c7a9453d6f8.jpg. Detected amenity: white ceramic bathtub. Detection confidence: low (0.16). Source prompt type: long.,"You are generating hotel amenity questions for guests browsing accommodation photos. Given the detection summary below, generate a hotel amenity related question that a guest may ask or a guest might want to be answeredwhile browsing accommodation images. Keep the question short, factual, and neutral. Detection summary: Image file: image_73_jpg.rf.24f6459c6cfcc3edae262c7a9453d6f8.jpg. Detected amenity: white ceramic bathtub. Detection confidence: low (0.16). Source prompt type: long. Question:",What is the name of the hotel amenity?,What is the name of the bathroom amenity?,Does the room have a bathtub?,Is the bathtub separate from the shower?
image_73_jpg.rf.24f6459c6cfcc3edae262c7a9453d6f8.jpg,white ceramic bathtub,0.2468028515577316,277.77667236328125,368.8747863769531,642.4691772460938,647.4133911132812,long,Image file: image_73_jpg.rf.24f6459c6cfcc3edae262c7a9453d6f8.jpg. Detected amenity: white ceramic bathtub. Detection confidence: low (0.25). Source prompt type: long.,"You are generating hotel amenity questions for guests browsing accommodation photos. Given the detection summary below, generate a hotel amenity related question that a guest may ask or a guest might want to be answeredwhile browsing accommodation images. Keep the question short, factual, and neutral. Detection summary: Image file: image_73_jpg.rf.24f6459c6cfcc3edae262c7a9453d6f8.jpg. Detected amenity: white ceramic bathtub. Detection confidence: low (0.25). Source prompt type: long. Question:",What is the name of the hotel amenity?,What is the name of the bathroom amenity?,Does the room have a bathtub?,Is the bathtub in the room a walk-in shower or a separate tub?
image_97_jpg.rf.9e80bda1d83e2ffdfc46b9c6072deb67.jpg,white ceramic bathtub,0.1649580150842666,220.57470703125,496.2081909179688,335.3866271972656,616.3177490234375,long,Image file: image_97_jpg.rf.9e80bda1d83e2ffdfc46b9c6072deb67.jpg. Detected amenity: white ceramic bathtub. Detection confidence: low (0.16). Source prompt type: long.,"You are generating hotel amenity questions for guests browsing accommodation photos. Given the detection summary below, generate a hotel amenity related question that a guest may ask or a guest might want to be answeredwhile browsing accommodation images. Keep the question short, factual, and neutral. Detection summary: Image file: image_97_jpg.rf.9e80bda1d83e2ffdfc46b9c6072deb67.jpg. Detected amenity: white ceramic bathtub. Detection confidence: low (0.16). Source prompt type: long. Question:",What is the name of the hotel amenity?,What is the name of the bathroom amenity?,Does the room have a bathtub?,Does the room have a separate shower?
image_49_jpg.rf.7a4a5b96835696fc6ac6809e85922cd3.jpg,white ceramic bathtub,0.1993433684110641,10.231952667236328,366.5203247070313,271.1325378417969,627.1155395507812,long,Image file: image_49_jpg.rf.7a4a5b96835696fc6ac6809e85922cd3.jpg. Detected amenity: white ceramic bathtub. Detection confidence: low (0.20). Source prompt type: long.,"You are generating hotel amenity questions for guests browsing accommodation photos. Given the detection summary below, generate a hotel amenity related question that a guest may ask or a guest might want to be answeredwhile browsing accommodation images. Keep the question short, factual, and neutral. Detection summary: Image file: image_49_jpg.rf.7a4a5b96835696fc6ac6809e85922cd3.jpg. Detected amenity: white ceramic bathtub. Detection confidence: low (0.20). Source prompt type: long. Question:",What is the name of the hotel amenity?,What is the name of the bathroom amenity?,Does the room have a bathtub?,Does the hotel room have a separate shower?
image_78_jpg.rf.f74697c0839071d8287b1c2fc2294013.jpg,white ceramic bathtub,0.1303995549678802,29.625959396362305,467.03326416015625,206.05145263671875,642.738037109375,long,Image file: image_78_jpg.rf.f74697c0839071d8287b1c2fc2294013.jpg. Detected amenity: white ceramic bathtub. Detection confidence: low (0.13). Source prompt type: long.,"You are generating hotel amenity questions for guests browsing accommodation photos. Given the detection summary below, generate a hotel amenity related question that a guest may ask or a guest might want to be answeredwhile browsing accommodation images. Keep the question short, factual, and neutral. Detection summary: Image file: image_78_jpg.rf.f74697c0839071d8287b1c2fc2294013.jpg. Detected amenity: white ceramic bathtub. Detection confidence: low (0.13). Source prompt type: long. Question:",What is the name of the hotel amenity?,What is the name of the bathroom amenity?,Does the room have a bathtub?,Does the hotel room have a separate shower area?
image_77_jpg.rf.1ab047f42073f263159f644061485d43.jpg,white ceramic bathtub,0.2315829247236251,335.19708251953125,528.273681640625,619.0560302734375,639.12353515625,long,Image file: image_77_jpg.rf.1ab047f42073f263159f644061485d43.jpg. Detected amenity: white ceramic bathtub. Detection confidence: low (0.23). Source prompt type: long.,"You are generating hotel amenity questions for guests browsing accommodation photos. Given the detection summary below, generate a hotel amenity related question that a guest may ask or a guest might want to be answeredwhile browsing accommodation images. Keep the question short, factual, and neutral. Detection summary: Image file: image_77_jpg.rf.1ab047f42073f263159f644061485d43.jpg. Detected amenity: white ceramic bathtub. Detection confidence: low (0.23). Source prompt type: long. Question:",What is the name of the hotel amenity?,What is the name of the bathroom amenity?,Does the room have a bathtub?,Is the bathtub in the room or a separate bathroom?
image_70_jpg.rf.31764efb1387bec5b98c275a840b3874.jpg,white ceramic bathtub,0.1285444051027298,-2.1096324920654297,501.36224365234375,316.1004943847656,636.341796875,long,Image file: image_70_jpg.rf.31764efb1387bec5b98c275a840b3874.jpg. Detected amenity: white ceramic bathtub. Detection confidence: low (0.13). Source prompt type: long.,"You are generating hotel amenity questions for guests browsing accommodation photos. Given the detection summary below, generate a hotel amenity related question that a guest may ask or a guest might want to be answeredwhile browsing accommodation images. Keep the question short, factual, and neutral. Detection summary: Image file: image_70_jpg.rf.31764efb1387bec5b98c275a840b3874.jpg. Detected amenity: white ceramic bathtub. Detection confidence: low (0.13). Source prompt type: long. Question:",What is the name of the hotel amenity?,What is the name of the bathroom amenity?,Does the room have a bathtub?,Does the hotel room have a walk-in shower or a separate shower area?
image_103_jpg.rf.5a2a13dfadaafe7d7ea69a1ef4687768.jpg,white ceramic bathtub,0.1088574230670929,419.10784912109375,305.3020324707031,639.46826171875,642.4279174804688,long,Image file: image_103_jpg.rf.5a2a13dfadaafe7d7ea69a1ef4687768.jpg. Detected amenity: white ceramic bathtub. Detection confidence: low (0.11). Source prompt type: long.,"You are generating hotel amenity questions for guests browsing accommodation photos. Given the detection summary below, generate a hotel amenity related question that a guest may ask or a guest might want to be answeredwhile browsing accommodation images. Keep the question short, factual, and neutral. Detection summary: Image file: image_103_jpg.rf.5a2a13dfadaafe7d7ea69a1ef4687768.jpg. Detected amenity: white ceramic bathtub. Detection confidence: low (0.11). Source prompt type: long. Question:",What is the name of the hotel amenity?,What is the name of the bathroom amenity?,Does the room have a bathtub?,Does the hotel room have a separate shower stall?
image_113_jpg.rf.919e53f9fab018728c4570c6d9fbd794.jpg,white ceramic bathtub,0.1188248693943023,260.0590209960937,457.9597473144531,592.6517944335938,642.406494140625,long,Image file: image_113_jpg.rf.919e53f9fab018728c4570c6d9fbd794.jpg. Detected amenity: white ceramic bathtub. Detection confidence: low (0.12). Source prompt type: long.,"You are generating hotel amenity questions for guests browsing accommodation photos. Given the detection summary below, generate a hotel amenity related question that a guest may ask or a guest might want to be answeredwhile browsing accommodation images. Keep the question short, factual, and neutral. Detection summary: Image file: image_113_jpg.rf.919e53f9fab018728c4570c6d9fbd794.jpg. Detected amenity: white ceramic bathtub. Detection confidence: low (0.12). Source prompt type: long. Question:",What is the name of the hotel amenity?,What is the name of the bathroom amenity?,Does the room have a bathtub?,Does the hotel room have a separate shower?
image_161_jpg.rf.1733468d50607110358e42805a0c0641.jpg,white ceramic bathtub,0.1025910228490829,139.23553466796875,375.5281372070313,416.5376586914063,569.6168823242188,long,Image file: image_161_jpg.rf.1733468d50607110358e42805a0c0641.jpg. Detected amenity: white ceramic bathtub. Detection confidence: low (0.10). Source prompt type: long.,"You are generating hotel amenity questions for guests browsing accommodation photos. Given the detection summary below, generate a hotel amenity related question that a guest may ask or a guest might want to be answeredwhile browsing accommodation images. Keep the question short, factual, and neutral. Detection summary: Image file: image_161_jpg.rf.1733468d50607110358e42805a0c0641.jpg. Detected amenity: white ceramic bathtub. Detection confidence: low (0.10). Source prompt type: long. Question:",What is the name of the hotel amenity?,What is the name of the bathroom amenity?,Does the room have a bathtub?,Is the bathtub a walk-in or standard size?
image_161_jpg.rf.1733468d50607110358e42805a0c0641.jpg,white ceramic bathtub,0.4131007790565491,443.2611083984375,422.1797180175781,637.4932861328125,637.87158203125,long,Image file: image_161_jpg.rf.1733468d50607110358e42805a0c0641.jpg. Detected amenity: white ceramic bathtub. Detection confidence: medium (0.41). Source prompt type: long.,"You are generating hotel amenity questions for guests browsing accommodation photos. Given the detection summary below, generate a hotel amenity related question that a guest may ask or a guest might want to be answeredwhile browsing accommodation images. Keep the question short, factual, and neutral. Detection summary: Image file: image_161_jpg.rf.1733468d50607110358e42805a0c0641.jpg. Detected amenity: white ceramic bathtub. Detection confidence: medium (0.41). Source prompt type: long. Question:",What is the name of the hotel amenity?,What is the name of the bathroom amenity?,Does the room have a bathtub?,Does the hotel room have a walk-in shower or a bathtub?
image_155_jpg.rf.e1f7532cfc45538616d9e76448fb8ab2.jpg,white ceramic bathtub,0.1855860501527786,21.898298263549805,430.63128662109375,321.84002685546875,639.0975341796875,long,Image file: image_155_jpg.rf.e1f7532cfc45538616d9e76448fb8ab2.jpg. Detected amenity: white ceramic bathtub. Detection confidence: low (0.19). Source prompt type: long.,"You are generating hotel amenity questions for guests browsing accommodation photos. Given the detection summary below, generate a hotel amenity related question that a guest may ask or a guest might want to be answeredwhile browsing accommodation images. Keep the question short, factual, and neutral. Detection summary: Image file: image_155_jpg.rf.e1f7532cfc45538616d9e76448fb8ab2.jpg. Detected amenity: white ceramic bathtub. Detection confidence: low (0.19). Source prompt type: long. Question:",What is the name of the hotel amenity?,What is the name of the bathroom amenity?,Does the room have a bathtub?,Does the hotel room have a separate shower area?
image_207_jpg.rf.726375a50f5cd855de3ec88e741a71b9.jpg,white ceramic bathtub,0.1170393601059913,321.4425964355469,383.5330200195313,643.783447265625,633.10400390625,long,Image file: image_207_jpg.rf.726375a50f5cd855de3ec88e741a71b9.jpg. Detected amenity: white ceramic bathtub. Detection confidence: low (0.12). Source prompt type: long.,"You are generating hotel amenity questions for guests browsing accommodation photos. Given the detection summary below, generate a hotel amenity related question that a guest may ask or a guest might want to be answeredwhile browsing accommodation images. Keep the question short, factual, and neutral. Detection summary: Image file: image_207_jpg.rf.726375a50f5cd855de3ec88e741a71b9.jpg. Detected amenity: white ceramic bathtub. Detection confidence: low (0.12). Source prompt type: long. Question:",What is the name of the hotel amenity?,What is the name of the bathroom amenity?,Does the room have a bathtub?,Does the hotel room have a separate shower?
image_175_jpg.rf.f6ea66016e19eca6bed70a83cf868b02.jpg,white ceramic bathtub,0.1422368139028549,102.60725402832033,134.26248168945312,552.703369140625,471.55120849609375,long,Image file: image_175_jpg.rf.f6ea66016e19eca6bed70a83cf868b02.jpg. Detected amenity: white ceramic bathtub. Detection confidence: low (0.14). Source prompt type: long.,"You are generating hotel amenity questions for guests browsing accommodation photos. Given the detection summary below, generate a hotel amenity related question that a guest may ask or a guest might want to be answeredwhile browsing accommodation images. Keep the question short, factual, and neutral. Detection summary: Image file: image_175_jpg.rf.f6ea66016e19eca6bed70a83cf868b02.jpg. Detected amenity: white ceramic bathtub. Detection confidence: low (0.14). Source prompt type: long. Question:",What is the name of the hotel amenity?,What is the name of the bathroom amenity?,Does the room have a bathtub?,Is the bathtub in the room or a separate bathroom?
image_123_jpg.rf.e87d07c04b184177c5c84d27fb5ce202.jpg,white ceramic bathtub,0.1341792196035385,1.3317489624023438,3.0496788024902344,297.6628723144531,637.932373046875,long,Image file: image_123_jpg.rf.e87d07c04b184177c5c84d27fb5ce202.jpg. Detected amenity: white ceramic bathtub. Detection confidence: low (0.13). Source prompt type: long.,"You are generating hotel amenity questions for guests browsing accommodation photos. Given the detection summary below, generate a hotel amenity related question that a guest may ask or a guest might want to be answeredwhile browsing accommodation images. Keep the question short, factual, and neutral. Detection summary: Image file: image_123_jpg.rf.e87d07c04b184177c5c84d27fb5ce202.jpg. Detected amenity: white ceramic bathtub. Detection confidence: low (0.13). Source prompt type: long. Question:",What is the name of the hotel amenity?,What is the name of the bathroom amenity?,Does the room have a bathtub?,Is the white ceramic bathtub in the room?
image_123_jpg.rf.e87d07c04b184177c5c84d27fb5ce202.jpg,white ceramic bathtub,0.1066167876124382,2.540864944458008,472.33404541015625,269.9959716796875,640.8323974609375,long,Image file: image_123_jpg.rf.e87d07c04b184177c5c84d27fb5ce202.jpg. Detected amenity: white ceramic bathtub. Detection confidence: low (0.11). Source prompt type: long.,"You are generating hotel amenity questions for guests browsing accommodation photos. Given the detection summary below, generate a hotel amenity related question that a guest may ask or a guest might want to be answeredwhile browsing accommodation images. Keep the question short, factual, and neutral. Detection summary: Image file: image_123_jpg.rf.e87d07c04b184177c5c84d27fb5ce202.jpg. Detected amenity: white ceramic bathtub. Detection confidence: low (0.11). Source prompt type: long. Question:",What is the name of the hotel amenity?,What is the name of the bathroom amenity?,Does the room have a bathtub?,Does the hotel room have a separate shower or is it a shower-over-bathtub setup?
image_28_jpg.rf.b8535e3aa3218282cc77a22a4746d940.jpg,bathtub with shower,0.1900229752063751,4.117355346679688,-0.6097984313964844,642.4828491210938,636.9708251953125,variants,Image file: image_28_jpg.rf.b8535e3aa3218282cc77a22a4746d940.jpg. Detected amenity: bathtub with shower. Detection confidence: low (0.19). Source prompt type: variants.,"You are generating hotel amenity questions for guests browsing accommodation photos. Given the detection summary below, generate a hotel amenity related question that a guest may ask or a guest might want to be answeredwhile browsing accommodation images. Keep the question short, factual, and neutral. Detection summary: Image file: image_28_jpg.rf.b8535e3aa3218282cc77a22a4746d940.jpg. Detected amenity: bathtub with shower. Detection confidence: low (0.19). Source prompt type: variants. Question:",What is the name of the hotel that has a bathtub with shower?,What is the size of the bathroom?,Does the room have a separate bathtub and shower or a combined bathtub with shower?,Is the bathtub separate from the shower?
image_28_jpg.rf.b8535e3aa3218282cc77a22a4746d940.jpg,jacuzzi bathtub,0.123328223824501,-0.4831123352050781,340.1010437011719,356.1100769042969,611.427734375,variants,Image file: image_28_jpg.rf.b8535e3aa3218282cc77a22a4746d940.jpg. Detected amenity: jacuzzi bathtub. Detection confidence: low (0.12). Source prompt type: variants.,"You are generating hotel amenity questions for guests browsing accommodation photos. Given the detection summary below, generate a hotel amenity related question that a guest may ask or a guest might want to be answeredwhile browsing accommodation images. Keep the question short, factual, and neutral. Detection summary: Image file: image_28_jpg.rf.b8535e3aa3218282cc77a22a4746d940.jpg. Detected amenity: jacuzzi bathtub. Detection confidence: low (0.12). Source prompt type: variants. Question:",What type of amenity is the jacuzzi bathtub?,What is the name of the hotel's jacuzzi bathtub?,Does this room come with a jacuzzi bathtub?,Is the jacuzzi bathtub available for guest use?
image_28_jpg.rf.b8535e3aa3218282cc77a22a4746d940.jpg,bathtub,0.2933824956417084,-0.2539634704589844,351.459228515625,354.25439453125,601.0574951171875,variants,Image file: image_28_jpg.rf.b8535e3aa3218282cc77a22a4746d940.jpg. Detected amenity: bathtub. Detection confidence: low (0.29). Source prompt type: variants.,"You are generating hotel amenity questions for guests browsing accommodation photos. Given the detection summary below, generate a hotel amenity related question that a guest may ask or a guest might want to be answeredwhile browsing accommodation images. Keep the question short, factual, and neutral. Detection summary: Image file: image_28_jpg.rf.b8535e3aa3218282cc77a22a4746d940.jpg. Detected amenity: bathtub. Detection confidence: low (0.29). Source prompt type: variants. Question:",What is the name of the hotel amenity?,What is the name of the hotel's bathtub?,Does this room have a bathtub?,Is there a bathtub in the room?
image_28_jpg.rf.b8535e3aa3218282cc77a22a4746d940.jpg,jacuzzi bathtub,0.1329257488250732,340.7731628417969,403.92095947265625,636.243896484375,632.8912353515625,variants,Image file: image_28_jpg.rf.b8535e3aa3218282cc77a22a4746d940.jpg. Detected amenity: jacuzzi bathtub. Detection confidence: low (0.13). Source prompt type: variants.,"You are generating hotel amenity questions for guests browsing accommodation photos. Given the detection summary below, generate a hotel amenity related question that a guest may ask or a guest might want to be answeredwhile browsing accommodation images. Keep the question short, factual, and neutral. Detection summary: Image file: image_28_jpg.rf.b8535e3aa3218282cc77a22a4746d940.jpg. Detected amenity: jacuzzi bathtub. Detection confidence: low (0.13). Source prompt type: variants. Question:",What is the name of the hotel that has a jacuzzi bathtub?,What is the name of the hotel's jacuzzi bathtub?,Does this room come with a jacuzzi bathtub?,Is the jacuzzi bathtub available in all rooms or is it a feature in specific suites?
image_28_jpg.rf.b8535e3aa3218282cc77a22a4746d940.jpg,bathtub,0.5284017324447632,333.8162536621094,436.6530151367188,637.705322265625,637.6221313476562,variants,Image file: image_28_jpg.rf.b8535e3aa3218282cc77a22a4746d940.jpg. Detected amenity: bathtub. Detection confidence: medium (0.53). Source prompt type: variants.,"You are generating hotel amenity questions for guests browsing accommodation photos. Given the detection summary below, generate a hotel amenity related question that a guest may ask or a guest might want to be answeredwhile browsing accommodation images. Keep the question short, factual, and neutral. Detection summary: Image file: image_28_jpg.rf.b8535e3aa3218282cc77a22a4746d940.jpg. Detected amenity: bathtub. Detection confidence: medium (0.53). Source prompt type: variants. Question:",What is the name of the hotel amenity?,What type of amenity is the bathtub?,Does this room have a bathtub?,Does the bathtub have a shower attachment?
image_107_jpg.rf.af5e3a5945f12270da1104b704bdc995.jpg,bathtub,0.493270993232727,340.69805908203125,373.4248046875,579.342529296875,633.9684448242188,variants,Image file: image_107_jpg.rf.af5e3a5945f12270da1104b704bdc995.jpg. Detected amenity: bathtub. Detection confidence: medium (0.49). Source prompt type: variants.,"You are generating hotel amenity questions for guests browsing accommodation photos. Given the detection summary below, generate a hotel amenity related question that a guest may ask or a guest might want to be answeredwhile browsing accommodation images. Keep the question short, factual, and neutral. Detection summary: Image file: image_107_jpg.rf.af5e3a5945f12270da1104b704bdc995.jpg. Detected amenity: bathtub. Detection confidence: medium (0.49). Source prompt type: variants. Question:",What is the name of the hotel amenity?,What is the name of the hotel's bathtub?,Does this room have a bathtub?,Does the bathtub have a separate shower?
image_182_jpg.rf.d060435883ce78592cae06e17b14f735.jpg,bathtub,0.1267427653074264,252.61990356445312,480.101806640625,521.6730346679688,571.29052734375,variants,Image file: image_182_jpg.rf.d060435883ce78592cae06e17b14f735.jpg. Detected amenity: bathtub. Detection confidence: low (0.13). Source prompt type: variants.,"You are generating hotel amenity questions for guests browsing accommodation photos. Given the detection summary below, generate a hotel amenity related question that a guest may ask or a guest might want to be answeredwhile browsing accommodation images. Keep the question short, factual, and neutral. Detection summary: Image file: image_182_jpg.rf.d060435883ce78592cae06e17b14f735.jpg. Detected amenity: bathtub. Detection confidence: low (0.13). Source prompt type: variants. Question:",What is the name of the hotel amenity?,What is the name of the hotel's bathtub?,Does the room have a bathtub?,Does the hotel room have a separate shower stall?
image_189_jpg.rf.4cea852ad7c21055001c0bbcd5a04701.jpg,bathtub,0.2141037285327911,247.40573120117188,371.1950988769531,396.1306457519531,464.630615234375,variants,Image file: image_189_jpg.rf.4cea852ad7c21055001c0bbcd5a04701.jpg. Detected amenity: bathtub. Detection confidence: low (0.21). Source prompt type: variants.,"You are generating hotel amenity questions for guests browsing accommodation photos. Given the detection summary below, generate a hotel amenity related question that a guest may ask or a guest might want to be answeredwhile browsing accommodation images. Keep the question short, factual, and neutral. Detection summary: Image file: image_189_jpg.rf.4cea852ad7c21055001c0bbcd5a04701.jpg. Detected amenity: bathtub. Detection confidence: low (0.21). Source prompt type: variants. Question:",What is the name of the hotel amenity?,What is the name of the hotel's bathtub?,Does the room have a bathtub?,Is there a bathtub in the room?
image_189_jpg.rf.4cea852ad7c21055001c0bbcd5a04701.jpg,jacuzzi bathtub,0.1071207746863365,247.9675445556641,372.43756103515625,398.1545715332031,467.359130859375,variants,Image file: image_189_jpg.rf.4cea852ad7c21055001c0bbcd5a04701.jpg. Detected amenity: jacuzzi bathtub. Detection confidence: low (0.11). Source prompt type: variants.,"You are generating hotel amenity questions for guests browsing accommodation photos. Given the detection summary below, generate a hotel amenity related question that a guest may ask or a guest might want to be answeredwhile browsing accommodation images. Keep the question short, factual, and neutral. Detection summary: Image file: image_189_jpg.rf.4cea852ad7c21055001c0bbcd5a04701.jpg. Detected amenity: jacuzzi bathtub. Detection confidence: low (0.11). Source prompt type: variants. Question:",What type of amenity is the jacuzzi bathtub?,What is the name of the hotel's jacuzzi bathtub?,Does this room come with a jacuzzi bathtub?,Is the jacuzzi bathtub available for guest use?
image_190_jpg.rf.9ca1b83677aad57f957076376edd7669.jpg,jacuzzi bathtub,0.1007516831159591,1.5286540985107422,359.48455810546875,219.6440887451172,637.729248046875,variants,Image file: image_190_jpg.rf.9ca1b83677aad57f957076376edd7669.jpg. Detected amenity: jacuzzi bathtub. Detection confidence: low (0.10). Source prompt type: variants.,"You are generating hotel amenity questions for guests browsing accommodation photos. Given the detection summary below, generate a hotel amenity related question that a guest may ask or a guest might want to be answeredwhile browsing accommodation images. Keep the question short, factual, and neutral. Detection summary: Image file: image_190_jpg.rf.9ca1b83677aad57f957076376edd7669.jpg. Detected amenity: jacuzzi bathtub. Detection confidence: low (0.10). Source prompt type: variants. Question:",What type of amenity is the jacuzzi bathtub?,What is the name of the hotel's jacuzzi bathtub?,Does this room come with a jacuzzi bathtub?,Does the room have a private jacuzzi bathtub?
image_190_jpg.rf.9ca1b83677aad57f957076376edd7669.jpg,bathtub,0.146573469042778,204.3641357421875,371.9030151367188,633.6339721679688,630.235595703125,variants,Image file: image_190_jpg.rf.9ca1b83677aad57f957076376edd7669.jpg. Detected amenity: bathtub. Detection confidence: low (0.15). Source prompt type: variants.,"You are generating hotel amenity questions for guests browsing accommodation photos. Given the detection summary below, generate a hotel amenity related question that a guest may ask or a guest might want to be answeredwhile browsing accommodation images. Keep the question short, factual, and neutral. Detection summary: Image file: image_190_jpg.rf.9ca1b83677aad57f957076376edd7669.jpg. Detected amenity: bathtub. Detection confidence: low (0.15). Source prompt type: variants. Question:",What is the name of the hotel amenity?,What is the name of the hotel's bathtub?,Does this room have a bathtub?,Is there a bathtub in the room?
image_190_jpg.rf.9ca1b83677aad57f957076376edd7669.jpg,bathtub,0.2456261664628982,209.84591674804688,408.6604309082031,408.4441528320313,604.046142578125,variants,Image file: image_190_jpg.rf.9ca1b83677aad57f957076376edd7669.jpg. Detected amenity: bathtub. Detection confidence: low (0.25). Source prompt type: variants.,"You are generating hotel amenity questions for guests browsing accommodation photos. Given the detection summary below, generate a hotel amenity related question that a guest may ask or a guest might want to be answeredwhile browsing accommodation images. Keep the question short, factual, and neutral. Detection summary: Image file: image_190_jpg.rf.9ca1b83677aad57f957076376edd7669.jpg. Detected amenity: bathtub. Detection confidence: low (0.25). Source prompt type: variants. Question:",What is the name of the hotel amenity?,What is the name of the hotel's bathtub?,Does this room have a bathtub?,Does the bathtub have a shower attachment?
image_190_jpg.rf.9ca1b83677aad57f957076376edd7669.jpg,bathtub,0.1543909758329391,387.5138854980469,517.1959228515625,636.1795654296875,637.8814086914062,variants,Image file: image_190_jpg.rf.9ca1b83677aad57f957076376edd7669.jpg. Detected amenity: bathtub. Detection confidence: low (0.15). Source prompt type: variants.,"You are generating hotel amenity questions for guests browsing accommodation photos. Given the detection summary below, generate a hotel amenity related question that a guest may ask or a guest might want to be answeredwhile browsing accommodation images. Keep the question short, factual, and neutral. Detection summary: Image file: image_190_jpg.rf.9ca1b83677aad57f957076376edd7669.jpg. Detected amenity: bathtub. Detection confidence: low (0.15). Source prompt type: variants. Question:",What is the name of the hotel amenity?,What is the name of the hotel's bathtub?,Does this room have a bathtub?,Is there a bathtub in the room?
image_48_jpg.rf.1d874ce20336c05973439631199b88c0.jpg,bathtub,0.187854453921318,46.44190979003906,377.1609802246094,327.4816589355469,638.15625,variants,Image file: image_48_jpg.rf.1d874ce20336c05973439631199b88c0.jpg. Detected amenity: bathtub. Detection confidence: low (0.19). Source prompt type: variants.,"You are generating hotel amenity questions for guests browsing accommodation photos. Given the detection summary below, generate a hotel amenity related question that a guest may ask or a guest might want to be answeredwhile browsing accommodation images. Keep the question short, factual, and neutral. Detection summary: Image file: image_48_jpg.rf.1d874ce20336c05973439631199b88c0.jpg. Detected amenity: bathtub. Detection confidence: low (0.19). Source prompt type: variants. Question:",What is the name of the hotel amenity?,What is the name of the hotel's bathtub?,Does this room have a bathtub?,Is there a bathtub in the room?
image_82_jpg.rf.dcaf4e02875272c066c6c218df348895.jpg,bathtub,0.1378785073757171,342.524169921875,403.2315368652344,627.0206298828125,634.38427734375,variants,Image file: image_82_jpg.rf.dcaf4e02875272c066c6c218df348895.jpg. Detected amenity: bathtub. Detection confidence: low (0.14). Source prompt type: variants.,"You are generating hotel amenity questions for guests browsing accommodation photos. Given the detection summary below, generate a hotel amenity related question that a guest may ask or a guest might want to be answeredwhile browsing accommodation images. Keep the question short, factual, and neutral. Detection summary: Image file: image_82_jpg.rf.dcaf4e02875272c066c6c218df348895.jpg. Detected amenity: bathtub. Detection confidence: low (0.14). Source prompt type: variants. Question:",What is the name of the hotel amenity?,What is the name of the hotel's bathtub?,Does this room have a bathtub?,Is there a bathtub in the room?
image_106_jpg.rf.e25bdeb6e8ad8bc2c8873c4a044711d0.jpg,bathtub,0.3813734352588653,258.51568603515625,368.6380310058594,602.1246948242188,636.8216552734375,variants,Image file: image_106_jpg.rf.e25bdeb6e8ad8bc2c8873c4a044711d0.jpg. Detected amenity: bathtub. Detection confidence: medium (0.38). Source prompt type: variants.,"You are generating hotel amenity questions for guests browsing accommodation photos. Given the detection summary below, generate a hotel amenity related question that a guest may ask or a guest might want to be answeredwhile browsing accommodation images. Keep the question short, factual, and neutral. Detection summary: Image file: image_106_jpg.rf.e25bdeb6e8ad8bc2c8873c4a044711d0.jpg. Detected amenity: bathtub. Detection confidence: medium (0.38). Source prompt type: variants. Question:",What is the name of the hotel amenity?,What type of amenity is the bathtub?,Does this room have a bathtub?,Is the bathtub separate from the shower?
image_213_jpg.rf.3210fc4e335bddb375f596f76f443609.jpg,bathtub,0.156471848487854,72.90190124511719,201.8408966064453,451.4958190917969,357.93853759765625,variants,Image file: image_213_jpg.rf.3210fc4e335bddb375f596f76f443609.jpg. Detected amenity: bathtub. Detection confidence: low (0.16). Source prompt type: variants.,"You are generating hotel amenity questions for guests browsing accommodation photos. Given the detection summary below, generate a hotel amenity related question that a guest may ask or a guest might want to be answeredwhile browsing accommodation images. Keep the question short, factual, and neutral. Detection summary: Image file: image_213_jpg.rf.3210fc4e335bddb375f596f76f443609.jpg. Detected amenity: bathtub. Detection confidence: low (0.16). Source prompt type: variants. Question:",What is the name of the hotel amenity?,What is the name of the hotel's bathtub?,Does this room have a bathtub?,Is there a bathtub in the room?
image_20_jpg.rf.d75748499f118bc755aa30fe2f02ffb2.jpg,bathtub with shower,0.1046333909034729,-1.0734367370605469,1.9732666015625,636.5233764648438,639.6611938476562,variants,Image file: image_20_jpg.rf.d75748499f118bc755aa30fe2f02ffb2.jpg. Detected amenity: bathtub with shower. Detection confidence: low (0.10). Source prompt type: variants.,"You are generating hotel amenity questions for guests browsing accommodation photos. Given the detection summary below, generate a hotel amenity related question that a guest may ask or a guest might want to be answeredwhile browsing accommodation images. Keep the question short, factual, and neutral. Detection summary: Image file: image_20_jpg.rf.d75748499f118bc755aa30fe2f02ffb2.jpg. Detected amenity: bathtub with shower. Detection confidence: low (0.10). Source prompt type: variants. Question:",What is the name of the hotel with a bathtub with shower?,What is the size of the bathroom?,Does the room have a separate bathtub and shower or a combined bathtub with shower?,Is the bathtub with shower a walk-in or a standard tub?
image_20_jpg.rf.d75748499f118bc755aa30fe2f02ffb2.jpg,bathtub,0.2179746329784393,58.470211029052734,230.45681762695312,457.5777587890625,606.2593383789062,variants,Image file: image_20_jpg.rf.d75748499f118bc755aa30fe2f02ffb2.jpg. Detected amenity: bathtub. Detection confidence: low (0.22). Source prompt type: variants.,"You are generating hotel amenity questions for guests browsing accommodation photos. Given the detection summary below, generate a hotel amenity related question that a guest may ask or a guest might want to be answeredwhile browsing accommodation images. Keep the question short, factual, and neutral. Detection summary: Image file: image_20_jpg.rf.d75748499f118bc755aa30fe2f02ffb2.jpg. Detected amenity: bathtub. Detection confidence: low (0.22). Source prompt type: variants. Question:",What is the name of the hotel amenity?,What is the name of the hotel's bathtub?,Does the room have a bathtub?,Is there a bathtub in the room?
image_178_jpg.rf.6edc380713af1c2a2d007cb73c1e94a5.jpg,bathtub with shower,0.1272250562906265,7.0862579345703125,0.2538871765136719,301.3882751464844,633.7059936523438,variants,Image file: image_178_jpg.rf.6edc380713af1c2a2d007cb73c1e94a5.jpg. Detected amenity: bathtub with shower. Detection confidence: low (0.13). Source prompt type: variants.,"You are generating hotel amenity questions for guests browsing accommodation photos. Given the detection summary below, generate a hotel amenity related question that a guest may ask or a guest might want to be answeredwhile browsing accommodation images. Keep the question short, factual, and neutral. Detection summary: Image file: image_178_jpg.rf.6edc380713af1c2a2d007cb73c1e94a5.jpg. Detected amenity: bathtub with shower. Detection confidence: low (0.13). Source prompt type: variants. Question:",What is the name of the hotel with a bathtub with shower?,What is the name of the bathroom amenity?,Does the room have a separate bathtub and shower or a combined bathtub with shower?,Is the bathtub separate from the shower area?
image_178_jpg.rf.6edc380713af1c2a2d007cb73c1e94a5.jpg,bathtub,0.505462110042572,20.702152252197266,438.7805480957031,300.5198059082031,637.025390625,variants,Image file: image_178_jpg.rf.6edc380713af1c2a2d007cb73c1e94a5.jpg. Detected amenity: bathtub. Detection confidence: medium (0.51). Source prompt type: variants.,"You are generating hotel amenity questions for guests browsing accommodation photos. Given the detection summary below, generate a hotel amenity related question that a guest may ask or a guest might want to be answeredwhile browsing accommodation images. Keep the question short, factual, and neutral. Detection summary: Image file: image_178_jpg.rf.6edc380713af1c2a2d007cb73c1e94a5.jpg. Detected amenity: bathtub. Detection confidence: medium (0.51). Source prompt type: variants. Question:",What is the name of the hotel amenity?,What type of amenity is the bathtub?,Does this room have a bathtub?,Is the bathtub separate from the shower?
image_140_jpg.rf.c4e445ec565bc828426802e9d00d2e2e.jpg,bathtub with shower,0.1940437108278274,1.5589141845703125,1.5285682678222656,638.997802734375,639.0113525390625,variants,Image file: image_140_jpg.rf.c4e445ec565bc828426802e9d00d2e2e.jpg. Detected amenity: bathtub with shower. Detection confidence: low (0.19). Source prompt type: variants.,"You are generating hotel amenity questions for guests browsing accommodation photos. Given the detection summary below, generate a hotel amenity related question that a guest may ask or a guest might want to be answeredwhile browsing accommodation images. Keep the question short, factual, and neutral. Detection summary: Image file: image_140_jpg.rf.c4e445ec565bc828426802e9d00d2e2e.jpg. Detected amenity: bathtub with shower. Detection confidence: low (0.19). Source prompt type: variants. Question:",What is the name of the hotel with a bathtub with shower?,What is the size of the bathroom?,Does the room have a separate bathtub and shower or a combined bathtub with shower?,Is the bathtub separate from the shower or a single tub shower unit?
image_140_jpg.rf.c4e445ec565bc828426802e9d00d2e2e.jpg,bathtub with shower,0.1569992452859878,4.836082458496094,2.447509765625,369.4318237304688,639.0982666015625,variants,Image file: image_140_jpg.rf.c4e445ec565bc828426802e9d00d2e2e.jpg. Detected amenity: bathtub with shower. Detection confidence: low (0.16). Source prompt type: variants.,"You are generating hotel amenity questions for guests browsing accommodation photos. Given the detection summary below, generate a hotel amenity related question that a guest may ask or a guest might want to be answeredwhile browsing accommodation images. Keep the question short, factual, and neutral. Detection summary: Image file: image_140_jpg.rf.c4e445ec565bc828426802e9d00d2e2e.jpg. Detected amenity: bathtub with shower. Detection confidence: low (0.16). Source prompt type: variants. Question:",What is the name of the hotel with a bathtub with shower?,What is the name of the bathroom amenity?,Does the room have a separate bathtub and shower or a combined bathtub with shower?,Is there a separate shower stall in addition to the bathtub?
image_140_jpg.rf.c4e445ec565bc828426802e9d00d2e2e.jpg,bathtub,0.1032444238662719,158.88946533203125,493.0511779785156,310.7587280273437,619.0035400390625,variants,Image file: image_140_jpg.rf.c4e445ec565bc828426802e9d00d2e2e.jpg. Detected amenity: bathtub. Detection confidence: low (0.10). Source prompt type: variants.,"You are generating hotel amenity questions for guests browsing accommodation photos. Given the detection summary below, generate a hotel amenity related question that a guest may ask or a guest might want to be answeredwhile browsing accommodation images. Keep the question short, factual, and neutral. Detection summary: Image file: image_140_jpg.rf.c4e445ec565bc828426802e9d00d2e2e.jpg. Detected amenity: bathtub. Detection confidence: low (0.10). Source prompt type: variants. Question:",What is the name of the hotel amenity?,What is the name of the hotel's bathtub?,Does the room have a bathtub?,Does the room have a separate shower stall?
image_140_jpg.rf.c4e445ec565bc828426802e9d00d2e2e.jpg,bathtub,0.3431854844093323,15.23784637451172,484.3560485839844,375.9062194824219,636.042236328125,variants,Image file: image_140_jpg.rf.c4e445ec565bc828426802e9d00d2e2e.jpg. Detected amenity: bathtub. Detection confidence: medium (0.34). Source prompt type: variants.,"You are generating hotel amenity questions for guests browsing accommodation photos. Given the detection summary below, generate a hotel amenity related question that a guest may ask or a guest might want to be answeredwhile browsing accommodation images. Keep the question short, factual, and neutral. Detection summary: Image file: image_140_jpg.rf.c4e445ec565bc828426802e9d00d2e2e.jpg. Detected amenity: bathtub. Detection confidence: medium (0.34). Source prompt type: variants. Question:",What is the name of the hotel amenity?,What type of amenity is the bathtub?,Does this room have a bathtub?,Does the bathtub have a shower attachment?
image_199_jpg.rf.ce53fb235760cc9c51bba7b701b7ddbf.jpg,jacuzzi bathtub,0.2677948772907257,216.9113311767578,418.57952880859375,412.9739990234375,560.2415161132812,variants,Image file: image_199_jpg.rf.ce53fb235760cc9c51bba7b701b7ddbf.jpg. Detected amenity: jacuzzi bathtub. Detection confidence: low (0.27). Source prompt type: variants.,"You are generating hotel amenity questions for guests browsing accommodation photos. Given the detection summary below, generate a hotel amenity related question that a guest may ask or a guest might want to be answeredwhile browsing accommodation images. Keep the question short, factual, and neutral. Detection summary: Image file: image_199_jpg.rf.ce53fb235760cc9c51bba7b701b7ddbf.jpg. Detected amenity: jacuzzi bathtub. Detection confidence: low (0.27). Source prompt type: variants. Question:",What type of amenity is the jacuzzi bathtub?,What is the name of the hotel's jacuzzi bathtub?,Does this room come with a jacuzzi bathtub?,Does the room have a private jacuzzi bathtub?
image_199_jpg.rf.ce53fb235760cc9c51bba7b701b7ddbf.jpg,bathtub,0.4076859951019287,217.19764709472656,419.2214660644531,411.6812438964844,561.9358520507812,variants,Image file: image_199_jpg.rf.ce53fb235760cc9c51bba7b701b7ddbf.jpg. Detected amenity: bathtub. Detection confidence: medium (0.41). Source prompt type: variants.,"You are generating hotel amenity questions for guests browsing accommodation photos. Given the detection summary below, generate a hotel amenity related question that a guest may ask or a guest might want to be answeredwhile browsing accommodation images. Keep the question short, factual, and neutral. Detection summary: Image file: image_199_jpg.rf.ce53fb235760cc9c51bba7b701b7ddbf.jpg. Detected amenity: bathtub. Detection confidence: medium (0.41). Source prompt type: variants. Question:",What is the name of the hotel amenity?,What type of amenity is the bathtub?,Does this room have a bathtub?,Is the bathtub separate from the shower?
image_200_jpg.rf.2dd5ae1b5dadabe2af28d4b5b643827c.jpg,bathtub,0.4802623391151428,9.924087524414062,500.67041015625,632.6685791015625,643.98291015625,variants,Image file: image_200_jpg.rf.2dd5ae1b5dadabe2af28d4b5b643827c.jpg. Detected amenity: bathtub. Detection confidence: medium (0.48). Source prompt type: variants.,"You are generating hotel amenity questions for guests browsing accommodation photos. Given the detection summary below, generate a hotel amenity related question that a guest may ask or a guest might want to be answeredwhile browsing accommodation images. Keep the question short, factual, and neutral. Detection summary: Image file: image_200_jpg.rf.2dd5ae1b5dadabe2af28d4b5b643827c.jpg. Detected amenity: bathtub. Detection confidence: medium (0.48). Source prompt type: variants. Question:",What is the name of the hotel amenity?,What is the name of the hotel's bathtub?,Does the room have a bathtub?,Is the bathtub separate from the shower?
image_193_jpg.rf.af66b4c1f9396b7d207e6bb45856cf2b.jpg,bathtub,0.3276147246360779,66.82452392578125,391.8518371582031,250.9976959228516,564.9956665039062,variants,Image file: image_193_jpg.rf.af66b4c1f9396b7d207e6bb45856cf2b.jpg. Detected amenity: bathtub. Detection confidence: medium (0.33). Source prompt type: variants.,"You are generating hotel amenity questions for guests browsing accommodation photos. Given the detection summary below, generate a hotel amenity related question that a guest may ask or a guest might want to be answeredwhile browsing accommodation images. Keep the question short, factual, and neutral. Detection summary: Image file: image_193_jpg.rf.af66b4c1f9396b7d207e6bb45856cf2b.jpg. Detected amenity: bathtub. Detection confidence: medium (0.33). Source prompt type: variants. Question:",What is the name of the hotel amenity?,What type of amenity is the bathtub?,Does this room have a bathtub?,Is the bathtub separate from the shower?
image_267_fp_jpg.rf.0d386f59fa4a45097352ac3fde1be15e.jpg,jacuzzi bathtub,0.1049981266260147,198.68394470214844,263.9387512207031,587.0792236328125,638.9850463867188,variants,Image file: image_267_fp_jpg.rf.0d386f59fa4a45097352ac3fde1be15e.jpg. Detected amenity: jacuzzi bathtub. Detection confidence: low (0.10). Source prompt type: variants.,"You are generating hotel amenity questions for guests browsing accommodation photos. Given the detection summary below, generate a hotel amenity related question that a guest may ask or a guest might want to be answeredwhile browsing accommodation images. Keep the question short, factual, and neutral. Detection summary: Image file: image_267_fp_jpg.rf.0d386f59fa4a45097352ac3fde1be15e.jpg. Detected amenity: jacuzzi bathtub. Detection confidence: low (0.10). Source prompt type: variants. Question:",What type of amenity is the jacuzzi bathtub?,What is the name of the hotel's jacuzzi bathtub?,Does this room come with a jacuzzi bathtub?,Is the jacuzzi bathtub available in every room?
image_191_jpg.rf.c9d6b2afcb3448c01c164481bcc661f4.jpg,jacuzzi bathtub,0.1052504479885101,187.5644073486328,413.39544677734375,608.761962890625,638.1768188476562,variants,Image file: image_191_jpg.rf.c9d6b2afcb3448c01c164481bcc661f4.jpg. Detected amenity: jacuzzi bathtub. Detection confidence: low (0.11). Source prompt type: variants.,"You are generating hotel amenity questions for guests browsing accommodation photos. Given the detection summary below, generate a hotel amenity related question that a guest may ask or a guest might want to be answeredwhile browsing accommodation images. Keep the question short, factual, and neutral. Detection summary: Image file: image_191_jpg.rf.c9d6b2afcb3448c01c164481bcc661f4.jpg. Detected amenity: jacuzzi bathtub. Detection confidence: low (0.11). Source prompt type: variants. Question:",What type of amenity is the jacuzzi bathtub?,What is the name of the hotel's jacuzzi bathtub?,Does this room come with a jacuzzi bathtub?,Does the hotel room have a private jacuzzi bathtub?
image_191_jpg.rf.c9d6b2afcb3448c01c164481bcc661f4.jpg,bathtub,0.3597908914089203,347.616943359375,431.7376098632813,609.9854736328125,612.4010620117188,variants,Image file: image_191_jpg.rf.c9d6b2afcb3448c01c164481bcc661f4.jpg. Detected amenity: bathtub. Detection confidence: medium (0.36). Source prompt type: variants.,"You are generating hotel amenity questions for guests browsing accommodation photos. Given the detection summary below, generate a hotel amenity related question that a guest may ask or a guest might want to be answeredwhile browsing accommodation images. Keep the question short, factual, and neutral. Detection summary: Image file: image_191_jpg.rf.c9d6b2afcb3448c01c164481bcc661f4.jpg. Detected amenity: bathtub. Detection confidence: medium (0.36). Source prompt type: variants. Question:",What is the name of the hotel amenity?,What type of amenity is the bathtub?,Does the room have a bathtub?,Does the hotel room have a separate shower or is it a shower-over-bathtub setup?
image_173_jpg.rf.add297beffb9a895fa999a2562b36b9c.jpg,bathtub with shower,0.1019077375531196,401.8533935546875,3.168907165527344,636.7981567382812,571.7015991210938,variants,Image file: image_173_jpg.rf.add297beffb9a895fa999a2562b36b9c.jpg. Detected amenity: bathtub with shower. Detection confidence: low (0.10). Source prompt type: variants.,"You are generating hotel amenity questions for guests browsing accommodation photos. Given the detection summary below, generate a hotel amenity related question that a guest may ask or a guest might want to be answeredwhile browsing accommodation images. Keep the question short, factual, and neutral. Detection summary: Image file: image_173_jpg.rf.add297beffb9a895fa999a2562b36b9c.jpg. Detected amenity: bathtub with shower. Detection confidence: low (0.10). Source prompt type: variants. Question:",What is the name of the hotel with a bathtub with shower?,What is the name of the bathroom amenity?,Does the room have a separate bathtub and shower or a combined bathtub with shower?,Is there a bathtub with a shower in the room?
image_173_jpg.rf.add297beffb9a895fa999a2562b36b9c.jpg,bathtub,0.2112521082162857,403.9405517578125,311.6357421875,475.0555114746094,601.9597778320312,variants,Image file: image_173_jpg.rf.add297beffb9a895fa999a2562b36b9c.jpg. Detected amenity: bathtub. Detection confidence: low (0.21). Source prompt type: variants.,"You are generating hotel amenity questions for guests browsing accommodation photos. Given the detection summary below, generate a hotel amenity related question that a guest may ask or a guest might want to be answeredwhile browsing accommodation images. Keep the question short, factual, and neutral. Detection summary: Image file: image_173_jpg.rf.add297beffb9a895fa999a2562b36b9c.jpg. Detected amenity: bathtub. Detection confidence: low (0.21). Source prompt type: variants. Question:",What is the name of the hotel amenity?,What is the name of the hotel's bathtub?,Does this room have a bathtub?,Does the bathtub have a shower attachment?
image_173_jpg.rf.add297beffb9a895fa999a2562b36b9c.jpg,bathtub,0.1923916786909103,403.9181518554688,326.5951843261719,636.3088989257812,639.5802612304688,variants,Image file: image_173_jpg.rf.add297beffb9a895fa999a2562b36b9c.jpg. Detected amenity: bathtub. Detection confidence: low (0.19). Source prompt type: variants.,"You are generating hotel amenity questions for guests browsing accommodation photos. Given the detection summary below, generate a hotel amenity related question that a guest may ask or a guest might want to be answeredwhile browsing accommodation images. Keep the question short, factual, and neutral. Detection summary: Image file: image_173_jpg.rf.add297beffb9a895fa999a2562b36b9c.jpg. Detected amenity: bathtub. Detection confidence: low (0.19). Source prompt type: variants. Question:",What is the name of the hotel amenity?,What is the name of the hotel's bathtub?,Does the room have a bathtub?,Is the bathtub separate from the shower?
image_173_jpg.rf.add297beffb9a895fa999a2562b36b9c.jpg,bathtub,0.1208670735359191,400.6982116699219,330.3086853027344,635.6424560546875,639.625732421875,variants,Image file: image_173_jpg.rf.add297beffb9a895fa999a2562b36b9c.jpg. Detected amenity: bathtub. Detection confidence: low (0.12). Source prompt type: variants.,"You are generating hotel amenity questions for guests browsing accommodation photos. Given the detection summary below, generate a hotel amenity related question that a guest may ask or a guest might want to be answeredwhile browsing accommodation images. Keep the question short, factual, and neutral. Detection summary: Image file: image_173_jpg.rf.add297beffb9a895fa999a2562b36b9c.jpg. Detected amenity: bathtub. Detection confidence: low (0.12). Source prompt type: variants. Question:",What is the name of the hotel amenity?,What is the name of the amenity in this image?,Does this room have a bathtub?,Is the bathtub separate from the shower?
image_173_jpg.rf.add297beffb9a895fa999a2562b36b9c.jpg,bathtub,0.1317013055086136,398.7757873535156,448.5762023925781,625.6365966796875,637.3526000976562,variants,Image file: image_173_jpg.rf.add297beffb9a895fa999a2562b36b9c.jpg. Detected amenity: bathtub. Detection confidence: low (0.13). Source prompt type: variants.,"You are generating hotel amenity questions for guests browsing accommodation photos. Given the detection summary below, generate a hotel amenity related question that a guest may ask or a guest might want to be answeredwhile browsing accommodation images. Keep the question short, factual, and neutral. Detection summary: Image file: image_173_jpg.rf.add297beffb9a895fa999a2562b36b9c.jpg. Detected amenity: bathtub. Detection confidence: low (0.13). Source prompt type: variants. Question:",What is the name of the hotel amenity?,What is the name of the hotel's bathtub?,Does this room have a bathtub?,Does the room have a separate shower area?
image_163_jpg.rf.fb76dd1298237edbbb8bf077dfb2048f.jpg,bathtub,0.4551382660865783,-5.265054702758789,483.0605773925781,244.29595947265625,644.466552734375,variants,Image file: image_163_jpg.rf.fb76dd1298237edbbb8bf077dfb2048f.jpg. Detected amenity: bathtub. Detection confidence: medium (0.46). Source prompt type: variants.,"You are generating hotel amenity questions for guests browsing accommodation photos. Given the detection summary below, generate a hotel amenity related question that a guest may ask or a guest might want to be answeredwhile browsing accommodation images. Keep the question short, factual, and neutral. Detection summary: Image file: image_163_jpg.rf.fb76dd1298237edbbb8bf077dfb2048f.jpg. Detected amenity: bathtub. Detection confidence: medium (0.46). Source prompt type: variants. Question:",What is the name of the hotel amenity?,What type of amenity is the bathtub?,Does this room have a bathtub?,Is there a bathtub in the room?
image_112_jpg.rf.6daceff44db5c817e8e73c36eb03b656.jpg,bathtub,0.2497462481260299,328.5518798828125,388.4925537109375,584.7368774414062,451.188232421875,variants,Image file: image_112_jpg.rf.6daceff44db5c817e8e73c36eb03b656.jpg. Detected amenity: bathtub. Detection confidence: low (0.25). Source prompt type: variants.,"You are generating hotel amenity questions for guests browsing accommodation photos. Given the detection summary below, generate a hotel amenity related question that a guest may ask or a guest might want to be answeredwhile browsing accommodation images. Keep the question short, factual, and neutral. Detection summary: Image file: image_112_jpg.rf.6daceff44db5c817e8e73c36eb03b656.jpg. Detected amenity: bathtub. Detection confidence: low (0.25). Source prompt type: variants. Question:",What is the name of the hotel amenity?,What is the name of the hotel's bathtub?,Does the room have a bathtub?,Is there a bathtub in the room?
image_112_jpg.rf.6daceff44db5c817e8e73c36eb03b656.jpg,freestanding bathtub,0.1247729286551475,167.6007843017578,457.15325927734375,302.012451171875,639.83935546875,variants,Image file: image_112_jpg.rf.6daceff44db5c817e8e73c36eb03b656.jpg. Detected amenity: freestanding bathtub. Detection confidence: low (0.12). Source prompt type: variants.,"You are generating hotel amenity questions for guests browsing accommodation photos. Given the detection summary below, generate a hotel amenity related question that a guest may ask or a guest might want to be answeredwhile browsing accommodation images. Keep the question short, factual, and neutral. Detection summary: Image file: image_112_jpg.rf.6daceff44db5c817e8e73c36eb03b656.jpg. Detected amenity: freestanding bathtub. Detection confidence: low (0.12). Source prompt type: variants. Question:",What is the name of the hotel that has a freestanding bathtub?,What is the name of the freestanding bathtub?,Does this room have a freestanding bathtub?,Is the freestanding bathtub in the room?
image_9_jpg.rf.054198650788dd3a4a23d292fe6b03d8.jpg,bathtub,0.3290416896343231,286.6298522949219,409.014404296875,640.4200439453125,638.1438598632812,variants,Image file: image_9_jpg.rf.054198650788dd3a4a23d292fe6b03d8.jpg. Detected amenity: bathtub. Detection confidence: medium (0.33). Source prompt type: variants.,"You are generating hotel amenity questions for guests browsing accommodation photos. Given the detection summary below, generate a hotel amenity related question that a guest may ask or a guest might want to be answeredwhile browsing accommodation images. Keep the question short, factual, and neutral. Detection summary: Image file: image_9_jpg.rf.054198650788dd3a4a23d292fe6b03d8.jpg. Detected amenity: bathtub. Detection confidence: medium (0.33). Source prompt type: variants. Question:",What is the name of the hotel amenity?,What type of amenity is the bathtub?,Does this room have a bathtub?,Does the bathtub have a shower attachment?
image_61_jpg.rf.a380ff3d712fed8163e499c3ebf65351.jpg,bathtub with shower,0.2171513736248016,2.554607391357422,1.9942855834960933,640.3856811523438,638.44873046875,variants,Image file: image_61_jpg.rf.a380ff3d712fed8163e499c3ebf65351.jpg. Detected amenity: bathtub with shower. Detection confidence: low (0.22). Source prompt type: variants.,"You are generating hotel amenity questions for guests browsing accommodation photos. Given the detection summary below, generate a hotel amenity related question that a guest may ask or a guest might want to be answeredwhile browsing accommodation images. Keep the question short, factual, and neutral. Detection summary: Image file: image_61_jpg.rf.a380ff3d712fed8163e499c3ebf65351.jpg. Detected amenity: bathtub with shower. Detection confidence: low (0.22). Source prompt type: variants. Question:",What is the name of the hotel with a bathtub with shower?,What is the size of the bathroom?,Does the room have a separate bathtub and shower or a combined bathtub with shower?,Is the bathtub separate from the shower?
image_61_jpg.rf.a380ff3d712fed8163e499c3ebf65351.jpg,freestanding bathtub,0.1221910342574119,285.9555358886719,394.463134765625,378.3265380859375,638.907958984375,variants,Image file: image_61_jpg.rf.a380ff3d712fed8163e499c3ebf65351.jpg. Detected amenity: freestanding bathtub. Detection confidence: low (0.12). Source prompt type: variants.,"You are generating hotel amenity questions for guests browsing accommodation photos. Given the detection summary below, generate a hotel amenity related question that a guest may ask or a guest might want to be answeredwhile browsing accommodation images. Keep the question short, factual, and neutral. Detection summary: Image file: image_61_jpg.rf.a380ff3d712fed8163e499c3ebf65351.jpg. Detected amenity: freestanding bathtub. Detection confidence: low (0.12). Source prompt type: variants. Question:",What is the name of the hotel that has a freestanding bathtub?,What is the name of the freestanding bathtub?,Does the room have a freestanding bathtub?,Is the freestanding bathtub available in all rooms or is it a feature of a specific suite?
image_61_jpg.rf.a380ff3d712fed8163e499c3ebf65351.jpg,jacuzzi bathtub,0.1246525198221206,-1.4676284790039062,370.63519287109375,267.6678771972656,623.9943237304688,variants,Image file: image_61_jpg.rf.a380ff3d712fed8163e499c3ebf65351.jpg. Detected amenity: jacuzzi bathtub. Detection confidence: low (0.12). Source prompt type: variants.,"You are generating hotel amenity questions for guests browsing accommodation photos. Given the detection summary below, generate a hotel amenity related question that a guest may ask or a guest might want to be answeredwhile browsing accommodation images. Keep the question short, factual, and neutral. Detection summary: Image file: image_61_jpg.rf.a380ff3d712fed8163e499c3ebf65351.jpg. Detected amenity: jacuzzi bathtub. Detection confidence: low (0.12). Source prompt type: variants. Question:",What type of amenity is the jacuzzi bathtub?,What is the name of the hotel that has a jacuzzi bathtub?,Does this room come with a jacuzzi bathtub?,Is the jacuzzi bathtub available for guest use?
image_61_jpg.rf.a380ff3d712fed8163e499c3ebf65351.jpg,bathtub,0.1794513314962387,455.5789489746094,475.2330322265625,525.5146484375,637.3836059570312,variants,Image file: image_61_jpg.rf.a380ff3d712fed8163e499c3ebf65351.jpg. Detected amenity: bathtub. Detection confidence: low (0.18). Source prompt type: variants.,"You are generating hotel amenity questions for guests browsing accommodation photos. Given the detection summary below, generate a hotel amenity related question that a guest may ask or a guest might want to be answeredwhile browsing accommodation images. Keep the question short, factual, and neutral. Detection summary: Image file: image_61_jpg.rf.a380ff3d712fed8163e499c3ebf65351.jpg. Detected amenity: bathtub. Detection confidence: low (0.18). Source prompt type: variants. Question:",What is the name of the hotel amenity?,What is the name of the hotel's bathtub?,Does this room have a bathtub?,Is there a bathtub in the room?
image_61_jpg.rf.a380ff3d712fed8163e499c3ebf65351.jpg,bathtub,0.3272650241851806,504.55615234375,478.7374572753906,639.4017944335938,635.5927734375,variants,Image file: image_61_jpg.rf.a380ff3d712fed8163e499c3ebf65351.jpg. Detected amenity: bathtub. Detection confidence: medium (0.33). Source prompt type: variants.,"You are generating hotel amenity questions for guests browsing accommodation photos. Given the detection summary below, generate a hotel amenity related question that a guest may ask or a guest might want to be answeredwhile browsing accommodation images. Keep the question short, factual, and neutral. Detection summary: Image file: image_61_jpg.rf.a380ff3d712fed8163e499c3ebf65351.jpg. Detected amenity: bathtub. Detection confidence: medium (0.33). Source prompt type: variants. Question:",What is the name of the hotel amenity?,What type of amenity is the bathtub?,Does this room have a bathtub?,Is the bathtub a standalone fixture or part of a larger shower or tub combination?
image_83_jpg.rf.520e040e8aab9b629c4e85d5dc84744d.jpg,bathtub,0.2225750535726547,430.2794189453125,381.2209777832031,595.2879638671875,465.9743957519531,variants,Image file: image_83_jpg.rf.520e040e8aab9b629c4e85d5dc84744d.jpg. Detected amenity: bathtub. Detection confidence: low (0.22). Source prompt type: variants.,"You are generating hotel amenity questions for guests browsing accommodation photos. Given the detection summary below, generate a hotel amenity related question that a guest may ask or a guest might want to be answeredwhile browsing accommodation images. Keep the question short, factual, and neutral. Detection summary: Image file: image_83_jpg.rf.520e040e8aab9b629c4e85d5dc84744d.jpg. Detected amenity: bathtub. Detection confidence: low (0.22). Source prompt type: variants. Question:",What is the name of the hotel amenity?,What is the name of the hotel's bathtub?,Does this room have a bathtub?,Is there a bathtub in the room?
image_83_jpg.rf.520e040e8aab9b629c4e85d5dc84744d.jpg,bathtub,0.1633834391832351,400.2230224609375,388.7525939941406,601.760986328125,627.0018920898438,variants,Image file: image_83_jpg.rf.520e040e8aab9b629c4e85d5dc84744d.jpg. Detected amenity: bathtub. Detection confidence: low (0.16). Source prompt type: variants.,"You are generating hotel amenity questions for guests browsing accommodation photos. Given the detection summary below, generate a hotel amenity related question that a guest may ask or a guest might want to be answeredwhile browsing accommodation images. Keep the question short, factual, and neutral. Detection summary: Image file: image_83_jpg.rf.520e040e8aab9b629c4e85d5dc84744d.jpg. Detected amenity: bathtub. Detection confidence: low (0.16). Source prompt type: variants. Question:",What is the name of the hotel amenity?,What is the name of the hotel's bathtub?,Does this room have a bathtub?,Is there a bathtub in the room?
image_62_jpg.rf.f9896c39b23b667cbdbf9c73d75e0591.jpg,jacuzzi bathtub,0.1071583852171897,1.6790008544921875,5.411796569824219,638.3511962890625,643.077392578125,variants,Image file: image_62_jpg.rf.f9896c39b23b667cbdbf9c73d75e0591.jpg. Detected amenity: jacuzzi bathtub. Detection confidence: low (0.11). Source prompt type: variants.,"You are generating hotel amenity questions for guests browsing accommodation photos. Given the detection summary below, generate a hotel amenity related question that a guest may ask or a guest might want to be answeredwhile browsing accommodation images. Keep the question short, factual, and neutral. Detection summary: Image file: image_62_jpg.rf.f9896c39b23b667cbdbf9c73d75e0591.jpg. Detected amenity: jacuzzi bathtub. Detection confidence: low (0.11). Source prompt type: variants. Question:",What type of amenity is the jacuzzi bathtub?,What is the name of the hotel's jacuzzi bathtub?,Does this room come with a jacuzzi bathtub?,Is the jacuzzi bathtub available in every room or is it a shared facility?
image_62_jpg.rf.f9896c39b23b667cbdbf9c73d75e0591.jpg,bathtub,0.4804205596446991,132.84335327148438,317.3155212402344,349.2104797363281,537.94384765625,variants,Image file: image_62_jpg.rf.f9896c39b23b667cbdbf9c73d75e0591.jpg. Detected amenity: bathtub. Detection confidence: medium (0.48). Source prompt type: variants.,"You are generating hotel amenity questions for guests browsing accommodation photos. Given the detection summary below, generate a hotel amenity related question that a guest may ask or a guest might want to be answeredwhile browsing accommodation images. Keep the question short, factual, and neutral. Detection summary: Image file: image_62_jpg.rf.f9896c39b23b667cbdbf9c73d75e0591.jpg. Detected amenity: bathtub. Detection confidence: medium (0.48). Source prompt type: variants. Question:",What is the name of the hotel amenity?,What type of amenity is the bathtub?,Does this room have a bathtub?,Is the bathtub separate from the shower?
image_62_jpg.rf.f9896c39b23b667cbdbf9c73d75e0591.jpg,bathtub,0.1364960521459579,24.39321517944336,321.3245849609375,344.80133056640625,637.062255859375,variants,Image file: image_62_jpg.rf.f9896c39b23b667cbdbf9c73d75e0591.jpg. Detected amenity: bathtub. Detection confidence: low (0.14). Source prompt type: variants.,"You are generating hotel amenity questions for guests browsing accommodation photos. Given the detection summary below, generate a hotel amenity related question that a guest may ask or a guest might want to be answeredwhile browsing accommodation images. Keep the question short, factual, and neutral. Detection summary: Image file: image_62_jpg.rf.f9896c39b23b667cbdbf9c73d75e0591.jpg. Detected amenity: bathtub. Detection confidence: low (0.14). Source prompt type: variants. Question:",What is the name of the hotel amenity?,What is the name of the hotel's bathtub?,Does the room have a bathtub?,Is the bathtub separate from the shower?
image_134_jpg.rf.86fcebba2f02748b41c5155ad8adf6a0.jpg,bathtub,0.3787904381752014,24.1750431060791,314.12579345703125,342.86846923828125,627.5556030273438,variants,Image file: image_134_jpg.rf.86fcebba2f02748b41c5155ad8adf6a0.jpg. Detected amenity: bathtub. Detection confidence: medium (0.38). Source prompt type: variants.,"You are generating hotel amenity questions for guests browsing accommodation photos. Given the detection summary below, generate a hotel amenity related question that a guest may ask or a guest might want to be answeredwhile browsing accommodation images. Keep the question short, factual, and neutral. Detection summary: Image file: image_134_jpg.rf.86fcebba2f02748b41c5155ad8adf6a0.jpg. Detected amenity: bathtub. Detection confidence: medium (0.38). Source prompt type: variants. Question:",What is the name of the hotel amenity?,What is the name of the hotel's bathtub?,Does the room have a bathtub?,Is the bathtub separate from the shower?
image_13_jpg.rf.381f46e4feb9bc8eba82e080930aad2a.jpg,bathtub,0.2399550527334213,203.6763916015625,382.18011474609375,525.9860229492188,642.3792724609375,variants,Image file: image_13_jpg.rf.381f46e4feb9bc8eba82e080930aad2a.jpg. Detected amenity: bathtub. Detection confidence: low (0.24). Source prompt type: variants.,"You are generating hotel amenity questions for guests browsing accommodation photos. Given the detection summary below, generate a hotel amenity related question that a guest may ask or a guest might want to be answeredwhile browsing accommodation images. Keep the question short, factual, and neutral. Detection summary: Image file: image_13_jpg.rf.381f46e4feb9bc8eba82e080930aad2a.jpg. Detected amenity: bathtub. Detection confidence: low (0.24). Source prompt type: variants. Question:",What is the name of the hotel amenity?,What is the name of the hotel's bathtub?,Does this room have a bathtub?,Is there a separate bathtub or a shower over the bathtub in the room?
image_122_jpg.rf.84ce7e44b874c1bd892f575e6ade2fca.jpg,bathtub with shower,0.2331064492464065,6.765270233154297,3.7235260009765625,643.13330078125,641.9990234375,variants,Image file: image_122_jpg.rf.84ce7e44b874c1bd892f575e6ade2fca.jpg. Detected amenity: bathtub with shower. Detection confidence: low (0.23). Source prompt type: variants.,"You are generating hotel amenity questions for guests browsing accommodation photos. Given the detection summary below, generate a hotel amenity related question that a guest may ask or a guest might want to be answeredwhile browsing accommodation images. Keep the question short, factual, and neutral. Detection summary: Image file: image_122_jpg.rf.84ce7e44b874c1bd892f575e6ade2fca.jpg. Detected amenity: bathtub with shower. Detection confidence: low (0.23). Source prompt type: variants. Question:",What is the name of the hotel with a bathtub with shower?,What is the name of the bathroom amenity?,Does the room have a separate bathtub and shower or a combined bathtub with shower?,Is the bathtub separate from the shower area?
image_122_jpg.rf.84ce7e44b874c1bd892f575e6ade2fca.jpg,bathtub with shower,0.1340662091970443,248.95993041992188,66.06515502929688,400.8948974609375,525.4699096679688,variants,Image file: image_122_jpg.rf.84ce7e44b874c1bd892f575e6ade2fca.jpg. Detected amenity: bathtub with shower. Detection confidence: low (0.13). Source prompt type: variants.,"You are generating hotel amenity questions for guests browsing accommodation photos. Given the detection summary below, generate a hotel amenity related question that a guest may ask or a guest might want to be answeredwhile browsing accommodation images. Keep the question short, factual, and neutral. Detection summary: Image file: image_122_jpg.rf.84ce7e44b874c1bd892f575e6ade2fca.jpg. Detected amenity: bathtub with shower. Detection confidence: low (0.13). Source prompt type: variants. Question:",What is the name of the hotel with a bathtub with shower?,What is the name of the bathroom amenity in the image?,Does the room have a separate bathtub and shower or a combined unit?,Is the bathtub separate from the shower?
image_122_jpg.rf.84ce7e44b874c1bd892f575e6ade2fca.jpg,jacuzzi bathtub,0.161582738161087,445.2281494140625,360.860595703125,577.5076904296875,407.775634765625,variants,Image file: image_122_jpg.rf.84ce7e44b874c1bd892f575e6ade2fca.jpg. Detected amenity: jacuzzi bathtub. Detection confidence: low (0.16). Source prompt type: variants.,"You are generating hotel amenity questions for guests browsing accommodation photos. Given the detection summary below, generate a hotel amenity related question that a guest may ask or a guest might want to be answeredwhile browsing accommodation images. Keep the question short, factual, and neutral. Detection summary: Image file: image_122_jpg.rf.84ce7e44b874c1bd892f575e6ade2fca.jpg. Detected amenity: jacuzzi bathtub. Detection confidence: low (0.16). Source prompt type: variants. Question:",What type of amenity is the jacuzzi bathtub?,What is the name of the hotel's jacuzzi bathtub?,Does this room come with a jacuzzi bathtub?,Does the jacuzzi bathtub come with jets?
image_122_jpg.rf.84ce7e44b874c1bd892f575e6ade2fca.jpg,jacuzzi bathtub,0.1024294048547744,31.85535430908203,361.5719909667969,243.75685119628903,557.9859008789062,variants,Image file: image_122_jpg.rf.84ce7e44b874c1bd892f575e6ade2fca.jpg. Detected amenity: jacuzzi bathtub. Detection confidence: low (0.10). Source prompt type: variants.,"You are generating hotel amenity questions for guests browsing accommodation photos. Given the detection summary below, generate a hotel amenity related question that a guest may ask or a guest might want to be answeredwhile browsing accommodation images. Keep the question short, factual, and neutral. Detection summary: Image file: image_122_jpg.rf.84ce7e44b874c1bd892f575e6ade2fca.jpg. Detected amenity: jacuzzi bathtub. Detection confidence: low (0.10). Source prompt type: variants. Question:",What type of amenity is the jacuzzi bathtub?,What is the name of the hotel's jacuzzi bathtub?,Does this room come with a jacuzzi bathtub?,Does the room have a functioning jacuzzi bathtub?
image_122_jpg.rf.84ce7e44b874c1bd892f575e6ade2fca.jpg,jacuzzi bathtub,0.1388030499219894,406.1146545410156,366.7379760742188,637.5794677734375,602.9346923828125,variants,Image file: image_122_jpg.rf.84ce7e44b874c1bd892f575e6ade2fca.jpg. Detected amenity: jacuzzi bathtub. Detection confidence: low (0.14). Source prompt type: variants.,"You are generating hotel amenity questions for guests browsing accommodation photos. Given the detection summary below, generate a hotel amenity related question that a guest may ask or a guest might want to be answeredwhile browsing accommodation images. Keep the question short, factual, and neutral. Detection summary: Image file: image_122_jpg.rf.84ce7e44b874c1bd892f575e6ade2fca.jpg. Detected amenity: jacuzzi bathtub. Detection confidence: low (0.14). Source prompt type: variants. Question:",What type of amenity is the jacuzzi bathtub?,What is the name of the hotel's jacuzzi bathtub?,Does this room come with a jacuzzi bathtub?,Does the jacuzzi bathtub have jets?
image_122_jpg.rf.84ce7e44b874c1bd892f575e6ade2fca.jpg,bathtub,0.5396819710731506,34.264984130859375,402.7319946289063,246.46408081054688,558.486328125,variants,Image file: image_122_jpg.rf.84ce7e44b874c1bd892f575e6ade2fca.jpg. Detected amenity: bathtub. Detection confidence: medium (0.54). Source prompt type: variants.,"You are generating hotel amenity questions for guests browsing accommodation photos. Given the detection summary below, generate a hotel amenity related question that a guest may ask or a guest might want to be answeredwhile browsing accommodation images. Keep the question short, factual, and neutral. Detection summary: Image file: image_122_jpg.rf.84ce7e44b874c1bd892f575e6ade2fca.jpg. Detected amenity: bathtub. Detection confidence: medium (0.54). Source prompt type: variants. Question:",What is the name of the hotel amenity?,What type of amenity is the bathtub?,Does this room have a bathtub?,Does the bathtub have a showerhead?
image_122_jpg.rf.84ce7e44b874c1bd892f575e6ade2fca.jpg,jacuzzi bathtub,0.1940401494503021,34.3891716003418,402.4090881347656,246.73873901367188,558.747802734375,variants,Image file: image_122_jpg.rf.84ce7e44b874c1bd892f575e6ade2fca.jpg. Detected amenity: jacuzzi bathtub. Detection confidence: low (0.19). Source prompt type: variants.,"You are generating hotel amenity questions for guests browsing accommodation photos. Given the detection summary below, generate a hotel amenity related question that a guest may ask or a guest might want to be answeredwhile browsing accommodation images. Keep the question short, factual, and neutral. Detection summary: Image file: image_122_jpg.rf.84ce7e44b874c1bd892f575e6ade2fca.jpg. Detected amenity: jacuzzi bathtub. Detection confidence: low (0.19). Source prompt type: variants. Question:",What type of amenity is the jacuzzi bathtub?,What is the name of the hotel's jacuzzi bathtub?,Does this room come with a jacuzzi bathtub?,Does the hotel room have a separate shower or is it a walk-in shower with the jacuzzi bathtub?
image_122_jpg.rf.84ce7e44b874c1bd892f575e6ade2fca.jpg,freestanding bathtub,0.1111123114824295,559.58447265625,464.8638916015625,640.8310546875,567.5281982421875,variants,Image file: image_122_jpg.rf.84ce7e44b874c1bd892f575e6ade2fca.jpg. Detected amenity: freestanding bathtub. Detection confidence: low (0.11). Source prompt type: variants.,"You are generating hotel amenity questions for guests browsing accommodation photos. Given the detection summary below, generate a hotel amenity related question that a guest may ask or a guest might want to be answeredwhile browsing accommodation images. Keep the question short, factual, and neutral. Detection summary: Image file: image_122_jpg.rf.84ce7e44b874c1bd892f575e6ade2fca.jpg. Detected amenity: freestanding bathtub. Detection confidence: low (0.11). Source prompt type: variants. Question:",What is the name of the hotel that has a freestanding bathtub?,What is the name of the freestanding bathtub?,Does the room have a freestanding bathtub?,Does the freestanding bathtub have a built-in shower?
image_185_jpg.rf.bccf9d4d6e7cd96445ca5940e0ff9e94.jpg,jacuzzi bathtub,0.1068750619888305,3.340644836425781,0.0477027893066406,640.9750366210938,637.5179443359375,variants,Image file: image_185_jpg.rf.bccf9d4d6e7cd96445ca5940e0ff9e94.jpg. Detected amenity: jacuzzi bathtub. Detection confidence: low (0.11). Source prompt type: variants.,"You are generating hotel amenity questions for guests browsing accommodation photos. Given the detection summary below, generate a hotel amenity related question that a guest may ask or a guest might want to be answeredwhile browsing accommodation images. Keep the question short, factual, and neutral. Detection summary: Image file: image_185_jpg.rf.bccf9d4d6e7cd96445ca5940e0ff9e94.jpg. Detected amenity: jacuzzi bathtub. Detection confidence: low (0.11). Source prompt type: variants. Question:",What type of amenity is the jacuzzi bathtub?,What is the name of the hotel's jacuzzi bathtub?,Does this room come with a jacuzzi bathtub?,Is the jacuzzi bathtub available for guest use?
image_185_jpg.rf.bccf9d4d6e7cd96445ca5940e0ff9e94.jpg,bathtub,0.5225657820701599,262.7006530761719,398.8234252929688,465.5750122070313,597.3734741210938,variants,Image file: image_185_jpg.rf.bccf9d4d6e7cd96445ca5940e0ff9e94.jpg. Detected amenity: bathtub. Detection confidence: medium (0.52). Source prompt type: variants.,"You are generating hotel amenity questions for guests browsing accommodation photos. Given the detection summary below, generate a hotel amenity related question that a guest may ask or a guest might want to be answeredwhile browsing accommodation images. Keep the question short, factual, and neutral. Detection summary: Image file: image_185_jpg.rf.bccf9d4d6e7cd96445ca5940e0ff9e94.jpg. Detected amenity: bathtub. Detection confidence: medium (0.52). Source prompt type: variants. Question:",What is the name of the hotel amenity?,What type of amenity is the bathtub?,Does the room have a bathtub?,Does the bathtub have a shower attachment?
image_185_jpg.rf.bccf9d4d6e7cd96445ca5940e0ff9e94.jpg,jacuzzi bathtub,0.1547776907682418,261.5710754394531,398.017333984375,466.740234375,597.709716796875,variants,Image file: image_185_jpg.rf.bccf9d4d6e7cd96445ca5940e0ff9e94.jpg. Detected amenity: jacuzzi bathtub. Detection confidence: low (0.15). Source prompt type: variants.,"You are generating hotel amenity questions for guests browsing accommodation photos. Given the detection summary below, generate a hotel amenity related question that a guest may ask or a guest might want to be answeredwhile browsing accommodation images. Keep the question short, factual, and neutral. Detection summary: Image file: image_185_jpg.rf.bccf9d4d6e7cd96445ca5940e0ff9e94.jpg. Detected amenity: jacuzzi bathtub. Detection confidence: low (0.15). Source prompt type: variants. Question:",What type of amenity is the jacuzzi bathtub?,What is the name of the hotel's jacuzzi bathtub?,Does this room come with a jacuzzi bathtub?,Is the jacuzzi bathtub available for guest use?
image_256_fp_jpg.rf.1707eec9c302acb66a58c7756fc2d96e.jpg,jacuzzi bathtub,0.1968493014574051,392.27484130859375,334.12384033203125,640.9821166992188,643.4364013671875,variants,Image file: image_256_fp_jpg.rf.1707eec9c302acb66a58c7756fc2d96e.jpg. Detected amenity: jacuzzi bathtub. Detection confidence: low (0.20). Source prompt type: variants.,"You are generating hotel amenity questions for guests browsing accommodation photos. Given the detection summary below, generate a hotel amenity related question that a guest may ask or a guest might want to be answeredwhile browsing accommodation images. Keep the question short, factual, and neutral. Detection summary: Image file: image_256_fp_jpg.rf.1707eec9c302acb66a58c7756fc2d96e.jpg. Detected amenity: jacuzzi bathtub. Detection confidence: low (0.20). Source prompt type: variants. Question:",What type of amenity is the jacuzzi bathtub?,What is the name of the hotel's jacuzzi bathtub?,Does this room come with a jacuzzi bathtub?,Does the hotel room have a separate bathtub or a walk-in shower?
image_256_fp_jpg.rf.1707eec9c302acb66a58c7756fc2d96e.jpg,bathtub,0.1462502628564834,421.7596435546875,459.988525390625,634.9393310546875,642.4327392578125,variants,Image file: image_256_fp_jpg.rf.1707eec9c302acb66a58c7756fc2d96e.jpg. Detected amenity: bathtub. Detection confidence: low (0.15). Source prompt type: variants.,"You are generating hotel amenity questions for guests browsing accommodation photos. Given the detection summary below, generate a hotel amenity related question that a guest may ask or a guest might want to be answeredwhile browsing accommodation images. Keep the question short, factual, and neutral. Detection summary: Image file: image_256_fp_jpg.rf.1707eec9c302acb66a58c7756fc2d96e.jpg. Detected amenity: bathtub. Detection confidence: low (0.15). Source prompt type: variants. Question:",What is the name of the hotel amenity?,What type of amenity is the bathtub?,Does this room have a bathtub?,Is there a bathtub in the room?
image_132_jpg.rf.9fd63dad427c4c41a86d4d845b5f331a.jpg,bathtub with shower,0.2636241316795349,1.82302474975586,-0.9034347534179688,639.219482421875,635.9979248046875,variants,Image file: image_132_jpg.rf.9fd63dad427c4c41a86d4d845b5f331a.jpg. Detected amenity: bathtub with shower. Detection confidence: low (0.26). Source prompt type: variants.,"You are generating hotel amenity questions for guests browsing accommodation photos. Given the detection summary below, generate a hotel amenity related question that a guest may ask or a guest might want to be answeredwhile browsing accommodation images. Keep the question short, factual, and neutral. Detection summary: Image file: image_132_jpg.rf.9fd63dad427c4c41a86d4d845b5f331a.jpg. Detected amenity: bathtub with shower. Detection confidence: low (0.26). Source prompt type: variants. Question:",What is the name of the hotel with a bathtub with shower?,What is the size of the bathroom?,Does the room have a separate bathtub and shower or a combined bathtub with shower?,Is the bathtub separate from the shower or a combined unit?
image_132_jpg.rf.9fd63dad427c4c41a86d4d845b5f331a.jpg,freestanding bathtub,0.1046715229749679,546.2073364257812,343.3221740722656,585.143310546875,402.7555541992188,variants,Image file: image_132_jpg.rf.9fd63dad427c4c41a86d4d845b5f331a.jpg. Detected amenity: freestanding bathtub. Detection confidence: low (0.10). Source prompt type: variants.,"You are generating hotel amenity questions for guests browsing accommodation photos. Given the detection summary below, generate a hotel amenity related question that a guest may ask or a guest might want to be answeredwhile browsing accommodation images. Keep the question short, factual, and neutral. Detection summary: Image file: image_132_jpg.rf.9fd63dad427c4c41a86d4d845b5f331a.jpg. Detected amenity: freestanding bathtub. Detection confidence: low (0.10). Source prompt type: variants. Question:",What is the name of the hotel that has a freestanding bathtub?,What is the name of the freestanding bathtub?,Does this room have a freestanding bathtub?,Does the freestanding bathtub have a separate shower?
image_132_jpg.rf.9fd63dad427c4c41a86d4d845b5f331a.jpg,freestanding bathtub,0.1114965751767158,1.4540743827819824,360.2351379394531,65.70753479003906,465.28814697265625,variants,Image file: image_132_jpg.rf.9fd63dad427c4c41a86d4d845b5f331a.jpg. Detected amenity: freestanding bathtub. Detection confidence: low (0.11). Source prompt type: variants.,"You are generating hotel amenity questions for guests browsing accommodation photos. Given the detection summary below, generate a hotel amenity related question that a guest may ask or a guest might want to be answeredwhile browsing accommodation images. Keep the question short, factual, and neutral. Detection summary: Image file: image_132_jpg.rf.9fd63dad427c4c41a86d4d845b5f331a.jpg. Detected amenity: freestanding bathtub. Detection confidence: low (0.11). Source prompt type: variants. Question:",What is the name of the hotel that has a freestanding bathtub?,What is the name of the freestanding bathtub?,Does this room have a freestanding bathtub?,Is the freestanding bathtub a standard fixture in the room?
image_132_jpg.rf.9fd63dad427c4c41a86d4d845b5f331a.jpg,bathtub,0.7879265546798706,166.6454315185547,425.5013732910156,395.83245849609375,613.1856079101562,variants,Image file: image_132_jpg.rf.9fd63dad427c4c41a86d4d845b5f331a.jpg. Detected amenity: bathtub. Detection confidence: high (0.79). Source prompt type: variants.,"You are generating hotel amenity questions for guests browsing accommodation photos. Given the detection summary below, generate a hotel amenity related question that a guest may ask or a guest might want to be answeredwhile browsing accommodation images. Keep the question short, factual, and neutral. Detection summary: Image file: image_132_jpg.rf.9fd63dad427c4c41a86d4d845b5f331a.jpg. Detected amenity: bathtub. Detection confidence: high (0.79). Source prompt type: variants. Question:",What is the name of the hotel amenity?,What is the name of the hotel's bathtub?,Does the room have a bathtub?,Is the bathtub separate from the shower?
image_132_jpg.rf.9fd63dad427c4c41a86d4d845b5f331a.jpg,jacuzzi bathtub,0.1626427620649337,163.40313720703125,424.858642578125,396.7268371582031,614.7201538085938,variants,Image file: image_132_jpg.rf.9fd63dad427c4c41a86d4d845b5f331a.jpg. Detected amenity: jacuzzi bathtub. Detection confidence: low (0.16). Source prompt type: variants.,"You are generating hotel amenity questions for guests browsing accommodation photos. Given the detection summary below, generate a hotel amenity related question that a guest may ask or a guest might want to be answeredwhile browsing accommodation images. Keep the question short, factual, and neutral. Detection summary: Image file: image_132_jpg.rf.9fd63dad427c4c41a86d4d845b5f331a.jpg. Detected amenity: jacuzzi bathtub. Detection confidence: low (0.16). Source prompt type: variants. Question:",What type of amenity is the jacuzzi bathtub?,What is the name of the hotel's jacuzzi bathtub?,Does this room come with a jacuzzi bathtub?,Does the jacuzzi bathtub come with jets?
image_132_jpg.rf.9fd63dad427c4c41a86d4d845b5f331a.jpg,freestanding bathtub,0.1070508584380149,181.46348571777344,547.4602661132812,592.0052490234375,639.5761108398438,variants,Image file: image_132_jpg.rf.9fd63dad427c4c41a86d4d845b5f331a.jpg. Detected amenity: freestanding bathtub. Detection confidence: low (0.11). Source prompt type: variants.,"You are generating hotel amenity questions for guests browsing accommodation photos. Given the detection summary below, generate a hotel amenity related question that a guest may ask or a guest might want to be answeredwhile browsing accommodation images. Keep the question short, factual, and neutral. Detection summary: Image file: image_132_jpg.rf.9fd63dad427c4c41a86d4d845b5f331a.jpg. Detected amenity: freestanding bathtub. Detection confidence: low (0.11). Source prompt type: variants. Question:",What is the name of the hotel that has a freestanding bathtub?,What is the name of the freestanding bathtub?,Does this room have a freestanding bathtub?,Is the freestanding bathtub a standard fixture in the room?
image_212_jpg.rf.5648dec0f2987e4cf2f7c35d593e6660.jpg,jacuzzi bathtub,0.1073688194155693,-0.4097175598144531,2.241382598876953,637.0617065429688,640.551513671875,variants,Image file: image_212_jpg.rf.5648dec0f2987e4cf2f7c35d593e6660.jpg. Detected amenity: jacuzzi bathtub. Detection confidence: low (0.11). Source prompt type: variants.,"You are generating hotel amenity questions for guests browsing accommodation photos. Given the detection summary below, generate a hotel amenity related question that a guest may ask or a guest might want to be answeredwhile browsing accommodation images. Keep the question short, factual, and neutral. Detection summary: Image file: image_212_jpg.rf.5648dec0f2987e4cf2f7c35d593e6660.jpg. Detected amenity: jacuzzi bathtub. Detection confidence: low (0.11). Source prompt type: variants. Question:",What type of amenity is the jacuzzi bathtub?,What is the name of the hotel's jacuzzi bathtub?,Does this room come with a jacuzzi bathtub?,Does the jacuzzi bathtub have temperature control?
image_212_jpg.rf.5648dec0f2987e4cf2f7c35d593e6660.jpg,bathtub,0.2448381036520004,438.3522033691406,374.0217895507813,641.291259765625,547.5050048828125,variants,Image file: image_212_jpg.rf.5648dec0f2987e4cf2f7c35d593e6660.jpg. Detected amenity: bathtub. Detection confidence: low (0.24). Source prompt type: variants.,"You are generating hotel amenity questions for guests browsing accommodation photos. Given the detection summary below, generate a hotel amenity related question that a guest may ask or a guest might want to be answeredwhile browsing accommodation images. Keep the question short, factual, and neutral. Detection summary: Image file: image_212_jpg.rf.5648dec0f2987e4cf2f7c35d593e6660.jpg. Detected amenity: bathtub. Detection confidence: low (0.24). Source prompt type: variants. Question:",What is the name of the hotel amenity?,What is the name of the hotel's bathtub?,Does this room have a bathtub?,Does the bathtub have a shower attachment?
image_212_jpg.rf.5648dec0f2987e4cf2f7c35d593e6660.jpg,jacuzzi bathtub,0.1493792086839676,432.7854919433594,375.3369140625,639.0499877929688,633.0734252929688,variants,Image file: image_212_jpg.rf.5648dec0f2987e4cf2f7c35d593e6660.jpg. Detected amenity: jacuzzi bathtub. Detection confidence: low (0.15). Source prompt type: variants.,"You are generating hotel amenity questions for guests browsing accommodation photos. Given the detection summary below, generate a hotel amenity related question that a guest may ask or a guest might want to be answeredwhile browsing accommodation images. Keep the question short, factual, and neutral. Detection summary: Image file: image_212_jpg.rf.5648dec0f2987e4cf2f7c35d593e6660.jpg. Detected amenity: jacuzzi bathtub. Detection confidence: low (0.15). Source prompt type: variants. Question:",What is the name of the hotel amenity?,What is the name of the hotel's jacuzzi bathtub?,Does this room come with a jacuzzi bathtub?,Is the jacuzzi bathtub available for guest use?
image_81_jpg.rf.b8aefd7bf71b13278c23688e466f3c43.jpg,bathtub,0.4272589683532715,266.5880432128906,399.46478271484375,605.5213623046875,639.3869018554688,variants,Image file: image_81_jpg.rf.b8aefd7bf71b13278c23688e466f3c43.jpg. Detected amenity: bathtub. Detection confidence: medium (0.43). Source prompt type: variants.,"You are generating hotel amenity questions for guests browsing accommodation photos. Given the detection summary below, generate a hotel amenity related question that a guest may ask or a guest might want to be answeredwhile browsing accommodation images. Keep the question short, factual, and neutral. Detection summary: Image file: image_81_jpg.rf.b8aefd7bf71b13278c23688e466f3c43.jpg. Detected amenity: bathtub. Detection confidence: medium (0.43). Source prompt type: variants. Question:",What is the name of the hotel amenity?,What type of amenity is the bathtub?,Does this room have a bathtub?,Does the bathtub have a showerhead?
image_81_jpg.rf.b8aefd7bf71b13278c23688e466f3c43.jpg,freestanding bathtub,0.1910281330347061,-0.8766841888427734,496.0594482421875,219.2815399169922,640.2727661132812,variants,Image file: image_81_jpg.rf.b8aefd7bf71b13278c23688e466f3c43.jpg. Detected amenity: freestanding bathtub. Detection confidence: low (0.19). Source prompt type: variants.,"You are generating hotel amenity questions for guests browsing accommodation photos. Given the detection summary below, generate a hotel amenity related question that a guest may ask or a guest might want to be answeredwhile browsing accommodation images. Keep the question short, factual, and neutral. Detection summary: Image file: image_81_jpg.rf.b8aefd7bf71b13278c23688e466f3c43.jpg. Detected amenity: freestanding bathtub. Detection confidence: low (0.19). Source prompt type: variants. Question:",What is the name of the hotel that has a freestanding bathtub?,What is the size of the freestanding bathtub?,Does this room have a freestanding bathtub?,Is the freestanding bathtub available in all rooms?
image_87_jpg.rf.e75d4aa521ba09ec4ac9af988ac90ee3.jpg,bathtub,0.261148601770401,217.93899536132807,338.41192626953125,339.10308837890625,422.32025146484375,variants,Image file: image_87_jpg.rf.e75d4aa521ba09ec4ac9af988ac90ee3.jpg. Detected amenity: bathtub. Detection confidence: low (0.26). Source prompt type: variants.,"You are generating hotel amenity questions for guests browsing accommodation photos. Given the detection summary below, generate a hotel amenity related question that a guest may ask or a guest might want to be answeredwhile browsing accommodation images. Keep the question short, factual, and neutral. Detection summary: Image file: image_87_jpg.rf.e75d4aa521ba09ec4ac9af988ac90ee3.jpg. Detected amenity: bathtub. Detection confidence: low (0.26). Source prompt type: variants. Question:",What is the name of the hotel amenity?,What is the name of the hotel's bathtub?,Does this room have a bathtub?,Is there a bathtub in the room?
image_98_jpg.rf.6d39ef63d33dc5d5edfcf3058bd51c2a.jpg,bathtub,0.172538012266159,284.98748779296875,397.3687133789063,539.3991088867188,639.394287109375,variants,Image file: image_98_jpg.rf.6d39ef63d33dc5d5edfcf3058bd51c2a.jpg. Detected amenity: bathtub. Detection confidence: low (0.17). Source prompt type: variants.,"You are generating hotel amenity questions for guests browsing accommodation photos. Given the detection summary below, generate a hotel amenity related question that a guest may ask or a guest might want to be answeredwhile browsing accommodation images. Keep the question short, factual, and neutral. Detection summary: Image file: image_98_jpg.rf.6d39ef63d33dc5d5edfcf3058bd51c2a.jpg. Detected amenity: bathtub. Detection confidence: low (0.17). Source prompt type: variants. Question:",What is the name of the hotel amenity?,What is the name of the hotel's bathtub?,Does this room have a bathtub?,Does the room have a separate shower area?
image_36_jpg.rf.2ec6f1286a1b810098fa52c1636cae08.jpg,bathtub,0.3868381679058075,170.51536560058594,418.2154846191406,433.98541259765625,639.2733764648438,variants,Image file: image_36_jpg.rf.2ec6f1286a1b810098fa52c1636cae08.jpg. Detected amenity: bathtub. Detection confidence: medium (0.39). Source prompt type: variants.,"You are generating hotel amenity questions for guests browsing accommodation photos. Given the detection summary below, generate a hotel amenity related question that a guest may ask or a guest might want to be answeredwhile browsing accommodation images. Keep the question short, factual, and neutral. Detection summary: Image file: image_36_jpg.rf.2ec6f1286a1b810098fa52c1636cae08.jpg. Detected amenity: bathtub. Detection confidence: medium (0.39). Source prompt type: variants. Question:",What is the name of the hotel amenity?,What is the name of the hotel's bathtub?,Does the room have a bathtub?,Does the bathtub have a shower attachment?
image_52_jpg.rf.5719023edea20695cde4e057dd580888.jpg,jacuzzi bathtub,0.1106346100568771,10.253124237060549,1.5409278869628906,644.4974365234375,639.000732421875,variants,Image file: image_52_jpg.rf.5719023edea20695cde4e057dd580888.jpg. Detected amenity: jacuzzi bathtub. Detection confidence: low (0.11). Source prompt type: variants.,"You are generating hotel amenity questions for guests browsing accommodation photos. Given the detection summary below, generate a hotel amenity related question that a guest may ask or a guest might want to be answeredwhile browsing accommodation images. Keep the question short, factual, and neutral. Detection summary: Image file: image_52_jpg.rf.5719023edea20695cde4e057dd580888.jpg. Detected amenity: jacuzzi bathtub. Detection confidence: low (0.11). Source prompt type: variants. Question:",What type of amenity is the jacuzzi bathtub?,What is the name of the hotel's jacuzzi bathtub?,Does this room come with a jacuzzi bathtub?,Is the jacuzzi bathtub available for guest use?
image_52_jpg.rf.5719023edea20695cde4e057dd580888.jpg,bathtub,0.383925199508667,13.513946533203123,442.6404418945313,405.4681091308594,637.5546875,variants,Image file: image_52_jpg.rf.5719023edea20695cde4e057dd580888.jpg. Detected amenity: bathtub. Detection confidence: medium (0.38). Source prompt type: variants.,"You are generating hotel amenity questions for guests browsing accommodation photos. Given the detection summary below, generate a hotel amenity related question that a guest may ask or a guest might want to be answeredwhile browsing accommodation images. Keep the question short, factual, and neutral. Detection summary: Image file: image_52_jpg.rf.5719023edea20695cde4e057dd580888.jpg. Detected amenity: bathtub. Detection confidence: medium (0.38). Source prompt type: variants. Question:",What is the name of the hotel amenity?,What type of amenity is the bathtub?,Does this room have a bathtub?,Is the bathtub separate from the shower?
image_52_jpg.rf.5719023edea20695cde4e057dd580888.jpg,bathtub,0.120159313082695,399.5704345703125,529.9931640625,625.5297241210938,641.8341674804688,variants,Image file: image_52_jpg.rf.5719023edea20695cde4e057dd580888.jpg. Detected amenity: bathtub. Detection confidence: low (0.12). Source prompt type: variants.,"You are generating hotel amenity questions for guests browsing accommodation photos. Given the detection summary below, generate a hotel amenity related question that a guest may ask or a guest might want to be answeredwhile browsing accommodation images. Keep the question short, factual, and neutral. Detection summary: Image file: image_52_jpg.rf.5719023edea20695cde4e057dd580888.jpg. Detected amenity: bathtub. Detection confidence: low (0.12). Source prompt type: variants. Question:",What is the name of the hotel amenity?,What is the name of the hotel's bathtub?,Does this room have a bathtub?,Is the bathtub separate from the shower?
image_92_jpg.rf.1ced57ab98b4e8b5abd41d9ec0b27f25.jpg,bathtub with shower,0.2454909980297088,-1.690349578857422,1.172809600830078,636.3750610351562,638.5980834960938,variants,Image file: image_92_jpg.rf.1ced57ab98b4e8b5abd41d9ec0b27f25.jpg. Detected amenity: bathtub with shower. Detection confidence: low (0.25). Source prompt type: variants.,"You are generating hotel amenity questions for guests browsing accommodation photos. Given the detection summary below, generate a hotel amenity related question that a guest may ask or a guest might want to be answeredwhile browsing accommodation images. Keep the question short, factual, and neutral. Detection summary: Image file: image_92_jpg.rf.1ced57ab98b4e8b5abd41d9ec0b27f25.jpg. Detected amenity: bathtub with shower. Detection confidence: low (0.25). Source prompt type: variants. Question:",What is the name of the hotel with a bathtub with shower?,What is the size of the bathroom?,Does the room have a separate bathtub and shower or a combined bathtub with shower?,Is the bathtub separate from the shower area?
image_92_jpg.rf.1ced57ab98b4e8b5abd41d9ec0b27f25.jpg,bathtub with shower,0.1874928325414657,-2.3337554931640625,-0.5896568298339844,260.6098327636719,574.99609375,variants,Image file: image_92_jpg.rf.1ced57ab98b4e8b5abd41d9ec0b27f25.jpg. Detected amenity: bathtub with shower. Detection confidence: low (0.19). Source prompt type: variants.,"You are generating hotel amenity questions for guests browsing accommodation photos. Given the detection summary below, generate a hotel amenity related question that a guest may ask or a guest might want to be answeredwhile browsing accommodation images. Keep the question short, factual, and neutral. Detection summary: Image file: image_92_jpg.rf.1ced57ab98b4e8b5abd41d9ec0b27f25.jpg. Detected amenity: bathtub with shower. Detection confidence: low (0.19). Source prompt type: variants. Question:",What is the name of the hotel with a bathtub with shower?,What is the size of the bathroom?,Does the room have a separate bathtub and shower or a combined bathtub with shower?,Does the bathtub have a separate shower area or is it a shower-over-bathtub design?
image_92_jpg.rf.1ced57ab98b4e8b5abd41d9ec0b27f25.jpg,bathtub,0.1080133095383644,413.7731323242188,395.4435729980469,638.7108764648438,583.6431274414062,variants,Image file: image_92_jpg.rf.1ced57ab98b4e8b5abd41d9ec0b27f25.jpg. Detected amenity: bathtub. Detection confidence: low (0.11). Source prompt type: variants.,"You are generating hotel amenity questions for guests browsing accommodation photos. Given the detection summary below, generate a hotel amenity related question that a guest may ask or a guest might want to be answeredwhile browsing accommodation images. Keep the question short, factual, and neutral. Detection summary: Image file: image_92_jpg.rf.1ced57ab98b4e8b5abd41d9ec0b27f25.jpg. Detected amenity: bathtub. Detection confidence: low (0.11). Source prompt type: variants. Question:",What is the name of the hotel amenity?,What is the name of the hotel's bathtub?,Does this room have a bathtub?,Does the bathtub have a shower attachment?
image_92_jpg.rf.1ced57ab98b4e8b5abd41d9ec0b27f25.jpg,jacuzzi bathtub,0.1246289908885955,282.6504821777344,475.7239379882813,636.9002685546875,638.7979736328125,variants,Image file: image_92_jpg.rf.1ced57ab98b4e8b5abd41d9ec0b27f25.jpg. Detected amenity: jacuzzi bathtub. Detection confidence: low (0.12). Source prompt type: variants.,"You are generating hotel amenity questions for guests browsing accommodation photos. Given the detection summary below, generate a hotel amenity related question that a guest may ask or a guest might want to be answeredwhile browsing accommodation images. Keep the question short, factual, and neutral. Detection summary: Image file: image_92_jpg.rf.1ced57ab98b4e8b5abd41d9ec0b27f25.jpg. Detected amenity: jacuzzi bathtub. Detection confidence: low (0.12). Source prompt type: variants. Question:",What type of amenity is the jacuzzi bathtub?,What is the name of the hotel's jacuzzi bathtub?,Does this room come with a jacuzzi bathtub?,Does the hotel have a hot tub on site?
image_92_jpg.rf.1ced57ab98b4e8b5abd41d9ec0b27f25.jpg,jacuzzi bathtub,0.3738717436790466,285.30340576171875,474.2161560058594,637.697021484375,637.8795166015625,variants,Image file: image_92_jpg.rf.1ced57ab98b4e8b5abd41d9ec0b27f25.jpg. Detected amenity: jacuzzi bathtub. Detection confidence: medium (0.37). Source prompt type: variants.,"You are generating hotel amenity questions for guests browsing accommodation photos. Given the detection summary below, generate a hotel amenity related question that a guest may ask or a guest might want to be answeredwhile browsing accommodation images. Keep the question short, factual, and neutral. Detection summary: Image file: image_92_jpg.rf.1ced57ab98b4e8b5abd41d9ec0b27f25.jpg. Detected amenity: jacuzzi bathtub. Detection confidence: medium (0.37). Source prompt type: variants. Question:",What type of amenity is the jacuzzi bathtub?,What is the name of the hotel's jacuzzi bathtub?,Does this room come with a jacuzzi bathtub?,Is the jacuzzi bathtub available for guest use 24/7?
image_101_jpg.rf.e93a0eb31dea15d1fda213a8e42ff961.jpg,bathtub with shower,0.3045058846473694,-1.459197998046875,-0.1529312133789062,635.1407470703125,637.794677734375,variants,Image file: image_101_jpg.rf.e93a0eb31dea15d1fda213a8e42ff961.jpg. Detected amenity: bathtub with shower. Detection confidence: medium (0.30). Source prompt type: variants.,"You are generating hotel amenity questions for guests browsing accommodation photos. Given the detection summary below, generate a hotel amenity related question that a guest may ask or a guest might want to be answeredwhile browsing accommodation images. Keep the question short, factual, and neutral. Detection summary: Image file: image_101_jpg.rf.e93a0eb31dea15d1fda213a8e42ff961.jpg. Detected amenity: bathtub with shower. Detection confidence: medium (0.30). Source prompt type: variants. Question:",What is the name of the hotel with a bathtub with shower?,What is the name of the bathroom amenity?,Does the room have a separate bathtub and shower or a combined bathtub with shower?,Does the bathtub have a separate shower area?
image_101_jpg.rf.e93a0eb31dea15d1fda213a8e42ff961.jpg,bathtub with shower,0.1612038612365722,325.82769775390625,10.259265899658203,636.6456298828125,640.743408203125,variants,Image file: image_101_jpg.rf.e93a0eb31dea15d1fda213a8e42ff961.jpg. Detected amenity: bathtub with shower. Detection confidence: low (0.16). Source prompt type: variants.,"You are generating hotel amenity questions for guests browsing accommodation photos. Given the detection summary below, generate a hotel amenity related question that a guest may ask or a guest might want to be answeredwhile browsing accommodation images. Keep the question short, factual, and neutral. Detection summary: Image file: image_101_jpg.rf.e93a0eb31dea15d1fda213a8e42ff961.jpg. Detected amenity: bathtub with shower. Detection confidence: low (0.16). Source prompt type: variants. Question:",What is the name of the hotel with a bathtub with shower?,What is the name of the bathroom amenity?,Does the room have a separate bathtub and shower or a combined bathtub with shower?,Is the bathtub separate from the shower?
image_101_jpg.rf.e93a0eb31dea15d1fda213a8e42ff961.jpg,jacuzzi bathtub,0.2068331688642501,1.4272117614746094,356.8937683105469,296.4305114746094,630.8626708984375,variants,Image file: image_101_jpg.rf.e93a0eb31dea15d1fda213a8e42ff961.jpg. Detected amenity: jacuzzi bathtub. Detection confidence: low (0.21). Source prompt type: variants.,"You are generating hotel amenity questions for guests browsing accommodation photos. Given the detection summary below, generate a hotel amenity related question that a guest may ask or a guest might want to be answeredwhile browsing accommodation images. Keep the question short, factual, and neutral. Detection summary: Image file: image_101_jpg.rf.e93a0eb31dea15d1fda213a8e42ff961.jpg. Detected amenity: jacuzzi bathtub. Detection confidence: low (0.21). Source prompt type: variants. Question:",What type of amenity is the jacuzzi bathtub?,What is the name of the hotel's jacuzzi bathtub?,Does this room come with a jacuzzi bathtub?,Is the jacuzzi bathtub available in every room or just in certain rooms?
image_101_jpg.rf.e93a0eb31dea15d1fda213a8e42ff961.jpg,bathtub,0.7648665904998779,333.9915771484375,431.9620361328125,631.5763549804688,638.3880615234375,variants,Image file: image_101_jpg.rf.e93a0eb31dea15d1fda213a8e42ff961.jpg. Detected amenity: bathtub. Detection confidence: high (0.76). Source prompt type: variants.,"You are generating hotel amenity questions for guests browsing accommodation photos. Given the detection summary below, generate a hotel amenity related question that a guest may ask or a guest might want to be answeredwhile browsing accommodation images. Keep the question short, factual, and neutral. Detection summary: Image file: image_101_jpg.rf.e93a0eb31dea15d1fda213a8e42ff961.jpg. Detected amenity: bathtub. Detection confidence: high (0.76). Source prompt type: variants. Question:",What is the name of the hotel amenity?,What is the name of the hotel's bathtub?,Does this room have a bathtub?,Is the bathtub separate from the shower?
image_101_jpg.rf.e93a0eb31dea15d1fda213a8e42ff961.jpg,jacuzzi bathtub,0.1979699432849884,332.7235412597656,430.1203002929688,633.6453857421875,637.3442993164062,variants,Image file: image_101_jpg.rf.e93a0eb31dea15d1fda213a8e42ff961.jpg. Detected amenity: jacuzzi bathtub. Detection confidence: low (0.20). Source prompt type: variants.,"You are generating hotel amenity questions for guests browsing accommodation photos. Given the detection summary below, generate a hotel amenity related question that a guest may ask or a guest might want to be answeredwhile browsing accommodation images. Keep the question short, factual, and neutral. Detection summary: Image file: image_101_jpg.rf.e93a0eb31dea15d1fda213a8e42ff961.jpg. Detected amenity: jacuzzi bathtub. Detection confidence: low (0.20). Source prompt type: variants. Question:",What is the name of the hotel that has a jacuzzi?,What is the name of the hotel's jacuzzi bathtub?,Does this room come with a jacuzzi bathtub?,Does the hotel room have a private jacuzzi bathtub?
image_263_fp_jpg.rf.4a38678e96ecfeb42a1886af6e9cb605.jpg,jacuzzi bathtub,0.1030475869774818,237.386474609375,288.3526916503906,637.5140380859375,639.2595825195312,variants,Image file: image_263_fp_jpg.rf.4a38678e96ecfeb42a1886af6e9cb605.jpg. Detected amenity: jacuzzi bathtub. Detection confidence: low (0.10). Source prompt type: variants.,"You are generating hotel amenity questions for guests browsing accommodation photos. Given the detection summary below, generate a hotel amenity related question that a guest may ask or a guest might want to be answeredwhile browsing accommodation images. Keep the question short, factual, and neutral. Detection summary: Image file: image_263_fp_jpg.rf.4a38678e96ecfeb42a1886af6e9cb605.jpg. Detected amenity: jacuzzi bathtub. Detection confidence: low (0.10). Source prompt type: variants. Question:",What type of amenity is the jacuzzi bathtub?,What is the name of the hotel's jacuzzi bathtub?,Does this room come with a jacuzzi bathtub?,Does the hotel have a hot tub or a separate spa area with a jacuzzi?
image_257_fp_jpg.rf.8e10bf43029dbb0aeaf04fafb98b7328.jpg,bathtub with shower,0.1392984837293625,4.535884857177734,0.5189132690429688,642.43896484375,638.01416015625,variants,Image file: image_257_fp_jpg.rf.8e10bf43029dbb0aeaf04fafb98b7328.jpg. Detected amenity: bathtub with shower. Detection confidence: low (0.14). Source prompt type: variants.,"You are generating hotel amenity questions for guests browsing accommodation photos. Given the detection summary below, generate a hotel amenity related question that a guest may ask or a guest might want to be answeredwhile browsing accommodation images. Keep the question short, factual, and neutral. Detection summary: Image file: image_257_fp_jpg.rf.8e10bf43029dbb0aeaf04fafb98b7328.jpg. Detected amenity: bathtub with shower. Detection confidence: low (0.14). Source prompt type: variants. Question:",What is the name of the hotel with a bathtub with shower?,What is the name of the bathroom amenity?,Does the room have a separate bathtub and shower or a combined bathtub with shower?,Is the bathtub with shower separate from the main shower area?
image_257_fp_jpg.rf.8e10bf43029dbb0aeaf04fafb98b7328.jpg,bathtub,0.1348366439342498,412.1405029296875,77.36751556396484,642.2546997070312,612.3326416015625,variants,Image file: image_257_fp_jpg.rf.8e10bf43029dbb0aeaf04fafb98b7328.jpg. Detected amenity: bathtub. Detection confidence: low (0.13). Source prompt type: variants.,"You are generating hotel amenity questions for guests browsing accommodation photos. Given the detection summary below, generate a hotel amenity related question that a guest may ask or a guest might want to be answeredwhile browsing accommodation images. Keep the question short, factual, and neutral. Detection summary: Image file: image_257_fp_jpg.rf.8e10bf43029dbb0aeaf04fafb98b7328.jpg. Detected amenity: bathtub. Detection confidence: low (0.13). Source prompt type: variants. Question:",What is the name of the hotel amenity?,What is the name of the hotel's bathtub?,Does the room have a bathtub?,Is the bathtub a standalone unit or part of a shower and bathtub combination?
image_257_fp_jpg.rf.8e10bf43029dbb0aeaf04fafb98b7328.jpg,freestanding bathtub,0.1285226345062255,311.96929931640625,431.6186218261719,368.9816284179688,525.651611328125,variants,Image file: image_257_fp_jpg.rf.8e10bf43029dbb0aeaf04fafb98b7328.jpg. Detected amenity: freestanding bathtub. Detection confidence: low (0.13). Source prompt type: variants.,"You are generating hotel amenity questions for guests browsing accommodation photos. Given the detection summary below, generate a hotel amenity related question that a guest may ask or a guest might want to be answeredwhile browsing accommodation images. Keep the question short, factual, and neutral. Detection summary: Image file: image_257_fp_jpg.rf.8e10bf43029dbb0aeaf04fafb98b7328.jpg. Detected amenity: freestanding bathtub. Detection confidence: low (0.13). Source prompt type: variants. Question:",What is the name of the hotel that has a freestanding bathtub?,What is the name of the freestanding bathtub?,Does this room have a freestanding bathtub?,Does the freestanding bathtub have a showerhead or is it a standalone soaking tub?
image_257_fp_jpg.rf.8e10bf43029dbb0aeaf04fafb98b7328.jpg,jacuzzi bathtub,0.1192210987210273,24.820356369018555,488.2798461914063,165.80706787109375,636.7089233398438,variants,Image file: image_257_fp_jpg.rf.8e10bf43029dbb0aeaf04fafb98b7328.jpg. Detected amenity: jacuzzi bathtub. Detection confidence: low (0.12). Source prompt type: variants.,"You are generating hotel amenity questions for guests browsing accommodation photos. Given the detection summary below, generate a hotel amenity related question that a guest may ask or a guest might want to be answeredwhile browsing accommodation images. Keep the question short, factual, and neutral. Detection summary: Image file: image_257_fp_jpg.rf.8e10bf43029dbb0aeaf04fafb98b7328.jpg. Detected amenity: jacuzzi bathtub. Detection confidence: low (0.12). Source prompt type: variants. Question:",What type of amenity is the jacuzzi bathtub?,What is the name of the hotel's jacuzzi bathtub?,Does this room come with a jacuzzi bathtub?,Is the jacuzzi bathtub available in every room?
image_257_fp_jpg.rf.8e10bf43029dbb0aeaf04fafb98b7328.jpg,bathtub,0.2515401542186737,28.86366271972656,489.26116943359375,165.77926635742188,637.990234375,variants,Image file: image_257_fp_jpg.rf.8e10bf43029dbb0aeaf04fafb98b7328.jpg. Detected amenity: bathtub. Detection confidence: low (0.25). Source prompt type: variants.,"You are generating hotel amenity questions for guests browsing accommodation photos. Given the detection summary below, generate a hotel amenity related question that a guest may ask or a guest might want to be answeredwhile browsing accommodation images. Keep the question short, factual, and neutral. Detection summary: Image file: image_257_fp_jpg.rf.8e10bf43029dbb0aeaf04fafb98b7328.jpg. Detected amenity: bathtub. Detection confidence: low (0.25). Source prompt type: variants. Question:",What is the name of the hotel amenity?,What is the name of the hotel's bathtub?,Does this room have a bathtub?,Is the bathtub separate or part of a shower?
image_257_fp_jpg.rf.8e10bf43029dbb0aeaf04fafb98b7328.jpg,bathtub,0.177788034081459,427.8138427734375,459.3519592285156,644.4463500976562,637.0014038085938,variants,Image file: image_257_fp_jpg.rf.8e10bf43029dbb0aeaf04fafb98b7328.jpg. Detected amenity: bathtub. Detection confidence: low (0.18). Source prompt type: variants.,"You are generating hotel amenity questions for guests browsing accommodation photos. Given the detection summary below, generate a hotel amenity related question that a guest may ask or a guest might want to be answeredwhile browsing accommodation images. Keep the question short, factual, and neutral. Detection summary: Image file: image_257_fp_jpg.rf.8e10bf43029dbb0aeaf04fafb98b7328.jpg. Detected amenity: bathtub. Detection confidence: low (0.18). Source prompt type: variants. Question:",What is the name of the hotel amenity?,What is the name of the hotel's bathtub?,Does this room have a bathtub?,Is the bathtub a standalone unit or part of a combined shower and bathtub?
image_257_fp_jpg.rf.8e10bf43029dbb0aeaf04fafb98b7328.jpg,bathtub,0.3954018652439117,432.9278259277344,456.7278442382813,639.88427734375,570.4478759765625,variants,Image file: image_257_fp_jpg.rf.8e10bf43029dbb0aeaf04fafb98b7328.jpg. Detected amenity: bathtub. Detection confidence: medium (0.40). Source prompt type: variants.,"You are generating hotel amenity questions for guests browsing accommodation photos. Given the detection summary below, generate a hotel amenity related question that a guest may ask or a guest might want to be answeredwhile browsing accommodation images. Keep the question short, factual, and neutral. Detection summary: Image file: image_257_fp_jpg.rf.8e10bf43029dbb0aeaf04fafb98b7328.jpg. Detected amenity: bathtub. Detection confidence: medium (0.40). Source prompt type: variants. Question:",What is the name of the hotel amenity?,What is the name of the hotel's bathtub?,Does this room have a bathtub?,Is the bathtub separate from the shower?
image_72_jpg.rf.f8e98a1ff127084398a6f3aaf422361f.jpg,bathtub,0.1559508889913559,22.19977378845215,399.2312927246094,324.9552917480469,639.2040405273438,variants,Image file: image_72_jpg.rf.f8e98a1ff127084398a6f3aaf422361f.jpg. Detected amenity: bathtub. Detection confidence: low (0.16). Source prompt type: variants.,"You are generating hotel amenity questions for guests browsing accommodation photos. Given the detection summary below, generate a hotel amenity related question that a guest may ask or a guest might want to be answeredwhile browsing accommodation images. Keep the question short, factual, and neutral. Detection summary: Image file: image_72_jpg.rf.f8e98a1ff127084398a6f3aaf422361f.jpg. Detected amenity: bathtub. Detection confidence: low (0.16). Source prompt type: variants. Question:",What is the name of the hotel amenity?,What is the name of the hotel's bathtub?,Does this room have a bathtub?,Does the bathtub have a showerhead?
image_168_jpg.rf.9ebf21d26fdf9ac0f02137c7b5ad30d7.jpg,bathtub,0.2050701975822448,3.1826210021972656,369.0902099609375,271.3979797363281,639.991455078125,variants,Image file: image_168_jpg.rf.9ebf21d26fdf9ac0f02137c7b5ad30d7.jpg. Detected amenity: bathtub. Detection confidence: low (0.21). Source prompt type: variants.,"You are generating hotel amenity questions for guests browsing accommodation photos. Given the detection summary below, generate a hotel amenity related question that a guest may ask or a guest might want to be answeredwhile browsing accommodation images. Keep the question short, factual, and neutral. Detection summary: Image file: image_168_jpg.rf.9ebf21d26fdf9ac0f02137c7b5ad30d7.jpg. Detected amenity: bathtub. Detection confidence: low (0.21). Source prompt type: variants. Question:",What is the name of the hotel amenity?,What is the name of the hotel's bathtub?,Does the room have a bathtub?,Does the room have a separate shower or is it a shower over the bathtub?
image_168_jpg.rf.9ebf21d26fdf9ac0f02137c7b5ad30d7.jpg,bathtub,0.1143058240413665,3.6386489868164062,479.1598510742188,266.5524597167969,639.633544921875,variants,Image file: image_168_jpg.rf.9ebf21d26fdf9ac0f02137c7b5ad30d7.jpg. Detected amenity: bathtub. Detection confidence: low (0.11). Source prompt type: variants.,"You are generating hotel amenity questions for guests browsing accommodation photos. Given the detection summary below, generate a hotel amenity related question that a guest may ask or a guest might want to be answeredwhile browsing accommodation images. Keep the question short, factual, and neutral. Detection summary: Image file: image_168_jpg.rf.9ebf21d26fdf9ac0f02137c7b5ad30d7.jpg. Detected amenity: bathtub. Detection confidence: low (0.11). Source prompt type: variants. Question:",What is the name of the hotel amenity?,What is the name of the hotel's bathtub?,Does this room have a bathtub?,Is the bathtub separate from the shower?
image_285_fp_jpg.rf.63ea1bc9e846428175694c6b67756c20.jpg,bathtub,0.2083443403244018,531.0760498046875,278.88653564453125,638.5498046875,412.2273559570313,variants,Image file: image_285_fp_jpg.rf.63ea1bc9e846428175694c6b67756c20.jpg. Detected amenity: bathtub. Detection confidence: low (0.21). Source prompt type: variants.,"You are generating hotel amenity questions for guests browsing accommodation photos. Given the detection summary below, generate a hotel amenity related question that a guest may ask or a guest might want to be answeredwhile browsing accommodation images. Keep the question short, factual, and neutral. Detection summary: Image file: image_285_fp_jpg.rf.63ea1bc9e846428175694c6b67756c20.jpg. Detected amenity: bathtub. Detection confidence: low (0.21). Source prompt type: variants. Question:",What is the name of the hotel amenity?,What is the name of the hotel's bathtub?,Does this room have a bathtub?,Does the bathtub have a shower attachment?
image_85_jpg.rf.4bfd23d9ac0496a67e736520de38ad84.jpg,jacuzzi bathtub,0.1074731722474098,4.206275939941406,-1.5153121948242188,640.1927490234375,636.8604736328125,variants,Image file: image_85_jpg.rf.4bfd23d9ac0496a67e736520de38ad84.jpg. Detected amenity: jacuzzi bathtub. Detection confidence: low (0.11). Source prompt type: variants.,"You are generating hotel amenity questions for guests browsing accommodation photos. Given the detection summary below, generate a hotel amenity related question that a guest may ask or a guest might want to be answeredwhile browsing accommodation images. Keep the question short, factual, and neutral. Detection summary: Image file: image_85_jpg.rf.4bfd23d9ac0496a67e736520de38ad84.jpg. Detected amenity: jacuzzi bathtub. Detection confidence: low (0.11). Source prompt type: variants. Question:",What type of amenity is the jacuzzi bathtub?,What is the name of the hotel's jacuzzi bathtub?,Does this room come with a jacuzzi bathtub?,Is the jacuzzi bathtub available for guest use?
image_85_jpg.rf.4bfd23d9ac0496a67e736520de38ad84.jpg,bathtub with shower,0.1388560980558395,101.22809600830078,61.89348220825195,309.1761779785156,464.26275634765625,variants,Image file: image_85_jpg.rf.4bfd23d9ac0496a67e736520de38ad84.jpg. Detected amenity: bathtub with shower. Detection confidence: low (0.14). Source prompt type: variants.,"You are generating hotel amenity questions for guests browsing accommodation photos. Given the detection summary below, generate a hotel amenity related question that a guest may ask or a guest might want to be answeredwhile browsing accommodation images. Keep the question short, factual, and neutral. Detection summary: Image file: image_85_jpg.rf.4bfd23d9ac0496a67e736520de38ad84.jpg. Detected amenity: bathtub with shower. Detection confidence: low (0.14). Source prompt type: variants. Question:",What is the name of the hotel with a bathtub with shower?,What is the size of the bathroom?,Does the room have a separate bathtub and shower or a combined bathtub with shower?,Is the bathtub separate from the shower?
image_85_jpg.rf.4bfd23d9ac0496a67e736520de38ad84.jpg,jacuzzi bathtub,0.158135250210762,137.71058654785156,312.6376953125,307.1948547363281,459.0816650390625,variants,Image file: image_85_jpg.rf.4bfd23d9ac0496a67e736520de38ad84.jpg. Detected amenity: jacuzzi bathtub. Detection confidence: low (0.16). Source prompt type: variants.,"You are generating hotel amenity questions for guests browsing accommodation photos. Given the detection summary below, generate a hotel amenity related question that a guest may ask or a guest might want to be answeredwhile browsing accommodation images. Keep the question short, factual, and neutral. Detection summary: Image file: image_85_jpg.rf.4bfd23d9ac0496a67e736520de38ad84.jpg. Detected amenity: jacuzzi bathtub. Detection confidence: low (0.16). Source prompt type: variants. Question:",What type of amenity is the jacuzzi bathtub?,What is the name of the hotel's jacuzzi bathtub?,Does this room come with a jacuzzi bathtub?,Is there a hot tub or whirlpool available in the hotel?
image_85_jpg.rf.4bfd23d9ac0496a67e736520de38ad84.jpg,jacuzzi bathtub,0.1361834406852722,60.33729553222656,418.5253601074219,289.4266357421875,635.2374877929688,variants,Image file: image_85_jpg.rf.4bfd23d9ac0496a67e736520de38ad84.jpg. Detected amenity: jacuzzi bathtub. Detection confidence: low (0.14). Source prompt type: variants.,"You are generating hotel amenity questions for guests browsing accommodation photos. Given the detection summary below, generate a hotel amenity related question that a guest may ask or a guest might want to be answeredwhile browsing accommodation images. Keep the question short, factual, and neutral. Detection summary: Image file: image_85_jpg.rf.4bfd23d9ac0496a67e736520de38ad84.jpg. Detected amenity: jacuzzi bathtub. Detection confidence: low (0.14). Source prompt type: variants. Question:",What type of amenity is the jacuzzi bathtub?,What is the name of the hotel's jacuzzi bathtub?,Does this room come with a jacuzzi bathtub?,Does the jacuzzi bathtub have temperature control?
image_85_jpg.rf.4bfd23d9ac0496a67e736520de38ad84.jpg,bathtub,0.4216302931308746,60.05145263671875,417.7844848632813,290.87359619140625,635.8588256835938,variants,Image file: image_85_jpg.rf.4bfd23d9ac0496a67e736520de38ad84.jpg. Detected amenity: bathtub. Detection confidence: medium (0.42). Source prompt type: variants.,"You are generating hotel amenity questions for guests browsing accommodation photos. Given the detection summary below, generate a hotel amenity related question that a guest may ask or a guest might want to be answeredwhile browsing accommodation images. Keep the question short, factual, and neutral. Detection summary: Image file: image_85_jpg.rf.4bfd23d9ac0496a67e736520de38ad84.jpg. Detected amenity: bathtub. Detection confidence: medium (0.42). Source prompt type: variants. Question:",What is the name of the hotel amenity?,What type of amenity is the bathtub?,Does this room have a bathtub?,Is the bathtub a standalone unit or part of a shower-bathtub combination?
image_187_jpg.rf.4b4b3c71d32c2b3ff399710d30e18e18.jpg,bathtub,0.5451027750968933,245.9657592773437,390.9509887695313,648.7464599609375,638.4639892578125,variants,Image file: image_187_jpg.rf.4b4b3c71d32c2b3ff399710d30e18e18.jpg. Detected amenity: bathtub. Detection confidence: medium (0.55). Source prompt type: variants.,"You are generating hotel amenity questions for guests browsing accommodation photos. Given the detection summary below, generate a hotel amenity related question that a guest may ask or a guest might want to be answeredwhile browsing accommodation images. Keep the question short, factual, and neutral. Detection summary: Image file: image_187_jpg.rf.4b4b3c71d32c2b3ff399710d30e18e18.jpg. Detected amenity: bathtub. Detection confidence: medium (0.55). Source prompt type: variants. Question:",What is the name of the hotel amenity?,What type of amenity is the bathtub?,Does the room have a bathtub?,Is the bathtub separate from the shower?
image_45_jpg.rf.1935dc65fe04e6b1e8bee0e4c01a5efd.jpg,bathtub with shower,0.1011245250701904,424.726806640625,-9.201698303222656,640.568359375,626.9677124023438,variants,Image file: image_45_jpg.rf.1935dc65fe04e6b1e8bee0e4c01a5efd.jpg. Detected amenity: bathtub with shower. Detection confidence: low (0.10). Source prompt type: variants.,"You are generating hotel amenity questions for guests browsing accommodation photos. Given the detection summary below, generate a hotel amenity related question that a guest may ask or a guest might want to be answeredwhile browsing accommodation images. Keep the question short, factual, and neutral. Detection summary: Image file: image_45_jpg.rf.1935dc65fe04e6b1e8bee0e4c01a5efd.jpg. Detected amenity: bathtub with shower. Detection confidence: low (0.10). Source prompt type: variants. Question:",What is the name of the hotel with a bathtub with shower?,What is the name of the bathroom amenity?,Does the room have a separate bathtub and shower or a combined unit?,Is the bathtub separate from the shower area?
image_45_jpg.rf.1935dc65fe04e6b1e8bee0e4c01a5efd.jpg,jacuzzi bathtub,0.1040800213813781,-2.54251480102539,364.3238830566406,425.5137634277344,636.1864013671875,variants,Image file: image_45_jpg.rf.1935dc65fe04e6b1e8bee0e4c01a5efd.jpg. Detected amenity: jacuzzi bathtub. Detection confidence: low (0.10). Source prompt type: variants.,"You are generating hotel amenity questions for guests browsing accommodation photos. Given the detection summary below, generate a hotel amenity related question that a guest may ask or a guest might want to be answeredwhile browsing accommodation images. Keep the question short, factual, and neutral. Detection summary: Image file: image_45_jpg.rf.1935dc65fe04e6b1e8bee0e4c01a5efd.jpg. Detected amenity: jacuzzi bathtub. Detection confidence: low (0.10). Source prompt type: variants. Question:",What type of amenity is the jacuzzi bathtub?,What is the name of the hotel's jacuzzi bathtub?,Does this room come with a jacuzzi bathtub?,Does the jacuzzi bathtub come with jets and temperature control?
image_45_jpg.rf.1935dc65fe04e6b1e8bee0e4c01a5efd.jpg,bathtub,0.3897370398044586,462.6518249511719,465.7117919921875,637.63330078125,641.307373046875,variants,Image file: image_45_jpg.rf.1935dc65fe04e6b1e8bee0e4c01a5efd.jpg. Detected amenity: bathtub. Detection confidence: medium (0.39). Source prompt type: variants.,"You are generating hotel amenity questions for guests browsing accommodation photos. Given the detection summary below, generate a hotel amenity related question that a guest may ask or a guest might want to be answeredwhile browsing accommodation images. Keep the question short, factual, and neutral. Detection summary: Image file: image_45_jpg.rf.1935dc65fe04e6b1e8bee0e4c01a5efd.jpg. Detected amenity: bathtub. Detection confidence: medium (0.39). Source prompt type: variants. Question:",What is the name of the hotel amenity?,What type of amenity is the bathtub?,Does this room have a bathtub?,Does the bathtub have a shower attachment?
image_57_jpg.rf.9d9b7b735ff201c443b54c55299ea596.jpg,bathtub with shower,0.1243254616856575,5.404624938964844,3.364219665527344,371.6677551269531,641.5170288085938,variants,Image file: image_57_jpg.rf.9d9b7b735ff201c443b54c55299ea596.jpg. Detected amenity: bathtub with shower. Detection confidence: low (0.12). Source prompt type: variants.,"You are generating hotel amenity questions for guests browsing accommodation photos. Given the detection summary below, generate a hotel amenity related question that a guest may ask or a guest might want to be answeredwhile browsing accommodation images. Keep the question short, factual, and neutral. Detection summary: Image file: image_57_jpg.rf.9d9b7b735ff201c443b54c55299ea596.jpg. Detected amenity: bathtub with shower. Detection confidence: low (0.12). Source prompt type: variants. Question:",What is the name of the hotel with a bathtub with shower?,What is the name of the bathroom amenity in the image?,Does this room have a separate bathtub and shower or a combined unit?,Is the bathtub separate from the shower?
image_57_jpg.rf.9d9b7b735ff201c443b54c55299ea596.jpg,jacuzzi bathtub,0.1230374425649643,8.165550231933594,2.9856491088867188,646.0478515625,640.087890625,variants,Image file: image_57_jpg.rf.9d9b7b735ff201c443b54c55299ea596.jpg. Detected amenity: jacuzzi bathtub. Detection confidence: low (0.12). Source prompt type: variants.,"You are generating hotel amenity questions for guests browsing accommodation photos. Given the detection summary below, generate a hotel amenity related question that a guest may ask or a guest might want to be answeredwhile browsing accommodation images. Keep the question short, factual, and neutral. Detection summary: Image file: image_57_jpg.rf.9d9b7b735ff201c443b54c55299ea596.jpg. Detected amenity: jacuzzi bathtub. Detection confidence: low (0.12). Source prompt type: variants. Question:",What type of amenity is the jacuzzi bathtub?,What is the name of the hotel's jacuzzi bathtub?,Does this room come with a jacuzzi bathtub?,Is the jacuzzi bathtub available for guest use?
image_57_jpg.rf.9d9b7b735ff201c443b54c55299ea596.jpg,bathtub,0.5365216135978699,49.39859390258789,537.9764404296875,333.93194580078125,642.4305419921875,variants,Image file: image_57_jpg.rf.9d9b7b735ff201c443b54c55299ea596.jpg. Detected amenity: bathtub. Detection confidence: medium (0.54). Source prompt type: variants.,"You are generating hotel amenity questions for guests browsing accommodation photos. Given the detection summary below, generate a hotel amenity related question that a guest may ask or a guest might want to be answeredwhile browsing accommodation images. Keep the question short, factual, and neutral. Detection summary: Image file: image_57_jpg.rf.9d9b7b735ff201c443b54c55299ea596.jpg. Detected amenity: bathtub. Detection confidence: medium (0.54). Source prompt type: variants. Question:",What is the name of the hotel amenity?,What type of amenity is the bathtub?,Does this room have a bathtub?,Is the bathtub a standalone tub or part of a walk-in shower?
image_33_jpg.rf.c992d0711db2b4e0f7ede608f61d0d2c.jpg,bathtub,0.3699249625205993,214.0677185058593,429.9127807617188,623.5197143554688,638.7747802734375,variants,Image file: image_33_jpg.rf.c992d0711db2b4e0f7ede608f61d0d2c.jpg. Detected amenity: bathtub. Detection confidence: medium (0.37). Source prompt type: variants.,"You are generating hotel amenity questions for guests browsing accommodation photos. Given the detection summary below, generate a hotel amenity related question that a guest may ask or a guest might want to be answeredwhile browsing accommodation images. Keep the question short, factual, and neutral. Detection summary: Image file: image_33_jpg.rf.c992d0711db2b4e0f7ede608f61d0d2c.jpg. Detected amenity: bathtub. Detection confidence: medium (0.37). Source prompt type: variants. Question:",What is the name of the hotel amenity?,What is the name of the hotel's bathtub?,Does this room have a bathtub?,Is the bathtub in the room?
image_238_fp_jpg.rf.91dd38c4dcb7057c6b24f131864a67d7.jpg,freestanding bathtub,0.1374755352735519,306.8868713378906,422.7965698242188,601.9962158203125,637.6740112304688,variants,Image file: image_238_fp_jpg.rf.91dd38c4dcb7057c6b24f131864a67d7.jpg. Detected amenity: freestanding bathtub. Detection confidence: low (0.14). Source prompt type: variants.,"You are generating hotel amenity questions for guests browsing accommodation photos. Given the detection summary below, generate a hotel amenity related question that a guest may ask or a guest might want to be answeredwhile browsing accommodation images. Keep the question short, factual, and neutral. Detection summary: Image file: image_238_fp_jpg.rf.91dd38c4dcb7057c6b24f131864a67d7.jpg. Detected amenity: freestanding bathtub. Detection confidence: low (0.14). Source prompt type: variants. Question:",What is the name of the hotel that has a freestanding bathtub?,What is the name of the freestanding bathtub?,Does this room have a freestanding bathtub?,Is the freestanding bathtub available in all rooms or just certain suites?
image_129_jpg.rf.c93482597141a549c2bf4bc6aa1aa68c.jpg,jacuzzi bathtub,0.2276984602212906,-3.729066848754883,464.2946166992188,318.767578125,642.6708984375,variants,Image file: image_129_jpg.rf.c93482597141a549c2bf4bc6aa1aa68c.jpg. Detected amenity: jacuzzi bathtub. Detection confidence: low (0.23). Source prompt type: variants.,"You are generating hotel amenity questions for guests browsing accommodation photos. Given the detection summary below, generate a hotel amenity related question that a guest may ask or a guest might want to be answeredwhile browsing accommodation images. Keep the question short, factual, and neutral. Detection summary: Image file: image_129_jpg.rf.c93482597141a549c2bf4bc6aa1aa68c.jpg. Detected amenity: jacuzzi bathtub. Detection confidence: low (0.23). Source prompt type: variants. Question:",What is the name of the hotel that has a jacuzzi bathtub?,What is the name of the hotel's jacuzzi bathtub?,Does this room come with a jacuzzi bathtub?,Does the jacuzzi bathtub have a temperature control?
image_19_jpg.rf.c406c7dfec38a3c663000d3f820de6d0.jpg,bathtub,0.3391442894935608,1.8087387084960933,358.85797119140625,323.81512451171875,632.0499267578125,variants,Image file: image_19_jpg.rf.c406c7dfec38a3c663000d3f820de6d0.jpg. Detected amenity: bathtub. Detection confidence: medium (0.34). Source prompt type: variants.,"You are generating hotel amenity questions for guests browsing accommodation photos. Given the detection summary below, generate a hotel amenity related question that a guest may ask or a guest might want to be answeredwhile browsing accommodation images. Keep the question short, factual, and neutral. Detection summary: Image file: image_19_jpg.rf.c406c7dfec38a3c663000d3f820de6d0.jpg. Detected amenity: bathtub. Detection confidence: medium (0.34). Source prompt type: variants. Question:",What is the name of the hotel amenity?,What type of amenity is the bathtub?,Does this room have a bathtub?,Does the bathtub have a shower attachment?
image_17_jpg.rf.a37a9d49b8913a66ba408e96cd7180ed.jpg,bathtub,0.1510504186153412,1.4559650421142578,428.9196166992188,139.24441528320312,638.187744140625,variants,Image file: image_17_jpg.rf.a37a9d49b8913a66ba408e96cd7180ed.jpg. Detected amenity: bathtub. Detection confidence: low (0.15). Source prompt type: variants.,"You are generating hotel amenity questions for guests browsing accommodation photos. Given the detection summary below, generate a hotel amenity related question that a guest may ask or a guest might want to be answeredwhile browsing accommodation images. Keep the question short, factual, and neutral. Detection summary: Image file: image_17_jpg.rf.a37a9d49b8913a66ba408e96cd7180ed.jpg. Detected amenity: bathtub. Detection confidence: low (0.15). Source prompt type: variants. Question:",What is the name of the hotel amenity?,What is the name of the hotel's bathtub?,Does this room have a bathtub?,Is the bathtub separate from the shower?
image_17_jpg.rf.a37a9d49b8913a66ba408e96cd7180ed.jpg,bathtub,0.4626474678516388,389.32318115234375,430.2667236328125,584.6527099609375,641.0147094726562,variants,Image file: image_17_jpg.rf.a37a9d49b8913a66ba408e96cd7180ed.jpg. Detected amenity: bathtub. Detection confidence: medium (0.46). Source prompt type: variants.,"You are generating hotel amenity questions for guests browsing accommodation photos. Given the detection summary below, generate a hotel amenity related question that a guest may ask or a guest might want to be answeredwhile browsing accommodation images. Keep the question short, factual, and neutral. Detection summary: Image file: image_17_jpg.rf.a37a9d49b8913a66ba408e96cd7180ed.jpg. Detected amenity: bathtub. Detection confidence: medium (0.46). Source prompt type: variants. Question:",What is the name of the hotel amenity?,What type of amenity is the bathtub?,Does this room have a bathtub?,Does the room have a separate shower stall?
image_277_fp_jpg.rf.5d97bfdf33396c974dea0030d469246e.jpg,jacuzzi bathtub,0.1237411722540855,255.38389587402344,299.71112060546875,645.3568115234375,609.7650756835938,variants,Image file: image_277_fp_jpg.rf.5d97bfdf33396c974dea0030d469246e.jpg. Detected amenity: jacuzzi bathtub. Detection confidence: low (0.12). Source prompt type: variants.,"You are generating hotel amenity questions for guests browsing accommodation photos. Given the detection summary below, generate a hotel amenity related question that a guest may ask or a guest might want to be answeredwhile browsing accommodation images. Keep the question short, factual, and neutral. Detection summary: Image file: image_277_fp_jpg.rf.5d97bfdf33396c974dea0030d469246e.jpg. Detected amenity: jacuzzi bathtub. Detection confidence: low (0.12). Source prompt type: variants. Question:",What type of amenity is the jacuzzi bathtub?,What is the name of the hotel's jacuzzi bathtub?,Does this room come with a jacuzzi bathtub?,Is there a hot tub or whirlpool available in the room?
image_158_jpg.rf.52794ec1b569c815e2a9274a87443d82.jpg,bathtub,0.2295181155204773,127.62564086914062,472.04833984375,452.77252197265625,639.5379638671875,variants,Image file: image_158_jpg.rf.52794ec1b569c815e2a9274a87443d82.jpg. Detected amenity: bathtub. Detection confidence: low (0.23). Source prompt type: variants.,"You are generating hotel amenity questions for guests browsing accommodation photos. Given the detection summary below, generate a hotel amenity related question that a guest may ask or a guest might want to be answeredwhile browsing accommodation images. Keep the question short, factual, and neutral. Detection summary: Image file: image_158_jpg.rf.52794ec1b569c815e2a9274a87443d82.jpg. Detected amenity: bathtub. Detection confidence: low (0.23). Source prompt type: variants. Question:",What is the name of the hotel amenity?,What is the name of the hotel's bathtub?,Does the room have a bathtub?,Is there a bathtub in the room?
image_166_jpg.rf.4338869023ae1398819acd56cc409f8e.jpg,bathtub,0.2827239036560058,384.932861328125,434.1760864257813,647.428466796875,645.6771850585938,variants,Image file: image_166_jpg.rf.4338869023ae1398819acd56cc409f8e.jpg. Detected amenity: bathtub. Detection confidence: low (0.28). Source prompt type: variants.,"You are generating hotel amenity questions for guests browsing accommodation photos. Given the detection summary below, generate a hotel amenity related question that a guest may ask or a guest might want to be answeredwhile browsing accommodation images. Keep the question short, factual, and neutral. Detection summary: Image file: image_166_jpg.rf.4338869023ae1398819acd56cc409f8e.jpg. Detected amenity: bathtub. Detection confidence: low (0.28). Source prompt type: variants. Question:",What is the name of the hotel amenity?,What is the name of the hotel's bathtub?,Does this room have a bathtub?,Is there a bathtub in the room?
image_40_jpg.rf.8babe190788e56cb68c592308ce6bc61.jpg,bathtub with shower,0.1716181337833404,3.4230995178222656,-1.317138671875,641.3958129882812,635.4971313476562,variants,Image file: image_40_jpg.rf.8babe190788e56cb68c592308ce6bc61.jpg. Detected amenity: bathtub with shower. Detection confidence: low (0.17). Source prompt type: variants.,"You are generating hotel amenity questions for guests browsing accommodation photos. Given the detection summary below, generate a hotel amenity related question that a guest may ask or a guest might want to be answeredwhile browsing accommodation images. Keep the question short, factual, and neutral. Detection summary: Image file: image_40_jpg.rf.8babe190788e56cb68c592308ce6bc61.jpg. Detected amenity: bathtub with shower. Detection confidence: low (0.17). Source prompt type: variants. Question:",What is the name of the hotel that has a bathtub with shower?,What is the size of the bathroom?,Does the room have a separate bathtub and shower or a combined bathtub with shower?,Is there a separate shower stall or is the shower integrated into the bathtub?
image_40_jpg.rf.8babe190788e56cb68c592308ce6bc61.jpg,bathtub,0.1254404783248901,1.5613746643066406,397.49212646484375,332.2789001464844,635.1199951171875,variants,Image file: image_40_jpg.rf.8babe190788e56cb68c592308ce6bc61.jpg. Detected amenity: bathtub. Detection confidence: low (0.13). Source prompt type: variants.,"You are generating hotel amenity questions for guests browsing accommodation photos. Given the detection summary below, generate a hotel amenity related question that a guest may ask or a guest might want to be answeredwhile browsing accommodation images. Keep the question short, factual, and neutral. Detection summary: Image file: image_40_jpg.rf.8babe190788e56cb68c592308ce6bc61.jpg. Detected amenity: bathtub. Detection confidence: low (0.13). Source prompt type: variants. Question:",What is the name of the hotel amenity?,What is the name of the hotel's bathtub?,Does this room have a bathtub?,Is there a bathtub in the room?
image_40_jpg.rf.8babe190788e56cb68c592308ce6bc61.jpg,bathtub,0.3808692097663879,377.4925537109375,422.01123046875,636.4967041015625,537.6986083984375,variants,Image file: image_40_jpg.rf.8babe190788e56cb68c592308ce6bc61.jpg. Detected amenity: bathtub. Detection confidence: medium (0.38). Source prompt type: variants.,"You are generating hotel amenity questions for guests browsing accommodation photos. Given the detection summary below, generate a hotel amenity related question that a guest may ask or a guest might want to be answeredwhile browsing accommodation images. Keep the question short, factual, and neutral. Detection summary: Image file: image_40_jpg.rf.8babe190788e56cb68c592308ce6bc61.jpg. Detected amenity: bathtub. Detection confidence: medium (0.38). Source prompt type: variants. Question:",What is the name of the hotel amenity?,What type of amenity is the bathtub?,Does this room have a bathtub?,Does the bathtub have a shower attachment?
image_40_jpg.rf.8babe190788e56cb68c592308ce6bc61.jpg,jacuzzi bathtub,0.1010011732578277,0.9700775146484376,396.4915161132813,333.7367248535156,606.7197875976562,variants,Image file: image_40_jpg.rf.8babe190788e56cb68c592308ce6bc61.jpg. Detected amenity: jacuzzi bathtub. Detection confidence: low (0.10). Source prompt type: variants.,"You are generating hotel amenity questions for guests browsing accommodation photos. Given the detection summary below, generate a hotel amenity related question that a guest may ask or a guest might want to be answeredwhile browsing accommodation images. Keep the question short, factual, and neutral. Detection summary: Image file: image_40_jpg.rf.8babe190788e56cb68c592308ce6bc61.jpg. Detected amenity: jacuzzi bathtub. Detection confidence: low (0.10). Source prompt type: variants. Question:",What type of amenity is the jacuzzi bathtub?,What is the name of the hotel's jacuzzi bathtub?,Does this room come with a jacuzzi bathtub?,Does the jacuzzi bathtub have temperature control?
image_40_jpg.rf.8babe190788e56cb68c592308ce6bc61.jpg,bathtub,0.1498685330152511,370.2972412109375,421.3237915039063,633.0482177734375,631.75,variants,Image file: image_40_jpg.rf.8babe190788e56cb68c592308ce6bc61.jpg. Detected amenity: bathtub. Detection confidence: low (0.15). Source prompt type: variants.,"You are generating hotel amenity questions for guests browsing accommodation photos. Given the detection summary below, generate a hotel amenity related question that a guest may ask or a guest might want to be answeredwhile browsing accommodation images. Keep the question short, factual, and neutral. Detection summary: Image file: image_40_jpg.rf.8babe190788e56cb68c592308ce6bc61.jpg. Detected amenity: bathtub. Detection confidence: low (0.15). Source prompt type: variants. Question:",What is the name of the hotel amenity?,What is the name of the hotel's bathtub?,Does the room have a bathtub?,Does the room have a separate shower stall?
image_162_jpg.rf.44da3862d9e1837569f8a85956c1b4a8.jpg,bathtub with shower,0.1973537802696228,3.010406494140625,1.306610107421875,641.1795654296875,638.21630859375,variants,Image file: image_162_jpg.rf.44da3862d9e1837569f8a85956c1b4a8.jpg. Detected amenity: bathtub with shower. Detection confidence: low (0.20). Source prompt type: variants.,"You are generating hotel amenity questions for guests browsing accommodation photos. Given the detection summary below, generate a hotel amenity related question that a guest may ask or a guest might want to be answeredwhile browsing accommodation images. Keep the question short, factual, and neutral. Detection summary: Image file: image_162_jpg.rf.44da3862d9e1837569f8a85956c1b4a8.jpg. Detected amenity: bathtub with shower. Detection confidence: low (0.20). Source prompt type: variants. Question:",What is the name of the hotel with a bathtub with shower?,What is the size of the bathroom?,Does the room have a separate bathtub and shower or a combined bathtub with shower?,Does the bathtub have a separate shower area?
image_162_jpg.rf.44da3862d9e1837569f8a85956c1b4a8.jpg,bathtub with shower,0.1034877449274063,-0.1665496826171875,-1.2431144714355469,404.3299560546875,632.747802734375,variants,Image file: image_162_jpg.rf.44da3862d9e1837569f8a85956c1b4a8.jpg. Detected amenity: bathtub with shower. Detection confidence: low (0.10). Source prompt type: variants.,"You are generating hotel amenity questions for guests browsing accommodation photos. Given the detection summary below, generate a hotel amenity related question that a guest may ask or a guest might want to be answeredwhile browsing accommodation images. Keep the question short, factual, and neutral. Detection summary: Image file: image_162_jpg.rf.44da3862d9e1837569f8a85956c1b4a8.jpg. Detected amenity: bathtub with shower. Detection confidence: low (0.10). Source prompt type: variants. Question:",What is the name of the hotel with a bathtub with shower?,What is the size of the bathroom?,Does the room have a separate bathtub and shower or a combined bathtub with shower?,Does the bathtub have a separate shower area or is it a shower-over-bathtub style?
image_162_jpg.rf.44da3862d9e1837569f8a85956c1b4a8.jpg,jacuzzi bathtub,0.2352828383445739,346.0507202148437,381.1417236328125,642.5866088867188,643.3141479492188,variants,Image file: image_162_jpg.rf.44da3862d9e1837569f8a85956c1b4a8.jpg. Detected amenity: jacuzzi bathtub. Detection confidence: low (0.24). Source prompt type: variants.,"You are generating hotel amenity questions for guests browsing accommodation photos. Given the detection summary below, generate a hotel amenity related question that a guest may ask or a guest might want to be answeredwhile browsing accommodation images. Keep the question short, factual, and neutral. Detection summary: Image file: image_162_jpg.rf.44da3862d9e1837569f8a85956c1b4a8.jpg. Detected amenity: jacuzzi bathtub. Detection confidence: low (0.24). Source prompt type: variants. Question:",What type of amenity is the jacuzzi bathtub?,What is the name of the hotel's jacuzzi bathtub?,Does this room come with a jacuzzi bathtub?,Is the jacuzzi bathtub available in all rooms?
image_162_jpg.rf.44da3862d9e1837569f8a85956c1b4a8.jpg,bathtub,0.2171522229909896,30.581417083740234,396.7654113769531,330.0980224609375,510.5398254394531,variants,Image file: image_162_jpg.rf.44da3862d9e1837569f8a85956c1b4a8.jpg. Detected amenity: bathtub. Detection confidence: low (0.22). Source prompt type: variants.,"You are generating hotel amenity questions for guests browsing accommodation photos. Given the detection summary below, generate a hotel amenity related question that a guest may ask or a guest might want to be answeredwhile browsing accommodation images. Keep the question short, factual, and neutral. Detection summary: Image file: image_162_jpg.rf.44da3862d9e1837569f8a85956c1b4a8.jpg. Detected amenity: bathtub. Detection confidence: low (0.22). Source prompt type: variants. Question:",What is the name of the hotel amenity?,What is the name of the hotel's bathtub?,Does this room have a bathtub?,Does the bathtub have a shower attachment?
image_162_jpg.rf.44da3862d9e1837569f8a85956c1b4a8.jpg,bathtub,0.4401275217533111,18.83808135986328,397.0379333496094,338.16558837890625,626.24609375,variants,Image file: image_162_jpg.rf.44da3862d9e1837569f8a85956c1b4a8.jpg. Detected amenity: bathtub. Detection confidence: medium (0.44). Source prompt type: variants.,"You are generating hotel amenity questions for guests browsing accommodation photos. Given the detection summary below, generate a hotel amenity related question that a guest may ask or a guest might want to be answeredwhile browsing accommodation images. Keep the question short, factual, and neutral. Detection summary: Image file: image_162_jpg.rf.44da3862d9e1837569f8a85956c1b4a8.jpg. Detected amenity: bathtub. Detection confidence: medium (0.44). Source prompt type: variants. Question:",What is the name of the hotel amenity?,What type of amenity is the bathtub?,Does this room have a bathtub?,Is the bathtub separate from the shower?
image_162_jpg.rf.44da3862d9e1837569f8a85956c1b4a8.jpg,freestanding bathtub,0.1655031740665435,375.9319763183594,575.4581298828125,453.2765502929688,639.1216430664062,variants,Image file: image_162_jpg.rf.44da3862d9e1837569f8a85956c1b4a8.jpg. Detected amenity: freestanding bathtub. Detection confidence: low (0.17). Source prompt type: variants.,"You are generating hotel amenity questions for guests browsing accommodation photos. Given the detection summary below, generate a hotel amenity related question that a guest may ask or a guest might want to be answeredwhile browsing accommodation images. Keep the question short, factual, and neutral. Detection summary: Image file: image_162_jpg.rf.44da3862d9e1837569f8a85956c1b4a8.jpg. Detected amenity: freestanding bathtub. Detection confidence: low (0.17). Source prompt type: variants. Question:",What is the name of the hotel that has a freestanding bathtub?,What is the size of the freestanding bathtub?,Does the room have a freestanding bathtub?,Does the freestanding bathtub come with a showerhead or is it a standalone soaking tub?
image_159_jpg.rf.0ad28521526e77fd9ac1d91609de7ca5.jpg,jacuzzi bathtub,0.1448185741901397,2.9480743408203125,1.2172698974609375,641.23974609375,636.729248046875,variants,Image file: image_159_jpg.rf.0ad28521526e77fd9ac1d91609de7ca5.jpg. Detected amenity: jacuzzi bathtub. Detection confidence: low (0.14). Source prompt type: variants.,"You are generating hotel amenity questions for guests browsing accommodation photos. Given the detection summary below, generate a hotel amenity related question that a guest may ask or a guest might want to be answeredwhile browsing accommodation images. Keep the question short, factual, and neutral. Detection summary: Image file: image_159_jpg.rf.0ad28521526e77fd9ac1d91609de7ca5.jpg. Detected amenity: jacuzzi bathtub. Detection confidence: low (0.14). Source prompt type: variants. Question:",What type of amenity is the jacuzzi bathtub?,What is the name of the hotel's jacuzzi bathtub?,Does this room come with a jacuzzi bathtub?,Does the room have a separate shower or is it a walk-in shower within the jacuzzi bathtub?
image_159_jpg.rf.0ad28521526e77fd9ac1d91609de7ca5.jpg,jacuzzi bathtub,0.1485405713319778,2.83742904663086,426.6380310058594,367.68548583984375,639.312744140625,variants,Image file: image_159_jpg.rf.0ad28521526e77fd9ac1d91609de7ca5.jpg. Detected amenity: jacuzzi bathtub. Detection confidence: low (0.15). Source prompt type: variants.,"You are generating hotel amenity questions for guests browsing accommodation photos. Given the detection summary below, generate a hotel amenity related question that a guest may ask or a guest might want to be answeredwhile browsing accommodation images. Keep the question short, factual, and neutral. Detection summary: Image file: image_159_jpg.rf.0ad28521526e77fd9ac1d91609de7ca5.jpg. Detected amenity: jacuzzi bathtub. Detection confidence: low (0.15). Source prompt type: variants. Question:",What is the name of the hotel amenity?,What is the name of the hotel's jacuzzi bathtub?,Does this room come with a jacuzzi bathtub?,Is the jacuzzi bathtub available in every room?
image_159_jpg.rf.0ad28521526e77fd9ac1d91609de7ca5.jpg,bathtub,0.4805509150028229,346.5561218261719,427.10980224609375,642.2137451171875,623.5826416015625,variants,Image file: image_159_jpg.rf.0ad28521526e77fd9ac1d91609de7ca5.jpg. Detected amenity: bathtub. Detection confidence: medium (0.48). Source prompt type: variants.,"You are generating hotel amenity questions for guests browsing accommodation photos. Given the detection summary below, generate a hotel amenity related question that a guest may ask or a guest might want to be answeredwhile browsing accommodation images. Keep the question short, factual, and neutral. Detection summary: Image file: image_159_jpg.rf.0ad28521526e77fd9ac1d91609de7ca5.jpg. Detected amenity: bathtub. Detection confidence: medium (0.48). Source prompt type: variants. Question:",What is the name of the hotel amenity?,What is the name of the hotel's bathtub?,Does this room have a bathtub?,Is the bathtub in the room or a shared facility?
image_159_jpg.rf.0ad28521526e77fd9ac1d91609de7ca5.jpg,jacuzzi bathtub,0.1008946895599365,344.6586608886719,428.5641784667969,644.3792724609375,623.681884765625,variants,Image file: image_159_jpg.rf.0ad28521526e77fd9ac1d91609de7ca5.jpg. Detected amenity: jacuzzi bathtub. Detection confidence: low (0.10). Source prompt type: variants.,"You are generating hotel amenity questions for guests browsing accommodation photos. Given the detection summary below, generate a hotel amenity related question that a guest may ask or a guest might want to be answeredwhile browsing accommodation images. Keep the question short, factual, and neutral. Detection summary: Image file: image_159_jpg.rf.0ad28521526e77fd9ac1d91609de7ca5.jpg. Detected amenity: jacuzzi bathtub. Detection confidence: low (0.10). Source prompt type: variants. Question:",What is the name of the hotel that has a jacuzzi?,What is the name of the hotel's jacuzzi bathtub?,Does this room come with a jacuzzi bathtub?,Is the jacuzzi bathtub available in every room or is it a shared facility?
image_186_jpg.rf.203ccb8a83866afdc8e717185d4a32e9.jpg,bathtub with shower,0.1373985111713409,-3.511390686035156,-0.7301139831542969,634.6593627929688,636.6025390625,variants,Image file: image_186_jpg.rf.203ccb8a83866afdc8e717185d4a32e9.jpg. Detected amenity: bathtub with shower. Detection confidence: low (0.14). Source prompt type: variants.,"You are generating hotel amenity questions for guests browsing accommodation photos. Given the detection summary below, generate a hotel amenity related question that a guest may ask or a guest might want to be answeredwhile browsing accommodation images. Keep the question short, factual, and neutral. Detection summary: Image file: image_186_jpg.rf.203ccb8a83866afdc8e717185d4a32e9.jpg. Detected amenity: bathtub with shower. Detection confidence: low (0.14). Source prompt type: variants. Question:",What is the name of the hotel with a bathtub with shower?,What is the name of the bathroom amenity?,Does the room have a separate bathtub and shower or a combined bathtub with shower?,Is the bathtub separate from the shower?
image_186_jpg.rf.203ccb8a83866afdc8e717185d4a32e9.jpg,jacuzzi bathtub,0.151169091463089,0.7813262939453125,431.5595703125,375.9159851074219,638.4971923828125,variants,Image file: image_186_jpg.rf.203ccb8a83866afdc8e717185d4a32e9.jpg. Detected amenity: jacuzzi bathtub. Detection confidence: low (0.15). Source prompt type: variants.,"You are generating hotel amenity questions for guests browsing accommodation photos. Given the detection summary below, generate a hotel amenity related question that a guest may ask or a guest might want to be answeredwhile browsing accommodation images. Keep the question short, factual, and neutral. Detection summary: Image file: image_186_jpg.rf.203ccb8a83866afdc8e717185d4a32e9.jpg. Detected amenity: jacuzzi bathtub. Detection confidence: low (0.15). Source prompt type: variants. Question:",What is the name of the hotel amenity?,What is the name of the hotel's jacuzzi bathtub?,Does this room come with a jacuzzi bathtub?,Does the room have a private jacuzzi bathtub?
image_186_jpg.rf.203ccb8a83866afdc8e717185d4a32e9.jpg,bathtub,0.5201802849769592,372.0609130859375,391.0401916503906,633.0614013671875,604.0689086914062,variants,Image file: image_186_jpg.rf.203ccb8a83866afdc8e717185d4a32e9.jpg. Detected amenity: bathtub. Detection confidence: medium (0.52). Source prompt type: variants.,"You are generating hotel amenity questions for guests browsing accommodation photos. Given the detection summary below, generate a hotel amenity related question that a guest may ask or a guest might want to be answeredwhile browsing accommodation images. Keep the question short, factual, and neutral. Detection summary: Image file: image_186_jpg.rf.203ccb8a83866afdc8e717185d4a32e9.jpg. Detected amenity: bathtub. Detection confidence: medium (0.52). Source prompt type: variants. Question:",What is the name of the hotel amenity?,What type of amenity is the bathtub?,Does this room have a bathtub?,Does the hotel room have a separate shower?
image_186_jpg.rf.203ccb8a83866afdc8e717185d4a32e9.jpg,freestanding bathtub,0.3085282742977142,349.4982604980469,512.5924682617188,472.19342041015625,639.83447265625,variants,Image file: image_186_jpg.rf.203ccb8a83866afdc8e717185d4a32e9.jpg. Detected amenity: freestanding bathtub. Detection confidence: medium (0.31). Source prompt type: variants.,"You are generating hotel amenity questions for guests browsing accommodation photos. Given the detection summary below, generate a hotel amenity related question that a guest may ask or a guest might want to be answeredwhile browsing accommodation images. Keep the question short, factual, and neutral. Detection summary: Image file: image_186_jpg.rf.203ccb8a83866afdc8e717185d4a32e9.jpg. Detected amenity: freestanding bathtub. Detection confidence: medium (0.31). Source prompt type: variants. Question:",What is the name of the hotel that has a freestanding bathtub?,What is the name of the freestanding bathtub?,Does this room come with a freestanding bathtub?,Is the freestanding bathtub in the room?
image_254_fp_jpg.rf.2e4e79c2f93f674ca846be1c28eae362.jpg,bathtub,0.1179776862263679,483.85198974609375,309.23297119140625,637.093505859375,583.578125,variants,Image file: image_254_fp_jpg.rf.2e4e79c2f93f674ca846be1c28eae362.jpg. Detected amenity: bathtub. Detection confidence: low (0.12). Source prompt type: variants.,"You are generating hotel amenity questions for guests browsing accommodation photos. Given the detection summary below, generate a hotel amenity related question that a guest may ask or a guest might want to be answeredwhile browsing accommodation images. Keep the question short, factual, and neutral. Detection summary: Image file: image_254_fp_jpg.rf.2e4e79c2f93f674ca846be1c28eae362.jpg. Detected amenity: bathtub. Detection confidence: low (0.12). Source prompt type: variants. Question:",What is the name of the hotel amenity?,What is the name of the amenity in this image?,Does the room have a bathtub?,Does the hotel room have a separate shower?
image_130_jpg.rf.a7b9ffc1da8a5522d82748c52492849d.jpg,jacuzzi bathtub,0.112466350197792,51.009063720703125,368.8225708007813,404.5531921386719,638.7982177734375,variants,Image file: image_130_jpg.rf.a7b9ffc1da8a5522d82748c52492849d.jpg. Detected amenity: jacuzzi bathtub. Detection confidence: low (0.11). Source prompt type: variants.,"You are generating hotel amenity questions for guests browsing accommodation photos. Given the detection summary below, generate a hotel amenity related question that a guest may ask or a guest might want to be answeredwhile browsing accommodation images. Keep the question short, factual, and neutral. Detection summary: Image file: image_130_jpg.rf.a7b9ffc1da8a5522d82748c52492849d.jpg. Detected amenity: jacuzzi bathtub. Detection confidence: low (0.11). Source prompt type: variants. Question:",What type of amenity is the jacuzzi bathtub?,What is the name of the hotel's jacuzzi bathtub?,Does this room come with a jacuzzi bathtub?,Does the jacuzzi bathtub have jets?
image_130_jpg.rf.a7b9ffc1da8a5522d82748c52492849d.jpg,jacuzzi bathtub,0.1026411429047584,389.9234008789063,397.6362609863281,634.281005859375,634.9327392578125,variants,Image file: image_130_jpg.rf.a7b9ffc1da8a5522d82748c52492849d.jpg. Detected amenity: jacuzzi bathtub. Detection confidence: low (0.10). Source prompt type: variants.,"You are generating hotel amenity questions for guests browsing accommodation photos. Given the detection summary below, generate a hotel amenity related question that a guest may ask or a guest might want to be answeredwhile browsing accommodation images. Keep the question short, factual, and neutral. Detection summary: Image file: image_130_jpg.rf.a7b9ffc1da8a5522d82748c52492849d.jpg. Detected amenity: jacuzzi bathtub. Detection confidence: low (0.10). Source prompt type: variants. Question:",What type of amenity is the jacuzzi bathtub?,What is the name of the hotel's jacuzzi bathtub?,Does this room come with a jacuzzi bathtub?,Is the jacuzzi bathtub available for guest use?
image_130_jpg.rf.a7b9ffc1da8a5522d82748c52492849d.jpg,bathtub,0.6546631455421448,391.9689331054688,404.4364013671875,597.315673828125,615.5899658203125,variants,Image file: image_130_jpg.rf.a7b9ffc1da8a5522d82748c52492849d.jpg. Detected amenity: bathtub. Detection confidence: high (0.65). Source prompt type: variants.,"You are generating hotel amenity questions for guests browsing accommodation photos. Given the detection summary below, generate a hotel amenity related question that a guest may ask or a guest might want to be answeredwhile browsing accommodation images. Keep the question short, factual, and neutral. Detection summary: Image file: image_130_jpg.rf.a7b9ffc1da8a5522d82748c52492849d.jpg. Detected amenity: bathtub. Detection confidence: high (0.65). Source prompt type: variants. Question:",What is the name of the hotel amenity?,What is the name of the hotel's bathtub?,Does the room have a bathtub?,Is the bathtub separate or part of a shower unit?
image_120_jpg.rf.52e1da3e1fa3fccc0f3067853a4599a5.jpg,bathtub,0.2763350903987884,427.6637268066406,395.8591003417969,643.5559692382812,637.3136596679688,variants,Image file: image_120_jpg.rf.52e1da3e1fa3fccc0f3067853a4599a5.jpg. Detected amenity: bathtub. Detection confidence: low (0.28). Source prompt type: variants.,"You are generating hotel amenity questions for guests browsing accommodation photos. Given the detection summary below, generate a hotel amenity related question that a guest may ask or a guest might want to be answeredwhile browsing accommodation images. Keep the question short, factual, and neutral. Detection summary: Image file: image_120_jpg.rf.52e1da3e1fa3fccc0f3067853a4599a5.jpg. Detected amenity: bathtub. Detection confidence: low (0.28). Source prompt type: variants. Question:",What is the name of the hotel amenity?,What is the name of the hotel's bathtub?,Does this room have a bathtub?,Is the bathtub in the room a standalone tub or a tub with a shower?
image_137_jpg.rf.97cca694682191ffce8bc6ba683400aa.jpg,bathtub,0.3251864910125732,286.0697021484375,314.27471923828125,627.512451171875,637.4121704101562,variants,Image file: image_137_jpg.rf.97cca694682191ffce8bc6ba683400aa.jpg. Detected amenity: bathtub. Detection confidence: medium (0.33). Source prompt type: variants.,"You are generating hotel amenity questions for guests browsing accommodation photos. Given the detection summary below, generate a hotel amenity related question that a guest may ask or a guest might want to be answeredwhile browsing accommodation images. Keep the question short, factual, and neutral. Detection summary: Image file: image_137_jpg.rf.97cca694682191ffce8bc6ba683400aa.jpg. Detected amenity: bathtub. Detection confidence: medium (0.33). Source prompt type: variants. Question:",What is the name of the hotel amenity?,What type of amenity is the bathtub?,Does this room have a bathtub?,Is the bathtub separate from the shower in the bathroom?
image_137_jpg.rf.97cca694682191ffce8bc6ba683400aa.jpg,freestanding bathtub,0.1479433923959732,0.8448886871337891,406.7280883789063,230.6108856201172,640.5125732421875,variants,Image file: image_137_jpg.rf.97cca694682191ffce8bc6ba683400aa.jpg. Detected amenity: freestanding bathtub. Detection confidence: low (0.15). Source prompt type: variants.,"You are generating hotel amenity questions for guests browsing accommodation photos. Given the detection summary below, generate a hotel amenity related question that a guest may ask or a guest might want to be answeredwhile browsing accommodation images. Keep the question short, factual, and neutral. Detection summary: Image file: image_137_jpg.rf.97cca694682191ffce8bc6ba683400aa.jpg. Detected amenity: freestanding bathtub. Detection confidence: low (0.15). Source prompt type: variants. Question:",What is the name of the hotel that has a freestanding bathtub?,What is the size of the freestanding bathtub?,Does this room have a freestanding bathtub?,Does the freestanding bathtub have a built-in shower or is it a separate fixture?
image_110_jpg.rf.5afd81c13976666355a2c7df557ebb5a.jpg,freestanding bathtub,0.2936392426490783,203.4451904296875,343.9085388183594,495.0899658203125,623.4453735351562,variants,Image file: image_110_jpg.rf.5afd81c13976666355a2c7df557ebb5a.jpg. Detected amenity: freestanding bathtub. Detection confidence: low (0.29). Source prompt type: variants.,"You are generating hotel amenity questions for guests browsing accommodation photos. Given the detection summary below, generate a hotel amenity related question that a guest may ask or a guest might want to be answeredwhile browsing accommodation images. Keep the question short, factual, and neutral. Detection summary: Image file: image_110_jpg.rf.5afd81c13976666355a2c7df557ebb5a.jpg. Detected amenity: freestanding bathtub. Detection confidence: low (0.29). Source prompt type: variants. Question:",What is the name of the hotel that has a freestanding bathtub?,What is the name of the freestanding bathtub?,Does this room have a freestanding bathtub?,Is the freestanding bathtub available in all rooms or is it a feature of a specific suite?
image_111_jpg.rf.505881c70da3815a41386b3d4ae35e85.jpg,bathtub,0.2690297961235046,-0.4265117645263672,381.681640625,249.58071899414065,595.3724975585938,variants,Image file: image_111_jpg.rf.505881c70da3815a41386b3d4ae35e85.jpg. Detected amenity: bathtub. Detection confidence: low (0.27). Source prompt type: variants.,"You are generating hotel amenity questions for guests browsing accommodation photos. Given the detection summary below, generate a hotel amenity related question that a guest may ask or a guest might want to be answeredwhile browsing accommodation images. Keep the question short, factual, and neutral. Detection summary: Image file: image_111_jpg.rf.505881c70da3815a41386b3d4ae35e85.jpg. Detected amenity: bathtub. Detection confidence: low (0.27). Source prompt type: variants. Question:",What is the name of the hotel amenity?,What is the name of the hotel's bathtub?,Does this room have a bathtub?,Is there a bathtub in the room?
image_102_jpg.rf.b797e974f793bcbca5b9151cf2f4dfdc.jpg,bathtub with shower,0.1086244657635688,-2.489185333251953,4.3604278564453125,634.19970703125,642.0059204101562,variants,Image file: image_102_jpg.rf.b797e974f793bcbca5b9151cf2f4dfdc.jpg. Detected amenity: bathtub with shower. Detection confidence: low (0.11). Source prompt type: variants.,"You are generating hotel amenity questions for guests browsing accommodation photos. Given the detection summary below, generate a hotel amenity related question that a guest may ask or a guest might want to be answeredwhile browsing accommodation images. Keep the question short, factual, and neutral. Detection summary: Image file: image_102_jpg.rf.b797e974f793bcbca5b9151cf2f4dfdc.jpg. Detected amenity: bathtub with shower. Detection confidence: low (0.11). Source prompt type: variants. Question:",What is the name of the hotel with a bathtub with shower?,What is the name of the bathroom amenity?,Does the room have a separate bathtub and shower or a combined unit?,Is the bathtub separate from the shower?
image_102_jpg.rf.b797e974f793bcbca5b9151cf2f4dfdc.jpg,bathtub,0.5975680947303772,288.9693908691406,516.8175048828125,474.6426696777344,636.4293823242188,variants,Image file: image_102_jpg.rf.b797e974f793bcbca5b9151cf2f4dfdc.jpg. Detected amenity: bathtub. Detection confidence: medium (0.60). Source prompt type: variants.,"You are generating hotel amenity questions for guests browsing accommodation photos. Given the detection summary below, generate a hotel amenity related question that a guest may ask or a guest might want to be answeredwhile browsing accommodation images. Keep the question short, factual, and neutral. Detection summary: Image file: image_102_jpg.rf.b797e974f793bcbca5b9151cf2f4dfdc.jpg. Detected amenity: bathtub. Detection confidence: medium (0.60). Source prompt type: variants. Question:",What is the name of the hotel amenity?,What type of amenity is the bathtub?,Does this room have a bathtub?,Is there a bathtub in the room?
image_102_jpg.rf.b797e974f793bcbca5b9151cf2f4dfdc.jpg,jacuzzi bathtub,0.1068805530667305,288.1332397460937,517.3324584960938,476.8485107421875,636.1117553710938,variants,Image file: image_102_jpg.rf.b797e974f793bcbca5b9151cf2f4dfdc.jpg. Detected amenity: jacuzzi bathtub. Detection confidence: low (0.11). Source prompt type: variants.,"You are generating hotel amenity questions for guests browsing accommodation photos. Given the detection summary below, generate a hotel amenity related question that a guest may ask or a guest might want to be answeredwhile browsing accommodation images. Keep the question short, factual, and neutral. Detection summary: Image file: image_102_jpg.rf.b797e974f793bcbca5b9151cf2f4dfdc.jpg. Detected amenity: jacuzzi bathtub. Detection confidence: low (0.11). Source prompt type: variants. Question:",What type of amenity is the jacuzzi bathtub?,What is the name of the hotel's jacuzzi bathtub?,Does this room come with a jacuzzi bathtub?,Does the jacuzzi bathtub have temperature control?
image_93_jpg.rf.46e1dc76f8cf9cce699869628fe8bd12.jpg,bathtub,0.3270486891269684,28.21523666381836,432.6842041015625,370.82861328125,638.2555541992188,variants,Image file: image_93_jpg.rf.46e1dc76f8cf9cce699869628fe8bd12.jpg. Detected amenity: bathtub. Detection confidence: medium (0.33). Source prompt type: variants.,"You are generating hotel amenity questions for guests browsing accommodation photos. Given the detection summary below, generate a hotel amenity related question that a guest may ask or a guest might want to be answeredwhile browsing accommodation images. Keep the question short, factual, and neutral. Detection summary: Image file: image_93_jpg.rf.46e1dc76f8cf9cce699869628fe8bd12.jpg. Detected amenity: bathtub. Detection confidence: medium (0.33). Source prompt type: variants. Question:",What is the name of the hotel amenity?,What type of amenity is the bathtub?,Does this room have a bathtub?,Does the hotel room have a walk-in shower in addition to the bathtub?
image_94_jpg.rf.bf0c76352f9cd0a1cb2fb78b4892ea99.jpg,bathtub,0.2465241402387619,-0.7662200927734375,434.3829345703125,418.5441589355469,641.1549072265625,variants,Image file: image_94_jpg.rf.bf0c76352f9cd0a1cb2fb78b4892ea99.jpg. Detected amenity: bathtub. Detection confidence: low (0.25). Source prompt type: variants.,"You are generating hotel amenity questions for guests browsing accommodation photos. Given the detection summary below, generate a hotel amenity related question that a guest may ask or a guest might want to be answeredwhile browsing accommodation images. Keep the question short, factual, and neutral. Detection summary: Image file: image_94_jpg.rf.bf0c76352f9cd0a1cb2fb78b4892ea99.jpg. Detected amenity: bathtub. Detection confidence: low (0.25). Source prompt type: variants. Question:",What is the name of the hotel amenity?,What is the name of the hotel's bathtub?,Does this room have a bathtub?,Is there a bathtub in the room?
image_10_jpg.rf.f5ab964cd363b355b396c8e51befa12a.jpg,bathtub,0.3243092596530914,-4.134502410888672,252.892578125,383.0807495117188,639.330078125,variants,Image file: image_10_jpg.rf.f5ab964cd363b355b396c8e51befa12a.jpg. Detected amenity: bathtub. Detection confidence: medium (0.32). Source prompt type: variants.,"You are generating hotel amenity questions for guests browsing accommodation photos. Given the detection summary below, generate a hotel amenity related question that a guest may ask or a guest might want to be answeredwhile browsing accommodation images. Keep the question short, factual, and neutral. Detection summary: Image file: image_10_jpg.rf.f5ab964cd363b355b396c8e51befa12a.jpg. Detected amenity: bathtub. Detection confidence: medium (0.32). Source prompt type: variants. Question:",What is the name of the hotel amenity?,What type of amenity is the bathtub?,Does this room have a bathtub?,Is the bathtub in the room or a shared facility?
image_184_jpg.rf.59dd63d76d3d012f796f97e692daede6.jpg,jacuzzi bathtub,0.1279002279043197,-0.3047943115234375,424.1674499511719,462.0538940429688,640.9664306640625,variants,Image file: image_184_jpg.rf.59dd63d76d3d012f796f97e692daede6.jpg. Detected amenity: jacuzzi bathtub. Detection confidence: low (0.13). Source prompt type: variants.,"You are generating hotel amenity questions for guests browsing accommodation photos. Given the detection summary below, generate a hotel amenity related question that a guest may ask or a guest might want to be answeredwhile browsing accommodation images. Keep the question short, factual, and neutral. Detection summary: Image file: image_184_jpg.rf.59dd63d76d3d012f796f97e692daede6.jpg. Detected amenity: jacuzzi bathtub. Detection confidence: low (0.13). Source prompt type: variants. Question:",What type of amenity is the jacuzzi bathtub?,What is the name of the hotel's jacuzzi bathtub?,Does this room come with a jacuzzi bathtub?,Does the room have a private jacuzzi bathtub?
image_30_jpg.rf.27fda00752cd8b77af3e19d8417c8b37.jpg,bathtub,0.3303555846214294,241.4438018798828,485.1193542480469,632.1170043945312,639.4527587890625,variants,Image file: image_30_jpg.rf.27fda00752cd8b77af3e19d8417c8b37.jpg. Detected amenity: bathtub. Detection confidence: medium (0.33). Source prompt type: variants.,"You are generating hotel amenity questions for guests browsing accommodation photos. Given the detection summary below, generate a hotel amenity related question that a guest may ask or a guest might want to be answeredwhile browsing accommodation images. Keep the question short, factual, and neutral. Detection summary: Image file: image_30_jpg.rf.27fda00752cd8b77af3e19d8417c8b37.jpg. Detected amenity: bathtub. Detection confidence: medium (0.33). Source prompt type: variants. Question:",What is the name of the hotel amenity?,What type of amenity is the bathtub?,Does this room have a bathtub?,Does the bathtub have a shower attachment?
image_18_jpg.rf.1753b92b1f00f7204d84b15cfb9b114d.jpg,bathtub,0.4036831259727478,119.82494354248048,333.3651733398437,603.0454711914062,641.66455078125,variants,Image file: image_18_jpg.rf.1753b92b1f00f7204d84b15cfb9b114d.jpg. Detected amenity: bathtub. Detection confidence: medium (0.40). Source prompt type: variants.,"You are generating hotel amenity questions for guests browsing accommodation photos. Given the detection summary below, generate a hotel amenity related question that a guest may ask or a guest might want to be answeredwhile browsing accommodation images. Keep the question short, factual, and neutral. Detection summary: Image file: image_18_jpg.rf.1753b92b1f00f7204d84b15cfb9b114d.jpg. Detected amenity: bathtub. Detection confidence: medium (0.40). Source prompt type: variants. Question:",What is the name of the hotel amenity?,What type of amenity is the bathtub?,Does this room have a bathtub?,Does the bathtub have a shower attachment?
image_115_jpg.rf.170884cc1a141173175bacf1d904a3e6.jpg,bathtub,0.178862914443016,59.471168518066406,437.0401611328125,354.22662353515625,639.512939453125,variants,Image file: image_115_jpg.rf.170884cc1a141173175bacf1d904a3e6.jpg. Detected amenity: bathtub. Detection confidence: low (0.18). Source prompt type: variants.,"You are generating hotel amenity questions for guests browsing accommodation photos. Given the detection summary below, generate a hotel amenity related question that a guest may ask or a guest might want to be answeredwhile browsing accommodation images. Keep the question short, factual, and neutral. Detection summary: Image file: image_115_jpg.rf.170884cc1a141173175bacf1d904a3e6.jpg. Detected amenity: bathtub. Detection confidence: low (0.18). Source prompt type: variants. Question:",What is the name of the hotel amenity?,What is the name of the hotel's bathtub?,Does this room have a bathtub?,Is there a bathtub in the room?
image_165_jpg.rf.3f77177f26612cd8de9a39b624915478.jpg,bathtub,0.1380330771207809,2.5372314453125,437.37548828125,367.47064208984375,637.2055053710938,variants,Image file: image_165_jpg.rf.3f77177f26612cd8de9a39b624915478.jpg. Detected amenity: bathtub. Detection confidence: low (0.14). Source prompt type: variants.,"You are generating hotel amenity questions for guests browsing accommodation photos. Given the detection summary below, generate a hotel amenity related question that a guest may ask or a guest might want to be answeredwhile browsing accommodation images. Keep the question short, factual, and neutral. Detection summary: Image file: image_165_jpg.rf.3f77177f26612cd8de9a39b624915478.jpg. Detected amenity: bathtub. Detection confidence: low (0.14). Source prompt type: variants. Question:",What is the name of the hotel amenity?,What is the name of the hotel's bathtub?,Does the room have a bathtub?,Does the bathtub have a showerhead or is it a standalone tub?
image_116_jpg.rf.ca3c60b8a646ea2ce5615d7d0c2a42eb.jpg,bathtub with shower,0.1155977025628089,1.5706062316894531,0.8579635620117188,639.3951416015625,638.9072875976562,variants,Image file: image_116_jpg.rf.ca3c60b8a646ea2ce5615d7d0c2a42eb.jpg. Detected amenity: bathtub with shower. Detection confidence: low (0.12). Source prompt type: variants.,"You are generating hotel amenity questions for guests browsing accommodation photos. Given the detection summary below, generate a hotel amenity related question that a guest may ask or a guest might want to be answeredwhile browsing accommodation images. Keep the question short, factual, and neutral. Detection summary: Image file: image_116_jpg.rf.ca3c60b8a646ea2ce5615d7d0c2a42eb.jpg. Detected amenity: bathtub with shower. Detection confidence: low (0.12). Source prompt type: variants. Question:",What is the name of the hotel with a bathtub with shower?,What is the name of the bathroom amenity in the image?,Does the room have a separate bathtub and shower or a combined unit?,Is the bathtub separate from the shower?
image_116_jpg.rf.ca3c60b8a646ea2ce5615d7d0c2a42eb.jpg,bathtub,0.4886971712112427,19.77529525756836,474.3706970214844,381.0322570800781,640.23193359375,variants,Image file: image_116_jpg.rf.ca3c60b8a646ea2ce5615d7d0c2a42eb.jpg. Detected amenity: bathtub. Detection confidence: medium (0.49). Source prompt type: variants.,"You are generating hotel amenity questions for guests browsing accommodation photos. Given the detection summary below, generate a hotel amenity related question that a guest may ask or a guest might want to be answeredwhile browsing accommodation images. Keep the question short, factual, and neutral. Detection summary: Image file: image_116_jpg.rf.ca3c60b8a646ea2ce5615d7d0c2a42eb.jpg. Detected amenity: bathtub. Detection confidence: medium (0.49). Source prompt type: variants. Question:",What is the name of the hotel amenity?,What type of amenity is the bathtub?,Does this room have a bathtub?,Does the bathtub have a shower attachment?
image_215_jpg.rf.2a51abefbb9e37ec2c8c5fec3dc3b4c1.jpg,jacuzzi bathtub,0.1437632292509079,0.5864524841308594,403.063232421875,332.84637451171875,639.1974487304688,variants,Image file: image_215_jpg.rf.2a51abefbb9e37ec2c8c5fec3dc3b4c1.jpg. Detected amenity: jacuzzi bathtub. Detection confidence: low (0.14). Source prompt type: variants.,"You are generating hotel amenity questions for guests browsing accommodation photos. Given the detection summary below, generate a hotel amenity related question that a guest may ask or a guest might want to be answeredwhile browsing accommodation images. Keep the question short, factual, and neutral. Detection summary: Image file: image_215_jpg.rf.2a51abefbb9e37ec2c8c5fec3dc3b4c1.jpg. Detected amenity: jacuzzi bathtub. Detection confidence: low (0.14). Source prompt type: variants. Question:",What type of amenity is the jacuzzi bathtub?,What is the name of the hotel's jacuzzi bathtub?,Does this room come with a jacuzzi bathtub?,Is the jacuzzi bathtub available for guest use?
image_215_jpg.rf.2a51abefbb9e37ec2c8c5fec3dc3b4c1.jpg,bathtub,0.301842987537384,145.99134826660156,406.2415771484375,337.6644592285156,617.9627075195312,variants,Image file: image_215_jpg.rf.2a51abefbb9e37ec2c8c5fec3dc3b4c1.jpg. Detected amenity: bathtub. Detection confidence: medium (0.30). Source prompt type: variants.,"You are generating hotel amenity questions for guests browsing accommodation photos. Given the detection summary below, generate a hotel amenity related question that a guest may ask or a guest might want to be answeredwhile browsing accommodation images. Keep the question short, factual, and neutral. Detection summary: Image file: image_215_jpg.rf.2a51abefbb9e37ec2c8c5fec3dc3b4c1.jpg. Detected amenity: bathtub. Detection confidence: medium (0.30). Source prompt type: variants. Question:",What is the name of the hotel amenity?,What is the name of the hotel's bathtub?,Does the room have a bathtub?,Is the bathtub a standalone unit or part of a combined shower and bathtub?
image_160_jpg.rf.80ab13530ae460c4436013afdf1266f1.jpg,bathtub,0.4143464565277099,-10.451221466064451,236.97076416015625,589.174560546875,626.5185546875,variants,Image file: image_160_jpg.rf.80ab13530ae460c4436013afdf1266f1.jpg. Detected amenity: bathtub. Detection confidence: medium (0.41). Source prompt type: variants.,"You are generating hotel amenity questions for guests browsing accommodation photos. Given the detection summary below, generate a hotel amenity related question that a guest may ask or a guest might want to be answeredwhile browsing accommodation images. Keep the question short, factual, and neutral. Detection summary: Image file: image_160_jpg.rf.80ab13530ae460c4436013afdf1266f1.jpg. Detected amenity: bathtub. Detection confidence: medium (0.41). Source prompt type: variants. Question:",What is the name of the hotel amenity?,What type of amenity is the bathtub?,Does this room have a bathtub?,Is the bathtub separate from the shower?
image_29_jpg.rf.1ad707206894101864f5e97f5186edee.jpg,bathtub with shower,0.1171640679240226,2.9111099243164062,2.837104797363281,640.2215576171875,639.2921752929688,variants,Image file: image_29_jpg.rf.1ad707206894101864f5e97f5186edee.jpg. Detected amenity: bathtub with shower. Detection confidence: low (0.12). Source prompt type: variants.,"You are generating hotel amenity questions for guests browsing accommodation photos. Given the detection summary below, generate a hotel amenity related question that a guest may ask or a guest might want to be answeredwhile browsing accommodation images. Keep the question short, factual, and neutral. Detection summary: Image file: image_29_jpg.rf.1ad707206894101864f5e97f5186edee.jpg. Detected amenity: bathtub with shower. Detection confidence: low (0.12). Source prompt type: variants. Question:",What is the name of the hotel with a bathtub with shower?,What is the size of the bathroom?,Does the room have a separate bathtub and shower or a combined unit?,Is there a separate shower stall or is the shower part of the bathtub?
image_29_jpg.rf.1ad707206894101864f5e97f5186edee.jpg,bathtub,0.160208985209465,15.825929641723633,428.3064270019531,225.745849609375,611.7943115234375,variants,Image file: image_29_jpg.rf.1ad707206894101864f5e97f5186edee.jpg. Detected amenity: bathtub. Detection confidence: low (0.16). Source prompt type: variants.,"You are generating hotel amenity questions for guests browsing accommodation photos. Given the detection summary below, generate a hotel amenity related question that a guest may ask or a guest might want to be answeredwhile browsing accommodation images. Keep the question short, factual, and neutral. Detection summary: Image file: image_29_jpg.rf.1ad707206894101864f5e97f5186edee.jpg. Detected amenity: bathtub. Detection confidence: low (0.16). Source prompt type: variants. Question:",What is the name of the hotel amenity?,What is the name of the hotel's bathtub?,Does this room have a bathtub?,Is there a bathtub in the room?
image_29_jpg.rf.1ad707206894101864f5e97f5186edee.jpg,freestanding bathtub,0.2080225646495819,440.2944641113281,506.053955078125,589.19775390625,638.2606811523438,variants,Image file: image_29_jpg.rf.1ad707206894101864f5e97f5186edee.jpg. Detected amenity: freestanding bathtub. Detection confidence: low (0.21). Source prompt type: variants.,"You are generating hotel amenity questions for guests browsing accommodation photos. Given the detection summary below, generate a hotel amenity related question that a guest may ask or a guest might want to be answeredwhile browsing accommodation images. Keep the question short, factual, and neutral. Detection summary: Image file: image_29_jpg.rf.1ad707206894101864f5e97f5186edee.jpg. Detected amenity: freestanding bathtub. Detection confidence: low (0.21). Source prompt type: variants. Question:",What is the name of the hotel that has a freestanding bathtub?,What is the name of the freestanding bathtub?,Does this room have a freestanding bathtub?,Is the freestanding bathtub available in all rooms?
image_136_jpg.rf.da616b113cd9ea4d2df6ffe26c83ae39.jpg,bathtub,0.1313273906707763,220.89376831054688,388.5158996582031,557.816162109375,642.2094116210938,variants,Image file: image_136_jpg.rf.da616b113cd9ea4d2df6ffe26c83ae39.jpg. Detected amenity: bathtub. Detection confidence: low (0.13). Source prompt type: variants.,"You are generating hotel amenity questions for guests browsing accommodation photos. Given the detection summary below, generate a hotel amenity related question that a guest may ask or a guest might want to be answeredwhile browsing accommodation images. Keep the question short, factual, and neutral. Detection summary: Image file: image_136_jpg.rf.da616b113cd9ea4d2df6ffe26c83ae39.jpg. Detected amenity: bathtub. Detection confidence: low (0.13). Source prompt type: variants. Question:",What is the name of the hotel amenity?,What is the name of the amenity in this image?,Does the room have a bathtub?,Is there a bathtub in the room?
image_136_jpg.rf.da616b113cd9ea4d2df6ffe26c83ae39.jpg,freestanding bathtub,0.1000891402363777,11.118803024291992,522.2252807617188,179.5117950439453,640.822265625,variants,Image file: image_136_jpg.rf.da616b113cd9ea4d2df6ffe26c83ae39.jpg. Detected amenity: freestanding bathtub. Detection confidence: low (0.10). Source prompt type: variants.,"You are generating hotel amenity questions for guests browsing accommodation photos. Given the detection summary below, generate a hotel amenity related question that a guest may ask or a guest might want to be answeredwhile browsing accommodation images. Keep the question short, factual, and neutral. Detection summary: Image file: image_136_jpg.rf.da616b113cd9ea4d2df6ffe26c83ae39.jpg. Detected amenity: freestanding bathtub. Detection confidence: low (0.10). Source prompt type: variants. Question:",What is the name of the hotel that has a freestanding bathtub?,What is the name of the freestanding bathtub?,Does this room have a freestanding bathtub?,Does the freestanding bathtub come with a showerhead?
image_69_jpg.rf.8423e6ea171b2fb061b918f88b6f6a44.jpg,bathtub,0.319394052028656,27.10930824279785,458.5200500488281,201.3636016845703,640.1944580078125,variants,Image file: image_69_jpg.rf.8423e6ea171b2fb061b918f88b6f6a44.jpg. Detected amenity: bathtub. Detection confidence: medium (0.32). Source prompt type: variants.,"You are generating hotel amenity questions for guests browsing accommodation photos. Given the detection summary below, generate a hotel amenity related question that a guest may ask or a guest might want to be answeredwhile browsing accommodation images. Keep the question short, factual, and neutral. Detection summary: Image file: image_69_jpg.rf.8423e6ea171b2fb061b918f88b6f6a44.jpg. Detected amenity: bathtub. Detection confidence: medium (0.32). Source prompt type: variants. Question:",What is the name of the hotel amenity?,What type of amenity is the bathtub?,Does this room have a bathtub?,Does the bathtub have a shower attachment?
image_197_jpg.rf.663ded4da5b60db09c505df13b594aa7.jpg,jacuzzi bathtub,0.1281468719244003,2.797203063964844,0.9150886535644532,634.9930419921875,639.2723999023438,variants,Image file: image_197_jpg.rf.663ded4da5b60db09c505df13b594aa7.jpg. Detected amenity: jacuzzi bathtub. Detection confidence: low (0.13). Source prompt type: variants.,"You are generating hotel amenity questions for guests browsing accommodation photos. Given the detection summary below, generate a hotel amenity related question that a guest may ask or a guest might want to be answeredwhile browsing accommodation images. Keep the question short, factual, and neutral. Detection summary: Image file: image_197_jpg.rf.663ded4da5b60db09c505df13b594aa7.jpg. Detected amenity: jacuzzi bathtub. Detection confidence: low (0.13). Source prompt type: variants. Question:",What type of amenity is the jacuzzi bathtub?,What is the name of the hotel's jacuzzi bathtub?,Does this room come with a jacuzzi bathtub?,Is the jacuzzi bathtub available in all rooms or is it a separate amenity for certain rooms?
image_197_jpg.rf.663ded4da5b60db09c505df13b594aa7.jpg,bathtub,0.4024100005626678,321.9960021972656,391.122802734375,631.463623046875,549.588134765625,variants,Image file: image_197_jpg.rf.663ded4da5b60db09c505df13b594aa7.jpg. Detected amenity: bathtub. Detection confidence: medium (0.40). Source prompt type: variants.,"You are generating hotel amenity questions for guests browsing accommodation photos. Given the detection summary below, generate a hotel amenity related question that a guest may ask or a guest might want to be answeredwhile browsing accommodation images. Keep the question short, factual, and neutral. Detection summary: Image file: image_197_jpg.rf.663ded4da5b60db09c505df13b594aa7.jpg. Detected amenity: bathtub. Detection confidence: medium (0.40). Source prompt type: variants. Question:",What is the name of the hotel amenity?,What is the name of the hotel's bathtub?,Does this room have a bathtub?,Is a bathtub available in the room?
image_197_jpg.rf.663ded4da5b60db09c505df13b594aa7.jpg,freestanding bathtub,0.1479209810495376,429.5159912109375,543.1568603515625,617.2796630859375,642.0194091796875,variants,Image file: image_197_jpg.rf.663ded4da5b60db09c505df13b594aa7.jpg. Detected amenity: freestanding bathtub. Detection confidence: low (0.15). Source prompt type: variants.,"You are generating hotel amenity questions for guests browsing accommodation photos. Given the detection summary below, generate a hotel amenity related question that a guest may ask or a guest might want to be answeredwhile browsing accommodation images. Keep the question short, factual, and neutral. Detection summary: Image file: image_197_jpg.rf.663ded4da5b60db09c505df13b594aa7.jpg. Detected amenity: freestanding bathtub. Detection confidence: low (0.15). Source prompt type: variants. Question:",What is the name of the hotel that has a freestanding bathtub?,What is the size of the freestanding bathtub?,Does the room have a freestanding bathtub?,Is the freestanding bathtub in the room?
image_21_jpg.rf.81f54dc145e0e31ba296c08ee979aa05.jpg,bathtub,0.1490900963544845,132.3298797607422,451.0167236328125,539.552978515625,641.2468872070312,variants,Image file: image_21_jpg.rf.81f54dc145e0e31ba296c08ee979aa05.jpg. Detected amenity: bathtub. Detection confidence: low (0.15). Source prompt type: variants.,"You are generating hotel amenity questions for guests browsing accommodation photos. Given the detection summary below, generate a hotel amenity related question that a guest may ask or a guest might want to be answeredwhile browsing accommodation images. Keep the question short, factual, and neutral. Detection summary: Image file: image_21_jpg.rf.81f54dc145e0e31ba296c08ee979aa05.jpg. Detected amenity: bathtub. Detection confidence: low (0.15). Source prompt type: variants. Question:",What is the name of the hotel amenity?,What is the name of the hotel's bathtub?,Does the room have a bathtub?,Is the bathtub separate from the shower?
image_24_jpg.rf.f3925b1e5c8b9537de97868303efb69b.jpg,bathtub,0.2872152626514435,291.4559631347656,437.5182800292969,640.6279296875,638.9105834960938,variants,Image file: image_24_jpg.rf.f3925b1e5c8b9537de97868303efb69b.jpg. Detected amenity: bathtub. Detection confidence: low (0.29). Source prompt type: variants.,"You are generating hotel amenity questions for guests browsing accommodation photos. Given the detection summary below, generate a hotel amenity related question that a guest may ask or a guest might want to be answeredwhile browsing accommodation images. Keep the question short, factual, and neutral. Detection summary: Image file: image_24_jpg.rf.f3925b1e5c8b9537de97868303efb69b.jpg. Detected amenity: bathtub. Detection confidence: low (0.29). Source prompt type: variants. Question:",What is the name of the hotel amenity?,What is the name of the hotel's bathtub?,Does this room have a bathtub?,Does the bathtub have a shower attachment?
image_150_jpg.rf.6641ad738e9c13d65319377df9a43a8c.jpg,bathtub,0.527001142501831,277.91070556640625,376.07818603515625,613.742431640625,592.7611083984375,variants,Image file: image_150_jpg.rf.6641ad738e9c13d65319377df9a43a8c.jpg. Detected amenity: bathtub. Detection confidence: medium (0.53). Source prompt type: variants.,"You are generating hotel amenity questions for guests browsing accommodation photos. Given the detection summary below, generate a hotel amenity related question that a guest may ask or a guest might want to be answeredwhile browsing accommodation images. Keep the question short, factual, and neutral. Detection summary: Image file: image_150_jpg.rf.6641ad738e9c13d65319377df9a43a8c.jpg. Detected amenity: bathtub. Detection confidence: medium (0.53). Source prompt type: variants. Question:",What is the name of the hotel amenity?,What type of amenity is the bathtub?,Does the room have a bathtub?,Does the bathtub have a showerhead?
image_150_jpg.rf.6641ad738e9c13d65319377df9a43a8c.jpg,jacuzzi bathtub,0.1033228039741516,280.47039794921875,379.8424682617188,609.6033325195312,580.20703125,variants,Image file: image_150_jpg.rf.6641ad738e9c13d65319377df9a43a8c.jpg. Detected amenity: jacuzzi bathtub. Detection confidence: low (0.10). Source prompt type: variants.,"You are generating hotel amenity questions for guests browsing accommodation photos. Given the detection summary below, generate a hotel amenity related question that a guest may ask or a guest might want to be answeredwhile browsing accommodation images. Keep the question short, factual, and neutral. Detection summary: Image file: image_150_jpg.rf.6641ad738e9c13d65319377df9a43a8c.jpg. Detected amenity: jacuzzi bathtub. Detection confidence: low (0.10). Source prompt type: variants. Question:",What type of amenity is the jacuzzi bathtub?,What is the name of the hotel's jacuzzi bathtub?,Does this room come with a jacuzzi bathtub?,Does the jacuzzi bathtub have temperature control?
image_194_jpg.rf.c0f11b1768ff84c8c79c82500c5c1d75.jpg,bathtub with shower,0.1098112612962722,7.394065856933594,0.4644775390625,619.9009399414062,638.2404174804688,variants,Image file: image_194_jpg.rf.c0f11b1768ff84c8c79c82500c5c1d75.jpg. Detected amenity: bathtub with shower. Detection confidence: low (0.11). Source prompt type: variants.,"You are generating hotel amenity questions for guests browsing accommodation photos. Given the detection summary below, generate a hotel amenity related question that a guest may ask or a guest might want to be answeredwhile browsing accommodation images. Keep the question short, factual, and neutral. Detection summary: Image file: image_194_jpg.rf.c0f11b1768ff84c8c79c82500c5c1d75.jpg. Detected amenity: bathtub with shower. Detection confidence: low (0.11). Source prompt type: variants. Question:",What is the name of the hotel with a bathtub with shower?,What is the name of the bathroom amenity in the image?,Does the room have a separate bathtub and shower or a combined bathtub with shower?,Is the bathtub separate from the shower or a combined unit?
image_194_jpg.rf.c0f11b1768ff84c8c79c82500c5c1d75.jpg,bathtub,0.1050305962562561,44.05050277709961,338.564453125,474.5093383789063,641.892333984375,variants,Image file: image_194_jpg.rf.c0f11b1768ff84c8c79c82500c5c1d75.jpg. Detected amenity: bathtub. Detection confidence: low (0.11). Source prompt type: variants.,"You are generating hotel amenity questions for guests browsing accommodation photos. Given the detection summary below, generate a hotel amenity related question that a guest may ask or a guest might want to be answeredwhile browsing accommodation images. Keep the question short, factual, and neutral. Detection summary: Image file: image_194_jpg.rf.c0f11b1768ff84c8c79c82500c5c1d75.jpg. Detected amenity: bathtub. Detection confidence: low (0.11). Source prompt type: variants. Question:",What is the name of the hotel amenity?,What is the name of the hotel's bathtub?,Does the room have a bathtub?,Is a bathtub available in the room?
image_125_jpg.rf.3c2d5ec488c766caac317e90d802b6cb.jpg,bathtub,0.1585755944252014,75.58706665039062,497.8055114746094,490.9573974609375,640.173583984375,variants,Image file: image_125_jpg.rf.3c2d5ec488c766caac317e90d802b6cb.jpg. Detected amenity: bathtub. Detection confidence: low (0.16). Source prompt type: variants.,"You are generating hotel amenity questions for guests browsing accommodation photos. Given the detection summary below, generate a hotel amenity related question that a guest may ask or a guest might want to be answeredwhile browsing accommodation images. Keep the question short, factual, and neutral. Detection summary: Image file: image_125_jpg.rf.3c2d5ec488c766caac317e90d802b6cb.jpg. Detected amenity: bathtub. Detection confidence: low (0.16). Source prompt type: variants. Question:",What is the name of the hotel amenity?,What is the name of the hotel's bathtub?,Does the room have a bathtub?,Is there a bathtub in the room?
image_144_jpg.rf.da59aba81562a070abca53f67cf73d63.jpg,bathtub,0.2793676257133484,74.70716857910156,438.8614501953125,381.4370727539063,637.512939453125,variants,Image file: image_144_jpg.rf.da59aba81562a070abca53f67cf73d63.jpg. Detected amenity: bathtub. Detection confidence: low (0.28). Source prompt type: variants.,"You are generating hotel amenity questions for guests browsing accommodation photos. Given the detection summary below, generate a hotel amenity related question that a guest may ask or a guest might want to be answeredwhile browsing accommodation images. Keep the question short, factual, and neutral. Detection summary: Image file: image_144_jpg.rf.da59aba81562a070abca53f67cf73d63.jpg. Detected amenity: bathtub. Detection confidence: low (0.28). Source prompt type: variants. Question:",What is the name of the hotel amenity?,What is the name of the hotel's bathtub?,Does this room have a bathtub?,Is there a bathtub in the room?
image_7_jpg.rf.105f80081e50c0973533e698fac0998d.jpg,bathtub,0.1497204452753067,18.38953018188477,427.5721435546875,368.2735595703125,638.2628173828125,variants,Image file: image_7_jpg.rf.105f80081e50c0973533e698fac0998d.jpg. Detected amenity: bathtub. Detection confidence: low (0.15). Source prompt type: variants.,"You are generating hotel amenity questions for guests browsing accommodation photos. Given the detection summary below, generate a hotel amenity related question that a guest may ask or a guest might want to be answeredwhile browsing accommodation images. Keep the question short, factual, and neutral. Detection summary: Image file: image_7_jpg.rf.105f80081e50c0973533e698fac0998d.jpg. Detected amenity: bathtub. Detection confidence: low (0.15). Source prompt type: variants. Question:",What is the name of the hotel amenity?,What is the name of the hotel's bathtub?,Does the room have a bathtub?,Is there a bathtub in the room?
image_7_jpg.rf.105f80081e50c0973533e698fac0998d.jpg,bathtub,0.1003750637173652,354.6748046875,461.8030090332031,640.2935791015625,637.857177734375,variants,Image file: image_7_jpg.rf.105f80081e50c0973533e698fac0998d.jpg. Detected amenity: bathtub. Detection confidence: low (0.10). Source prompt type: variants.,"You are generating hotel amenity questions for guests browsing accommodation photos. Given the detection summary below, generate a hotel amenity related question that a guest may ask or a guest might want to be answeredwhile browsing accommodation images. Keep the question short, factual, and neutral. Detection summary: Image file: image_7_jpg.rf.105f80081e50c0973533e698fac0998d.jpg. Detected amenity: bathtub. Detection confidence: low (0.10). Source prompt type: variants. Question:",What is the name of the hotel amenity?,What is the name of the hotel's bathtub?,Does this room have a bathtub?,Is there a bathtub in the room?
image_114_jpg.rf.e931054445f9dd0149bb10329334ce22.jpg,jacuzzi bathtub,0.1058580502867698,0.5769538879394531,1.290283203125,638.5735473632812,637.8735961914062,variants,Image file: image_114_jpg.rf.e931054445f9dd0149bb10329334ce22.jpg. Detected amenity: jacuzzi bathtub. Detection confidence: low (0.11). Source prompt type: variants.,"You are generating hotel amenity questions for guests browsing accommodation photos. Given the detection summary below, generate a hotel amenity related question that a guest may ask or a guest might want to be answeredwhile browsing accommodation images. Keep the question short, factual, and neutral. Detection summary: Image file: image_114_jpg.rf.e931054445f9dd0149bb10329334ce22.jpg. Detected amenity: jacuzzi bathtub. Detection confidence: low (0.11). Source prompt type: variants. Question:",What type of amenity is the jacuzzi bathtub?,What is the name of the hotel's jacuzzi bathtub?,Does this room come with a jacuzzi bathtub?,Does the jacuzzi bathtub have a temperature control feature?
image_114_jpg.rf.e931054445f9dd0149bb10329334ce22.jpg,bathtub,0.2741604745388031,300.6763000488281,445.04827880859375,636.870361328125,544.7610473632812,variants,Image file: image_114_jpg.rf.e931054445f9dd0149bb10329334ce22.jpg. Detected amenity: bathtub. Detection confidence: low (0.27). Source prompt type: variants.,"You are generating hotel amenity questions for guests browsing accommodation photos. Given the detection summary below, generate a hotel amenity related question that a guest may ask or a guest might want to be answeredwhile browsing accommodation images. Keep the question short, factual, and neutral. Detection summary: Image file: image_114_jpg.rf.e931054445f9dd0149bb10329334ce22.jpg. Detected amenity: bathtub. Detection confidence: low (0.27). Source prompt type: variants. Question:",What is the name of the hotel amenity?,What is the name of the hotel's bathtub?,Does this room have a bathtub?,Is there a separate shower in the bathroom?
image_139_jpg.rf.4d99b58474f041faf04f3a0115197b00.jpg,bathtub,0.2260961830615997,63.485450744628906,441.5946044921875,545.414794921875,639.06396484375,variants,Image file: image_139_jpg.rf.4d99b58474f041faf04f3a0115197b00.jpg. Detected amenity: bathtub. Detection confidence: low (0.23). Source prompt type: variants.,"You are generating hotel amenity questions for guests browsing accommodation photos. Given the detection summary below, generate a hotel amenity related question that a guest may ask or a guest might want to be answeredwhile browsing accommodation images. Keep the question short, factual, and neutral. Detection summary: Image file: image_139_jpg.rf.4d99b58474f041faf04f3a0115197b00.jpg. Detected amenity: bathtub. Detection confidence: low (0.23). Source prompt type: variants. Question:",What is the name of the hotel amenity?,What is the name of the hotel's bathtub?,Does the room have a bathtub?,Is there a bathtub in the room?
image_64_jpg.rf.33076e4b502b34d36c70d4ecb68ae4c1.jpg,bathtub with shower,0.1191291809082031,13.574323654174805,4.9880218505859375,221.50978088378903,643.305908203125,variants,Image file: image_64_jpg.rf.33076e4b502b34d36c70d4ecb68ae4c1.jpg. Detected amenity: bathtub with shower. Detection confidence: low (0.12). Source prompt type: variants.,"You are generating hotel amenity questions for guests browsing accommodation photos. Given the detection summary below, generate a hotel amenity related question that a guest may ask or a guest might want to be answeredwhile browsing accommodation images. Keep the question short, factual, and neutral. Detection summary: Image file: image_64_jpg.rf.33076e4b502b34d36c70d4ecb68ae4c1.jpg. Detected amenity: bathtub with shower. Detection confidence: low (0.12). Source prompt type: variants. Question:",What is the name of the hotel with a bathtub with shower?,What is the name of the bathroom amenity in the image?,Does the room have a separate bathtub and shower or a combined unit?,Does the bathtub have a separate shower enclosure?
image_64_jpg.rf.33076e4b502b34d36c70d4ecb68ae4c1.jpg,bathtub,0.533083975315094,100.2909698486328,485.5330200195313,231.2910614013672,642.2801513671875,variants,Image file: image_64_jpg.rf.33076e4b502b34d36c70d4ecb68ae4c1.jpg. Detected amenity: bathtub. Detection confidence: medium (0.53). Source prompt type: variants.,"You are generating hotel amenity questions for guests browsing accommodation photos. Given the detection summary below, generate a hotel amenity related question that a guest may ask or a guest might want to be answeredwhile browsing accommodation images. Keep the question short, factual, and neutral. Detection summary: Image file: image_64_jpg.rf.33076e4b502b34d36c70d4ecb68ae4c1.jpg. Detected amenity: bathtub. Detection confidence: medium (0.53). Source prompt type: variants. Question:",What is the name of the hotel amenity?,What type of amenity is the bathtub?,Does this room have a bathtub?,Is the bathtub a standalone unit or part of a combined shower and bathtub?
image_64_jpg.rf.33076e4b502b34d36c70d4ecb68ae4c1.jpg,bathtub,0.3145004212856293,64.39814758300781,480.8500671386719,227.4969787597656,638.1156005859375,variants,Image file: image_64_jpg.rf.33076e4b502b34d36c70d4ecb68ae4c1.jpg. Detected amenity: bathtub. Detection confidence: medium (0.31). Source prompt type: variants.,"You are generating hotel amenity questions for guests browsing accommodation photos. Given the detection summary below, generate a hotel amenity related question that a guest may ask or a guest might want to be answeredwhile browsing accommodation images. Keep the question short, factual, and neutral. Detection summary: Image file: image_64_jpg.rf.33076e4b502b34d36c70d4ecb68ae4c1.jpg. Detected amenity: bathtub. Detection confidence: medium (0.31). Source prompt type: variants. Question:",What is the name of the hotel amenity?,What type of amenity is the bathtub?,Does this room have a bathtub?,Is the bathtub separate from the shower?
image_169_jpg.rf.e9b8527a37adcc27ec7d82d9896dcad2.jpg,bathtub,0.1212511137127876,82.90399169921875,441.32470703125,409.3836975097656,639.1193237304688,variants,Image file: image_169_jpg.rf.e9b8527a37adcc27ec7d82d9896dcad2.jpg. Detected amenity: bathtub. Detection confidence: low (0.12). Source prompt type: variants.,"You are generating hotel amenity questions for guests browsing accommodation photos. Given the detection summary below, generate a hotel amenity related question that a guest may ask or a guest might want to be answeredwhile browsing accommodation images. Keep the question short, factual, and neutral. Detection summary: Image file: image_169_jpg.rf.e9b8527a37adcc27ec7d82d9896dcad2.jpg. Detected amenity: bathtub. Detection confidence: low (0.12). Source prompt type: variants. Question:",What is the name of the hotel amenity?,What is the name of the hotel's bathtub?,Does the room have a bathtub?,Does the bathtub have a shower attachment?
image_157_jpg.rf.7f1e0b0923a2165843668f366857db96.jpg,jacuzzi bathtub,0.2008860111236572,-6.227626800537109,355.6330871582031,328.2017517089844,630.0189208984375,variants,Image file: image_157_jpg.rf.7f1e0b0923a2165843668f366857db96.jpg. Detected amenity: jacuzzi bathtub. Detection confidence: low (0.20). Source prompt type: variants.,"You are generating hotel amenity questions for guests browsing accommodation photos. Given the detection summary below, generate a hotel amenity related question that a guest may ask or a guest might want to be answeredwhile browsing accommodation images. Keep the question short, factual, and neutral. Detection summary: Image file: image_157_jpg.rf.7f1e0b0923a2165843668f366857db96.jpg. Detected amenity: jacuzzi bathtub. Detection confidence: low (0.20). Source prompt type: variants. Question:",What type of amenity is the jacuzzi bathtub?,What is the name of the hotel's jacuzzi bathtub?,Does this room come with a jacuzzi bathtub?,Does the jacuzzi bathtub have temperature control?
image_157_jpg.rf.7f1e0b0923a2165843668f366857db96.jpg,freestanding bathtub,0.2773574590682983,387.5343627929688,449.6209411621094,606.840087890625,642.85400390625,variants,Image file: image_157_jpg.rf.7f1e0b0923a2165843668f366857db96.jpg. Detected amenity: freestanding bathtub. Detection confidence: low (0.28). Source prompt type: variants.,"You are generating hotel amenity questions for guests browsing accommodation photos. Given the detection summary below, generate a hotel amenity related question that a guest may ask or a guest might want to be answeredwhile browsing accommodation images. Keep the question short, factual, and neutral. Detection summary: Image file: image_157_jpg.rf.7f1e0b0923a2165843668f366857db96.jpg. Detected amenity: freestanding bathtub. Detection confidence: low (0.28). Source prompt type: variants. Question:",What is the name of the hotel that has a freestanding bathtub?,What is the name of the freestanding bathtub?,Does this room have a freestanding bathtub?,Is the freestanding bathtub in the room or a separate bathroom?
image_50_jpg.rf.780239f89bf4bf7c477159fad51de2a2.jpg,bathtub,0.2349279969930648,4.082736968994141,380.9943237304688,350.37109375,636.6954956054688,variants,Image file: image_50_jpg.rf.780239f89bf4bf7c477159fad51de2a2.jpg. Detected amenity: bathtub. Detection confidence: low (0.23). Source prompt type: variants.,"You are generating hotel amenity questions for guests browsing accommodation photos. Given the detection summary below, generate a hotel amenity related question that a guest may ask or a guest might want to be answeredwhile browsing accommodation images. Keep the question short, factual, and neutral. Detection summary: Image file: image_50_jpg.rf.780239f89bf4bf7c477159fad51de2a2.jpg. Detected amenity: bathtub. Detection confidence: low (0.23). Source prompt type: variants. Question:",What is the name of the hotel amenity?,What is the name of the hotel's bathtub?,Does the room have a bathtub?,Does the room have a separate shower?
image_80_jpg.rf.44aa0730b7ff7e7fc0c5d331326dd79d.jpg,bathtub,0.2392196208238601,0.0216865539550781,475.0532531738281,221.30230712890625,640.0640869140625,variants,Image file: image_80_jpg.rf.44aa0730b7ff7e7fc0c5d331326dd79d.jpg. Detected amenity: bathtub. Detection confidence: low (0.24). Source prompt type: variants.,"You are generating hotel amenity questions for guests browsing accommodation photos. Given the detection summary below, generate a hotel amenity related question that a guest may ask or a guest might want to be answeredwhile browsing accommodation images. Keep the question short, factual, and neutral. Detection summary: Image file: image_80_jpg.rf.44aa0730b7ff7e7fc0c5d331326dd79d.jpg. Detected amenity: bathtub. Detection confidence: low (0.24). Source prompt type: variants. Question:",What is the name of the hotel amenity?,What is the name of the hotel's bathtub?,Does this room have a bathtub?,Does the room have a separate shower stall?
image_44_jpg.rf.643cd584c5f3c4f457d154bf41fdbd43.jpg,bathtub,0.4923131167888641,109.91372680664062,205.07379150390625,333.67303466796875,628.2055053710938,variants,Image file: image_44_jpg.rf.643cd584c5f3c4f457d154bf41fdbd43.jpg. Detected amenity: bathtub. Detection confidence: medium (0.49). Source prompt type: variants.,"You are generating hotel amenity questions for guests browsing accommodation photos. Given the detection summary below, generate a hotel amenity related question that a guest may ask or a guest might want to be answeredwhile browsing accommodation images. Keep the question short, factual, and neutral. Detection summary: Image file: image_44_jpg.rf.643cd584c5f3c4f457d154bf41fdbd43.jpg. Detected amenity: bathtub. Detection confidence: medium (0.49). Source prompt type: variants. Question:",What is the name of the hotel amenity?,What is the name of the hotel's bathtub?,Does this room have a bathtub?,Is the bathtub separate from the shower?
image_44_jpg.rf.643cd584c5f3c4f457d154bf41fdbd43.jpg,bathtub,0.1039741560816764,369.489501953125,275.3297424316406,628.3966064453125,474.1539916992188,variants,Image file: image_44_jpg.rf.643cd584c5f3c4f457d154bf41fdbd43.jpg. Detected amenity: bathtub. Detection confidence: low (0.10). Source prompt type: variants.,"You are generating hotel amenity questions for guests browsing accommodation photos. Given the detection summary below, generate a hotel amenity related question that a guest may ask or a guest might want to be answeredwhile browsing accommodation images. Keep the question short, factual, and neutral. Detection summary: Image file: image_44_jpg.rf.643cd584c5f3c4f457d154bf41fdbd43.jpg. Detected amenity: bathtub. Detection confidence: low (0.10). Source prompt type: variants. Question:",What is the name of the hotel amenity?,What is the name of the hotel's bathtub?,Does this room have a bathtub?,Does the bathtub have a shower attachment?
image_170_jpg.rf.50f296e0d721f9b72a78867bfceac10d.jpg,bathtub,0.1344051212072372,0.9789657592773438,473.2989196777344,334.2973327636719,642.712646484375,variants,Image file: image_170_jpg.rf.50f296e0d721f9b72a78867bfceac10d.jpg. Detected amenity: bathtub. Detection confidence: low (0.13). Source prompt type: variants.,"You are generating hotel amenity questions for guests browsing accommodation photos. Given the detection summary below, generate a hotel amenity related question that a guest may ask or a guest might want to be answeredwhile browsing accommodation images. Keep the question short, factual, and neutral. Detection summary: Image file: image_170_jpg.rf.50f296e0d721f9b72a78867bfceac10d.jpg. Detected amenity: bathtub. Detection confidence: low (0.13). Source prompt type: variants. Question:",What is the name of the hotel amenity?,What is the name of the hotel's bathtub?,Does this room have a bathtub?,Is there a bathtub in the room?
image_143_jpg.rf.973dc9b936a34477602ecd4a9ef46d8a.jpg,bathtub,0.1658830940723419,258.7188720703125,368.8443298339844,644.740966796875,640.1754150390625,variants,Image file: image_143_jpg.rf.973dc9b936a34477602ecd4a9ef46d8a.jpg. Detected amenity: bathtub. Detection confidence: low (0.17). Source prompt type: variants.,"You are generating hotel amenity questions for guests browsing accommodation photos. Given the detection summary below, generate a hotel amenity related question that a guest may ask or a guest might want to be answeredwhile browsing accommodation images. Keep the question short, factual, and neutral. Detection summary: Image file: image_143_jpg.rf.973dc9b936a34477602ecd4a9ef46d8a.jpg. Detected amenity: bathtub. Detection confidence: low (0.17). Source prompt type: variants. Question:",What is the name of the hotel amenity?,What is the name of the hotel's bathtub?,Does the room have a bathtub?,Is the bathtub in the room or a shared facility?
image_46_jpg.rf.2bc385ddd034136b1ac864c343058970.jpg,jacuzzi bathtub,0.1064935848116874,2.809581756591797,2.6192855834960938,639.465087890625,640.5390625,variants,Image file: image_46_jpg.rf.2bc385ddd034136b1ac864c343058970.jpg. Detected amenity: jacuzzi bathtub. Detection confidence: low (0.11). Source prompt type: variants.,"You are generating hotel amenity questions for guests browsing accommodation photos. Given the detection summary below, generate a hotel amenity related question that a guest may ask or a guest might want to be answeredwhile browsing accommodation images. Keep the question short, factual, and neutral. Detection summary: Image file: image_46_jpg.rf.2bc385ddd034136b1ac864c343058970.jpg. Detected amenity: jacuzzi bathtub. Detection confidence: low (0.11). Source prompt type: variants. Question:",What type of amenity is the jacuzzi bathtub?,What is the name of the hotel's jacuzzi bathtub?,Does this room come with a jacuzzi bathtub?,Does the room have a private jacuzzi bathtub?
image_46_jpg.rf.2bc385ddd034136b1ac864c343058970.jpg,bathtub,0.1332568228244781,152.079345703125,303.9013671875,346.9030456542969,643.6943359375,variants,Image file: image_46_jpg.rf.2bc385ddd034136b1ac864c343058970.jpg. Detected amenity: bathtub. Detection confidence: low (0.13). Source prompt type: variants.,"You are generating hotel amenity questions for guests browsing accommodation photos. Given the detection summary below, generate a hotel amenity related question that a guest may ask or a guest might want to be answeredwhile browsing accommodation images. Keep the question short, factual, and neutral. Detection summary: Image file: image_46_jpg.rf.2bc385ddd034136b1ac864c343058970.jpg. Detected amenity: bathtub. Detection confidence: low (0.13). Source prompt type: variants. Question:",What is the name of the hotel amenity?,What is the name of the hotel's bathtub?,Does this room have a bathtub?,Is there a bathtub in the room?
image_51_jpg.rf.7b159e702507ea94cd8e459993d0693f.jpg,jacuzzi bathtub,0.3545883297920227,-4.409341812133789,397.0657348632813,248.88180541992188,638.6993408203125,variants,Image file: image_51_jpg.rf.7b159e702507ea94cd8e459993d0693f.jpg. Detected amenity: jacuzzi bathtub. Detection confidence: medium (0.35). Source prompt type: variants.,"You are generating hotel amenity questions for guests browsing accommodation photos. Given the detection summary below, generate a hotel amenity related question that a guest may ask or a guest might want to be answeredwhile browsing accommodation images. Keep the question short, factual, and neutral. Detection summary: Image file: image_51_jpg.rf.7b159e702507ea94cd8e459993d0693f.jpg. Detected amenity: jacuzzi bathtub. Detection confidence: medium (0.35). Source prompt type: variants. Question:",What type of amenity is the jacuzzi bathtub?,What is the name of the hotel's jacuzzi bathtub?,Does this room come with a jacuzzi bathtub?,Is the jacuzzi bathtub available for guest use?
image_51_jpg.rf.7b159e702507ea94cd8e459993d0693f.jpg,bathtub,0.1712982803583145,-2.6742935180664062,402.9787902832031,195.93374633789065,545.2201538085938,variants,Image file: image_51_jpg.rf.7b159e702507ea94cd8e459993d0693f.jpg. Detected amenity: bathtub. Detection confidence: low (0.17). Source prompt type: variants.,"You are generating hotel amenity questions for guests browsing accommodation photos. Given the detection summary below, generate a hotel amenity related question that a guest may ask or a guest might want to be answeredwhile browsing accommodation images. Keep the question short, factual, and neutral. Detection summary: Image file: image_51_jpg.rf.7b159e702507ea94cd8e459993d0693f.jpg. Detected amenity: bathtub. Detection confidence: low (0.17). Source prompt type: variants. Question:",What is the name of the hotel amenity?,What is the name of the hotel's bathtub?,Does this room have a bathtub?,Is there a bathtub available in the room?
image_51_jpg.rf.7b159e702507ea94cd8e459993d0693f.jpg,bathtub,0.1246734783053398,177.57958984375,402.76861572265625,251.6208038330078,622.8905029296875,variants,Image file: image_51_jpg.rf.7b159e702507ea94cd8e459993d0693f.jpg. Detected amenity: bathtub. Detection confidence: low (0.12). Source prompt type: variants.,"You are generating hotel amenity questions for guests browsing accommodation photos. Given the detection summary below, generate a hotel amenity related question that a guest may ask or a guest might want to be answeredwhile browsing accommodation images. Keep the question short, factual, and neutral. Detection summary: Image file: image_51_jpg.rf.7b159e702507ea94cd8e459993d0693f.jpg. Detected amenity: bathtub. Detection confidence: low (0.12). Source prompt type: variants. Question:",What is the name of the hotel amenity?,What is the name of the hotel's bathtub?,Does the room have a bathtub?,Is there a bathtub in the room?
image_198_jpg.rf.8c777b66d68085516e6bd11c0f495834.jpg,jacuzzi bathtub,0.2984029948711395,110.5461883544922,329.3526611328125,519.6708374023438,605.4091796875,variants,Image file: image_198_jpg.rf.8c777b66d68085516e6bd11c0f495834.jpg. Detected amenity: jacuzzi bathtub. Detection confidence: low (0.30). Source prompt type: variants.,"You are generating hotel amenity questions for guests browsing accommodation photos. Given the detection summary below, generate a hotel amenity related question that a guest may ask or a guest might want to be answeredwhile browsing accommodation images. Keep the question short, factual, and neutral. Detection summary: Image file: image_198_jpg.rf.8c777b66d68085516e6bd11c0f495834.jpg. Detected amenity: jacuzzi bathtub. Detection confidence: low (0.30). Source prompt type: variants. Question:",What type of amenity is the jacuzzi bathtub?,What is the name of the hotel's jacuzzi bathtub?,Does this room come with a jacuzzi bathtub?,Does the room have a separate shower or is it a walk-in shower with the jacuzzi bathtub?
image_153_jpg.rf.2b690039cc826cb373e8b36f114ac8da.jpg,bathtub,0.1144594550132751,206.973388671875,452.6690368652344,639.2119140625,635.2249755859375,variants,Image file: image_153_jpg.rf.2b690039cc826cb373e8b36f114ac8da.jpg. Detected amenity: bathtub. Detection confidence: low (0.11). Source prompt type: variants.,"You are generating hotel amenity questions for guests browsing accommodation photos. Given the detection summary below, generate a hotel amenity related question that a guest may ask or a guest might want to be answeredwhile browsing accommodation images. Keep the question short, factual, and neutral. Detection summary: Image file: image_153_jpg.rf.2b690039cc826cb373e8b36f114ac8da.jpg. Detected amenity: bathtub. Detection confidence: low (0.11). Source prompt type: variants. Question:",What is the name of the hotel amenity?,What is the name of the hotel's bathtub?,Does this room have a bathtub?,Is there a bathtub in the room?
image_11_jpg.rf.97be198888a5d9467b56b34ab3a34879.jpg,bathtub,0.1270989924669265,309.16912841796875,518.8612670898438,634.8253784179688,641.3177490234375,variants,Image file: image_11_jpg.rf.97be198888a5d9467b56b34ab3a34879.jpg. Detected amenity: bathtub. Detection confidence: low (0.13). Source prompt type: variants.,"You are generating hotel amenity questions for guests browsing accommodation photos. Given the detection summary below, generate a hotel amenity related question that a guest may ask or a guest might want to be answeredwhile browsing accommodation images. Keep the question short, factual, and neutral. Detection summary: Image file: image_11_jpg.rf.97be198888a5d9467b56b34ab3a34879.jpg. Detected amenity: bathtub. Detection confidence: low (0.13). Source prompt type: variants. Question:",What is the name of the hotel amenity?,What is the name of the hotel's bathtub?,Does this room have a bathtub?,Does the hotel room have a walk-in shower or a separate shower stall?
image_100_jpg.rf.6feee3ceca4b6005b98b7047fefb2ab9.jpg,bathtub,0.1704371869564056,396.1021423339844,395.0296020507813,639.1357421875,639.8316040039062,variants,Image file: image_100_jpg.rf.6feee3ceca4b6005b98b7047fefb2ab9.jpg. Detected amenity: bathtub. Detection confidence: low (0.17). Source prompt type: variants.,"You are generating hotel amenity questions for guests browsing accommodation photos. Given the detection summary below, generate a hotel amenity related question that a guest may ask or a guest might want to be answeredwhile browsing accommodation images. Keep the question short, factual, and neutral. Detection summary: Image file: image_100_jpg.rf.6feee3ceca4b6005b98b7047fefb2ab9.jpg. Detected amenity: bathtub. Detection confidence: low (0.17). Source prompt type: variants. Question:",What is the name of the hotel amenity?,What is the name of the hotel's bathtub?,Does this room have a bathtub?,Does the room have a separate shower area?
image_100_jpg.rf.6feee3ceca4b6005b98b7047fefb2ab9.jpg,jacuzzi bathtub,0.1165857315063476,2.983360290527344,395.50592041015625,387.87255859375,638.41796875,variants,Image file: image_100_jpg.rf.6feee3ceca4b6005b98b7047fefb2ab9.jpg. Detected amenity: jacuzzi bathtub. Detection confidence: low (0.12). Source prompt type: variants.,"You are generating hotel amenity questions for guests browsing accommodation photos. Given the detection summary below, generate a hotel amenity related question that a guest may ask or a guest might want to be answeredwhile browsing accommodation images. Keep the question short, factual, and neutral. Detection summary: Image file: image_100_jpg.rf.6feee3ceca4b6005b98b7047fefb2ab9.jpg. Detected amenity: jacuzzi bathtub. Detection confidence: low (0.12). Source prompt type: variants. Question:",What type of amenity is the jacuzzi bathtub?,What is the name of the hotel's jacuzzi bathtub?,Does this room come with a jacuzzi bathtub?,Is the jacuzzi bathtub available in every room or is it a shared facility?
image_86_jpg.rf.ea06ad8c1ecb4141cdcb6b37fc51d07d.jpg,bathtub,0.3538420796394348,277.4100341796875,405.039306640625,629.0382080078125,642.101318359375,variants,Image file: image_86_jpg.rf.ea06ad8c1ecb4141cdcb6b37fc51d07d.jpg. Detected amenity: bathtub. Detection confidence: medium (0.35). Source prompt type: variants.,"You are generating hotel amenity questions for guests browsing accommodation photos. Given the detection summary below, generate a hotel amenity related question that a guest may ask or a guest might want to be answeredwhile browsing accommodation images. Keep the question short, factual, and neutral. Detection summary: Image file: image_86_jpg.rf.ea06ad8c1ecb4141cdcb6b37fc51d07d.jpg. Detected amenity: bathtub. Detection confidence: medium (0.35). Source prompt type: variants. Question:",What is the name of the hotel amenity?,What type of amenity is the bathtub?,Does this room have a bathtub?,Does the bathtub have a shower attachment?
image_202_jpg.rf.250fa04832b575082450d5b7c14259a9.jpg,bathtub,0.1731568425893783,460.2563171386719,384.4105529785156,639.5635375976562,640.3367919921875,variants,Image file: image_202_jpg.rf.250fa04832b575082450d5b7c14259a9.jpg. Detected amenity: bathtub. Detection confidence: low (0.17). Source prompt type: variants.,"You are generating hotel amenity questions for guests browsing accommodation photos. Given the detection summary below, generate a hotel amenity related question that a guest may ask or a guest might want to be answeredwhile browsing accommodation images. Keep the question short, factual, and neutral. Detection summary: Image file: image_202_jpg.rf.250fa04832b575082450d5b7c14259a9.jpg. Detected amenity: bathtub. Detection confidence: low (0.17). Source prompt type: variants. Question:",What is the name of the hotel amenity?,What is the name of the hotel's bathtub?,Does the room have a bathtub?,Is there a bathtub in the room?
image_210_jpg.rf.c3ae8b6f3ec0c40352312f9894602530.jpg,bathtub,0.1838508546352386,11.041336059570312,442.3211364746094,346.96728515625,641.6546630859375,variants,Image file: image_210_jpg.rf.c3ae8b6f3ec0c40352312f9894602530.jpg. Detected amenity: bathtub. Detection confidence: low (0.18). Source prompt type: variants.,"You are generating hotel amenity questions for guests browsing accommodation photos. Given the detection summary below, generate a hotel amenity related question that a guest may ask or a guest might want to be answeredwhile browsing accommodation images. Keep the question short, factual, and neutral. Detection summary: Image file: image_210_jpg.rf.c3ae8b6f3ec0c40352312f9894602530.jpg. Detected amenity: bathtub. Detection confidence: low (0.18). Source prompt type: variants. Question:",What is the name of the hotel amenity?,What is the name of the hotel's bathtub?,Does this room have a bathtub?,Is there a bathtub in the room?
image_55_jpg.rf.f44878d3b1431b6b4d21e9c4caa73a42.jpg,bathtub,0.4437876939773559,21.828670501708984,463.9945068359375,227.7950439453125,642.6555786132812,variants,Image file: image_55_jpg.rf.f44878d3b1431b6b4d21e9c4caa73a42.jpg. Detected amenity: bathtub. Detection confidence: medium (0.44). Source prompt type: variants.,"You are generating hotel amenity questions for guests browsing accommodation photos. Given the detection summary below, generate a hotel amenity related question that a guest may ask or a guest might want to be answeredwhile browsing accommodation images. Keep the question short, factual, and neutral. Detection summary: Image file: image_55_jpg.rf.f44878d3b1431b6b4d21e9c4caa73a42.jpg. Detected amenity: bathtub. Detection confidence: medium (0.44). Source prompt type: variants. Question:",What is the name of the hotel amenity?,What type of amenity is the bathtub?,Does this room have a bathtub?,Is the bathtub separate or part of a shower?
image_39_jpg.rf.1148f74abd7bc00b5cf15446357aebd2.jpg,bathtub,0.3347452580928802,8.773612976074219,415.2786560058594,302.1572570800781,627.1678466796875,variants,Image file: image_39_jpg.rf.1148f74abd7bc00b5cf15446357aebd2.jpg. Detected amenity: bathtub. Detection confidence: medium (0.33). Source prompt type: variants.,"You are generating hotel amenity questions for guests browsing accommodation photos. Given the detection summary below, generate a hotel amenity related question that a guest may ask or a guest might want to be answeredwhile browsing accommodation images. Keep the question short, factual, and neutral. Detection summary: Image file: image_39_jpg.rf.1148f74abd7bc00b5cf15446357aebd2.jpg. Detected amenity: bathtub. Detection confidence: medium (0.33). Source prompt type: variants. Question:",What is the name of the hotel amenity?,What type of amenity is the bathtub?,Does this room have a bathtub?,Does the bathtub have a shower attachment?
image_39_jpg.rf.1148f74abd7bc00b5cf15446357aebd2.jpg,freestanding bathtub,0.1387819647789001,421.46197509765625,513.5001831054688,571.8765869140625,638.8330688476562,variants,Image file: image_39_jpg.rf.1148f74abd7bc00b5cf15446357aebd2.jpg. Detected amenity: freestanding bathtub. Detection confidence: low (0.14). Source prompt type: variants.,"You are generating hotel amenity questions for guests browsing accommodation photos. Given the detection summary below, generate a hotel amenity related question that a guest may ask or a guest might want to be answeredwhile browsing accommodation images. Keep the question short, factual, and neutral. Detection summary: Image file: image_39_jpg.rf.1148f74abd7bc00b5cf15446357aebd2.jpg. Detected amenity: freestanding bathtub. Detection confidence: low (0.14). Source prompt type: variants. Question:",What is the name of the freestanding bathtub in a hotel?,What is the name of the freestanding bathtub?,Does this room have a freestanding bathtub?,Does the freestanding bathtub have a built-in shower?
image_135_jpg.rf.bf9503d5d32f7bf4656850df76059ebc.jpg,bathtub with shower,0.1729348599910736,3.054428100585937,-0.353240966796875,640.3912353515625,636.6509399414062,variants,Image file: image_135_jpg.rf.bf9503d5d32f7bf4656850df76059ebc.jpg. Detected amenity: bathtub with shower. Detection confidence: low (0.17). Source prompt type: variants.,"You are generating hotel amenity questions for guests browsing accommodation photos. Given the detection summary below, generate a hotel amenity related question that a guest may ask or a guest might want to be answeredwhile browsing accommodation images. Keep the question short, factual, and neutral. Detection summary: Image file: image_135_jpg.rf.bf9503d5d32f7bf4656850df76059ebc.jpg. Detected amenity: bathtub with shower. Detection confidence: low (0.17). Source prompt type: variants. Question:",What is the name of the hotel with a bathtub with shower?,What is the size of the bathroom?,Does the room have a separate bathtub and shower or a combined unit?,Does the bathtub have a separate shower area?
image_135_jpg.rf.bf9503d5d32f7bf4656850df76059ebc.jpg,bathtub with shower,0.1141371205449104,14.999074935913086,14.889068603515623,326.1380310058594,632.4405517578125,variants,Image file: image_135_jpg.rf.bf9503d5d32f7bf4656850df76059ebc.jpg. Detected amenity: bathtub with shower. Detection confidence: low (0.11). Source prompt type: variants.,"You are generating hotel amenity questions for guests browsing accommodation photos. Given the detection summary below, generate a hotel amenity related question that a guest may ask or a guest might want to be answeredwhile browsing accommodation images. Keep the question short, factual, and neutral. Detection summary: Image file: image_135_jpg.rf.bf9503d5d32f7bf4656850df76059ebc.jpg. Detected amenity: bathtub with shower. Detection confidence: low (0.11). Source prompt type: variants. Question:",What is the name of the hotel with a bathtub with shower?,What is the size of the bathroom?,Does the room have a separate bathtub and shower or a combined unit?,Is the bathtub separate from the shower?
image_135_jpg.rf.bf9503d5d32f7bf4656850df76059ebc.jpg,freestanding bathtub,0.134696215391159,20.44886589050293,350.4330444335937,191.38531494140625,631.6885375976562,variants,Image file: image_135_jpg.rf.bf9503d5d32f7bf4656850df76059ebc.jpg. Detected amenity: freestanding bathtub. Detection confidence: low (0.13). Source prompt type: variants.,"You are generating hotel amenity questions for guests browsing accommodation photos. Given the detection summary below, generate a hotel amenity related question that a guest may ask or a guest might want to be answeredwhile browsing accommodation images. Keep the question short, factual, and neutral. Detection summary: Image file: image_135_jpg.rf.bf9503d5d32f7bf4656850df76059ebc.jpg. Detected amenity: freestanding bathtub. Detection confidence: low (0.13). Source prompt type: variants. Question:",What is the name of the hotel that has a freestanding bathtub?,What is the name of the freestanding bathtub?,Does this room have a freestanding bathtub?,Does the freestanding bathtub have a built-in shower?
image_135_jpg.rf.bf9503d5d32f7bf4656850df76059ebc.jpg,bathtub,0.2775687873363495,42.8284912109375,349.2709350585937,315.5097045898437,510.6310424804688,variants,Image file: image_135_jpg.rf.bf9503d5d32f7bf4656850df76059ebc.jpg. Detected amenity: bathtub. Detection confidence: low (0.28). Source prompt type: variants.,"You are generating hotel amenity questions for guests browsing accommodation photos. Given the detection summary below, generate a hotel amenity related question that a guest may ask or a guest might want to be answeredwhile browsing accommodation images. Keep the question short, factual, and neutral. Detection summary: Image file: image_135_jpg.rf.bf9503d5d32f7bf4656850df76059ebc.jpg. Detected amenity: bathtub. Detection confidence: low (0.28). Source prompt type: variants. Question:",What is the name of the hotel amenity?,What is the name of the hotel's bathtub?,Does this room have a bathtub?,Does the room have a separate shower?
image_135_jpg.rf.bf9503d5d32f7bf4656850df76059ebc.jpg,bathtub,0.4350199997425079,154.97128295898438,346.1410827636719,318.3356018066406,480.8800048828125,variants,Image file: image_135_jpg.rf.bf9503d5d32f7bf4656850df76059ebc.jpg. Detected amenity: bathtub. Detection confidence: medium (0.44). Source prompt type: variants.,"You are generating hotel amenity questions for guests browsing accommodation photos. Given the detection summary below, generate a hotel amenity related question that a guest may ask or a guest might want to be answeredwhile browsing accommodation images. Keep the question short, factual, and neutral. Detection summary: Image file: image_135_jpg.rf.bf9503d5d32f7bf4656850df76059ebc.jpg. Detected amenity: bathtub. Detection confidence: medium (0.44). Source prompt type: variants. Question:",What is the name of the hotel amenity?,What type of amenity is the bathtub?,Does this room have a bathtub?,Is the bathtub in the room or a shared facility?
image_135_jpg.rf.bf9503d5d32f7bf4656850df76059ebc.jpg,freestanding bathtub,0.1067359149456024,407.2428588867188,321.9148254394531,636.9771728515625,561.5554809570312,variants,Image file: image_135_jpg.rf.bf9503d5d32f7bf4656850df76059ebc.jpg. Detected amenity: freestanding bathtub. Detection confidence: low (0.11). Source prompt type: variants.,"You are generating hotel amenity questions for guests browsing accommodation photos. Given the detection summary below, generate a hotel amenity related question that a guest may ask or a guest might want to be answeredwhile browsing accommodation images. Keep the question short, factual, and neutral. Detection summary: Image file: image_135_jpg.rf.bf9503d5d32f7bf4656850df76059ebc.jpg. Detected amenity: freestanding bathtub. Detection confidence: low (0.11). Source prompt type: variants. Question:",What is the name of the hotel that has a freestanding bathtub?,What is the name of the freestanding bathtub?,Does this room have a freestanding bathtub?,Is the freestanding bathtub in the room or a separate bathroom?
image_135_jpg.rf.bf9503d5d32f7bf4656850df76059ebc.jpg,freestanding bathtub,0.2438412755727768,439.5516357421875,351.2317199707031,644.6693115234375,637.871826171875,variants,Image file: image_135_jpg.rf.bf9503d5d32f7bf4656850df76059ebc.jpg. Detected amenity: freestanding bathtub. Detection confidence: low (0.24). Source prompt type: variants.,"You are generating hotel amenity questions for guests browsing accommodation photos. Given the detection summary below, generate a hotel amenity related question that a guest may ask or a guest might want to be answeredwhile browsing accommodation images. Keep the question short, factual, and neutral. Detection summary: Image file: image_135_jpg.rf.bf9503d5d32f7bf4656850df76059ebc.jpg. Detected amenity: freestanding bathtub. Detection confidence: low (0.24). Source prompt type: variants. Question:",What is the name of the freestanding bathtub in a hotel?,What is the name of the freestanding bathtub?,Does this room have a freestanding bathtub?,Does the room have a freestanding bathtub?
image_135_jpg.rf.bf9503d5d32f7bf4656850df76059ebc.jpg,freestanding bathtub,0.1293877214193344,479.2376708984375,354.99444580078125,638.8477172851562,560.0579833984375,variants,Image file: image_135_jpg.rf.bf9503d5d32f7bf4656850df76059ebc.jpg. Detected amenity: freestanding bathtub. Detection confidence: low (0.13). Source prompt type: variants.,"You are generating hotel amenity questions for guests browsing accommodation photos. Given the detection summary below, generate a hotel amenity related question that a guest may ask or a guest might want to be answeredwhile browsing accommodation images. Keep the question short, factual, and neutral. Detection summary: Image file: image_135_jpg.rf.bf9503d5d32f7bf4656850df76059ebc.jpg. Detected amenity: freestanding bathtub. Detection confidence: low (0.13). Source prompt type: variants. Question:",What is the name of the hotel that has a freestanding bathtub?,What is the name of the freestanding bathtub?,Does this room have a freestanding bathtub?,Does the freestanding bathtub have a built-in shower?
image_135_jpg.rf.bf9503d5d32f7bf4656850df76059ebc.jpg,freestanding bathtub,0.1140158325433731,444.75927734375,516.5172119140625,635.8736572265625,640.7925415039062,variants,Image file: image_135_jpg.rf.bf9503d5d32f7bf4656850df76059ebc.jpg. Detected amenity: freestanding bathtub. Detection confidence: low (0.11). Source prompt type: variants.,"You are generating hotel amenity questions for guests browsing accommodation photos. Given the detection summary below, generate a hotel amenity related question that a guest may ask or a guest might want to be answeredwhile browsing accommodation images. Keep the question short, factual, and neutral. Detection summary: Image file: image_135_jpg.rf.bf9503d5d32f7bf4656850df76059ebc.jpg. Detected amenity: freestanding bathtub. Detection confidence: low (0.11). Source prompt type: variants. Question:",What is the name of the hotel that has a freestanding bathtub?,What is the name of the freestanding bathtub?,Does the room have a freestanding bathtub?,Is the freestanding bathtub a standard feature in all rooms?
image_31_jpg.rf.dc9e4e313d10b0f808a1a79d56487d79.jpg,jacuzzi bathtub,0.1237136498093605,6.877365112304688,1.698284149169922,639.2125244140625,640.3506469726562,variants,Image file: image_31_jpg.rf.dc9e4e313d10b0f808a1a79d56487d79.jpg. Detected amenity: jacuzzi bathtub. Detection confidence: low (0.12). Source prompt type: variants.,"You are generating hotel amenity questions for guests browsing accommodation photos. Given the detection summary below, generate a hotel amenity related question that a guest may ask or a guest might want to be answeredwhile browsing accommodation images. Keep the question short, factual, and neutral. Detection summary: Image file: image_31_jpg.rf.dc9e4e313d10b0f808a1a79d56487d79.jpg. Detected amenity: jacuzzi bathtub. Detection confidence: low (0.12). Source prompt type: variants. Question:",What type of amenity is the jacuzzi bathtub?,What is the name of the hotel's jacuzzi bathtub?,Does this room come with a jacuzzi bathtub?,Does the jacuzzi bathtub have temperature control?
image_31_jpg.rf.dc9e4e313d10b0f808a1a79d56487d79.jpg,jacuzzi bathtub,0.1287056803703308,376.6015319824219,356.4813232421875,600.0050659179688,642.265380859375,variants,Image file: image_31_jpg.rf.dc9e4e313d10b0f808a1a79d56487d79.jpg. Detected amenity: jacuzzi bathtub. Detection confidence: low (0.13). Source prompt type: variants.,"You are generating hotel amenity questions for guests browsing accommodation photos. Given the detection summary below, generate a hotel amenity related question that a guest may ask or a guest might want to be answeredwhile browsing accommodation images. Keep the question short, factual, and neutral. Detection summary: Image file: image_31_jpg.rf.dc9e4e313d10b0f808a1a79d56487d79.jpg. Detected amenity: jacuzzi bathtub. Detection confidence: low (0.13). Source prompt type: variants. Question:",What type of amenity is the jacuzzi bathtub?,What is the name of the hotel's jacuzzi bathtub?,Does the room come with a jacuzzi bathtub?,Is the jacuzzi bathtub available for guest use?
image_31_jpg.rf.dc9e4e313d10b0f808a1a79d56487d79.jpg,freestanding bathtub,0.5682656168937683,39.54826354980469,416.1507873535156,247.64279174804688,639.2897338867188,variants,Image file: image_31_jpg.rf.dc9e4e313d10b0f808a1a79d56487d79.jpg. Detected amenity: freestanding bathtub. Detection confidence: medium (0.57). Source prompt type: variants.,"You are generating hotel amenity questions for guests browsing accommodation photos. Given the detection summary below, generate a hotel amenity related question that a guest may ask or a guest might want to be answeredwhile browsing accommodation images. Keep the question short, factual, and neutral. Detection summary: Image file: image_31_jpg.rf.dc9e4e313d10b0f808a1a79d56487d79.jpg. Detected amenity: freestanding bathtub. Detection confidence: medium (0.57). Source prompt type: variants. Question:",What is the name of the freestanding bathtub in a hotel?,What is the name of the freestanding bathtub?,Does this room come with a freestanding bathtub?,Is the freestanding bathtub in the room?
image_31_jpg.rf.dc9e4e313d10b0f808a1a79d56487d79.jpg,jacuzzi bathtub,0.1410395801067352,38.67619323730469,410.73089599609375,245.5789489746093,637.3297729492188,variants,Image file: image_31_jpg.rf.dc9e4e313d10b0f808a1a79d56487d79.jpg. Detected amenity: jacuzzi bathtub. Detection confidence: low (0.14). Source prompt type: variants.,"You are generating hotel amenity questions for guests browsing accommodation photos. Given the detection summary below, generate a hotel amenity related question that a guest may ask or a guest might want to be answeredwhile browsing accommodation images. Keep the question short, factual, and neutral. Detection summary: Image file: image_31_jpg.rf.dc9e4e313d10b0f808a1a79d56487d79.jpg. Detected amenity: jacuzzi bathtub. Detection confidence: low (0.14). Source prompt type: variants. Question:",What type of amenity is the jacuzzi bathtub?,What is the name of the hotel's jacuzzi bathtub?,Does this room come with a jacuzzi bathtub?,Is the jacuzzi bathtub available in all rooms or is it a feature of a specific suite?
image_146_jpg.rf.abbdd11aaa159ff6009c5a2074fa677f.jpg,bathtub with shower,0.1940773576498031,-0.7657814025878906,4.265346527099609,631.5867919921875,639.4711303710938,variants,Image file: image_146_jpg.rf.abbdd11aaa159ff6009c5a2074fa677f.jpg. Detected amenity: bathtub with shower. Detection confidence: low (0.19). Source prompt type: variants.,"You are generating hotel amenity questions for guests browsing accommodation photos. Given the detection summary below, generate a hotel amenity related question that a guest may ask or a guest might want to be answeredwhile browsing accommodation images. Keep the question short, factual, and neutral. Detection summary: Image file: image_146_jpg.rf.abbdd11aaa159ff6009c5a2074fa677f.jpg. Detected amenity: bathtub with shower. Detection confidence: low (0.19). Source prompt type: variants. Question:",What is the name of the hotel with a bathtub with shower?,What is the name of the bathroom amenity?,Does the room have a separate bathtub and shower or a combined bathtub with shower?,Is the bathtub separate from the shower?
image_146_jpg.rf.abbdd11aaa159ff6009c5a2074fa677f.jpg,bathtub with shower,0.1334936320781707,0.0098609924316406,-2.783794403076172,370.691162109375,634.4556884765625,variants,Image file: image_146_jpg.rf.abbdd11aaa159ff6009c5a2074fa677f.jpg. Detected amenity: bathtub with shower. Detection confidence: low (0.13). Source prompt type: variants.,"You are generating hotel amenity questions for guests browsing accommodation photos. Given the detection summary below, generate a hotel amenity related question that a guest may ask or a guest might want to be answeredwhile browsing accommodation images. Keep the question short, factual, and neutral. Detection summary: Image file: image_146_jpg.rf.abbdd11aaa159ff6009c5a2074fa677f.jpg. Detected amenity: bathtub with shower. Detection confidence: low (0.13). Source prompt type: variants. Question:",What is the name of the hotel with a bathtub with shower?,What is the name of the bathroom amenity?,Does the room have a separate bathtub and shower or a combined bathtub with shower?,Is the bathtub separate from the shower?
image_146_jpg.rf.abbdd11aaa159ff6009c5a2074fa677f.jpg,bathtub,0.4152650535106659,0.0427627563476562,383.544677734375,298.1558532714844,637.2643432617188,variants,Image file: image_146_jpg.rf.abbdd11aaa159ff6009c5a2074fa677f.jpg. Detected amenity: bathtub. Detection confidence: medium (0.42). Source prompt type: variants.,"You are generating hotel amenity questions for guests browsing accommodation photos. Given the detection summary below, generate a hotel amenity related question that a guest may ask or a guest might want to be answeredwhile browsing accommodation images. Keep the question short, factual, and neutral. Detection summary: Image file: image_146_jpg.rf.abbdd11aaa159ff6009c5a2074fa677f.jpg. Detected amenity: bathtub. Detection confidence: medium (0.42). Source prompt type: variants. Question:",What is the name of the hotel amenity?,What type of amenity is the bathtub?,Does the room have a bathtub?,Is the bathtub separate from the shower?
image_146_jpg.rf.abbdd11aaa159ff6009c5a2074fa677f.jpg,bathtub,0.3283036947250366,2.2410202026367188,458.23870849609375,293.1799621582031,636.2828369140625,variants,Image file: image_146_jpg.rf.abbdd11aaa159ff6009c5a2074fa677f.jpg. Detected amenity: bathtub. Detection confidence: medium (0.33). Source prompt type: variants.,"You are generating hotel amenity questions for guests browsing accommodation photos. Given the detection summary below, generate a hotel amenity related question that a guest may ask or a guest might want to be answeredwhile browsing accommodation images. Keep the question short, factual, and neutral. Detection summary: Image file: image_146_jpg.rf.abbdd11aaa159ff6009c5a2074fa677f.jpg. Detected amenity: bathtub. Detection confidence: medium (0.33). Source prompt type: variants. Question:",What is the name of the hotel amenity?,What type of amenity is the bathtub?,Does this room have a bathtub?,Does the bathtub have a shower attachment?
image_146_jpg.rf.abbdd11aaa159ff6009c5a2074fa677f.jpg,bathtub,0.2321069836616516,6.571025848388672,492.908935546875,292.9093017578125,641.023681640625,variants,Image file: image_146_jpg.rf.abbdd11aaa159ff6009c5a2074fa677f.jpg. Detected amenity: bathtub. Detection confidence: low (0.23). Source prompt type: variants.,"You are generating hotel amenity questions for guests browsing accommodation photos. Given the detection summary below, generate a hotel amenity related question that a guest may ask or a guest might want to be answeredwhile browsing accommodation images. Keep the question short, factual, and neutral. Detection summary: Image file: image_146_jpg.rf.abbdd11aaa159ff6009c5a2074fa677f.jpg. Detected amenity: bathtub. Detection confidence: low (0.23). Source prompt type: variants. Question:",What is the name of the hotel amenity?,What is the name of the hotel's bathtub?,Does this room have a bathtub?,Is there a bathtub in the room?
image_118_jpg.rf.f2f12fa38940475de6152f6d83535872.jpg,bathtub,0.2467327117919922,307.2304992675781,423.6598205566406,611.9736328125,638.55126953125,variants,Image file: image_118_jpg.rf.f2f12fa38940475de6152f6d83535872.jpg. Detected amenity: bathtub. Detection confidence: low (0.25). Source prompt type: variants.,"You are generating hotel amenity questions for guests browsing accommodation photos. Given the detection summary below, generate a hotel amenity related question that a guest may ask or a guest might want to be answeredwhile browsing accommodation images. Keep the question short, factual, and neutral. Detection summary: Image file: image_118_jpg.rf.f2f12fa38940475de6152f6d83535872.jpg. Detected amenity: bathtub. Detection confidence: low (0.25). Source prompt type: variants. Question:",What is the name of the hotel amenity?,What is the name of the hotel's bathtub?,Does this room have a bathtub?,Does the bathtub have a shower attachment?
image_151_jpg.rf.bc2a52c20c5b53799addab2a4d6b425e.jpg,bathtub with shower,0.2097434103488922,3.00100326538086,1.4014244079589844,640.7347412109375,639.14892578125,variants,Image file: image_151_jpg.rf.bc2a52c20c5b53799addab2a4d6b425e.jpg. Detected amenity: bathtub with shower. Detection confidence: low (0.21). Source prompt type: variants.,"You are generating hotel amenity questions for guests browsing accommodation photos. Given the detection summary below, generate a hotel amenity related question that a guest may ask or a guest might want to be answeredwhile browsing accommodation images. Keep the question short, factual, and neutral. Detection summary: Image file: image_151_jpg.rf.bc2a52c20c5b53799addab2a4d6b425e.jpg. Detected amenity: bathtub with shower. Detection confidence: low (0.21). Source prompt type: variants. Question:",What is the name of the hotel with a bathtub with shower?,What is the name of the bathroom with a shower?,Does the room have a separate bathtub and shower or a combined bathtub with shower?,Is the bathtub a separate unit from the shower?
image_151_jpg.rf.bc2a52c20c5b53799addab2a4d6b425e.jpg,jacuzzi bathtub,0.1249239891767501,260.62921142578125,339.85919189453125,528.3892822265625,633.16015625,variants,Image file: image_151_jpg.rf.bc2a52c20c5b53799addab2a4d6b425e.jpg. Detected amenity: jacuzzi bathtub. Detection confidence: low (0.12). Source prompt type: variants.,"You are generating hotel amenity questions for guests browsing accommodation photos. Given the detection summary below, generate a hotel amenity related question that a guest may ask or a guest might want to be answeredwhile browsing accommodation images. Keep the question short, factual, and neutral. Detection summary: Image file: image_151_jpg.rf.bc2a52c20c5b53799addab2a4d6b425e.jpg. Detected amenity: jacuzzi bathtub. Detection confidence: low (0.12). Source prompt type: variants. Question:",What type of amenity is the jacuzzi bathtub?,What is the name of the hotel's jacuzzi bathtub?,Does this room come with a jacuzzi bathtub?,Is the jacuzzi bathtub available for guest use?
image_151_jpg.rf.bc2a52c20c5b53799addab2a4d6b425e.jpg,jacuzzi bathtub,0.4355608820915222,0.2065849304199218,418.3976440429688,250.6649932861328,640.210205078125,variants,Image file: image_151_jpg.rf.bc2a52c20c5b53799addab2a4d6b425e.jpg. Detected amenity: jacuzzi bathtub. Detection confidence: medium (0.44). Source prompt type: variants.,"You are generating hotel amenity questions for guests browsing accommodation photos. Given the detection summary below, generate a hotel amenity related question that a guest may ask or a guest might want to be answeredwhile browsing accommodation images. Keep the question short, factual, and neutral. Detection summary: Image file: image_151_jpg.rf.bc2a52c20c5b53799addab2a4d6b425e.jpg. Detected amenity: jacuzzi bathtub. Detection confidence: medium (0.44). Source prompt type: variants. Question:",What type of amenity is the jacuzzi bathtub?,What is the name of the hotel that has a jacuzzi bathtub?,Does this room come with a jacuzzi bathtub?,Is the jacuzzi bathtub available in every room?
image_151_jpg.rf.bc2a52c20c5b53799addab2a4d6b425e.jpg,jacuzzi bathtub,0.1785062998533249,-0.6011009216308594,416.7547912597656,252.92059326171875,640.5047607421875,variants,Image file: image_151_jpg.rf.bc2a52c20c5b53799addab2a4d6b425e.jpg. Detected amenity: jacuzzi bathtub. Detection confidence: low (0.18). Source prompt type: variants.,"You are generating hotel amenity questions for guests browsing accommodation photos. Given the detection summary below, generate a hotel amenity related question that a guest may ask or a guest might want to be answeredwhile browsing accommodation images. Keep the question short, factual, and neutral. Detection summary: Image file: image_151_jpg.rf.bc2a52c20c5b53799addab2a4d6b425e.jpg. Detected amenity: jacuzzi bathtub. Detection confidence: low (0.18). Source prompt type: variants. Question:",What type of amenity is the jacuzzi bathtub?,What is the name of the hotel's jacuzzi bathtub?,Does this room come with a jacuzzi bathtub?,Is the jacuzzi bathtub available for guest use?
image_171_jpg.rf.1546eb8a795e0fcd8311287f2264a636.jpg,jacuzzi bathtub,0.1616951823234558,1.6910362243652344,1.5096092224121094,638.359130859375,638.2119140625,variants,Image file: image_171_jpg.rf.1546eb8a795e0fcd8311287f2264a636.jpg. Detected amenity: jacuzzi bathtub. Detection confidence: low (0.16). Source prompt type: variants.,"You are generating hotel amenity questions for guests browsing accommodation photos. Given the detection summary below, generate a hotel amenity related question that a guest may ask or a guest might want to be answeredwhile browsing accommodation images. Keep the question short, factual, and neutral. Detection summary: Image file: image_171_jpg.rf.1546eb8a795e0fcd8311287f2264a636.jpg. Detected amenity: jacuzzi bathtub. Detection confidence: low (0.16). Source prompt type: variants. Question:",What type of amenity is the jacuzzi bathtub?,What is the name of the hotel's jacuzzi bathtub?,Does this room come with a jacuzzi bathtub?,Is the jacuzzi bathtub available for guest use?
image_171_jpg.rf.1546eb8a795e0fcd8311287f2264a636.jpg,jacuzzi bathtub,0.1429434269666671,181.0376892089844,361.1790466308594,431.8668212890625,514.7186889648438,variants,Image file: image_171_jpg.rf.1546eb8a795e0fcd8311287f2264a636.jpg. Detected amenity: jacuzzi bathtub. Detection confidence: low (0.14). Source prompt type: variants.,"You are generating hotel amenity questions for guests browsing accommodation photos. Given the detection summary below, generate a hotel amenity related question that a guest may ask or a guest might want to be answeredwhile browsing accommodation images. Keep the question short, factual, and neutral. Detection summary: Image file: image_171_jpg.rf.1546eb8a795e0fcd8311287f2264a636.jpg. Detected amenity: jacuzzi bathtub. Detection confidence: low (0.14). Source prompt type: variants. Question:",What type of amenity is the jacuzzi bathtub?,What is the name of the hotel's jacuzzi bathtub?,Does this room come with a jacuzzi bathtub?,Is the jacuzzi bathtub available in all rooms or is it a feature of a specific suite?
image_171_jpg.rf.1546eb8a795e0fcd8311287f2264a636.jpg,freestanding bathtub,0.1056702136993408,170.98411560058594,458.5781555175781,411.6428833007813,515.0914306640625,variants,Image file: image_171_jpg.rf.1546eb8a795e0fcd8311287f2264a636.jpg. Detected amenity: freestanding bathtub. Detection confidence: low (0.11). Source prompt type: variants.,"You are generating hotel amenity questions for guests browsing accommodation photos. Given the detection summary below, generate a hotel amenity related question that a guest may ask or a guest might want to be answeredwhile browsing accommodation images. Keep the question short, factual, and neutral. Detection summary: Image file: image_171_jpg.rf.1546eb8a795e0fcd8311287f2264a636.jpg. Detected amenity: freestanding bathtub. Detection confidence: low (0.11). Source prompt type: variants. Question:",What is the name of the hotel that has a freestanding bathtub?,What is the name of the freestanding bathtub?,Does the room have a freestanding bathtub?,Is the freestanding bathtub in the room?
image_171_jpg.rf.1546eb8a795e0fcd8311287f2264a636.jpg,jacuzzi bathtub,0.3999813199043274,222.98944091796875,479.3386535644531,638.9578247070312,640.5428466796875,variants,Image file: image_171_jpg.rf.1546eb8a795e0fcd8311287f2264a636.jpg. Detected amenity: jacuzzi bathtub. Detection confidence: medium (0.40). Source prompt type: variants.,"You are generating hotel amenity questions for guests browsing accommodation photos. Given the detection summary below, generate a hotel amenity related question that a guest may ask or a guest might want to be answeredwhile browsing accommodation images. Keep the question short, factual, and neutral. Detection summary: Image file: image_171_jpg.rf.1546eb8a795e0fcd8311287f2264a636.jpg. Detected amenity: jacuzzi bathtub. Detection confidence: medium (0.40). Source prompt type: variants. Question:",What type of amenity is the jacuzzi bathtub?,What is the name of the hotel's jacuzzi bathtub?,Does this room come with a jacuzzi bathtub?,Is the jacuzzi bathtub available for guest use?
image_127_jpg.rf.6fcbcc10efd39be9384a7d18f86fa2ee.jpg,jacuzzi bathtub,0.1592156738042831,1.7224502563476562,380.3472595214844,349.80096435546875,636.2186279296875,variants,Image file: image_127_jpg.rf.6fcbcc10efd39be9384a7d18f86fa2ee.jpg. Detected amenity: jacuzzi bathtub. Detection confidence: low (0.16). Source prompt type: variants.,"You are generating hotel amenity questions for guests browsing accommodation photos. Given the detection summary below, generate a hotel amenity related question that a guest may ask or a guest might want to be answeredwhile browsing accommodation images. Keep the question short, factual, and neutral. Detection summary: Image file: image_127_jpg.rf.6fcbcc10efd39be9384a7d18f86fa2ee.jpg. Detected amenity: jacuzzi bathtub. Detection confidence: low (0.16). Source prompt type: variants. Question:",What type of amenity is the jacuzzi bathtub?,What is the name of the hotel's jacuzzi bathtub?,Does this room come with a jacuzzi bathtub?,Is the jacuzzi bathtub available for guest use?
image_27_jpg.rf.9596cb25e946d2069543efdfbe2fa417.jpg,bathtub,0.1838701516389846,-3.2176589965820312,421.4024353027344,200.98797607421875,643.7316284179688,variants,Image file: image_27_jpg.rf.9596cb25e946d2069543efdfbe2fa417.jpg. Detected amenity: bathtub. Detection confidence: low (0.18). Source prompt type: variants.,"You are generating hotel amenity questions for guests browsing accommodation photos. Given the detection summary below, generate a hotel amenity related question that a guest may ask or a guest might want to be answeredwhile browsing accommodation images. Keep the question short, factual, and neutral. Detection summary: Image file: image_27_jpg.rf.9596cb25e946d2069543efdfbe2fa417.jpg. Detected amenity: bathtub. Detection confidence: low (0.18). Source prompt type: variants. Question:",What is the name of the hotel amenity?,What is the name of the hotel's bathtub?,Does this room have a bathtub?,Is there a bathtub in the room?
image_60_jpg.rf.1c6ce8f598092f42fcce9365b372235a.jpg,bathtub,0.2537728548049927,385.6646728515625,453.2585144042969,641.4873657226562,645.760986328125,variants,Image file: image_60_jpg.rf.1c6ce8f598092f42fcce9365b372235a.jpg. Detected amenity: bathtub. Detection confidence: low (0.25). Source prompt type: variants.,"You are generating hotel amenity questions for guests browsing accommodation photos. Given the detection summary below, generate a hotel amenity related question that a guest may ask or a guest might want to be answeredwhile browsing accommodation images. Keep the question short, factual, and neutral. Detection summary: Image file: image_60_jpg.rf.1c6ce8f598092f42fcce9365b372235a.jpg. Detected amenity: bathtub. Detection confidence: low (0.25). Source prompt type: variants. Question:",What is the name of the hotel amenity?,What is the name of the hotel's bathtub?,Does this room have a bathtub?,Does the bathtub have a shower attachment?
image_60_jpg.rf.1c6ce8f598092f42fcce9365b372235a.jpg,bathtub,0.1147460862994194,380.7511901855469,452.779541015625,486.9229736328125,641.1929321289062,variants,Image file: image_60_jpg.rf.1c6ce8f598092f42fcce9365b372235a.jpg. Detected amenity: bathtub. Detection confidence: low (0.11). Source prompt type: variants.,"You are generating hotel amenity questions for guests browsing accommodation photos. Given the detection summary below, generate a hotel amenity related question that a guest may ask or a guest might want to be answeredwhile browsing accommodation images. Keep the question short, factual, and neutral. Detection summary: Image file: image_60_jpg.rf.1c6ce8f598092f42fcce9365b372235a.jpg. Detected amenity: bathtub. Detection confidence: low (0.11). Source prompt type: variants. Question:",What is the name of the hotel amenity?,What is the name of the hotel's bathtub?,Does this room have a bathtub?,Does the room have a separate shower stall?
image_60_jpg.rf.1c6ce8f598092f42fcce9365b372235a.jpg,bathtub,0.1980523020029068,390.8784484863281,454.19439697265625,641.0205688476562,640.3369140625,variants,Image file: image_60_jpg.rf.1c6ce8f598092f42fcce9365b372235a.jpg. Detected amenity: bathtub. Detection confidence: low (0.20). Source prompt type: variants.,"You are generating hotel amenity questions for guests browsing accommodation photos. Given the detection summary below, generate a hotel amenity related question that a guest may ask or a guest might want to be answeredwhile browsing accommodation images. Keep the question short, factual, and neutral. Detection summary: Image file: image_60_jpg.rf.1c6ce8f598092f42fcce9365b372235a.jpg. Detected amenity: bathtub. Detection confidence: low (0.20). Source prompt type: variants. Question:",What is the name of the hotel amenity?,What is the name of the hotel's bathtub?,Does this room have a bathtub?,Is the bathtub separate from the shower?
image_23_jpg.rf.1ad7314110e7a61336d8305cdcea5775.jpg,bathtub with shower,0.21926149725914,2.912921905517578,2.204113006591797,640.5300903320312,639.3579711914062,variants,Image file: image_23_jpg.rf.1ad7314110e7a61336d8305cdcea5775.jpg. Detected amenity: bathtub with shower. Detection confidence: low (0.22). Source prompt type: variants.,"You are generating hotel amenity questions for guests browsing accommodation photos. Given the detection summary below, generate a hotel amenity related question that a guest may ask or a guest might want to be answeredwhile browsing accommodation images. Keep the question short, factual, and neutral. Detection summary: Image file: image_23_jpg.rf.1ad7314110e7a61336d8305cdcea5775.jpg. Detected amenity: bathtub with shower. Detection confidence: low (0.22). Source prompt type: variants. Question:",What is the name of the hotel with a bathtub with shower?,What is the size of the bathroom?,Does the room have a separate bathtub and shower or a combined bathtub with shower?,Is the bathtub with a shower a walk-in or over-the-bathtub type?
image_23_jpg.rf.1ad7314110e7a61336d8305cdcea5775.jpg,bathtub with shower,0.1307450085878372,342.0199279785156,9.99246597290039,642.261474609375,639.0291748046875,variants,Image file: image_23_jpg.rf.1ad7314110e7a61336d8305cdcea5775.jpg. Detected amenity: bathtub with shower. Detection confidence: low (0.13). Source prompt type: variants.,"You are generating hotel amenity questions for guests browsing accommodation photos. Given the detection summary below, generate a hotel amenity related question that a guest may ask or a guest might want to be answeredwhile browsing accommodation images. Keep the question short, factual, and neutral. Detection summary: Image file: image_23_jpg.rf.1ad7314110e7a61336d8305cdcea5775.jpg. Detected amenity: bathtub with shower. Detection confidence: low (0.13). Source prompt type: variants. Question:",What is the name of the hotel with a bathtub with shower?,What is the name of the bathroom amenity in the image?,Does the room have a separate bathtub and shower or a combined bathtub with shower?,Is the bathtub separate from the shower?
image_23_jpg.rf.1ad7314110e7a61336d8305cdcea5775.jpg,freestanding bathtub,0.1308321356773376,293.8129272460937,433.0913696289063,333.59197998046875,567.5011596679688,variants,Image file: image_23_jpg.rf.1ad7314110e7a61336d8305cdcea5775.jpg. Detected amenity: freestanding bathtub. Detection confidence: low (0.13). Source prompt type: variants.,"You are generating hotel amenity questions for guests browsing accommodation photos. Given the detection summary below, generate a hotel amenity related question that a guest may ask or a guest might want to be answeredwhile browsing accommodation images. Keep the question short, factual, and neutral. Detection summary: Image file: image_23_jpg.rf.1ad7314110e7a61336d8305cdcea5775.jpg. Detected amenity: freestanding bathtub. Detection confidence: low (0.13). Source prompt type: variants. Question:",What is the name of the freestanding bathtub in a hotel?,What is the name of the freestanding bathtub?,Does this room have a freestanding bathtub?,Is the freestanding bathtub in the room?
image_23_jpg.rf.1ad7314110e7a61336d8305cdcea5775.jpg,bathtub,0.61011803150177,367.0732116699219,429.4844970703125,642.300048828125,637.427001953125,variants,Image file: image_23_jpg.rf.1ad7314110e7a61336d8305cdcea5775.jpg. Detected amenity: bathtub. Detection confidence: high (0.61). Source prompt type: variants.,"You are generating hotel amenity questions for guests browsing accommodation photos. Given the detection summary below, generate a hotel amenity related question that a guest may ask or a guest might want to be answeredwhile browsing accommodation images. Keep the question short, factual, and neutral. Detection summary: Image file: image_23_jpg.rf.1ad7314110e7a61336d8305cdcea5775.jpg. Detected amenity: bathtub. Detection confidence: high (0.61). Source prompt type: variants. Question:",What is the name of the hotel amenity?,What is the name of the hotel's bathtub?,Does this room have a bathtub?,Is the bathtub separate from the shower?
image_23_jpg.rf.1ad7314110e7a61336d8305cdcea5775.jpg,jacuzzi bathtub,0.112029418349266,340.669921875,386.42486572265625,637.33935546875,639.6532592773438,variants,Image file: image_23_jpg.rf.1ad7314110e7a61336d8305cdcea5775.jpg. Detected amenity: jacuzzi bathtub. Detection confidence: low (0.11). Source prompt type: variants.,"You are generating hotel amenity questions for guests browsing accommodation photos. Given the detection summary below, generate a hotel amenity related question that a guest may ask or a guest might want to be answeredwhile browsing accommodation images. Keep the question short, factual, and neutral. Detection summary: Image file: image_23_jpg.rf.1ad7314110e7a61336d8305cdcea5775.jpg. Detected amenity: jacuzzi bathtub. Detection confidence: low (0.11). Source prompt type: variants. Question:",What type of amenity is the jacuzzi bathtub?,What is the name of the hotel's jacuzzi bathtub?,Does this room come with a jacuzzi bathtub?,Does the jacuzzi bathtub come with jets or is it a basic soak option?
image_23_jpg.rf.1ad7314110e7a61336d8305cdcea5775.jpg,bathtub,0.1109531074762344,373.89849853515625,440.8020324707031,641.0452270507812,555.1776733398438,variants,Image file: image_23_jpg.rf.1ad7314110e7a61336d8305cdcea5775.jpg. Detected amenity: bathtub. Detection confidence: low (0.11). Source prompt type: variants.,"You are generating hotel amenity questions for guests browsing accommodation photos. Given the detection summary below, generate a hotel amenity related question that a guest may ask or a guest might want to be answeredwhile browsing accommodation images. Keep the question short, factual, and neutral. Detection summary: Image file: image_23_jpg.rf.1ad7314110e7a61336d8305cdcea5775.jpg. Detected amenity: bathtub. Detection confidence: low (0.11). Source prompt type: variants. Question:",What is the name of the hotel amenity?,What is the name of the hotel's bathtub?,Does this room have a bathtub?,Does the bathtub have a shower attachment?
image_23_jpg.rf.1ad7314110e7a61336d8305cdcea5775.jpg,freestanding bathtub,0.1403936743736267,-0.1191866397857666,425.8311462402344,38.44746398925781,583.1309814453125,variants,Image file: image_23_jpg.rf.1ad7314110e7a61336d8305cdcea5775.jpg. Detected amenity: freestanding bathtub. Detection confidence: low (0.14). Source prompt type: variants.,"You are generating hotel amenity questions for guests browsing accommodation photos. Given the detection summary below, generate a hotel amenity related question that a guest may ask or a guest might want to be answeredwhile browsing accommodation images. Keep the question short, factual, and neutral. Detection summary: Image file: image_23_jpg.rf.1ad7314110e7a61336d8305cdcea5775.jpg. Detected amenity: freestanding bathtub. Detection confidence: low (0.14). Source prompt type: variants. Question:",What is the name of the freestanding bathtub in a hotel?,What is the name of the freestanding bathtub?,Does this room have a freestanding bathtub?,Does the freestanding bathtub come with a built-in shower?
image_23_jpg.rf.1ad7314110e7a61336d8305cdcea5775.jpg,freestanding bathtub,0.2973606586456299,0.0598526000976562,423.0523376464844,100.62161254882812,643.937255859375,variants,Image file: image_23_jpg.rf.1ad7314110e7a61336d8305cdcea5775.jpg. Detected amenity: freestanding bathtub. Detection confidence: low (0.30). Source prompt type: variants.,"You are generating hotel amenity questions for guests browsing accommodation photos. Given the detection summary below, generate a hotel amenity related question that a guest may ask or a guest might want to be answeredwhile browsing accommodation images. Keep the question short, factual, and neutral. Detection summary: Image file: image_23_jpg.rf.1ad7314110e7a61336d8305cdcea5775.jpg. Detected amenity: freestanding bathtub. Detection confidence: low (0.30). Source prompt type: variants. Question:",What is the name of the hotel that has a freestanding bathtub?,What is the size of the freestanding bathtub?,Does this room have a freestanding bathtub?,Does the freestanding bathtub come with a showerhead or separate shower facilities?
image_4_jpg.rf.ecbbef2fb09b6446415419966b4bf381.jpg,bathtub,0.4150713086128235,130.62442016601562,413.0632019042969,639.8731689453125,638.8428955078125,variants,Image file: image_4_jpg.rf.ecbbef2fb09b6446415419966b4bf381.jpg. Detected amenity: bathtub. Detection confidence: medium (0.42). Source prompt type: variants.,"You are generating hotel amenity questions for guests browsing accommodation photos. Given the detection summary below, generate a hotel amenity related question that a guest may ask or a guest might want to be answeredwhile browsing accommodation images. Keep the question short, factual, and neutral. Detection summary: Image file: image_4_jpg.rf.ecbbef2fb09b6446415419966b4bf381.jpg. Detected amenity: bathtub. Detection confidence: medium (0.42). Source prompt type: variants. Question:",What is the name of the hotel amenity?,What type of amenity is the bathtub?,Does this room have a bathtub?,Does the hotel room have a separate shower stall?
image_25_jpg.rf.c47bf0dda7e3cf8338bc9f03ebda961a.jpg,bathtub,0.2208611369132995,23.630504608154297,415.18365478515625,176.8988037109375,598.7152099609375,variants,Image file: image_25_jpg.rf.c47bf0dda7e3cf8338bc9f03ebda961a.jpg. Detected amenity: bathtub. Detection confidence: low (0.22). Source prompt type: variants.,"You are generating hotel amenity questions for guests browsing accommodation photos. Given the detection summary below, generate a hotel amenity related question that a guest may ask or a guest might want to be answeredwhile browsing accommodation images. Keep the question short, factual, and neutral. Detection summary: Image file: image_25_jpg.rf.c47bf0dda7e3cf8338bc9f03ebda961a.jpg. Detected amenity: bathtub. Detection confidence: low (0.22). Source prompt type: variants. Question:",What is the name of the hotel amenity?,What is the name of the amenity in this image?,Does the room have a bathtub?,Is there a bathtub in the room?
image_148_jpg.rf.6f89068d69b71a202b1c7037e38d56c4.jpg,bathtub,0.1544704586267471,1.2590312957763672,414.8974914550781,272.685302734375,635.9055786132812,variants,Image file: image_148_jpg.rf.6f89068d69b71a202b1c7037e38d56c4.jpg. Detected amenity: bathtub. Detection confidence: low (0.15). Source prompt type: variants.,"You are generating hotel amenity questions for guests browsing accommodation photos. Given the detection summary below, generate a hotel amenity related question that a guest may ask or a guest might want to be answeredwhile browsing accommodation images. Keep the question short, factual, and neutral. Detection summary: Image file: image_148_jpg.rf.6f89068d69b71a202b1c7037e38d56c4.jpg. Detected amenity: bathtub. Detection confidence: low (0.15). Source prompt type: variants. Question:",What is the name of the hotel amenity?,What is the name of the hotel's bathtub?,Does this room have a bathtub?,Is there a bathtub available in the room?
image_148_jpg.rf.6f89068d69b71a202b1c7037e38d56c4.jpg,bathtub,0.5744785666465759,301.7489013671875,468.1897277832031,586.1679077148438,643.0596923828125,variants,Image file: image_148_jpg.rf.6f89068d69b71a202b1c7037e38d56c4.jpg. Detected amenity: bathtub. Detection confidence: medium (0.57). Source prompt type: variants.,"You are generating hotel amenity questions for guests browsing accommodation photos. Given the detection summary below, generate a hotel amenity related question that a guest may ask or a guest might want to be answeredwhile browsing accommodation images. Keep the question short, factual, and neutral. Detection summary: Image file: image_148_jpg.rf.6f89068d69b71a202b1c7037e38d56c4.jpg. Detected amenity: bathtub. Detection confidence: medium (0.57). Source prompt type: variants. Question:",What is the name of the hotel amenity?,What type of amenity is the bathtub?,Does this room have a bathtub?,Is the bathtub a standalone unit or part of a shower/bathtub combination?
image_208_jpg.rf.3791bee1ae0e79a01fc098efb38020b7.jpg,bathtub,0.1001744046807289,258.64703369140625,213.16275024414065,533.5057983398438,353.4684753417969,variants,Image file: image_208_jpg.rf.3791bee1ae0e79a01fc098efb38020b7.jpg. Detected amenity: bathtub. Detection confidence: low (0.10). Source prompt type: variants.,"You are generating hotel amenity questions for guests browsing accommodation photos. Given the detection summary below, generate a hotel amenity related question that a guest may ask or a guest might want to be answeredwhile browsing accommodation images. Keep the question short, factual, and neutral. Detection summary: Image file: image_208_jpg.rf.3791bee1ae0e79a01fc098efb38020b7.jpg. Detected amenity: bathtub. Detection confidence: low (0.10). Source prompt type: variants. Question:",What is the name of the hotel amenity?,What is the name of the hotel's bathtub?,Does the room have a bathtub?,Does the hotel room have a separate shower stall?
image_63_jpg.rf.66d182a66173cc0c53bdc2391b1b6de3.jpg,bathtub with shower,0.1104327216744422,1.0936355590820312,3.1665611267089844,638.2935180664062,640.0310668945312,variants,Image file: image_63_jpg.rf.66d182a66173cc0c53bdc2391b1b6de3.jpg. Detected amenity: bathtub with shower. Detection confidence: low (0.11). Source prompt type: variants.,"You are generating hotel amenity questions for guests browsing accommodation photos. Given the detection summary below, generate a hotel amenity related question that a guest may ask or a guest might want to be answeredwhile browsing accommodation images. Keep the question short, factual, and neutral. Detection summary: Image file: image_63_jpg.rf.66d182a66173cc0c53bdc2391b1b6de3.jpg. Detected amenity: bathtub with shower. Detection confidence: low (0.11). Source prompt type: variants. Question:",What is the name of the hotel with a bathtub with shower?,What is the name of the bathroom amenity in the image?,Does the room have a separate bathtub and shower or a combined bathtub with shower?,Does the bathtub have a separate shower area or is it a shower-over-bathtub design?
image_63_jpg.rf.66d182a66173cc0c53bdc2391b1b6de3.jpg,bathtub,0.1253698468208313,224.5374755859375,392.8915100097656,433.2558898925781,443.10589599609375,variants,Image file: image_63_jpg.rf.66d182a66173cc0c53bdc2391b1b6de3.jpg. Detected amenity: bathtub. Detection confidence: low (0.13). Source prompt type: variants.,"You are generating hotel amenity questions for guests browsing accommodation photos. Given the detection summary below, generate a hotel amenity related question that a guest may ask or a guest might want to be answeredwhile browsing accommodation images. Keep the question short, factual, and neutral. Detection summary: Image file: image_63_jpg.rf.66d182a66173cc0c53bdc2391b1b6de3.jpg. Detected amenity: bathtub. Detection confidence: low (0.13). Source prompt type: variants. Question:",What is the name of the hotel amenity?,What is the name of the hotel's bathtub?,Does the room have a bathtub?,Is the bathtub separate from the shower?
image_63_jpg.rf.66d182a66173cc0c53bdc2391b1b6de3.jpg,bathtub,0.2560591101646423,217.0844268798828,392.1744995117188,430.677490234375,541.4815673828125,variants,Image file: image_63_jpg.rf.66d182a66173cc0c53bdc2391b1b6de3.jpg. Detected amenity: bathtub. Detection confidence: low (0.26). Source prompt type: variants.,"You are generating hotel amenity questions for guests browsing accommodation photos. Given the detection summary below, generate a hotel amenity related question that a guest may ask or a guest might want to be answeredwhile browsing accommodation images. Keep the question short, factual, and neutral. Detection summary: Image file: image_63_jpg.rf.66d182a66173cc0c53bdc2391b1b6de3.jpg. Detected amenity: bathtub. Detection confidence: low (0.26). Source prompt type: variants. Question:",What is the name of the hotel amenity?,What is the name of the hotel's bathtub?,Does the room have a bathtub?,Is the bathtub separate from the shower?
image_63_jpg.rf.66d182a66173cc0c53bdc2391b1b6de3.jpg,bathtub,0.1266420930624008,-0.8950901031494141,367.3175048828125,245.35137939453125,620.3880615234375,variants,Image file: image_63_jpg.rf.66d182a66173cc0c53bdc2391b1b6de3.jpg. Detected amenity: bathtub. Detection confidence: low (0.13). Source prompt type: variants.,"You are generating hotel amenity questions for guests browsing accommodation photos. Given the detection summary below, generate a hotel amenity related question that a guest may ask or a guest might want to be answeredwhile browsing accommodation images. Keep the question short, factual, and neutral. Detection summary: Image file: image_63_jpg.rf.66d182a66173cc0c53bdc2391b1b6de3.jpg. Detected amenity: bathtub. Detection confidence: low (0.13). Source prompt type: variants. Question:",What is the name of the hotel amenity?,What is the name of the hotel's bathtub?,Does the room have a bathtub?,Is the bathtub separate from the shower?
image_188_jpg.rf.0f1ea3a39f616b197179e61df4506834.jpg,jacuzzi bathtub,0.1960173696279525,344.7557983398437,461.3616943359375,637.9669189453125,641.102783203125,variants,Image file: image_188_jpg.rf.0f1ea3a39f616b197179e61df4506834.jpg. Detected amenity: jacuzzi bathtub. Detection confidence: low (0.20). Source prompt type: variants.,"You are generating hotel amenity questions for guests browsing accommodation photos. Given the detection summary below, generate a hotel amenity related question that a guest may ask or a guest might want to be answeredwhile browsing accommodation images. Keep the question short, factual, and neutral. Detection summary: Image file: image_188_jpg.rf.0f1ea3a39f616b197179e61df4506834.jpg. Detected amenity: jacuzzi bathtub. Detection confidence: low (0.20). Source prompt type: variants. Question:",What type of amenity is the jacuzzi bathtub?,What is the name of the hotel's jacuzzi bathtub?,Does this room come with a jacuzzi bathtub?,Does the jacuzzi bathtub have jets?
image_250_fp_jpg.rf.cbbce50801bd01251dee42b4e4f3de44.jpg,bathtub,0.1049129962921142,8.445549011230469,382.0079040527344,256.4703063964844,641.1734619140625,variants,Image file: image_250_fp_jpg.rf.cbbce50801bd01251dee42b4e4f3de44.jpg. Detected amenity: bathtub. Detection confidence: low (0.10). Source prompt type: variants.,"You are generating hotel amenity questions for guests browsing accommodation photos. Given the detection summary below, generate a hotel amenity related question that a guest may ask or a guest might want to be answeredwhile browsing accommodation images. Keep the question short, factual, and neutral. Detection summary: Image file: image_250_fp_jpg.rf.cbbce50801bd01251dee42b4e4f3de44.jpg. Detected amenity: bathtub. Detection confidence: low (0.10). Source prompt type: variants. Question:",What is the name of the hotel amenity?,What is the name of the hotel's bathtub?,Does the room have a bathtub?,Is there a bathtub available in the room?
image_58_jpg.rf.b624864c1245a4136e105b66de4b7130.jpg,bathtub,0.1898669302463531,2.6763916015625,408.7879028320313,439.3402099609375,639.8065185546875,variants,Image file: image_58_jpg.rf.b624864c1245a4136e105b66de4b7130.jpg. Detected amenity: bathtub. Detection confidence: low (0.19). Source prompt type: variants.,"You are generating hotel amenity questions for guests browsing accommodation photos. Given the detection summary below, generate a hotel amenity related question that a guest may ask or a guest might want to be answeredwhile browsing accommodation images. Keep the question short, factual, and neutral. Detection summary: Image file: image_58_jpg.rf.b624864c1245a4136e105b66de4b7130.jpg. Detected amenity: bathtub. Detection confidence: low (0.19). Source prompt type: variants. Question:",What is the name of the hotel amenity?,What is the name of the hotel's bathtub?,Does the room have a bathtub?,Is there a bathtub in the room?
image_258_fp_jpg.rf.b43655bb43b88e8b8a5993a6699dd8e2.jpg,jacuzzi bathtub,0.101096011698246,270.79156494140625,333.20953369140625,558.3079833984375,588.5083618164062,variants,Image file: image_258_fp_jpg.rf.b43655bb43b88e8b8a5993a6699dd8e2.jpg. Detected amenity: jacuzzi bathtub. Detection confidence: low (0.10). Source prompt type: variants.,"You are generating hotel amenity questions for guests browsing accommodation photos. Given the detection summary below, generate a hotel amenity related question that a guest may ask or a guest might want to be answeredwhile browsing accommodation images. Keep the question short, factual, and neutral. Detection summary: Image file: image_258_fp_jpg.rf.b43655bb43b88e8b8a5993a6699dd8e2.jpg. Detected amenity: jacuzzi bathtub. Detection confidence: low (0.10). Source prompt type: variants. Question:",What type of amenity is the jacuzzi bathtub?,What is the name of the hotel's jacuzzi bathtub?,Does this room come with a jacuzzi bathtub?,Is the jacuzzi bathtub available in all rooms or just the suite?
image_252_fp_jpg.rf.3fdb7d1f4abbc17cebd4c8157e4ef45d.jpg,freestanding bathtub,0.1477139145135879,386.4381713867188,279.2586975097656,622.6109008789062,477.08636474609375,variants,Image file: image_252_fp_jpg.rf.3fdb7d1f4abbc17cebd4c8157e4ef45d.jpg. Detected amenity: freestanding bathtub. Detection confidence: low (0.15). Source prompt type: variants.,"You are generating hotel amenity questions for guests browsing accommodation photos. Given the detection summary below, generate a hotel amenity related question that a guest may ask or a guest might want to be answeredwhile browsing accommodation images. Keep the question short, factual, and neutral. Detection summary: Image file: image_252_fp_jpg.rf.3fdb7d1f4abbc17cebd4c8157e4ef45d.jpg. Detected amenity: freestanding bathtub. Detection confidence: low (0.15). Source prompt type: variants. Question:",What is the name of the hotel that has a freestanding bathtub?,What is the size of the freestanding bathtub?,Does the room have a freestanding bathtub?,Is the freestanding bathtub available in all rooms or only in certain suites?
image_179_jpg.rf.5ea8dea48b4b734654da7c058da1d821.jpg,jacuzzi bathtub,0.1422702521085739,4.403400421142578,2.316322326660156,641.5070190429688,638.5463256835938,variants,Image file: image_179_jpg.rf.5ea8dea48b4b734654da7c058da1d821.jpg. Detected amenity: jacuzzi bathtub. Detection confidence: low (0.14). Source prompt type: variants.,"You are generating hotel amenity questions for guests browsing accommodation photos. Given the detection summary below, generate a hotel amenity related question that a guest may ask or a guest might want to be answeredwhile browsing accommodation images. Keep the question short, factual, and neutral. Detection summary: Image file: image_179_jpg.rf.5ea8dea48b4b734654da7c058da1d821.jpg. Detected amenity: jacuzzi bathtub. Detection confidence: low (0.14). Source prompt type: variants. Question:",What type of amenity is the jacuzzi bathtub?,What is the name of the hotel's jacuzzi bathtub?,Does this room come with a jacuzzi bathtub?,Does the room have a private jacuzzi bathtub?
image_179_jpg.rf.5ea8dea48b4b734654da7c058da1d821.jpg,bathtub,0.6087161898612976,372.23834228515625,405.6790161132813,636.027587890625,641.373779296875,variants,Image file: image_179_jpg.rf.5ea8dea48b4b734654da7c058da1d821.jpg. Detected amenity: bathtub. Detection confidence: high (0.61). Source prompt type: variants.,"You are generating hotel amenity questions for guests browsing accommodation photos. Given the detection summary below, generate a hotel amenity related question that a guest may ask or a guest might want to be answeredwhile browsing accommodation images. Keep the question short, factual, and neutral. Detection summary: Image file: image_179_jpg.rf.5ea8dea48b4b734654da7c058da1d821.jpg. Detected amenity: bathtub. Detection confidence: high (0.61). Source prompt type: variants. Question:",What is the name of the hotel amenity?,What is the name of the hotel's bathtub?,Does this room have a bathtub?,Is the bathtub separate from the shower?
image_179_jpg.rf.5ea8dea48b4b734654da7c058da1d821.jpg,jacuzzi bathtub,0.10257089138031,377.4407653808594,408.3105163574219,628.1450805664062,633.4428100585938,variants,Image file: image_179_jpg.rf.5ea8dea48b4b734654da7c058da1d821.jpg. Detected amenity: jacuzzi bathtub. Detection confidence: low (0.10). Source prompt type: variants.,"You are generating hotel amenity questions for guests browsing accommodation photos. Given the detection summary below, generate a hotel amenity related question that a guest may ask or a guest might want to be answeredwhile browsing accommodation images. Keep the question short, factual, and neutral. Detection summary: Image file: image_179_jpg.rf.5ea8dea48b4b734654da7c058da1d821.jpg. Detected amenity: jacuzzi bathtub. Detection confidence: low (0.10). Source prompt type: variants. Question:",What type of amenity is the jacuzzi bathtub?,What is the name of the hotel's jacuzzi bathtub?,Does this room come with a jacuzzi bathtub?,Is the jacuzzi bathtub available for guest use?
image_247_fp_jpg.rf.ceb10d2334d81c1207e13fa7993489af.jpg,bathtub,0.3530938625335693,333.8995666503906,464.4894409179688,627.4708862304688,632.984619140625,variants,Image file: image_247_fp_jpg.rf.ceb10d2334d81c1207e13fa7993489af.jpg. Detected amenity: bathtub. Detection confidence: medium (0.35). Source prompt type: variants.,"You are generating hotel amenity questions for guests browsing accommodation photos. Given the detection summary below, generate a hotel amenity related question that a guest may ask or a guest might want to be answeredwhile browsing accommodation images. Keep the question short, factual, and neutral. Detection summary: Image file: image_247_fp_jpg.rf.ceb10d2334d81c1207e13fa7993489af.jpg. Detected amenity: bathtub. Detection confidence: medium (0.35). Source prompt type: variants. Question:",What is the name of the hotel amenity?,What type of amenity is the bathtub?,Does this room have a bathtub?,Does the bathtub have a showerhead or is it a standalone tub?
image_8_jpg.rf.0855d48f390ef435524bbc9b7e5f8230.jpg,bathtub,0.1143744438886642,73.64399719238281,519.731201171875,220.564453125,643.7859497070312,variants,Image file: image_8_jpg.rf.0855d48f390ef435524bbc9b7e5f8230.jpg. Detected amenity: bathtub. Detection confidence: low (0.11). Source prompt type: variants.,"You are generating hotel amenity questions for guests browsing accommodation photos. Given the detection summary below, generate a hotel amenity related question that a guest may ask or a guest might want to be answeredwhile browsing accommodation images. Keep the question short, factual, and neutral. Detection summary: Image file: image_8_jpg.rf.0855d48f390ef435524bbc9b7e5f8230.jpg. Detected amenity: bathtub. Detection confidence: low (0.11). Source prompt type: variants. Question:",What is the name of the hotel amenity?,What is the name of the hotel's bathtub?,Does this room have a bathtub?,Does the hotel room have a separate shower area?
image_145_jpg.rf.51c84ef94f4ba3683568b52355376279.jpg,jacuzzi bathtub,0.2162155956029892,52.51014709472656,406.163818359375,635.8529052734375,640.493896484375,variants,Image file: image_145_jpg.rf.51c84ef94f4ba3683568b52355376279.jpg. Detected amenity: jacuzzi bathtub. Detection confidence: low (0.22). Source prompt type: variants.,"You are generating hotel amenity questions for guests browsing accommodation photos. Given the detection summary below, generate a hotel amenity related question that a guest may ask or a guest might want to be answeredwhile browsing accommodation images. Keep the question short, factual, and neutral. Detection summary: Image file: image_145_jpg.rf.51c84ef94f4ba3683568b52355376279.jpg. Detected amenity: jacuzzi bathtub. Detection confidence: low (0.22). Source prompt type: variants. Question:",What type of amenity is the jacuzzi bathtub?,What is the name of the hotel's jacuzzi bathtub?,Does this room come with a jacuzzi bathtub?,Does the jacuzzi bathtub have jets?
image_145_jpg.rf.51c84ef94f4ba3683568b52355376279.jpg,jacuzzi bathtub,0.1074630171060562,58.807735443115234,393.4771423339844,633.761962890625,639.9324340820312,variants,Image file: image_145_jpg.rf.51c84ef94f4ba3683568b52355376279.jpg. Detected amenity: jacuzzi bathtub. Detection confidence: low (0.11). Source prompt type: variants.,"You are generating hotel amenity questions for guests browsing accommodation photos. Given the detection summary below, generate a hotel amenity related question that a guest may ask or a guest might want to be answeredwhile browsing accommodation images. Keep the question short, factual, and neutral. Detection summary: Image file: image_145_jpg.rf.51c84ef94f4ba3683568b52355376279.jpg. Detected amenity: jacuzzi bathtub. Detection confidence: low (0.11). Source prompt type: variants. Question:",What type of amenity is the jacuzzi bathtub?,What is the name of the hotel's jacuzzi bathtub?,Does this room come with a jacuzzi bathtub?,Does the room have a private jacuzzi bathtub?
image_32_jpg.rf.670278de5d5334f48157445ba60c9a79.jpg,jacuzzi bathtub,0.110647901892662,7.900495529174805,429.51904296875,257.3089294433594,639.8265380859375,variants,Image file: image_32_jpg.rf.670278de5d5334f48157445ba60c9a79.jpg. Detected amenity: jacuzzi bathtub. Detection confidence: low (0.11). Source prompt type: variants.,"You are generating hotel amenity questions for guests browsing accommodation photos. Given the detection summary below, generate a hotel amenity related question that a guest may ask or a guest might want to be answeredwhile browsing accommodation images. Keep the question short, factual, and neutral. Detection summary: Image file: image_32_jpg.rf.670278de5d5334f48157445ba60c9a79.jpg. Detected amenity: jacuzzi bathtub. Detection confidence: low (0.11). Source prompt type: variants. Question:",What type of amenity is the jacuzzi bathtub?,What is the name of the hotel's jacuzzi bathtub?,Does this room come with a jacuzzi bathtub?,Is the jacuzzi bathtub available in every room?
image_37_jpg.rf.69d915a10aada1ad649770a43e4bc47e.jpg,bathtub,0.1673530340194702,1.173849105834961,395.8945007324219,272.1260070800781,642.1103515625,variants,Image file: image_37_jpg.rf.69d915a10aada1ad649770a43e4bc47e.jpg. Detected amenity: bathtub. Detection confidence: low (0.17). Source prompt type: variants.,"You are generating hotel amenity questions for guests browsing accommodation photos. Given the detection summary below, generate a hotel amenity related question that a guest may ask or a guest might want to be answeredwhile browsing accommodation images. Keep the question short, factual, and neutral. Detection summary: Image file: image_37_jpg.rf.69d915a10aada1ad649770a43e4bc47e.jpg. Detected amenity: bathtub. Detection confidence: low (0.17). Source prompt type: variants. Question:",What is the name of the hotel amenity?,What is the name of the hotel's bathtub?,Does this room have a bathtub?,Is there a bathtub in the room?
image_176_jpg.rf.4e5544ff928e4465c7c106c7e735d14a.jpg,bathtub with shower,0.1551576256752014,10.701980590820312,0.2833938598632812,646.6474609375,636.8533325195312,variants,Image file: image_176_jpg.rf.4e5544ff928e4465c7c106c7e735d14a.jpg. Detected amenity: bathtub with shower. Detection confidence: low (0.16). Source prompt type: variants.,"You are generating hotel amenity questions for guests browsing accommodation photos. Given the detection summary below, generate a hotel amenity related question that a guest may ask or a guest might want to be answeredwhile browsing accommodation images. Keep the question short, factual, and neutral. Detection summary: Image file: image_176_jpg.rf.4e5544ff928e4465c7c106c7e735d14a.jpg. Detected amenity: bathtub with shower. Detection confidence: low (0.16). Source prompt type: variants. Question:",What is the name of the hotel with a bathtub with shower?,What is the name of the bathroom amenity?,Does the room have a separate bathtub and shower or a combined bathtub with shower?,Is the bathtub separate from the shower area?
image_176_jpg.rf.4e5544ff928e4465c7c106c7e735d14a.jpg,bathtub,0.3671830296516418,39.19902801513672,442.2481689453125,278.3719482421875,635.0390014648438,variants,Image file: image_176_jpg.rf.4e5544ff928e4465c7c106c7e735d14a.jpg. Detected amenity: bathtub. Detection confidence: medium (0.37). Source prompt type: variants.,"You are generating hotel amenity questions for guests browsing accommodation photos. Given the detection summary below, generate a hotel amenity related question that a guest may ask or a guest might want to be answeredwhile browsing accommodation images. Keep the question short, factual, and neutral. Detection summary: Image file: image_176_jpg.rf.4e5544ff928e4465c7c106c7e735d14a.jpg. Detected amenity: bathtub. Detection confidence: medium (0.37). Source prompt type: variants. Question:",What is the name of the hotel amenity?,What type of amenity is the bathtub?,Does this room have a bathtub?,Is the bathtub a standalone unit or part of a combined shower and bathtub?
image_147_jpg.rf.58f6bc3b7b1efbc73ae518b59cf2e1a0.jpg,freestanding bathtub,0.2206608653068542,53.58957290649414,334.9134521484375,252.945541381836,633.26025390625,variants,Image file: image_147_jpg.rf.58f6bc3b7b1efbc73ae518b59cf2e1a0.jpg. Detected amenity: freestanding bathtub. Detection confidence: low (0.22). Source prompt type: variants.,"You are generating hotel amenity questions for guests browsing accommodation photos. Given the detection summary below, generate a hotel amenity related question that a guest may ask or a guest might want to be answeredwhile browsing accommodation images. Keep the question short, factual, and neutral. Detection summary: Image file: image_147_jpg.rf.58f6bc3b7b1efbc73ae518b59cf2e1a0.jpg. Detected amenity: freestanding bathtub. Detection confidence: low (0.22). Source prompt type: variants. Question:",What is the name of the hotel that has a freestanding bathtub?,What is the name of the freestanding bathtub?,Does this room have a freestanding bathtub?,Is the freestanding bathtub available in all rooms?
image_152_jpg.rf.81f0a013b5f36cd1fa248ab52d423688.jpg,bathtub with shower,0.1115947291254997,3.7830734252929688,3.111248016357422,641.4468383789062,640.0145263671875,variants,Image file: image_152_jpg.rf.81f0a013b5f36cd1fa248ab52d423688.jpg. Detected amenity: bathtub with shower. Detection confidence: low (0.11). Source prompt type: variants.,"You are generating hotel amenity questions for guests browsing accommodation photos. Given the detection summary below, generate a hotel amenity related question that a guest may ask or a guest might want to be answeredwhile browsing accommodation images. Keep the question short, factual, and neutral. Detection summary: Image file: image_152_jpg.rf.81f0a013b5f36cd1fa248ab52d423688.jpg. Detected amenity: bathtub with shower. Detection confidence: low (0.11). Source prompt type: variants. Question:",What is the name of the hotel with a bathtub with shower?,What is the name of the bathroom amenity in the image?,Does the room have a separate bathtub and shower or a combined bathtub with shower?,Is the bathtub with shower a standalone unit or part of a larger bathroom setup?
image_152_jpg.rf.81f0a013b5f36cd1fa248ab52d423688.jpg,bathtub,0.3056808114051819,16.2408447265625,476.7624206542969,423.5644836425781,614.3568115234375,variants,Image file: image_152_jpg.rf.81f0a013b5f36cd1fa248ab52d423688.jpg. Detected amenity: bathtub. Detection confidence: medium (0.31). Source prompt type: variants.,"You are generating hotel amenity questions for guests browsing accommodation photos. Given the detection summary below, generate a hotel amenity related question that a guest may ask or a guest might want to be answeredwhile browsing accommodation images. Keep the question short, factual, and neutral. Detection summary: Image file: image_152_jpg.rf.81f0a013b5f36cd1fa248ab52d423688.jpg. Detected amenity: bathtub. Detection confidence: medium (0.31). Source prompt type: variants. Question:",What is the name of the hotel amenity?,What type of amenity is the bathtub?,Does this room have a bathtub?,Is the bathtub separate from the shower?
image_15_jpg.rf.9d508e553ad7d80180ab6aa5dfb5afa4.jpg,bathtub,0.244586706161499,332.07147216796875,458.337646484375,633.5782470703125,636.6505126953125,variants,Image file: image_15_jpg.rf.9d508e553ad7d80180ab6aa5dfb5afa4.jpg. Detected amenity: bathtub. Detection confidence: low (0.24). Source prompt type: variants.,"You are generating hotel amenity questions for guests browsing accommodation photos. Given the detection summary below, generate a hotel amenity related question that a guest may ask or a guest might want to be answeredwhile browsing accommodation images. Keep the question short, factual, and neutral. Detection summary: Image file: image_15_jpg.rf.9d508e553ad7d80180ab6aa5dfb5afa4.jpg. Detected amenity: bathtub. Detection confidence: low (0.24). Source prompt type: variants. Question:",What is the name of the hotel amenity?,What is the name of the hotel's bathtub?,Does this room have a bathtub?,Is the bathtub separate from the shower?
image_54_jpg.rf.67c772c28a65186ffcdb4e1e6f636246.jpg,bathtub,0.4194038212299347,428.6116333007813,467.0292663574219,643.3118286132812,641.4224243164062,variants,Image file: image_54_jpg.rf.67c772c28a65186ffcdb4e1e6f636246.jpg. Detected amenity: bathtub. Detection confidence: medium (0.42). Source prompt type: variants.,"You are generating hotel amenity questions for guests browsing accommodation photos. Given the detection summary below, generate a hotel amenity related question that a guest may ask or a guest might want to be answeredwhile browsing accommodation images. Keep the question short, factual, and neutral. Detection summary: Image file: image_54_jpg.rf.67c772c28a65186ffcdb4e1e6f636246.jpg. Detected amenity: bathtub. Detection confidence: medium (0.42). Source prompt type: variants. Question:",What is the name of the hotel amenity?,What type of amenity is the bathtub?,Does this room have a bathtub?,Is the bathtub separate from the shower?
image_54_jpg.rf.67c772c28a65186ffcdb4e1e6f636246.jpg,freestanding bathtub,0.1312548518180847,289.3621826171875,418.7036437988281,513.5352783203125,641.5792846679688,variants,Image file: image_54_jpg.rf.67c772c28a65186ffcdb4e1e6f636246.jpg. Detected amenity: freestanding bathtub. Detection confidence: low (0.13). Source prompt type: variants.,"You are generating hotel amenity questions for guests browsing accommodation photos. Given the detection summary below, generate a hotel amenity related question that a guest may ask or a guest might want to be answeredwhile browsing accommodation images. Keep the question short, factual, and neutral. Detection summary: Image file: image_54_jpg.rf.67c772c28a65186ffcdb4e1e6f636246.jpg. Detected amenity: freestanding bathtub. Detection confidence: low (0.13). Source prompt type: variants. Question:",What is the name of the hotel that has a freestanding bathtub?,What is the name of the freestanding bathtub?,Does this room have a freestanding bathtub?,Does the freestanding bathtub come with a shower attachment?
image_248_fp_jpg.rf.3161c23632f089e5a446917a9a83fd2f.jpg,bathtub,0.1219332516193389,429.5369873046875,401.58544921875,629.4641723632812,639.42138671875,variants,Image file: image_248_fp_jpg.rf.3161c23632f089e5a446917a9a83fd2f.jpg. Detected amenity: bathtub. Detection confidence: low (0.12). Source prompt type: variants.,"You are generating hotel amenity questions for guests browsing accommodation photos. Given the detection summary below, generate a hotel amenity related question that a guest may ask or a guest might want to be answeredwhile browsing accommodation images. Keep the question short, factual, and neutral. Detection summary: Image file: image_248_fp_jpg.rf.3161c23632f089e5a446917a9a83fd2f.jpg. Detected amenity: bathtub. Detection confidence: low (0.12). Source prompt type: variants. Question:",What is the name of the hotel amenity?,What is the name of the amenity in this image?,Does the room have a bathtub?,Is the bathtub separate from the shower?
image_248_fp_jpg.rf.3161c23632f089e5a446917a9a83fd2f.jpg,bathtub,0.1841237843036651,3.307332992553711,452.1213989257813,229.71652221679688,638.5547485351562,variants,Image file: image_248_fp_jpg.rf.3161c23632f089e5a446917a9a83fd2f.jpg. Detected amenity: bathtub. Detection confidence: low (0.18). Source prompt type: variants.,"You are generating hotel amenity questions for guests browsing accommodation photos. Given the detection summary below, generate a hotel amenity related question that a guest may ask or a guest might want to be answeredwhile browsing accommodation images. Keep the question short, factual, and neutral. Detection summary: Image file: image_248_fp_jpg.rf.3161c23632f089e5a446917a9a83fd2f.jpg. Detected amenity: bathtub. Detection confidence: low (0.18). Source prompt type: variants. Question:",What is the name of the hotel amenity?,What is the name of the hotel's bathtub?,Does this room have a bathtub?,Does the hotel room have a separate shower?
image_245_fp_jpg.rf.07ad91f39794b6360476082deb379730.jpg,bathtub with shower,0.1103897392749786,-0.2219963073730468,2.017650604248047,637.3370971679688,639.92919921875,variants,Image file: image_245_fp_jpg.rf.07ad91f39794b6360476082deb379730.jpg. Detected amenity: bathtub with shower. Detection confidence: low (0.11). Source prompt type: variants.,"You are generating hotel amenity questions for guests browsing accommodation photos. Given the detection summary below, generate a hotel amenity related question that a guest may ask or a guest might want to be answeredwhile browsing accommodation images. Keep the question short, factual, and neutral. Detection summary: Image file: image_245_fp_jpg.rf.07ad91f39794b6360476082deb379730.jpg. Detected amenity: bathtub with shower. Detection confidence: low (0.11). Source prompt type: variants. Question:",What is the name of the hotel with a bathtub with shower?,What is the name of the bathroom with a shower?,Does the room have a separate bathtub and shower or a combined bathtub with shower?,Is the bathtub with shower separate from the rest of the bathroom or is it an enclosed unit?
image_245_fp_jpg.rf.07ad91f39794b6360476082deb379730.jpg,bathtub,0.1919680088758468,372.6417541503906,473.0281982421875,610.8338012695312,634.5150146484375,variants,Image file: image_245_fp_jpg.rf.07ad91f39794b6360476082deb379730.jpg. Detected amenity: bathtub. Detection confidence: low (0.19). Source prompt type: variants.,"You are generating hotel amenity questions for guests browsing accommodation photos. Given the detection summary below, generate a hotel amenity related question that a guest may ask or a guest might want to be answeredwhile browsing accommodation images. Keep the question short, factual, and neutral. Detection summary: Image file: image_245_fp_jpg.rf.07ad91f39794b6360476082deb379730.jpg. Detected amenity: bathtub. Detection confidence: low (0.19). Source prompt type: variants. Question:",What is the name of the hotel amenity?,What is the name of the hotel's bathtub?,Does this room have a bathtub?,Does the room have a separate shower area?
image_16_jpg.rf.ed142ec0f8ab318a2fac25646da5eea8.jpg,bathtub,0.393065333366394,3.551025390625,449.32916259765625,257.7884826660156,634.7134399414062,variants,Image file: image_16_jpg.rf.ed142ec0f8ab318a2fac25646da5eea8.jpg. Detected amenity: bathtub. Detection confidence: medium (0.39). Source prompt type: variants.,"You are generating hotel amenity questions for guests browsing accommodation photos. Given the detection summary below, generate a hotel amenity related question that a guest may ask or a guest might want to be answeredwhile browsing accommodation images. Keep the question short, factual, and neutral. Detection summary: Image file: image_16_jpg.rf.ed142ec0f8ab318a2fac25646da5eea8.jpg. Detected amenity: bathtub. Detection confidence: medium (0.39). Source prompt type: variants. Question:",What is the name of the hotel amenity?,What is the name of the hotel's bathtub?,Does this room have a bathtub?,Is there a bathtub in the room?
image_180_jpg.rf.4c2a5310cf05d7d1dcce1bb9b78e76cb.jpg,bathtub,0.2973691523075104,8.833274841308594,419.0729370117188,350.3799743652344,635.4847412109375,variants,Image file: image_180_jpg.rf.4c2a5310cf05d7d1dcce1bb9b78e76cb.jpg. Detected amenity: bathtub. Detection confidence: low (0.30). Source prompt type: variants.,"You are generating hotel amenity questions for guests browsing accommodation photos. Given the detection summary below, generate a hotel amenity related question that a guest may ask or a guest might want to be answeredwhile browsing accommodation images. Keep the question short, factual, and neutral. Detection summary: Image file: image_180_jpg.rf.4c2a5310cf05d7d1dcce1bb9b78e76cb.jpg. Detected amenity: bathtub. Detection confidence: low (0.30). Source prompt type: variants. Question:",What is the name of the hotel amenity?,What is the name of the hotel's bathtub?,Does this room have a bathtub?,Is there a bathtub in the room?
image_121_jpg.rf.3c0b9029bd91f3caef6019aa22b2d657.jpg,bathtub,0.3009748458862304,319.5968933105469,430.8724365234375,639.8402709960938,639.2100830078125,variants,Image file: image_121_jpg.rf.3c0b9029bd91f3caef6019aa22b2d657.jpg. Detected amenity: bathtub. Detection confidence: medium (0.30). Source prompt type: variants.,"You are generating hotel amenity questions for guests browsing accommodation photos. Given the detection summary below, generate a hotel amenity related question that a guest may ask or a guest might want to be answeredwhile browsing accommodation images. Keep the question short, factual, and neutral. Detection summary: Image file: image_121_jpg.rf.3c0b9029bd91f3caef6019aa22b2d657.jpg. Detected amenity: bathtub. Detection confidence: medium (0.30). Source prompt type: variants. Question:",What is the name of the hotel amenity?,What is the name of the hotel's bathtub?,Does the room have a bathtub?,Does the bathtub have a shower attachment?
image_156_jpg.rf.ef2baf203261266d285137aa2a7e1132.jpg,jacuzzi bathtub,0.1369831413030624,310.5700378417969,386.2730407714844,643.7734985351562,637.873046875,variants,Image file: image_156_jpg.rf.ef2baf203261266d285137aa2a7e1132.jpg. Detected amenity: jacuzzi bathtub. Detection confidence: low (0.14). Source prompt type: variants.,"You are generating hotel amenity questions for guests browsing accommodation photos. Given the detection summary below, generate a hotel amenity related question that a guest may ask or a guest might want to be answeredwhile browsing accommodation images. Keep the question short, factual, and neutral. Detection summary: Image file: image_156_jpg.rf.ef2baf203261266d285137aa2a7e1132.jpg. Detected amenity: jacuzzi bathtub. Detection confidence: low (0.14). Source prompt type: variants. Question:",What type of amenity is the jacuzzi bathtub?,What is the name of the hotel's jacuzzi bathtub?,Does the room come with a jacuzzi bathtub?,Does the hotel room have a hot tub or jacuzzi?
image_156_jpg.rf.ef2baf203261266d285137aa2a7e1132.jpg,bathtub,0.6041988730430603,0.6203842163085938,435.1917114257813,339.4810791015625,641.7937622070312,variants,Image file: image_156_jpg.rf.ef2baf203261266d285137aa2a7e1132.jpg. Detected amenity: bathtub. Detection confidence: high (0.60). Source prompt type: variants.,"You are generating hotel amenity questions for guests browsing accommodation photos. Given the detection summary below, generate a hotel amenity related question that a guest may ask or a guest might want to be answeredwhile browsing accommodation images. Keep the question short, factual, and neutral. Detection summary: Image file: image_156_jpg.rf.ef2baf203261266d285137aa2a7e1132.jpg. Detected amenity: bathtub. Detection confidence: high (0.60). Source prompt type: variants. Question:",What is the name of the hotel amenity?,What is the name of the hotel's bathtub?,Does the room have a bathtub?,Is the bathtub separate from the shower?
image_156_jpg.rf.ef2baf203261266d285137aa2a7e1132.jpg,bathtub,0.1086000204086303,-0.1183509826660156,452.1584777832031,321.8449401855469,638.7846069335938,variants,Image file: image_156_jpg.rf.ef2baf203261266d285137aa2a7e1132.jpg. Detected amenity: bathtub. Detection confidence: low (0.11). Source prompt type: variants.,"You are generating hotel amenity questions for guests browsing accommodation photos. Given the detection summary below, generate a hotel amenity related question that a guest may ask or a guest might want to be answeredwhile browsing accommodation images. Keep the question short, factual, and neutral. Detection summary: Image file: image_156_jpg.rf.ef2baf203261266d285137aa2a7e1132.jpg. Detected amenity: bathtub. Detection confidence: low (0.11). Source prompt type: variants. Question:",What is the name of the hotel amenity?,What is the name of the hotel's bathtub?,Does this room have a bathtub?,Is there a bathtub in the room?
image_174_jpg.rf.0a0569f3e86915e981d4ecfceed2a33e.jpg,bathtub,0.1030292138457298,176.4901123046875,469.531005859375,522.918212890625,535.340087890625,variants,Image file: image_174_jpg.rf.0a0569f3e86915e981d4ecfceed2a33e.jpg. Detected amenity: bathtub. Detection confidence: low (0.10). Source prompt type: variants.,"You are generating hotel amenity questions for guests browsing accommodation photos. Given the detection summary below, generate a hotel amenity related question that a guest may ask or a guest might want to be answeredwhile browsing accommodation images. Keep the question short, factual, and neutral. Detection summary: Image file: image_174_jpg.rf.0a0569f3e86915e981d4ecfceed2a33e.jpg. Detected amenity: bathtub. Detection confidence: low (0.10). Source prompt type: variants. Question:",What is the name of the hotel amenity?,What is the name of the hotel's bathtub?,Does this room have a bathtub?,Is the bathtub separate from the shower?
image_174_jpg.rf.0a0569f3e86915e981d4ecfceed2a33e.jpg,bathtub,0.2356922626495361,161.96539306640625,466.3670043945313,520.89404296875,640.2971801757812,variants,Image file: image_174_jpg.rf.0a0569f3e86915e981d4ecfceed2a33e.jpg. Detected amenity: bathtub. Detection confidence: low (0.24). Source prompt type: variants.,"You are generating hotel amenity questions for guests browsing accommodation photos. Given the detection summary below, generate a hotel amenity related question that a guest may ask or a guest might want to be answeredwhile browsing accommodation images. Keep the question short, factual, and neutral. Detection summary: Image file: image_174_jpg.rf.0a0569f3e86915e981d4ecfceed2a33e.jpg. Detected amenity: bathtub. Detection confidence: low (0.24). Source prompt type: variants. Question:",What is the name of the hotel amenity?,What is the name of the hotel's bathtub?,Does this room have a bathtub?,Does the bathtub have a shower attachment?
image_104_jpg.rf.76463ed37df28a5bff4a1390233fe8ad.jpg,bathtub with shower,0.1424797624349594,-3.048057556152344,10.75948715209961,628.9551391601562,644.0368041992188,variants,Image file: image_104_jpg.rf.76463ed37df28a5bff4a1390233fe8ad.jpg. Detected amenity: bathtub with shower. Detection confidence: low (0.14). Source prompt type: variants.,"You are generating hotel amenity questions for guests browsing accommodation photos. Given the detection summary below, generate a hotel amenity related question that a guest may ask or a guest might want to be answeredwhile browsing accommodation images. Keep the question short, factual, and neutral. Detection summary: Image file: image_104_jpg.rf.76463ed37df28a5bff4a1390233fe8ad.jpg. Detected amenity: bathtub with shower. Detection confidence: low (0.14). Source prompt type: variants. Question:",What is the name of the hotel with a bathtub with shower?,What is the name of the bathroom amenity?,Does the room have a separate bathtub and shower or a combination of both?,Does the bathtub have a separate shower area?
image_104_jpg.rf.76463ed37df28a5bff4a1390233fe8ad.jpg,freestanding bathtub,0.1030393242835998,37.3234977722168,345.378173828125,125.56504821777344,398.8406372070313,variants,Image file: image_104_jpg.rf.76463ed37df28a5bff4a1390233fe8ad.jpg. Detected amenity: freestanding bathtub. Detection confidence: low (0.10). Source prompt type: variants.,"You are generating hotel amenity questions for guests browsing accommodation photos. Given the detection summary below, generate a hotel amenity related question that a guest may ask or a guest might want to be answeredwhile browsing accommodation images. Keep the question short, factual, and neutral. Detection summary: Image file: image_104_jpg.rf.76463ed37df28a5bff4a1390233fe8ad.jpg. Detected amenity: freestanding bathtub. Detection confidence: low (0.10). Source prompt type: variants. Question:",What is the name of the hotel that has a freestanding bathtub?,What is the name of the freestanding bathtub?,Does the room have a freestanding bathtub?,Does the freestanding bathtub have a built-in shower?
image_104_jpg.rf.76463ed37df28a5bff4a1390233fe8ad.jpg,jacuzzi bathtub,0.1224613413214683,5.42022705078125,373.7962036132813,382.7488708496094,637.78173828125,variants,Image file: image_104_jpg.rf.76463ed37df28a5bff4a1390233fe8ad.jpg. Detected amenity: jacuzzi bathtub. Detection confidence: low (0.12). Source prompt type: variants.,"You are generating hotel amenity questions for guests browsing accommodation photos. Given the detection summary below, generate a hotel amenity related question that a guest may ask or a guest might want to be answeredwhile browsing accommodation images. Keep the question short, factual, and neutral. Detection summary: Image file: image_104_jpg.rf.76463ed37df28a5bff4a1390233fe8ad.jpg. Detected amenity: jacuzzi bathtub. Detection confidence: low (0.12). Source prompt type: variants. Question:",What type of amenity is the jacuzzi bathtub?,What is the name of the hotel's jacuzzi bathtub?,Does this room come with a jacuzzi bathtub?,Does the jacuzzi bathtub have temperature control?
image_104_jpg.rf.76463ed37df28a5bff4a1390233fe8ad.jpg,jacuzzi bathtub,0.1540276855230331,323.8878173828125,486.0092468261719,610.2296142578125,640.4769897460938,variants,Image file: image_104_jpg.rf.76463ed37df28a5bff4a1390233fe8ad.jpg. Detected amenity: jacuzzi bathtub. Detection confidence: low (0.15). Source prompt type: variants.,"You are generating hotel amenity questions for guests browsing accommodation photos. Given the detection summary below, generate a hotel amenity related question that a guest may ask or a guest might want to be answeredwhile browsing accommodation images. Keep the question short, factual, and neutral. Detection summary: Image file: image_104_jpg.rf.76463ed37df28a5bff4a1390233fe8ad.jpg. Detected amenity: jacuzzi bathtub. Detection confidence: low (0.15). Source prompt type: variants. Question:",What type of hotel amenity is the jacuzzi bathtub?,What is the name of the hotel's jacuzzi bathtub?,Does this room come with a jacuzzi bathtub?,Is the jacuzzi bathtub in the room or located in a separate area?
image_104_jpg.rf.76463ed37df28a5bff4a1390233fe8ad.jpg,bathtub,0.5109627842903137,322.01513671875,482.6229553222656,606.19921875,639.5759887695312,variants,Image file: image_104_jpg.rf.76463ed37df28a5bff4a1390233fe8ad.jpg. Detected amenity: bathtub. Detection confidence: medium (0.51). Source prompt type: variants.,"You are generating hotel amenity questions for guests browsing accommodation photos. Given the detection summary below, generate a hotel amenity related question that a guest may ask or a guest might want to be answeredwhile browsing accommodation images. Keep the question short, factual, and neutral. Detection summary: Image file: image_104_jpg.rf.76463ed37df28a5bff4a1390233fe8ad.jpg. Detected amenity: bathtub. Detection confidence: medium (0.51). Source prompt type: variants. Question:",What is the name of the hotel amenity?,What type of amenity is the bathtub?,Does this room have a bathtub?,Is the bathtub in the room or a shared bathroom facility?
image_214_jpg.rf.8df04a6e1f62b15584638a9b97bef080.jpg,bathtub with shower,0.1561137735843658,-0.699462890625,1.491851806640625,636.1920776367188,639.2186279296875,variants,Image file: image_214_jpg.rf.8df04a6e1f62b15584638a9b97bef080.jpg. Detected amenity: bathtub with shower. Detection confidence: low (0.16). Source prompt type: variants.,"You are generating hotel amenity questions for guests browsing accommodation photos. Given the detection summary below, generate a hotel amenity related question that a guest may ask or a guest might want to be answeredwhile browsing accommodation images. Keep the question short, factual, and neutral. Detection summary: Image file: image_214_jpg.rf.8df04a6e1f62b15584638a9b97bef080.jpg. Detected amenity: bathtub with shower. Detection confidence: low (0.16). Source prompt type: variants. Question:",What is the name of the hotel with a bathtub with shower?,What is the name of the bathroom amenity?,Does the room have a separate bathtub and shower or a combined bathtub with shower?,Is the bathtub a separate unit from the shower?
image_214_jpg.rf.8df04a6e1f62b15584638a9b97bef080.jpg,bathtub,0.597513735294342,2.547168731689453,446.67486572265625,470.6015625,643.1522216796875,variants,Image file: image_214_jpg.rf.8df04a6e1f62b15584638a9b97bef080.jpg. Detected amenity: bathtub. Detection confidence: medium (0.60). Source prompt type: variants.,"You are generating hotel amenity questions for guests browsing accommodation photos. Given the detection summary below, generate a hotel amenity related question that a guest may ask or a guest might want to be answeredwhile browsing accommodation images. Keep the question short, factual, and neutral. Detection summary: Image file: image_214_jpg.rf.8df04a6e1f62b15584638a9b97bef080.jpg. Detected amenity: bathtub. Detection confidence: medium (0.60). Source prompt type: variants. Question:",What is the name of the hotel amenity?,What is the name of the hotel's bathtub?,Does the room have a bathtub?,Does the room have a separate shower stall?
image_6_jpg.rf.aa9530f81086e4ce1f1f5eb71e2238d9.jpg,jacuzzi bathtub,0.1088608056306839,-4.3399810791015625,446.2594604492188,327.03436279296875,642.2179565429688,variants,Image file: image_6_jpg.rf.aa9530f81086e4ce1f1f5eb71e2238d9.jpg. Detected amenity: jacuzzi bathtub. Detection confidence: low (0.11). Source prompt type: variants.,"You are generating hotel amenity questions for guests browsing accommodation photos. Given the detection summary below, generate a hotel amenity related question that a guest may ask or a guest might want to be answeredwhile browsing accommodation images. Keep the question short, factual, and neutral. Detection summary: Image file: image_6_jpg.rf.aa9530f81086e4ce1f1f5eb71e2238d9.jpg. Detected amenity: jacuzzi bathtub. Detection confidence: low (0.11). Source prompt type: variants. Question:",What type of amenity is the jacuzzi bathtub?,What is the name of the hotel's jacuzzi bathtub?,Does this room come with a jacuzzi bathtub?,Does the jacuzzi bathtub have temperature control?
image_6_jpg.rf.aa9530f81086e4ce1f1f5eb71e2238d9.jpg,jacuzzi bathtub,0.1384151428937912,-0.352783203125,433.40576171875,369.828125,640.260009765625,variants,Image file: image_6_jpg.rf.aa9530f81086e4ce1f1f5eb71e2238d9.jpg. Detected amenity: jacuzzi bathtub. Detection confidence: low (0.14). Source prompt type: variants.,"You are generating hotel amenity questions for guests browsing accommodation photos. Given the detection summary below, generate a hotel amenity related question that a guest may ask or a guest might want to be answeredwhile browsing accommodation images. Keep the question short, factual, and neutral. Detection summary: Image file: image_6_jpg.rf.aa9530f81086e4ce1f1f5eb71e2238d9.jpg. Detected amenity: jacuzzi bathtub. Detection confidence: low (0.14). Source prompt type: variants. Question:",What is the name of the hotel that has a jacuzzi?,What is the name of the hotel's jacuzzi bathtub?,Does this room come with a jacuzzi bathtub?,Does the jacuzzi bathtub have temperature control?
image_6_jpg.rf.aa9530f81086e4ce1f1f5eb71e2238d9.jpg,bathtub,0.1490300744771957,-2.374820709228516,445.410400390625,328.899169921875,642.2615966796875,variants,Image file: image_6_jpg.rf.aa9530f81086e4ce1f1f5eb71e2238d9.jpg. Detected amenity: bathtub. Detection confidence: low (0.15). Source prompt type: variants.,"You are generating hotel amenity questions for guests browsing accommodation photos. Given the detection summary below, generate a hotel amenity related question that a guest may ask or a guest might want to be answeredwhile browsing accommodation images. Keep the question short, factual, and neutral. Detection summary: Image file: image_6_jpg.rf.aa9530f81086e4ce1f1f5eb71e2238d9.jpg. Detected amenity: bathtub. Detection confidence: low (0.15). Source prompt type: variants. Question:",What is the name of the hotel amenity?,What is the name of the hotel's bathtub?,Does this room have a bathtub?,Is the bathtub a standalone unit or part of a shower/bathtub combination?
image_96_jpg.rf.296fc863c11be6436a2a5ed05ee47202.jpg,bathtub,0.3448841869831085,222.26071166992188,350.4262084960937,634.7577514648438,635.104736328125,variants,Image file: image_96_jpg.rf.296fc863c11be6436a2a5ed05ee47202.jpg. Detected amenity: bathtub. Detection confidence: medium (0.34). Source prompt type: variants.,"You are generating hotel amenity questions for guests browsing accommodation photos. Given the detection summary below, generate a hotel amenity related question that a guest may ask or a guest might want to be answeredwhile browsing accommodation images. Keep the question short, factual, and neutral. Detection summary: Image file: image_96_jpg.rf.296fc863c11be6436a2a5ed05ee47202.jpg. Detected amenity: bathtub. Detection confidence: medium (0.34). Source prompt type: variants. Question:",What is the name of the hotel amenity?,What type of amenity is the bathtub?,Does the room have a bathtub?,Does the bathtub have a shower or is it a standalone tub?
image_96_jpg.rf.296fc863c11be6436a2a5ed05ee47202.jpg,freestanding bathtub,0.1007230132818222,-0.4852008819580078,402.01318359375,90.91032409667967,637.4292602539062,variants,Image file: image_96_jpg.rf.296fc863c11be6436a2a5ed05ee47202.jpg. Detected amenity: freestanding bathtub. Detection confidence: low (0.10). Source prompt type: variants.,"You are generating hotel amenity questions for guests browsing accommodation photos. Given the detection summary below, generate a hotel amenity related question that a guest may ask or a guest might want to be answeredwhile browsing accommodation images. Keep the question short, factual, and neutral. Detection summary: Image file: image_96_jpg.rf.296fc863c11be6436a2a5ed05ee47202.jpg. Detected amenity: freestanding bathtub. Detection confidence: low (0.10). Source prompt type: variants. Question:",What is the name of the hotel that has a freestanding bathtub?,What is the name of the freestanding bathtub?,Does this room have a freestanding bathtub?,Does the freestanding bathtub have a built-in shower?
image_142_jpg.rf.4813469f69c83290418c52ca9ba07cc9.jpg,bathtub with shower,0.2213156819343567,4.930438995361328,2.944316864013672,641.642578125,640.08154296875,variants,Image file: image_142_jpg.rf.4813469f69c83290418c52ca9ba07cc9.jpg. Detected amenity: bathtub with shower. Detection confidence: low (0.22). Source prompt type: variants.,"You are generating hotel amenity questions for guests browsing accommodation photos. Given the detection summary below, generate a hotel amenity related question that a guest may ask or a guest might want to be answeredwhile browsing accommodation images. Keep the question short, factual, and neutral. Detection summary: Image file: image_142_jpg.rf.4813469f69c83290418c52ca9ba07cc9.jpg. Detected amenity: bathtub with shower. Detection confidence: low (0.22). Source prompt type: variants. Question:",What is the name of the hotel with a bathtub with shower?,What is the size of the bathroom?,Does the room have a separate bathtub and shower or a combined unit?,Is the bathtub separate from the shower?
image_142_jpg.rf.4813469f69c83290418c52ca9ba07cc9.jpg,bathtub with shower,0.110480785369873,74.64860534667969,20.704784393310547,349.37109375,630.2853393554688,variants,Image file: image_142_jpg.rf.4813469f69c83290418c52ca9ba07cc9.jpg. Detected amenity: bathtub with shower. Detection confidence: low (0.11). Source prompt type: variants.,"You are generating hotel amenity questions for guests browsing accommodation photos. Given the detection summary below, generate a hotel amenity related question that a guest may ask or a guest might want to be answeredwhile browsing accommodation images. Keep the question short, factual, and neutral. Detection summary: Image file: image_142_jpg.rf.4813469f69c83290418c52ca9ba07cc9.jpg. Detected amenity: bathtub with shower. Detection confidence: low (0.11). Source prompt type: variants. Question:",What is the name of the hotel with a bathtub with shower?,What is the size of the bathroom?,"Does the room have a separate bathtub and shower, or is it a combined unit?",Is the bathtub separate from the shower?
image_142_jpg.rf.4813469f69c83290418c52ca9ba07cc9.jpg,bathtub with shower,0.1504404544830322,84.83802032470703,26.110916137695312,352.5386047363281,594.5404663085938,variants,Image file: image_142_jpg.rf.4813469f69c83290418c52ca9ba07cc9.jpg. Detected amenity: bathtub with shower. Detection confidence: low (0.15). Source prompt type: variants.,"You are generating hotel amenity questions for guests browsing accommodation photos. Given the detection summary below, generate a hotel amenity related question that a guest may ask or a guest might want to be answeredwhile browsing accommodation images. Keep the question short, factual, and neutral. Detection summary: Image file: image_142_jpg.rf.4813469f69c83290418c52ca9ba07cc9.jpg. Detected amenity: bathtub with shower. Detection confidence: low (0.15). Source prompt type: variants. Question:",What is the name of the hotel that has a bathtub with shower?,What is the size of the bathroom?,Does the room have a separate bathtub and shower or a combined bathtub with shower?,Does the bathtub have a separate shower enclosure?
image_142_jpg.rf.4813469f69c83290418c52ca9ba07cc9.jpg,bathtub,0.520392656326294,132.62545776367188,397.1351318359375,344.0975341796875,515.8936157226562,variants,Image file: image_142_jpg.rf.4813469f69c83290418c52ca9ba07cc9.jpg. Detected amenity: bathtub. Detection confidence: medium (0.52). Source prompt type: variants.,"You are generating hotel amenity questions for guests browsing accommodation photos. Given the detection summary below, generate a hotel amenity related question that a guest may ask or a guest might want to be answeredwhile browsing accommodation images. Keep the question short, factual, and neutral. Detection summary: Image file: image_142_jpg.rf.4813469f69c83290418c52ca9ba07cc9.jpg. Detected amenity: bathtub. Detection confidence: medium (0.52). Source prompt type: variants. Question:",What is the name of the hotel amenity?,What type of amenity is the bathtub?,Does the room have a separate bathtub?,Does the hotel room have a separate shower area?
image_142_jpg.rf.4813469f69c83290418c52ca9ba07cc9.jpg,bathtub,0.3874989748001098,89.41132354736328,409.2557373046875,334.4689636230469,638.2711181640625,variants,Image file: image_142_jpg.rf.4813469f69c83290418c52ca9ba07cc9.jpg. Detected amenity: bathtub. Detection confidence: medium (0.39). Source prompt type: variants.,"You are generating hotel amenity questions for guests browsing accommodation photos. Given the detection summary below, generate a hotel amenity related question that a guest may ask or a guest might want to be answeredwhile browsing accommodation images. Keep the question short, factual, and neutral. Detection summary: Image file: image_142_jpg.rf.4813469f69c83290418c52ca9ba07cc9.jpg. Detected amenity: bathtub. Detection confidence: medium (0.39). Source prompt type: variants. Question:",What is the name of the hotel amenity?,What is the name of the hotel's bathtub?,Does this room have a bathtub?,Is the bathtub in the room or a shared bathroom?
image_142_jpg.rf.4813469f69c83290418c52ca9ba07cc9.jpg,freestanding bathtub,0.1235100105404853,274.4390563964844,488.39794921875,359.7607421875,637.5330200195312,variants,Image file: image_142_jpg.rf.4813469f69c83290418c52ca9ba07cc9.jpg. Detected amenity: freestanding bathtub. Detection confidence: low (0.12). Source prompt type: variants.,"You are generating hotel amenity questions for guests browsing accommodation photos. Given the detection summary below, generate a hotel amenity related question that a guest may ask or a guest might want to be answeredwhile browsing accommodation images. Keep the question short, factual, and neutral. Detection summary: Image file: image_142_jpg.rf.4813469f69c83290418c52ca9ba07cc9.jpg. Detected amenity: freestanding bathtub. Detection confidence: low (0.12). Source prompt type: variants. Question:",What is the name of the hotel that has a freestanding bathtub?,What is the name of the freestanding bathtub?,Does this room have a freestanding bathtub?,Does the freestanding bathtub have a showerhead or handheld shower attachment?
image_59_jpg.rf.d1778d80b8f3106d3bcc68ce5cae9078.jpg,bathtub,0.2325869649648666,101.75071716308594,476.8354797363281,442.0409851074219,638.667724609375,variants,Image file: image_59_jpg.rf.d1778d80b8f3106d3bcc68ce5cae9078.jpg. Detected amenity: bathtub. Detection confidence: low (0.23). Source prompt type: variants.,"You are generating hotel amenity questions for guests browsing accommodation photos. Given the detection summary below, generate a hotel amenity related question that a guest may ask or a guest might want to be answeredwhile browsing accommodation images. Keep the question short, factual, and neutral. Detection summary: Image file: image_59_jpg.rf.d1778d80b8f3106d3bcc68ce5cae9078.jpg. Detected amenity: bathtub. Detection confidence: low (0.23). Source prompt type: variants. Question:",What is the name of the hotel amenity?,What is the name of the hotel's bathtub?,Does the room have a bathtub?,Is there a bathtub in the room?
image_216_jpg.rf.eff5a5bd7fdb3cf9c55960360c0d920f.jpg,bathtub,0.1223348602652549,9.964675903320312,443.9268798828125,417.439453125,640.8228759765625,variants,Image file: image_216_jpg.rf.eff5a5bd7fdb3cf9c55960360c0d920f.jpg. Detected amenity: bathtub. Detection confidence: low (0.12). Source prompt type: variants.,"You are generating hotel amenity questions for guests browsing accommodation photos. Given the detection summary below, generate a hotel amenity related question that a guest may ask or a guest might want to be answeredwhile browsing accommodation images. Keep the question short, factual, and neutral. Detection summary: Image file: image_216_jpg.rf.eff5a5bd7fdb3cf9c55960360c0d920f.jpg. Detected amenity: bathtub. Detection confidence: low (0.12). Source prompt type: variants. Question:",What is the name of the hotel amenity?,What is the name of the amenity in this image?,Does this room have a bathtub?,Does the bathtub have a shower attachment?
image_216_jpg.rf.eff5a5bd7fdb3cf9c55960360c0d920f.jpg,bathtub,0.1063608974218368,10.766525268554688,450.7646179199219,421.0059814453125,641.5484008789062,variants,Image file: image_216_jpg.rf.eff5a5bd7fdb3cf9c55960360c0d920f.jpg. Detected amenity: bathtub. Detection confidence: low (0.11). Source prompt type: variants.,"You are generating hotel amenity questions for guests browsing accommodation photos. Given the detection summary below, generate a hotel amenity related question that a guest may ask or a guest might want to be answeredwhile browsing accommodation images. Keep the question short, factual, and neutral. Detection summary: Image file: image_216_jpg.rf.eff5a5bd7fdb3cf9c55960360c0d920f.jpg. Detected amenity: bathtub. Detection confidence: low (0.11). Source prompt type: variants. Question:",What is the name of the hotel amenity?,What is the name of the hotel's bathtub?,Does the room have a bathtub?,Is the bathtub separate from the shower?
image_196_jpg.rf.ee09d333a778c494b85add2939ac7fe1.jpg,bathtub,0.278772234916687,21.478519439697266,501.2590026855469,379.7810363769531,640.4139404296875,variants,Image file: image_196_jpg.rf.ee09d333a778c494b85add2939ac7fe1.jpg. Detected amenity: bathtub. Detection confidence: low (0.28). Source prompt type: variants.,"You are generating hotel amenity questions for guests browsing accommodation photos. Given the detection summary below, generate a hotel amenity related question that a guest may ask or a guest might want to be answeredwhile browsing accommodation images. Keep the question short, factual, and neutral. Detection summary: Image file: image_196_jpg.rf.ee09d333a778c494b85add2939ac7fe1.jpg. Detected amenity: bathtub. Detection confidence: low (0.28). Source prompt type: variants. Question:",What is the name of the hotel amenity?,What is the name of the hotel's bathtub?,Does this room have a bathtub?,Is the bathtub separate from the shower?
image_68_jpg.rf.b5b9c41d7ba70886b8e491b2765a7639.jpg,bathtub,0.3986861109733581,221.573959350586,395.6683349609375,540.5986328125,638.1494140625,variants,Image file: image_68_jpg.rf.b5b9c41d7ba70886b8e491b2765a7639.jpg. Detected amenity: bathtub. Detection confidence: medium (0.40). Source prompt type: variants.,"You are generating hotel amenity questions for guests browsing accommodation photos. Given the detection summary below, generate a hotel amenity related question that a guest may ask or a guest might want to be answeredwhile browsing accommodation images. Keep the question short, factual, and neutral. Detection summary: Image file: image_68_jpg.rf.b5b9c41d7ba70886b8e491b2765a7639.jpg. Detected amenity: bathtub. Detection confidence: medium (0.40). Source prompt type: variants. Question:",What is the name of the hotel amenity?,What type of amenity is the bathtub?,Does this room have a bathtub?,Does the bathtub have a shower attachment?
image_41_jpg.rf.2ec14559d2c6c6c32699c6f0c38dcb19.jpg,bathtub with shower,0.1469329744577407,373.0421752929688,-3.6941146850585938,642.7411499023438,632.8206176757812,variants,Image file: image_41_jpg.rf.2ec14559d2c6c6c32699c6f0c38dcb19.jpg. Detected amenity: bathtub with shower. Detection confidence: low (0.15). Source prompt type: variants.,"You are generating hotel amenity questions for guests browsing accommodation photos. Given the detection summary below, generate a hotel amenity related question that a guest may ask or a guest might want to be answeredwhile browsing accommodation images. Keep the question short, factual, and neutral. Detection summary: Image file: image_41_jpg.rf.2ec14559d2c6c6c32699c6f0c38dcb19.jpg. Detected amenity: bathtub with shower. Detection confidence: low (0.15). Source prompt type: variants. Question:",What is the name of the hotel with a bathtub with shower?,What is the name of the bathroom amenity?,Does the room have a separate bathtub and shower or a combined bathtub with shower?,Is the bathtub with shower a standalone unit or part of the bathroom?
image_41_jpg.rf.2ec14559d2c6c6c32699c6f0c38dcb19.jpg,jacuzzi bathtub,0.1361274421215057,-3.744068145751953,368.6775207519531,366.00775146484375,641.7249755859375,variants,Image file: image_41_jpg.rf.2ec14559d2c6c6c32699c6f0c38dcb19.jpg. Detected amenity: jacuzzi bathtub. Detection confidence: low (0.14). Source prompt type: variants.,"You are generating hotel amenity questions for guests browsing accommodation photos. Given the detection summary below, generate a hotel amenity related question that a guest may ask or a guest might want to be answeredwhile browsing accommodation images. Keep the question short, factual, and neutral. Detection summary: Image file: image_41_jpg.rf.2ec14559d2c6c6c32699c6f0c38dcb19.jpg. Detected amenity: jacuzzi bathtub. Detection confidence: low (0.14). Source prompt type: variants. Question:",What type of amenity is the jacuzzi bathtub?,What is the name of the hotel's jacuzzi bathtub?,Does this room come with a jacuzzi bathtub?,Does the hotel room have a jacuzzi bathtub?
image_41_jpg.rf.2ec14559d2c6c6c32699c6f0c38dcb19.jpg,bathtub with shower,0.107728324830532,394.2027282714844,0.563812255859375,641.8521728515625,634.3390502929688,variants,Image file: image_41_jpg.rf.2ec14559d2c6c6c32699c6f0c38dcb19.jpg. Detected amenity: bathtub with shower. Detection confidence: low (0.11). Source prompt type: variants.,"You are generating hotel amenity questions for guests browsing accommodation photos. Given the detection summary below, generate a hotel amenity related question that a guest may ask or a guest might want to be answeredwhile browsing accommodation images. Keep the question short, factual, and neutral. Detection summary: Image file: image_41_jpg.rf.2ec14559d2c6c6c32699c6f0c38dcb19.jpg. Detected amenity: bathtub with shower. Detection confidence: low (0.11). Source prompt type: variants. Question:",What is the name of the hotel with a bathtub with shower?,What is the name of the bathroom amenity in the image?,Does the room have a separate bathtub and shower or a combined bathtub with shower?,Does the bathtub have separate controls for the shower and bath?
image_41_jpg.rf.2ec14559d2c6c6c32699c6f0c38dcb19.jpg,jacuzzi bathtub,0.1101516187191009,467.2964782714844,417.9028930664063,643.233154296875,480.02923583984375,variants,Image file: image_41_jpg.rf.2ec14559d2c6c6c32699c6f0c38dcb19.jpg. Detected amenity: jacuzzi bathtub. Detection confidence: low (0.11). Source prompt type: variants.,"You are generating hotel amenity questions for guests browsing accommodation photos. Given the detection summary below, generate a hotel amenity related question that a guest may ask or a guest might want to be answeredwhile browsing accommodation images. Keep the question short, factual, and neutral. Detection summary: Image file: image_41_jpg.rf.2ec14559d2c6c6c32699c6f0c38dcb19.jpg. Detected amenity: jacuzzi bathtub. Detection confidence: low (0.11). Source prompt type: variants. Question:",What type of amenity is the jacuzzi bathtub?,What is the name of the hotel's jacuzzi bathtub?,Does this room come with a jacuzzi bathtub?,Does the jacuzzi bathtub have a temperature control feature?
image_41_jpg.rf.2ec14559d2c6c6c32699c6f0c38dcb19.jpg,bathtub,0.1063108891248703,460.7394104003906,415.7550659179688,639.5096435546875,486.8282470703125,variants,Image file: image_41_jpg.rf.2ec14559d2c6c6c32699c6f0c38dcb19.jpg. Detected amenity: bathtub. Detection confidence: low (0.11). Source prompt type: variants.,"You are generating hotel amenity questions for guests browsing accommodation photos. Given the detection summary below, generate a hotel amenity related question that a guest may ask or a guest might want to be answeredwhile browsing accommodation images. Keep the question short, factual, and neutral. Detection summary: Image file: image_41_jpg.rf.2ec14559d2c6c6c32699c6f0c38dcb19.jpg. Detected amenity: bathtub. Detection confidence: low (0.11). Source prompt type: variants. Question:",What is the name of the hotel amenity?,What is the name of the hotel's bathtub?,Does this room have a bathtub?,Is the bathtub a separate standalone unit or part of a shower enclosure?
image_41_jpg.rf.2ec14559d2c6c6c32699c6f0c38dcb19.jpg,jacuzzi bathtub,0.2047678381204605,463.1226196289063,412.4392700195313,642.9129028320312,489.4977416992188,variants,Image file: image_41_jpg.rf.2ec14559d2c6c6c32699c6f0c38dcb19.jpg. Detected amenity: jacuzzi bathtub. Detection confidence: low (0.20). Source prompt type: variants.,"You are generating hotel amenity questions for guests browsing accommodation photos. Given the detection summary below, generate a hotel amenity related question that a guest may ask or a guest might want to be answeredwhile browsing accommodation images. Keep the question short, factual, and neutral. Detection summary: Image file: image_41_jpg.rf.2ec14559d2c6c6c32699c6f0c38dcb19.jpg. Detected amenity: jacuzzi bathtub. Detection confidence: low (0.20). Source prompt type: variants. Question:",What type of amenity is the jacuzzi bathtub?,What is the name of the hotel's jacuzzi bathtub?,Does this room come with a jacuzzi bathtub?,Does the jacuzzi bathtub come with jets and temperature control?
image_41_jpg.rf.2ec14559d2c6c6c32699c6f0c38dcb19.jpg,bathtub,0.3065865933895111,400.7892456054688,412.1940307617188,638.570556640625,638.4808959960938,variants,Image file: image_41_jpg.rf.2ec14559d2c6c6c32699c6f0c38dcb19.jpg. Detected amenity: bathtub. Detection confidence: medium (0.31). Source prompt type: variants.,"You are generating hotel amenity questions for guests browsing accommodation photos. Given the detection summary below, generate a hotel amenity related question that a guest may ask or a guest might want to be answeredwhile browsing accommodation images. Keep the question short, factual, and neutral. Detection summary: Image file: image_41_jpg.rf.2ec14559d2c6c6c32699c6f0c38dcb19.jpg. Detected amenity: bathtub. Detection confidence: medium (0.31). Source prompt type: variants. Question:",What is the name of the hotel amenity?,What is the name of the amenity in this image?,Does this room have a bathtub?,Is the bathtub separate from the shower?
image_41_jpg.rf.2ec14559d2c6c6c32699c6f0c38dcb19.jpg,bathtub,0.1903320997953415,395.121337890625,465.6797790527344,488.4905700683594,632.329345703125,variants,Image file: image_41_jpg.rf.2ec14559d2c6c6c32699c6f0c38dcb19.jpg. Detected amenity: bathtub. Detection confidence: low (0.19). Source prompt type: variants.,"You are generating hotel amenity questions for guests browsing accommodation photos. Given the detection summary below, generate a hotel amenity related question that a guest may ask or a guest might want to be answeredwhile browsing accommodation images. Keep the question short, factual, and neutral. Detection summary: Image file: image_41_jpg.rf.2ec14559d2c6c6c32699c6f0c38dcb19.jpg. Detected amenity: bathtub. Detection confidence: low (0.19). Source prompt type: variants. Question:",What is the name of the hotel amenity?,What is the name of the hotel's bathtub?,Does the room have a bathtub?,Does the room have a separate shower stall?
image_76_jpg.rf.d6a34bd14c72695435023f64e7a3b7ef.jpg,bathtub with shower,0.17046919465065,1.9923782348632808,-0.0073814392089843,638.8604125976562,637.3519287109375,variants,Image file: image_76_jpg.rf.d6a34bd14c72695435023f64e7a3b7ef.jpg. Detected amenity: bathtub with shower. Detection confidence: low (0.17). Source prompt type: variants.,"You are generating hotel amenity questions for guests browsing accommodation photos. Given the detection summary below, generate a hotel amenity related question that a guest may ask or a guest might want to be answeredwhile browsing accommodation images. Keep the question short, factual, and neutral. Detection summary: Image file: image_76_jpg.rf.d6a34bd14c72695435023f64e7a3b7ef.jpg. Detected amenity: bathtub with shower. Detection confidence: low (0.17). Source prompt type: variants. Question:",What is the name of the hotel with a bathtub with shower?,What is the size of the bathroom?,Does the room have a separate bathtub and shower or a combined unit?,Is the bathtub separate from the shower?
image_76_jpg.rf.d6a34bd14c72695435023f64e7a3b7ef.jpg,jacuzzi bathtub,0.1191149875521659,193.76495361328125,441.3669128417969,619.2119140625,639.7942504882812,variants,Image file: image_76_jpg.rf.d6a34bd14c72695435023f64e7a3b7ef.jpg. Detected amenity: jacuzzi bathtub. Detection confidence: low (0.12). Source prompt type: variants.,"You are generating hotel amenity questions for guests browsing accommodation photos. Given the detection summary below, generate a hotel amenity related question that a guest may ask or a guest might want to be answeredwhile browsing accommodation images. Keep the question short, factual, and neutral. Detection summary: Image file: image_76_jpg.rf.d6a34bd14c72695435023f64e7a3b7ef.jpg. Detected amenity: jacuzzi bathtub. Detection confidence: low (0.12). Source prompt type: variants. Question:",What type of amenity is the jacuzzi bathtub?,What is the name of the hotel that has a jacuzzi bathtub?,Does this room come with a jacuzzi bathtub?,Does the jacuzzi bathtub have temperature control?
image_76_jpg.rf.d6a34bd14c72695435023f64e7a3b7ef.jpg,bathtub,0.7142508029937744,188.965087890625,442.1341552734375,620.3845825195312,640.731201171875,variants,Image file: image_76_jpg.rf.d6a34bd14c72695435023f64e7a3b7ef.jpg. Detected amenity: bathtub. Detection confidence: high (0.71). Source prompt type: variants.,"You are generating hotel amenity questions for guests browsing accommodation photos. Given the detection summary below, generate a hotel amenity related question that a guest may ask or a guest might want to be answeredwhile browsing accommodation images. Keep the question short, factual, and neutral. Detection summary: Image file: image_76_jpg.rf.d6a34bd14c72695435023f64e7a3b7ef.jpg. Detected amenity: bathtub. Detection confidence: high (0.71). Source prompt type: variants. Question:",What is the name of the hotel amenity?,What is the name of the amenity in this image?,Does this room have a separate bathtub?,Is the bathtub separate from the shower?
image_12_jpg.rf.6034ae972d44405c913076577cec4733.jpg,bathtub with shower,0.101817287504673,2.6237106323242188,-0.7308197021484375,640.1561279296875,635.8568115234375,variants,Image file: image_12_jpg.rf.6034ae972d44405c913076577cec4733.jpg. Detected amenity: bathtub with shower. Detection confidence: low (0.10). Source prompt type: variants.,"You are generating hotel amenity questions for guests browsing accommodation photos. Given the detection summary below, generate a hotel amenity related question that a guest may ask or a guest might want to be answeredwhile browsing accommodation images. Keep the question short, factual, and neutral. Detection summary: Image file: image_12_jpg.rf.6034ae972d44405c913076577cec4733.jpg. Detected amenity: bathtub with shower. Detection confidence: low (0.10). Source prompt type: variants. Question:",What is the name of the hotel with a bathtub with shower?,What is the size of the bathroom?,Does the room have a separate bathtub and shower or a combined bathtub with shower?,Is the bathtub with shower a freestanding unit or attached to the wall?
image_12_jpg.rf.6034ae972d44405c913076577cec4733.jpg,bathtub,0.1061599478125572,6.739425659179688,367.7365112304688,362.9263305664063,625.267578125,variants,Image file: image_12_jpg.rf.6034ae972d44405c913076577cec4733.jpg. Detected amenity: bathtub. Detection confidence: low (0.11). Source prompt type: variants.,"You are generating hotel amenity questions for guests browsing accommodation photos. Given the detection summary below, generate a hotel amenity related question that a guest may ask or a guest might want to be answeredwhile browsing accommodation images. Keep the question short, factual, and neutral. Detection summary: Image file: image_12_jpg.rf.6034ae972d44405c913076577cec4733.jpg. Detected amenity: bathtub. Detection confidence: low (0.11). Source prompt type: variants. Question:",What is the name of the hotel amenity?,What is the name of the hotel's bathtub?,Does this room have a bathtub?,Is there a bathtub in the room?
image_12_jpg.rf.6034ae972d44405c913076577cec4733.jpg,bathtub,0.3937370777130127,409.1369018554688,386.3471984863281,642.1094970703125,624.8809204101562,variants,Image file: image_12_jpg.rf.6034ae972d44405c913076577cec4733.jpg. Detected amenity: bathtub. Detection confidence: medium (0.39). Source prompt type: variants.,"You are generating hotel amenity questions for guests browsing accommodation photos. Given the detection summary below, generate a hotel amenity related question that a guest may ask or a guest might want to be answeredwhile browsing accommodation images. Keep the question short, factual, and neutral. Detection summary: Image file: image_12_jpg.rf.6034ae972d44405c913076577cec4733.jpg. Detected amenity: bathtub. Detection confidence: medium (0.39). Source prompt type: variants. Question:",What is the name of the hotel amenity?,What type of amenity is the bathtub?,Does this room have a bathtub?,Does the bathtub have a shower attachment?
image_167_jpg.rf.26fee9c9a90c6e4f484769bb579caedd.jpg,bathtub with shower,0.1263531297445297,2.4469757080078125,1.701030731201172,640.0430908203125,638.3978881835938,variants,Image file: image_167_jpg.rf.26fee9c9a90c6e4f484769bb579caedd.jpg. Detected amenity: bathtub with shower. Detection confidence: low (0.13). Source prompt type: variants.,"You are generating hotel amenity questions for guests browsing accommodation photos. Given the detection summary below, generate a hotel amenity related question that a guest may ask or a guest might want to be answeredwhile browsing accommodation images. Keep the question short, factual, and neutral. Detection summary: Image file: image_167_jpg.rf.26fee9c9a90c6e4f484769bb579caedd.jpg. Detected amenity: bathtub with shower. Detection confidence: low (0.13). Source prompt type: variants. Question:",What is the name of the hotel with a bathtub with shower?,What is the name of the bathroom amenity in the image?,Does the room have a separate bathtub and shower or a combined bathtub with shower?,Is the bathtub separate from the shower?
image_167_jpg.rf.26fee9c9a90c6e4f484769bb579caedd.jpg,bathtub,0.3130403161048889,252.50198364257807,434.29541015625,476.7256164550781,643.3374633789062,variants,Image file: image_167_jpg.rf.26fee9c9a90c6e4f484769bb579caedd.jpg. Detected amenity: bathtub. Detection confidence: medium (0.31). Source prompt type: variants.,"You are generating hotel amenity questions for guests browsing accommodation photos. Given the detection summary below, generate a hotel amenity related question that a guest may ask or a guest might want to be answeredwhile browsing accommodation images. Keep the question short, factual, and neutral. Detection summary: Image file: image_167_jpg.rf.26fee9c9a90c6e4f484769bb579caedd.jpg. Detected amenity: bathtub. Detection confidence: medium (0.31). Source prompt type: variants. Question:",What is the name of the hotel amenity?,What type of amenity is the bathtub?,Does this room have a bathtub?,Is the bathtub in the room or located in a separate bathroom area?
image_167_jpg.rf.26fee9c9a90c6e4f484769bb579caedd.jpg,bathtub,0.4543614387512207,248.49200439453125,434.2135925292969,476.6823120117188,643.5228881835938,variants,Image file: image_167_jpg.rf.26fee9c9a90c6e4f484769bb579caedd.jpg. Detected amenity: bathtub. Detection confidence: medium (0.45). Source prompt type: variants.,"You are generating hotel amenity questions for guests browsing accommodation photos. Given the detection summary below, generate a hotel amenity related question that a guest may ask or a guest might want to be answeredwhile browsing accommodation images. Keep the question short, factual, and neutral. Detection summary: Image file: image_167_jpg.rf.26fee9c9a90c6e4f484769bb579caedd.jpg. Detected amenity: bathtub. Detection confidence: medium (0.45). Source prompt type: variants. Question:",What is the name of the hotel amenity?,What type of amenity is the bathtub?,Does this room have a bathtub?,Does the bathtub have a showerhead?
image_167_jpg.rf.26fee9c9a90c6e4f484769bb579caedd.jpg,freestanding bathtub,0.1299656480550766,192.83615112304688,408.020263671875,350.9487609863281,638.333984375,variants,Image file: image_167_jpg.rf.26fee9c9a90c6e4f484769bb579caedd.jpg. Detected amenity: freestanding bathtub. Detection confidence: low (0.13). Source prompt type: variants.,"You are generating hotel amenity questions for guests browsing accommodation photos. Given the detection summary below, generate a hotel amenity related question that a guest may ask or a guest might want to be answeredwhile browsing accommodation images. Keep the question short, factual, and neutral. Detection summary: Image file: image_167_jpg.rf.26fee9c9a90c6e4f484769bb579caedd.jpg. Detected amenity: freestanding bathtub. Detection confidence: low (0.13). Source prompt type: variants. Question:",What is the name of the hotel that has a freestanding bathtub?,What is the name of the freestanding bathtub?,Does this room have a freestanding bathtub?,Does the freestanding bathtub have a built-in shower or is it a separate fixture?
image_192_jpg.rf.f065e46d061bc91d9bd43df5f9f6a452.jpg,jacuzzi bathtub,0.1473515927791595,201.9840240478516,462.6921997070313,637.348388671875,638.7194213867188,variants,Image file: image_192_jpg.rf.f065e46d061bc91d9bd43df5f9f6a452.jpg. Detected amenity: jacuzzi bathtub. Detection confidence: low (0.15). Source prompt type: variants.,"You are generating hotel amenity questions for guests browsing accommodation photos. Given the detection summary below, generate a hotel amenity related question that a guest may ask or a guest might want to be answeredwhile browsing accommodation images. Keep the question short, factual, and neutral. Detection summary: Image file: image_192_jpg.rf.f065e46d061bc91d9bd43df5f9f6a452.jpg. Detected amenity: jacuzzi bathtub. Detection confidence: low (0.15). Source prompt type: variants. Question:",What is the name of the hotel that has a jacuzzi?,What is the name of the hotel's jacuzzi bathtub?,Does this room come with a jacuzzi bathtub?,Is the jacuzzi bathtub available in all rooms or is it a separate amenity?
image_34_jpg.rf.6b32a014d903f54f714fb40ab902081e.jpg,bathtub,0.1023349538445472,41.64358139038086,412.8848876953125,417.0625305175781,549.1893920898438,variants,Image file: image_34_jpg.rf.6b32a014d903f54f714fb40ab902081e.jpg. Detected amenity: bathtub. Detection confidence: low (0.10). Source prompt type: variants.,"You are generating hotel amenity questions for guests browsing accommodation photos. Given the detection summary below, generate a hotel amenity related question that a guest may ask or a guest might want to be answeredwhile browsing accommodation images. Keep the question short, factual, and neutral. Detection summary: Image file: image_34_jpg.rf.6b32a014d903f54f714fb40ab902081e.jpg. Detected amenity: bathtub. Detection confidence: low (0.10). Source prompt type: variants. Question:",What is the name of the hotel amenity?,What is the name of the hotel's bathtub?,Does this room have a bathtub?,Is there a bathtub in the room?
image_164_jpg.rf.00a60b32c39c50548d0396370a82ce0c.jpg,bathtub with shower,0.1009135767817497,284.76092529296875,8.448753356933594,622.6032104492188,640.867919921875,variants,Image file: image_164_jpg.rf.00a60b32c39c50548d0396370a82ce0c.jpg. Detected amenity: bathtub with shower. Detection confidence: low (0.10). Source prompt type: variants.,"You are generating hotel amenity questions for guests browsing accommodation photos. Given the detection summary below, generate a hotel amenity related question that a guest may ask or a guest might want to be answeredwhile browsing accommodation images. Keep the question short, factual, and neutral. Detection summary: Image file: image_164_jpg.rf.00a60b32c39c50548d0396370a82ce0c.jpg. Detected amenity: bathtub with shower. Detection confidence: low (0.10). Source prompt type: variants. Question:",What is the name of the hotel with a bathtub with shower?,What is the name of the bathroom amenity?,Does the room have a separate bathtub and shower or a combined unit?,Does the bathtub have a separate shower area or is it a shower-over-bathtub design?
image_164_jpg.rf.00a60b32c39c50548d0396370a82ce0c.jpg,bathtub,0.1944604068994522,284.2812805175781,479.9331359863281,370.2038269042969,628.285888671875,variants,Image file: image_164_jpg.rf.00a60b32c39c50548d0396370a82ce0c.jpg. Detected amenity: bathtub. Detection confidence: low (0.19). Source prompt type: variants.,"You are generating hotel amenity questions for guests browsing accommodation photos. Given the detection summary below, generate a hotel amenity related question that a guest may ask or a guest might want to be answeredwhile browsing accommodation images. Keep the question short, factual, and neutral. Detection summary: Image file: image_164_jpg.rf.00a60b32c39c50548d0396370a82ce0c.jpg. Detected amenity: bathtub. Detection confidence: low (0.19). Source prompt type: variants. Question:",What is the name of the hotel amenity?,What is the name of the hotel's bathtub?,Does this room have a bathtub?,Is there a bathtub in the room?
image_164_jpg.rf.00a60b32c39c50548d0396370a82ce0c.jpg,jacuzzi bathtub,0.2049034088850021,290.19891357421875,479.1758728027344,606.1849975585938,640.38232421875,variants,Image file: image_164_jpg.rf.00a60b32c39c50548d0396370a82ce0c.jpg. Detected amenity: jacuzzi bathtub. Detection confidence: low (0.20). Source prompt type: variants.,"You are generating hotel amenity questions for guests browsing accommodation photos. Given the detection summary below, generate a hotel amenity related question that a guest may ask or a guest might want to be answeredwhile browsing accommodation images. Keep the question short, factual, and neutral. Detection summary: Image file: image_164_jpg.rf.00a60b32c39c50548d0396370a82ce0c.jpg. Detected amenity: jacuzzi bathtub. Detection confidence: low (0.20). Source prompt type: variants. Question:",What type of amenity is the jacuzzi bathtub?,What is the name of the hotel's jacuzzi bathtub?,Does this room come with a jacuzzi bathtub?,Is the jacuzzi bathtub available for guest use?
image_164_jpg.rf.00a60b32c39c50548d0396370a82ce0c.jpg,bathtub,0.1557092666625976,414.5097351074219,502.7984619140625,609.0303955078125,640.5325317382812,variants,Image file: image_164_jpg.rf.00a60b32c39c50548d0396370a82ce0c.jpg. Detected amenity: bathtub. Detection confidence: low (0.16). Source prompt type: variants.,"You are generating hotel amenity questions for guests browsing accommodation photos. Given the detection summary below, generate a hotel amenity related question that a guest may ask or a guest might want to be answeredwhile browsing accommodation images. Keep the question short, factual, and neutral. Detection summary: Image file: image_164_jpg.rf.00a60b32c39c50548d0396370a82ce0c.jpg. Detected amenity: bathtub. Detection confidence: low (0.16). Source prompt type: variants. Question:",What is the name of the hotel amenity?,What is the name of the hotel's bathtub?,Does this room have a bathtub?,Is there a bathtub in the room?
image_201_jpg.rf.7c05f1bb350fd223bdf88ab5f410e9c5.jpg,jacuzzi bathtub,0.1007796451449394,6.443443298339844,0.2143669128417968,643.7051391601562,636.5984497070312,variants,Image file: image_201_jpg.rf.7c05f1bb350fd223bdf88ab5f410e9c5.jpg. Detected amenity: jacuzzi bathtub. Detection confidence: low (0.10). Source prompt type: variants.,"You are generating hotel amenity questions for guests browsing accommodation photos. Given the detection summary below, generate a hotel amenity related question that a guest may ask or a guest might want to be answeredwhile browsing accommodation images. Keep the question short, factual, and neutral. Detection summary: Image file: image_201_jpg.rf.7c05f1bb350fd223bdf88ab5f410e9c5.jpg. Detected amenity: jacuzzi bathtub. Detection confidence: low (0.10). Source prompt type: variants. Question:",What type of amenity is the jacuzzi bathtub?,What is the name of the hotel's jacuzzi bathtub?,Does this room come with a jacuzzi bathtub?,Is the jacuzzi bathtub available for guest use?
image_201_jpg.rf.7c05f1bb350fd223bdf88ab5f410e9c5.jpg,bathtub,0.1248345300555229,12.284002304077148,386.3712158203125,287.265869140625,622.26416015625,variants,Image file: image_201_jpg.rf.7c05f1bb350fd223bdf88ab5f410e9c5.jpg. Detected amenity: bathtub. Detection confidence: low (0.12). Source prompt type: variants.,"You are generating hotel amenity questions for guests browsing accommodation photos. Given the detection summary below, generate a hotel amenity related question that a guest may ask or a guest might want to be answeredwhile browsing accommodation images. Keep the question short, factual, and neutral. Detection summary: Image file: image_201_jpg.rf.7c05f1bb350fd223bdf88ab5f410e9c5.jpg. Detected amenity: bathtub. Detection confidence: low (0.12). Source prompt type: variants. Question:",What is the name of the hotel amenity?,What is the name of the amenity in this image?,Does this room have a bathtub?,Does the bathtub have a shower attachment?
image_243_fp_jpg.rf.1260746595b8c75d3e226822f3cfafa5.jpg,bathtub,0.2960265576839447,279.5556640625,399.8306274414063,485.61224365234375,637.1204833984375,variants,Image file: image_243_fp_jpg.rf.1260746595b8c75d3e226822f3cfafa5.jpg. Detected amenity: bathtub. Detection confidence: low (0.30). Source prompt type: variants.,"You are generating hotel amenity questions for guests browsing accommodation photos. Given the detection summary below, generate a hotel amenity related question that a guest may ask or a guest might want to be answeredwhile browsing accommodation images. Keep the question short, factual, and neutral. Detection summary: Image file: image_243_fp_jpg.rf.1260746595b8c75d3e226822f3cfafa5.jpg. Detected amenity: bathtub. Detection confidence: low (0.30). Source prompt type: variants. Question:",What is the name of the hotel amenity?,What is the name of the hotel's bathtub?,Does the room have a bathtub?,Is there a bathtub in the room?
image_239_fp_jpg.rf.62ad187ceea336e9033dd8033cb194c0.jpg,jacuzzi bathtub,0.125121608376503,254.42349243164065,375.4273071289063,425.031005859375,484.11614990234375,variants,Image file: image_239_fp_jpg.rf.62ad187ceea336e9033dd8033cb194c0.jpg. Detected amenity: jacuzzi bathtub. Detection confidence: low (0.13). Source prompt type: variants.,"You are generating hotel amenity questions for guests browsing accommodation photos. Given the detection summary below, generate a hotel amenity related question that a guest may ask or a guest might want to be answeredwhile browsing accommodation images. Keep the question short, factual, and neutral. Detection summary: Image file: image_239_fp_jpg.rf.62ad187ceea336e9033dd8033cb194c0.jpg. Detected amenity: jacuzzi bathtub. Detection confidence: low (0.13). Source prompt type: variants. Question:",What type of amenity is the jacuzzi bathtub?,What is the name of the hotel's jacuzzi bathtub?,Does this room come with a jacuzzi bathtub?,Does the room have a private jacuzzi bathtub?
image_177_jpg.rf.542420829367d6e3e6c506bfa43f4004.jpg,jacuzzi bathtub,0.2969617843627929,175.88604736328125,303.4947814941406,642.0452880859375,624.9283447265625,variants,Image file: image_177_jpg.rf.542420829367d6e3e6c506bfa43f4004.jpg. Detected amenity: jacuzzi bathtub. Detection confidence: low (0.30). Source prompt type: variants.,"You are generating hotel amenity questions for guests browsing accommodation photos. Given the detection summary below, generate a hotel amenity related question that a guest may ask or a guest might want to be answeredwhile browsing accommodation images. Keep the question short, factual, and neutral. Detection summary: Image file: image_177_jpg.rf.542420829367d6e3e6c506bfa43f4004.jpg. Detected amenity: jacuzzi bathtub. Detection confidence: low (0.30). Source prompt type: variants. Question:",What is the name of the hotel that has a jacuzzi?,What is the name of the hotel's jacuzzi bathtub?,Does this room come with a jacuzzi bathtub?,Is the jacuzzi bathtub available in every room?
image_3_jpg.rf.ed8ebff0f7cab1333547666c222bc6c4.jpg,jacuzzi bathtub,0.196767970919609,307.885498046875,420.40863037109375,635.785888671875,644.381103515625,variants,Image file: image_3_jpg.rf.ed8ebff0f7cab1333547666c222bc6c4.jpg. Detected amenity: jacuzzi bathtub. Detection confidence: low (0.20). Source prompt type: variants.,"You are generating hotel amenity questions for guests browsing accommodation photos. Given the detection summary below, generate a hotel amenity related question that a guest may ask or a guest might want to be answeredwhile browsing accommodation images. Keep the question short, factual, and neutral. Detection summary: Image file: image_3_jpg.rf.ed8ebff0f7cab1333547666c222bc6c4.jpg. Detected amenity: jacuzzi bathtub. Detection confidence: low (0.20). Source prompt type: variants. Question:",What is the name of the hotel amenity?,What is the name of the hotel's jacuzzi bathtub?,Does this room come with a jacuzzi bathtub?,Is the jacuzzi bathtub available for guest use?
image_84_jpg.rf.7a74ca554feed89da45f8e6521dbffbd.jpg,bathtub,0.5183222889900208,-1.2938976287841797,367.71673583984375,252.5666046142578,640.0692749023438,variants,Image file: image_84_jpg.rf.7a74ca554feed89da45f8e6521dbffbd.jpg. Detected amenity: bathtub. Detection confidence: medium (0.52). Source prompt type: variants.,"You are generating hotel amenity questions for guests browsing accommodation photos. Given the detection summary below, generate a hotel amenity related question that a guest may ask or a guest might want to be answeredwhile browsing accommodation images. Keep the question short, factual, and neutral. Detection summary: Image file: image_84_jpg.rf.7a74ca554feed89da45f8e6521dbffbd.jpg. Detected amenity: bathtub. Detection confidence: medium (0.52). Source prompt type: variants. Question:",What is the name of the hotel amenity?,What type of amenity is the bathtub?,Does this room have a bathtub?,Does the bathtub have a separate shower area?
image_84_jpg.rf.7a74ca554feed89da45f8e6521dbffbd.jpg,jacuzzi bathtub,0.1034586727619171,0.7530784606933594,353.98944091796875,259.9237060546875,635.3978271484375,variants,Image file: image_84_jpg.rf.7a74ca554feed89da45f8e6521dbffbd.jpg. Detected amenity: jacuzzi bathtub. Detection confidence: low (0.10). Source prompt type: variants.,"You are generating hotel amenity questions for guests browsing accommodation photos. Given the detection summary below, generate a hotel amenity related question that a guest may ask or a guest might want to be answeredwhile browsing accommodation images. Keep the question short, factual, and neutral. Detection summary: Image file: image_84_jpg.rf.7a74ca554feed89da45f8e6521dbffbd.jpg. Detected amenity: jacuzzi bathtub. Detection confidence: low (0.10). Source prompt type: variants. Question:",What type of hotel amenity is the jacuzzi bathtub?,What is the name of the hotel's jacuzzi bathtub?,Does this room come with a jacuzzi bathtub?,Does the room have a working jacuzzi bathtub?
image_117_jpg.rf.902139786f4686be919e7fc8ead55441.jpg,jacuzzi bathtub,0.2631871998310089,164.0184783935547,386.1975402832031,380.7251281738281,632.5865478515625,variants,Image file: image_117_jpg.rf.902139786f4686be919e7fc8ead55441.jpg. Detected amenity: jacuzzi bathtub. Detection confidence: low (0.26). Source prompt type: variants.,"You are generating hotel amenity questions for guests browsing accommodation photos. Given the detection summary below, generate a hotel amenity related question that a guest may ask or a guest might want to be answeredwhile browsing accommodation images. Keep the question short, factual, and neutral. Detection summary: Image file: image_117_jpg.rf.902139786f4686be919e7fc8ead55441.jpg. Detected amenity: jacuzzi bathtub. Detection confidence: low (0.26). Source prompt type: variants. Question:",What is the name of the hotel amenity?,What is the name of the hotel's jacuzzi bathtub?,Does this room come with a jacuzzi bathtub?,Does the jacuzzi bathtub come with jets?
image_26_jpg.rf.b90c2de57d828c743eb095d73eabb157.jpg,bathtub,0.2274227440357208,347.21807861328125,393.7081604003906,640.647705078125,569.0086669921875,variants,Image file: image_26_jpg.rf.b90c2de57d828c743eb095d73eabb157.jpg. Detected amenity: bathtub. Detection confidence: low (0.23). Source prompt type: variants.,"You are generating hotel amenity questions for guests browsing accommodation photos. Given the detection summary below, generate a hotel amenity related question that a guest may ask or a guest might want to be answeredwhile browsing accommodation images. Keep the question short, factual, and neutral. Detection summary: Image file: image_26_jpg.rf.b90c2de57d828c743eb095d73eabb157.jpg. Detected amenity: bathtub. Detection confidence: low (0.23). Source prompt type: variants. Question:",What is the name of the hotel amenity?,What is the name of the hotel's bathtub?,Does this room have a bathtub?,Is there a bathtub in the room?
image_236_fp_jpg.rf.6402b99382ad917498789e5849ec7293.jpg,freestanding bathtub,0.1604962795972824,399.37799072265625,509.141845703125,592.5328369140625,637.729248046875,variants,Image file: image_236_fp_jpg.rf.6402b99382ad917498789e5849ec7293.jpg. Detected amenity: freestanding bathtub. Detection confidence: low (0.16). Source prompt type: variants.,"You are generating hotel amenity questions for guests browsing accommodation photos. Given the detection summary below, generate a hotel amenity related question that a guest may ask or a guest might want to be answeredwhile browsing accommodation images. Keep the question short, factual, and neutral. Detection summary: Image file: image_236_fp_jpg.rf.6402b99382ad917498789e5849ec7293.jpg. Detected amenity: freestanding bathtub. Detection confidence: low (0.16). Source prompt type: variants. Question:",What is the name of the hotel that has a freestanding bathtub?,What is the name of the freestanding bathtub?,Does the room have a freestanding bathtub?,Is the freestanding bathtub a standard fixture in the room?
image_131_jpg.rf.752a6458b5279f99df4f45c1bba3fc60.jpg,bathtub,0.1478480398654937,325.5521240234375,488.17877197265625,637.6773681640625,636.19189453125,variants,Image file: image_131_jpg.rf.752a6458b5279f99df4f45c1bba3fc60.jpg. Detected amenity: bathtub. Detection confidence: low (0.15). Source prompt type: variants.,"You are generating hotel amenity questions for guests browsing accommodation photos. Given the detection summary below, generate a hotel amenity related question that a guest may ask or a guest might want to be answeredwhile browsing accommodation images. Keep the question short, factual, and neutral. Detection summary: Image file: image_131_jpg.rf.752a6458b5279f99df4f45c1bba3fc60.jpg. Detected amenity: bathtub. Detection confidence: low (0.15). Source prompt type: variants. Question:",What is the name of the hotel amenity?,What is the name of the hotel's bathtub?,Does this room have a bathtub?,Is the bathtub separate from the shower?
image_65_jpg.rf.33ac2863baedde99e69cec5a834677cd.jpg,bathtub,0.158296450972557,90.56619262695312,477.6522521972656,337.40576171875,638.759521484375,variants,Image file: image_65_jpg.rf.33ac2863baedde99e69cec5a834677cd.jpg. Detected amenity: bathtub. Detection confidence: low (0.16). Source prompt type: variants.,"You are generating hotel amenity questions for guests browsing accommodation photos. Given the detection summary below, generate a hotel amenity related question that a guest may ask or a guest might want to be answeredwhile browsing accommodation images. Keep the question short, factual, and neutral. Detection summary: Image file: image_65_jpg.rf.33ac2863baedde99e69cec5a834677cd.jpg. Detected amenity: bathtub. Detection confidence: low (0.16). Source prompt type: variants. Question:",What is the name of the hotel amenity?,What is the name of the hotel's bathtub?,Does this room have a bathtub?,Does the room have a separate shower area?
image_209_jpg.rf.d3d8765e197b74b8b136b4eef8ae562c.jpg,bathtub,0.1393242925405502,222.4957275390625,140.94570922851562,523.593994140625,545.7357177734375,variants,Image file: image_209_jpg.rf.d3d8765e197b74b8b136b4eef8ae562c.jpg. Detected amenity: bathtub. Detection confidence: low (0.14). Source prompt type: variants.,"You are generating hotel amenity questions for guests browsing accommodation photos. Given the detection summary below, generate a hotel amenity related question that a guest may ask or a guest might want to be answeredwhile browsing accommodation images. Keep the question short, factual, and neutral. Detection summary: Image file: image_209_jpg.rf.d3d8765e197b74b8b136b4eef8ae562c.jpg. Detected amenity: bathtub. Detection confidence: low (0.14). Source prompt type: variants. Question:",What is the name of the hotel amenity?,What is the name of the hotel's bathtub?,Does the room have a bathtub?,Is the bathtub in the room or a separate bathroom?
image_5_jpg.rf.ada8a9b2f04240d7b406cf3548014f3b.jpg,jacuzzi bathtub,0.1369378417730331,417.0455627441406,376.8524475097656,638.4122924804688,641.310302734375,variants,Image file: image_5_jpg.rf.ada8a9b2f04240d7b406cf3548014f3b.jpg. Detected amenity: jacuzzi bathtub. Detection confidence: low (0.14). Source prompt type: variants.,"You are generating hotel amenity questions for guests browsing accommodation photos. Given the detection summary below, generate a hotel amenity related question that a guest may ask or a guest might want to be answeredwhile browsing accommodation images. Keep the question short, factual, and neutral. Detection summary: Image file: image_5_jpg.rf.ada8a9b2f04240d7b406cf3548014f3b.jpg. Detected amenity: jacuzzi bathtub. Detection confidence: low (0.14). Source prompt type: variants. Question:",What type of amenity is the jacuzzi bathtub?,What is the name of the hotel's jacuzzi bathtub?,Does this room come with a jacuzzi bathtub?,Is the jacuzzi bathtub a standard feature in all rooms?
image_5_jpg.rf.ada8a9b2f04240d7b406cf3548014f3b.jpg,bathtub,0.4161842465400696,132.32810974121094,384.3793029785156,394.0713195800781,551.5543212890625,variants,Image file: image_5_jpg.rf.ada8a9b2f04240d7b406cf3548014f3b.jpg. Detected amenity: bathtub. Detection confidence: medium (0.42). Source prompt type: variants.,"You are generating hotel amenity questions for guests browsing accommodation photos. Given the detection summary below, generate a hotel amenity related question that a guest may ask or a guest might want to be answeredwhile browsing accommodation images. Keep the question short, factual, and neutral. Detection summary: Image file: image_5_jpg.rf.ada8a9b2f04240d7b406cf3548014f3b.jpg. Detected amenity: bathtub. Detection confidence: medium (0.42). Source prompt type: variants. Question:",What is the name of the hotel amenity?,What type of amenity is the bathtub?,Does this room have a bathtub?,Is the bathtub separate from the shower?
image_5_jpg.rf.ada8a9b2f04240d7b406cf3548014f3b.jpg,jacuzzi bathtub,0.1189697459340095,131.59765625,386.4732055664063,393.3341979980469,550.6455688476562,variants,Image file: image_5_jpg.rf.ada8a9b2f04240d7b406cf3548014f3b.jpg. Detected amenity: jacuzzi bathtub. Detection confidence: low (0.12). Source prompt type: variants.,"You are generating hotel amenity questions for guests browsing accommodation photos. Given the detection summary below, generate a hotel amenity related question that a guest may ask or a guest might want to be answeredwhile browsing accommodation images. Keep the question short, factual, and neutral. Detection summary: Image file: image_5_jpg.rf.ada8a9b2f04240d7b406cf3548014f3b.jpg. Detected amenity: jacuzzi bathtub. Detection confidence: low (0.12). Source prompt type: variants. Question:",What type of amenity is the jacuzzi bathtub?,What is the name of the hotel's jacuzzi bathtub?,Does this room come with a jacuzzi bathtub?,Does the hotel room have a hot tub or a whirlpool bath?
image_128_jpg.rf.3d21d4ae637a93901e75a74b159161c6.jpg,jacuzzi bathtub,0.1121355071663856,-0.6413650512695312,-2.0471763610839844,637.0321044921875,634.6829223632812,variants,Image file: image_128_jpg.rf.3d21d4ae637a93901e75a74b159161c6.jpg. Detected amenity: jacuzzi bathtub. Detection confidence: low (0.11). Source prompt type: variants.,"You are generating hotel amenity questions for guests browsing accommodation photos. Given the detection summary below, generate a hotel amenity related question that a guest may ask or a guest might want to be answeredwhile browsing accommodation images. Keep the question short, factual, and neutral. Detection summary: Image file: image_128_jpg.rf.3d21d4ae637a93901e75a74b159161c6.jpg. Detected amenity: jacuzzi bathtub. Detection confidence: low (0.11). Source prompt type: variants. Question:",What type of amenity is the jacuzzi bathtub?,What is the name of the hotel's jacuzzi bathtub?,Does this room come with a jacuzzi bathtub?,Does the jacuzzi bathtub come with jets for a more relaxing experience?
image_88_jpg.rf.8bd6c85560adfaed06d062d5819d3cec.jpg,bathtub,0.3070355057716369,379.3852233886719,339.361572265625,635.2509765625,460.4301452636719,variants,Image file: image_88_jpg.rf.8bd6c85560adfaed06d062d5819d3cec.jpg. Detected amenity: bathtub. Detection confidence: medium (0.31). Source prompt type: variants.,"You are generating hotel amenity questions for guests browsing accommodation photos. Given the detection summary below, generate a hotel amenity related question that a guest may ask or a guest might want to be answeredwhile browsing accommodation images. Keep the question short, factual, and neutral. Detection summary: Image file: image_88_jpg.rf.8bd6c85560adfaed06d062d5819d3cec.jpg. Detected amenity: bathtub. Detection confidence: medium (0.31). Source prompt type: variants. Question:",What is the name of the hotel amenity?,What type of amenity is the bathtub?,Does this room have a bathtub?,Is the bathtub a separate unit or part of a shower?
image_88_jpg.rf.8bd6c85560adfaed06d062d5819d3cec.jpg,bathtub,0.1280256658792495,379.6792297363281,323.754638671875,640.2447509765625,625.5830078125,variants,Image file: image_88_jpg.rf.8bd6c85560adfaed06d062d5819d3cec.jpg. Detected amenity: bathtub. Detection confidence: low (0.13). Source prompt type: variants.,"You are generating hotel amenity questions for guests browsing accommodation photos. Given the detection summary below, generate a hotel amenity related question that a guest may ask or a guest might want to be answeredwhile browsing accommodation images. Keep the question short, factual, and neutral. Detection summary: Image file: image_88_jpg.rf.8bd6c85560adfaed06d062d5819d3cec.jpg. Detected amenity: bathtub. Detection confidence: low (0.13). Source prompt type: variants. Question:",What is the name of the hotel amenity?,What is the name of the hotel's bathtub?,Does this room have a bathtub?,Is there a bathtub in the room?
image_66_jpg.rf.d1719ed41937e4c3975d29f8b63b67ad.jpg,jacuzzi bathtub,0.1000441014766693,-2.915630340576172,2.33926773071289,632.272705078125,638.7893676757812,variants,Image file: image_66_jpg.rf.d1719ed41937e4c3975d29f8b63b67ad.jpg. Detected amenity: jacuzzi bathtub. Detection confidence: low (0.10). Source prompt type: variants.,"You are generating hotel amenity questions for guests browsing accommodation photos. Given the detection summary below, generate a hotel amenity related question that a guest may ask or a guest might want to be answeredwhile browsing accommodation images. Keep the question short, factual, and neutral. Detection summary: Image file: image_66_jpg.rf.d1719ed41937e4c3975d29f8b63b67ad.jpg. Detected amenity: jacuzzi bathtub. Detection confidence: low (0.10). Source prompt type: variants. Question:",What type of amenity is the jacuzzi bathtub?,What is the name of the hotel's jacuzzi bathtub?,Does this room come with a jacuzzi bathtub?,Does the jacuzzi bathtub have temperature control?
image_66_jpg.rf.d1719ed41937e4c3975d29f8b63b67ad.jpg,jacuzzi bathtub,0.1626342982053756,-4.072151184082031,388.2662353515625,581.1334228515625,625.552734375,variants,Image file: image_66_jpg.rf.d1719ed41937e4c3975d29f8b63b67ad.jpg. Detected amenity: jacuzzi bathtub. Detection confidence: low (0.16). Source prompt type: variants.,"You are generating hotel amenity questions for guests browsing accommodation photos. Given the detection summary below, generate a hotel amenity related question that a guest may ask or a guest might want to be answeredwhile browsing accommodation images. Keep the question short, factual, and neutral. Detection summary: Image file: image_66_jpg.rf.d1719ed41937e4c3975d29f8b63b67ad.jpg. Detected amenity: jacuzzi bathtub. Detection confidence: low (0.16). Source prompt type: variants. Question:",What type of amenity is the jacuzzi bathtub?,What is the name of the hotel's jacuzzi bathtub?,Does this room come with a jacuzzi bathtub?,Does the room have a private jacuzzi bathtub?
image_261_fp_jpg.rf.4c3e98f518c7c80812cf4623da7f0f11.jpg,jacuzzi bathtub,0.1200667396187782,3.907279968261719,354.2033386230469,348.6671447753906,598.169189453125,variants,Image file: image_261_fp_jpg.rf.4c3e98f518c7c80812cf4623da7f0f11.jpg. Detected amenity: jacuzzi bathtub. Detection confidence: low (0.12). Source prompt type: variants.,"You are generating hotel amenity questions for guests browsing accommodation photos. Given the detection summary below, generate a hotel amenity related question that a guest may ask or a guest might want to be answeredwhile browsing accommodation images. Keep the question short, factual, and neutral. Detection summary: Image file: image_261_fp_jpg.rf.4c3e98f518c7c80812cf4623da7f0f11.jpg. Detected amenity: jacuzzi bathtub. Detection confidence: low (0.12). Source prompt type: variants. Question:",What type of amenity is the jacuzzi bathtub?,What is the name of the hotel's jacuzzi bathtub?,Does this room come with a jacuzzi bathtub?,Does the jacuzzi bathtub have temperature control?
image_172_jpg.rf.350a23505f55d4d2aaa09008978644c4.jpg,bathtub with shower,0.1035379469394683,-4.70855712890625,1.0843276977539062,633.5087280273438,638.171142578125,variants,Image file: image_172_jpg.rf.350a23505f55d4d2aaa09008978644c4.jpg. Detected amenity: bathtub with shower. Detection confidence: low (0.10). Source prompt type: variants.,"You are generating hotel amenity questions for guests browsing accommodation photos. Given the detection summary below, generate a hotel amenity related question that a guest may ask or a guest might want to be answeredwhile browsing accommodation images. Keep the question short, factual, and neutral. Detection summary: Image file: image_172_jpg.rf.350a23505f55d4d2aaa09008978644c4.jpg. Detected amenity: bathtub with shower. Detection confidence: low (0.10). Source prompt type: variants. Question:",What is the name of the hotel with a bathtub with shower?,What is the size of the bathroom?,Does the room have a separate bathtub and shower or a combined bathtub with shower?,Is the bathtub with shower a standalone unit or part of a larger bathroom area?
image_172_jpg.rf.350a23505f55d4d2aaa09008978644c4.jpg,bathtub,0.1901436597108841,21.59893035888672,392.33685302734375,209.23341369628903,640.7955932617188,variants,Image file: image_172_jpg.rf.350a23505f55d4d2aaa09008978644c4.jpg. Detected amenity: bathtub. Detection confidence: low (0.19). Source prompt type: variants.,"You are generating hotel amenity questions for guests browsing accommodation photos. Given the detection summary below, generate a hotel amenity related question that a guest may ask or a guest might want to be answeredwhile browsing accommodation images. Keep the question short, factual, and neutral. Detection summary: Image file: image_172_jpg.rf.350a23505f55d4d2aaa09008978644c4.jpg. Detected amenity: bathtub. Detection confidence: low (0.19). Source prompt type: variants. Question:",What is the name of the hotel amenity?,What is the name of the hotel's bathtub?,Does the room have a bathtub?,Is there a bathtub in the room?
image_172_jpg.rf.350a23505f55d4d2aaa09008978644c4.jpg,freestanding bathtub,0.1183941215276718,293.20037841796875,402.1321105957031,409.398193359375,637.581298828125,variants,Image file: image_172_jpg.rf.350a23505f55d4d2aaa09008978644c4.jpg. Detected amenity: freestanding bathtub. Detection confidence: low (0.12). Source prompt type: variants.,"You are generating hotel amenity questions for guests browsing accommodation photos. Given the detection summary below, generate a hotel amenity related question that a guest may ask or a guest might want to be answeredwhile browsing accommodation images. Keep the question short, factual, and neutral. Detection summary: Image file: image_172_jpg.rf.350a23505f55d4d2aaa09008978644c4.jpg. Detected amenity: freestanding bathtub. Detection confidence: low (0.12). Source prompt type: variants. Question:",What is the name of the hotel that has a freestanding bathtub?,What is the name of the freestanding bathtub?,Does this room have a freestanding bathtub?,Is the freestanding bathtub in the room?
image_71_jpg.rf.6b99dbfc4417c46dd7e78750f68829d7.jpg,bathtub,0.1074021607637405,67.42310333251953,488.9813232421875,335.0565795898437,638.850341796875,variants,Image file: image_71_jpg.rf.6b99dbfc4417c46dd7e78750f68829d7.jpg. Detected amenity: bathtub. Detection confidence: low (0.11). Source prompt type: variants.,"You are generating hotel amenity questions for guests browsing accommodation photos. Given the detection summary below, generate a hotel amenity related question that a guest may ask or a guest might want to be answeredwhile browsing accommodation images. Keep the question short, factual, and neutral. Detection summary: Image file: image_71_jpg.rf.6b99dbfc4417c46dd7e78750f68829d7.jpg. Detected amenity: bathtub. Detection confidence: low (0.11). Source prompt type: variants. Question:",What is the name of the hotel amenity?,What is the name of the hotel's bathtub?,Does this room have a bathtub?,Does the bathtub have a showerhead or separate shower area?
image_234_fp_jpg.rf.13eab136a6b38fa01a9c28c31d6e56e7.jpg,bathtub,0.1504314392805099,291.0122375488281,328.922119140625,455.2806091308594,636.3998413085938,variants,Image file: image_234_fp_jpg.rf.13eab136a6b38fa01a9c28c31d6e56e7.jpg. Detected amenity: bathtub. Detection confidence: low (0.15). Source prompt type: variants.,"You are generating hotel amenity questions for guests browsing accommodation photos. Given the detection summary below, generate a hotel amenity related question that a guest may ask or a guest might want to be answeredwhile browsing accommodation images. Keep the question short, factual, and neutral. Detection summary: Image file: image_234_fp_jpg.rf.13eab136a6b38fa01a9c28c31d6e56e7.jpg. Detected amenity: bathtub. Detection confidence: low (0.15). Source prompt type: variants. Question:",What is the name of the hotel amenity?,What is the name of the hotel's bathtub?,Does the room have a bathtub?,Is the bathtub separate or part of a shower combination?
image_109_jpg.rf.d427e4824b1aa2dcffb4a78bdeaaaed1.jpg,bathtub,0.2404946088790893,149.97897338867188,301.6800231933594,455.59173583984375,625.7793579101562,variants,Image file: image_109_jpg.rf.d427e4824b1aa2dcffb4a78bdeaaaed1.jpg. Detected amenity: bathtub. Detection confidence: low (0.24). Source prompt type: variants.,"You are generating hotel amenity questions for guests browsing accommodation photos. Given the detection summary below, generate a hotel amenity related question that a guest may ask or a guest might want to be answeredwhile browsing accommodation images. Keep the question short, factual, and neutral. Detection summary: Image file: image_109_jpg.rf.d427e4824b1aa2dcffb4a78bdeaaaed1.jpg. Detected amenity: bathtub. Detection confidence: low (0.24). Source prompt type: variants. Question:",What is the name of the hotel amenity?,What is the name of the hotel's bathtub?,Does the room have a bathtub?,Is there a bathtub in the room?
image_79_jpg.rf.439497666bfc09bbe6988d4d09b70c2a.jpg,bathtub,0.1944265067577362,-0.1364707946777343,419.2222595214844,298.2548828125,641.201416015625,variants,Image file: image_79_jpg.rf.439497666bfc09bbe6988d4d09b70c2a.jpg. Detected amenity: bathtub. Detection confidence: low (0.19). Source prompt type: variants.,"You are generating hotel amenity questions for guests browsing accommodation photos. Given the detection summary below, generate a hotel amenity related question that a guest may ask or a guest might want to be answeredwhile browsing accommodation images. Keep the question short, factual, and neutral. Detection summary: Image file: image_79_jpg.rf.439497666bfc09bbe6988d4d09b70c2a.jpg. Detected amenity: bathtub. Detection confidence: low (0.19). Source prompt type: variants. Question:",What is the name of the hotel amenity?,What is the name of the hotel's bathtub?,Does this room have a bathtub?,Does the room have a separate shower?
image_133_jpg.rf.73e4a9cb776424dfd5f93b5c358d0712.jpg,bathtub,0.2658369839191437,143.15463256835938,424.6226806640625,416.546142578125,639.5994262695312,variants,Image file: image_133_jpg.rf.73e4a9cb776424dfd5f93b5c358d0712.jpg. Detected amenity: bathtub. Detection confidence: low (0.27). Source prompt type: variants.,"You are generating hotel amenity questions for guests browsing accommodation photos. Given the detection summary below, generate a hotel amenity related question that a guest may ask or a guest might want to be answeredwhile browsing accommodation images. Keep the question short, factual, and neutral. Detection summary: Image file: image_133_jpg.rf.73e4a9cb776424dfd5f93b5c358d0712.jpg. Detected amenity: bathtub. Detection confidence: low (0.27). Source prompt type: variants. Question:",What is the name of the hotel amenity?,What is the name of the hotel's bathtub?,Does the room have a bathtub?,Does the room have a separate shower stall in addition to the bathtub?
image_204_jpg.rf.83215b328cf761ea6a935a064328e713.jpg,bathtub,0.2707203328609466,-2.134227752685547,421.02777099609375,317.3968200683594,630.592529296875,variants,Image file: image_204_jpg.rf.83215b328cf761ea6a935a064328e713.jpg. Detected amenity: bathtub. Detection confidence: low (0.27). Source prompt type: variants.,"You are generating hotel amenity questions for guests browsing accommodation photos. Given the detection summary below, generate a hotel amenity related question that a guest may ask or a guest might want to be answeredwhile browsing accommodation images. Keep the question short, factual, and neutral. Detection summary: Image file: image_204_jpg.rf.83215b328cf761ea6a935a064328e713.jpg. Detected amenity: bathtub. Detection confidence: low (0.27). Source prompt type: variants. Question:",What is the name of the hotel amenity?,What is the name of the hotel's bathtub?,Does this room have a bathtub?,Is there a bathtub in the room?
image_205_jpg.rf.3a9d2058fadc0f8ba542e2eae3ee3009.jpg,bathtub,0.323923259973526,328.10211181640625,409.04107666015625,641.8944091796875,639.16748046875,variants,Image file: image_205_jpg.rf.3a9d2058fadc0f8ba542e2eae3ee3009.jpg. Detected amenity: bathtub. Detection confidence: medium (0.32). Source prompt type: variants.,"You are generating hotel amenity questions for guests browsing accommodation photos. Given the detection summary below, generate a hotel amenity related question that a guest may ask or a guest might want to be answeredwhile browsing accommodation images. Keep the question short, factual, and neutral. Detection summary: Image file: image_205_jpg.rf.3a9d2058fadc0f8ba542e2eae3ee3009.jpg. Detected amenity: bathtub. Detection confidence: medium (0.32). Source prompt type: variants. Question:",What is the name of the hotel amenity?,What is the name of the hotel's bathtub?,Does this room have a bathtub?,Is the bathtub in the room or located in a separate bathroom area?
image_99_jpg.rf.e3098b9c1367aceed6b51f6ef202c2ae.jpg,freestanding bathtub,0.1152968406677246,427.9202270507813,463.5411987304688,640.5469970703125,640.923095703125,variants,Image file: image_99_jpg.rf.e3098b9c1367aceed6b51f6ef202c2ae.jpg. Detected amenity: freestanding bathtub. Detection confidence: low (0.12). Source prompt type: variants.,"You are generating hotel amenity questions for guests browsing accommodation photos. Given the detection summary below, generate a hotel amenity related question that a guest may ask or a guest might want to be answeredwhile browsing accommodation images. Keep the question short, factual, and neutral. Detection summary: Image file: image_99_jpg.rf.e3098b9c1367aceed6b51f6ef202c2ae.jpg. Detected amenity: freestanding bathtub. Detection confidence: low (0.12). Source prompt type: variants. Question:",What is the name of the hotel that has a freestanding bathtub?,What is the name of the freestanding bathtub?,Does this room have a freestanding bathtub?,Does the freestanding bathtub come with a shower attachment?
image_43_jpg.rf.9e4b253645ab3a793f00e81b88724301.jpg,bathtub,0.2339689880609512,305.637939453125,463.095703125,619.7044677734375,639.2091064453125,variants,Image file: image_43_jpg.rf.9e4b253645ab3a793f00e81b88724301.jpg. Detected amenity: bathtub. Detection confidence: low (0.23). Source prompt type: variants.,"You are generating hotel amenity questions for guests browsing accommodation photos. Given the detection summary below, generate a hotel amenity related question that a guest may ask or a guest might want to be answeredwhile browsing accommodation images. Keep the question short, factual, and neutral. Detection summary: Image file: image_43_jpg.rf.9e4b253645ab3a793f00e81b88724301.jpg. Detected amenity: bathtub. Detection confidence: low (0.23). Source prompt type: variants. Question:",What is the name of the hotel amenity?,What is the name of the hotel's bathtub?,Does this room have a bathtub?,Is there a bathtub in the room?
image_124_jpg.rf.5ad3d32def263e4cf589e320e7deae2d.jpg,bathtub,0.2328038960695266,67.93731689453125,394.557861328125,248.59332275390625,638.5568237304688,variants,Image file: image_124_jpg.rf.5ad3d32def263e4cf589e320e7deae2d.jpg. Detected amenity: bathtub. Detection confidence: low (0.23). Source prompt type: variants.,"You are generating hotel amenity questions for guests browsing accommodation photos. Given the detection summary below, generate a hotel amenity related question that a guest may ask or a guest might want to be answeredwhile browsing accommodation images. Keep the question short, factual, and neutral. Detection summary: Image file: image_124_jpg.rf.5ad3d32def263e4cf589e320e7deae2d.jpg. Detected amenity: bathtub. Detection confidence: low (0.23). Source prompt type: variants. Question:",What is the name of the hotel amenity?,What is the name of the hotel's bathtub?,Does the room have a bathtub?,Is the bathtub separate from the shower?
image_53_jpg.rf.8067cc9bf4971f5adc1b3a5151002a8f.jpg,bathtub,0.3071247041225433,434.51025390625,302.2909240722656,571.9918212890625,520.3627319335938,variants,Image file: image_53_jpg.rf.8067cc9bf4971f5adc1b3a5151002a8f.jpg. Detected amenity: bathtub. Detection confidence: medium (0.31). Source prompt type: variants.,"You are generating hotel amenity questions for guests browsing accommodation photos. Given the detection summary below, generate a hotel amenity related question that a guest may ask or a guest might want to be answeredwhile browsing accommodation images. Keep the question short, factual, and neutral. Detection summary: Image file: image_53_jpg.rf.8067cc9bf4971f5adc1b3a5151002a8f.jpg. Detected amenity: bathtub. Detection confidence: medium (0.31). Source prompt type: variants. Question:",What is the name of the hotel amenity?,What type of amenity is the bathtub?,Does this room have a bathtub?,Does the bathtub have a shower attachment?
image_90_jpg.rf.923d2b46262fb0b34b003a94213094ab.jpg,bathtub with shower,0.1010654419660568,0.413818359375,0.7570457458496094,635.076416015625,638.79150390625,variants,Image file: image_90_jpg.rf.923d2b46262fb0b34b003a94213094ab.jpg. Detected amenity: bathtub with shower. Detection confidence: low (0.10). Source prompt type: variants.,"You are generating hotel amenity questions for guests browsing accommodation photos. Given the detection summary below, generate a hotel amenity related question that a guest may ask or a guest might want to be answeredwhile browsing accommodation images. Keep the question short, factual, and neutral. Detection summary: Image file: image_90_jpg.rf.923d2b46262fb0b34b003a94213094ab.jpg. Detected amenity: bathtub with shower. Detection confidence: low (0.10). Source prompt type: variants. Question:",What is the name of the hotel with a bathtub with shower?,What is the name of the bathroom amenity?,Does the room have a separate bathtub and shower or a combined bathtub with shower?,Is the bathtub a separate unit from the shower?
image_90_jpg.rf.923d2b46262fb0b34b003a94213094ab.jpg,jacuzzi bathtub,0.1419010907411575,65.98228454589844,364.2215576171875,380.6473083496094,613.7637329101562,variants,Image file: image_90_jpg.rf.923d2b46262fb0b34b003a94213094ab.jpg. Detected amenity: jacuzzi bathtub. Detection confidence: low (0.14). Source prompt type: variants.,"You are generating hotel amenity questions for guests browsing accommodation photos. Given the detection summary below, generate a hotel amenity related question that a guest may ask or a guest might want to be answeredwhile browsing accommodation images. Keep the question short, factual, and neutral. Detection summary: Image file: image_90_jpg.rf.923d2b46262fb0b34b003a94213094ab.jpg. Detected amenity: jacuzzi bathtub. Detection confidence: low (0.14). Source prompt type: variants. Question:",What type of amenity is the jacuzzi bathtub?,What is the name of the hotel's jacuzzi bathtub?,Does this room come with a jacuzzi bathtub?,Is the jacuzzi bathtub available in all rooms or just in certain suites?
image_90_jpg.rf.923d2b46262fb0b34b003a94213094ab.jpg,bathtub,0.2436360716819763,79.8716049194336,357.15625,352.20587158203125,499.4435424804688,variants,Image file: image_90_jpg.rf.923d2b46262fb0b34b003a94213094ab.jpg. Detected amenity: bathtub. Detection confidence: low (0.24). Source prompt type: variants.,"You are generating hotel amenity questions for guests browsing accommodation photos. Given the detection summary below, generate a hotel amenity related question that a guest may ask or a guest might want to be answeredwhile browsing accommodation images. Keep the question short, factual, and neutral. Detection summary: Image file: image_90_jpg.rf.923d2b46262fb0b34b003a94213094ab.jpg. Detected amenity: bathtub. Detection confidence: low (0.24). Source prompt type: variants. Question:",What is the name of the hotel amenity?,What is the name of the hotel's bathtub?,Does this room have a bathtub?,Is the bathtub in the room or a shared facility?
image_126_jpg.rf.05940aae5f89301cf9b3f48931692b18.jpg,bathtub,0.1656756699085235,344.4013977050781,426.94183349609375,560.1561889648438,616.242919921875,variants,Image file: image_126_jpg.rf.05940aae5f89301cf9b3f48931692b18.jpg. Detected amenity: bathtub. Detection confidence: low (0.17). Source prompt type: variants.,"You are generating hotel amenity questions for guests browsing accommodation photos. Given the detection summary below, generate a hotel amenity related question that a guest may ask or a guest might want to be answeredwhile browsing accommodation images. Keep the question short, factual, and neutral. Detection summary: Image file: image_126_jpg.rf.05940aae5f89301cf9b3f48931692b18.jpg. Detected amenity: bathtub. Detection confidence: low (0.17). Source prompt type: variants. Question:",What is the name of the hotel amenity?,What is the name of the hotel's bathtub?,Does this room have a bathtub?,Is the bathtub a separate standalone unit or part of a larger shower or tub combination?
image_56_jpg.rf.55c46d8c9f46fa3ed53821edcf738ab0.jpg,bathtub,0.140405848622322,5.638589859008789,428.9300537109375,168.83450317382812,564.81103515625,variants,Image file: image_56_jpg.rf.55c46d8c9f46fa3ed53821edcf738ab0.jpg. Detected amenity: bathtub. Detection confidence: low (0.14). Source prompt type: variants.,"You are generating hotel amenity questions for guests browsing accommodation photos. Given the detection summary below, generate a hotel amenity related question that a guest may ask or a guest might want to be answeredwhile browsing accommodation images. Keep the question short, factual, and neutral. Detection summary: Image file: image_56_jpg.rf.55c46d8c9f46fa3ed53821edcf738ab0.jpg. Detected amenity: bathtub. Detection confidence: low (0.14). Source prompt type: variants. Question:",What is the name of the hotel amenity?,What is the name of the hotel's bathtub?,Does this room have a bathtub?,Does the room have a separate shower area?
image_203_jpg.rf.eddf43e9860a824021c685dcc6afe6ee.jpg,bathtub,0.2430273741483688,47.22257614135742,475.4580078125,484.3731689453125,642.1941528320312,variants,Image file: image_203_jpg.rf.eddf43e9860a824021c685dcc6afe6ee.jpg. Detected amenity: bathtub. Detection confidence: low (0.24). Source prompt type: variants.,"You are generating hotel amenity questions for guests browsing accommodation photos. Given the detection summary below, generate a hotel amenity related question that a guest may ask or a guest might want to be answeredwhile browsing accommodation images. Keep the question short, factual, and neutral. Detection summary: Image file: image_203_jpg.rf.eddf43e9860a824021c685dcc6afe6ee.jpg. Detected amenity: bathtub. Detection confidence: low (0.24). Source prompt type: variants. Question:",What is the name of the hotel amenity?,What is the name of the hotel's bathtub?,Does the room have a bathtub?,Does the bathtub have a showerhead or separate shower area?
image_42_jpg.rf.87d8ffe2bbb292b526bba4b22d627a9a.jpg,jacuzzi bathtub,0.1004377678036689,-0.6978416442871094,421.2822265625,519.0999755859375,606.1533203125,variants,Image file: image_42_jpg.rf.87d8ffe2bbb292b526bba4b22d627a9a.jpg. Detected amenity: jacuzzi bathtub. Detection confidence: low (0.10). Source prompt type: variants.,"You are generating hotel amenity questions for guests browsing accommodation photos. Given the detection summary below, generate a hotel amenity related question that a guest may ask or a guest might want to be answeredwhile browsing accommodation images. Keep the question short, factual, and neutral. Detection summary: Image file: image_42_jpg.rf.87d8ffe2bbb292b526bba4b22d627a9a.jpg. Detected amenity: jacuzzi bathtub. Detection confidence: low (0.10). Source prompt type: variants. Question:",What type of amenity is the jacuzzi bathtub?,What is the name of the hotel's jacuzzi bathtub?,Does this room come with a jacuzzi bathtub?,Does the jacuzzi bathtub have temperature control?
image_183_jpg.rf.654be78c489e41c2111612f576ae2a8a.jpg,jacuzzi bathtub,0.379568338394165,1.629486083984375,411.1484375,264.3436584472656,642.735107421875,variants,Image file: image_183_jpg.rf.654be78c489e41c2111612f576ae2a8a.jpg. Detected amenity: jacuzzi bathtub. Detection confidence: medium (0.38). Source prompt type: variants.,"You are generating hotel amenity questions for guests browsing accommodation photos. Given the detection summary below, generate a hotel amenity related question that a guest may ask or a guest might want to be answeredwhile browsing accommodation images. Keep the question short, factual, and neutral. Detection summary: Image file: image_183_jpg.rf.654be78c489e41c2111612f576ae2a8a.jpg. Detected amenity: jacuzzi bathtub. Detection confidence: medium (0.38). Source prompt type: variants. Question:",What type of amenity is the jacuzzi bathtub?,What is the name of the hotel's jacuzzi bathtub?,Does this room come with a jacuzzi bathtub?,Is the jacuzzi bathtub available for guest use?
image_183_jpg.rf.654be78c489e41c2111612f576ae2a8a.jpg,freestanding bathtub,0.1083021610975265,348.7599182128906,415.2416687011719,409.7200012207031,509.77252197265625,variants,Image file: image_183_jpg.rf.654be78c489e41c2111612f576ae2a8a.jpg. Detected amenity: freestanding bathtub. Detection confidence: low (0.11). Source prompt type: variants.,"You are generating hotel amenity questions for guests browsing accommodation photos. Given the detection summary below, generate a hotel amenity related question that a guest may ask or a guest might want to be answeredwhile browsing accommodation images. Keep the question short, factual, and neutral. Detection summary: Image file: image_183_jpg.rf.654be78c489e41c2111612f576ae2a8a.jpg. Detected amenity: freestanding bathtub. Detection confidence: low (0.11). Source prompt type: variants. Question:",What is the name of the hotel that has a freestanding bathtub?,What is the name of the freestanding bathtub?,Does this room have a freestanding bathtub?,Does the freestanding bathtub have a built-in shower?
image_211_jpg.rf.4cb9583c68f438ab62e3c79fb62293f4.jpg,bathtub,0.5392445921897888,20.936241149902344,362.4398498535156,215.132064819336,479.3136901855469,variants,Image file: image_211_jpg.rf.4cb9583c68f438ab62e3c79fb62293f4.jpg. Detected amenity: bathtub. Detection confidence: medium (0.54). Source prompt type: variants.,"You are generating hotel amenity questions for guests browsing accommodation photos. Given the detection summary below, generate a hotel amenity related question that a guest may ask or a guest might want to be answeredwhile browsing accommodation images. Keep the question short, factual, and neutral. Detection summary: Image file: image_211_jpg.rf.4cb9583c68f438ab62e3c79fb62293f4.jpg. Detected amenity: bathtub. Detection confidence: medium (0.54). Source prompt type: variants. Question:",What is the name of the hotel amenity?,What type of amenity is the bathtub?,Does this room have a bathtub?,Is the bathtub separate from the shower?
image_211_jpg.rf.4cb9583c68f438ab62e3c79fb62293f4.jpg,jacuzzi bathtub,0.111585184931755,24.2707633972168,358.83746337890625,218.462158203125,480.4299621582031,variants,Image file: image_211_jpg.rf.4cb9583c68f438ab62e3c79fb62293f4.jpg. Detected amenity: jacuzzi bathtub. Detection confidence: low (0.11). Source prompt type: variants.,"You are generating hotel amenity questions for guests browsing accommodation photos. Given the detection summary below, generate a hotel amenity related question that a guest may ask or a guest might want to be answeredwhile browsing accommodation images. Keep the question short, factual, and neutral. Detection summary: Image file: image_211_jpg.rf.4cb9583c68f438ab62e3c79fb62293f4.jpg. Detected amenity: jacuzzi bathtub. Detection confidence: low (0.11). Source prompt type: variants. Question:",What type of amenity is the jacuzzi bathtub?,What is the name of the hotel's jacuzzi bathtub?,Does this room come with a jacuzzi bathtub?,Is the jacuzzi bathtub available in all rooms or only in certain suites?
image_181_jpg.rf.8aa57b33c2090b52196b75217d22793c.jpg,bathtub with shower,0.2983404994010925,-0.0495719909667968,-2.2092819213867188,638.2451782226562,636.2272338867188,variants,Image file: image_181_jpg.rf.8aa57b33c2090b52196b75217d22793c.jpg. Detected amenity: bathtub with shower. Detection confidence: low (0.30). Source prompt type: variants.,"You are generating hotel amenity questions for guests browsing accommodation photos. Given the detection summary below, generate a hotel amenity related question that a guest may ask or a guest might want to be answeredwhile browsing accommodation images. Keep the question short, factual, and neutral. Detection summary: Image file: image_181_jpg.rf.8aa57b33c2090b52196b75217d22793c.jpg. Detected amenity: bathtub with shower. Detection confidence: low (0.30). Source prompt type: variants. Question:",What is the name of the hotel with a bathtub with shower?,What is the size of the bathroom?,Does the room have a separate bathtub and shower or a combined unit?,Is the bathtub separate from the shower?
image_181_jpg.rf.8aa57b33c2090b52196b75217d22793c.jpg,jacuzzi bathtub,0.1495648473501205,2.9796433448791504,281.2105712890625,82.54291534423828,328.37554931640625,variants,Image file: image_181_jpg.rf.8aa57b33c2090b52196b75217d22793c.jpg. Detected amenity: jacuzzi bathtub. Detection confidence: low (0.15). Source prompt type: variants.,"You are generating hotel amenity questions for guests browsing accommodation photos. Given the detection summary below, generate a hotel amenity related question that a guest may ask or a guest might want to be answeredwhile browsing accommodation images. Keep the question short, factual, and neutral. Detection summary: Image file: image_181_jpg.rf.8aa57b33c2090b52196b75217d22793c.jpg. Detected amenity: jacuzzi bathtub. Detection confidence: low (0.15). Source prompt type: variants. Question:",What is the name of the hotel that has a jacuzzi?,What is the name of the hotel's jacuzzi bathtub?,Does this room come with a jacuzzi bathtub?,Does the room have a private jacuzzi bathtub?
image_181_jpg.rf.8aa57b33c2090b52196b75217d22793c.jpg,bathtub,0.5531699657440186,2.696704864501953,358.097900390625,412.743896484375,636.9811401367188,variants,Image file: image_181_jpg.rf.8aa57b33c2090b52196b75217d22793c.jpg. Detected amenity: bathtub. Detection confidence: medium (0.55). Source prompt type: variants.,"You are generating hotel amenity questions for guests browsing accommodation photos. Given the detection summary below, generate a hotel amenity related question that a guest may ask or a guest might want to be answeredwhile browsing accommodation images. Keep the question short, factual, and neutral. Detection summary: Image file: image_181_jpg.rf.8aa57b33c2090b52196b75217d22793c.jpg. Detected amenity: bathtub. Detection confidence: medium (0.55). Source prompt type: variants. Question:",What is the name of the hotel amenity?,What type of amenity is the bathtub?,Does this room have a bathtub?,Is there a bathtub in the room?
image_181_jpg.rf.8aa57b33c2090b52196b75217d22793c.jpg,jacuzzi bathtub,0.2485124468803405,8.522071838378906,354.3352966308594,416.2661437988281,634.8140869140625,variants,Image file: image_181_jpg.rf.8aa57b33c2090b52196b75217d22793c.jpg. Detected amenity: jacuzzi bathtub. Detection confidence: low (0.25). Source prompt type: variants.,"You are generating hotel amenity questions for guests browsing accommodation photos. Given the detection summary below, generate a hotel amenity related question that a guest may ask or a guest might want to be answeredwhile browsing accommodation images. Keep the question short, factual, and neutral. Detection summary: Image file: image_181_jpg.rf.8aa57b33c2090b52196b75217d22793c.jpg. Detected amenity: jacuzzi bathtub. Detection confidence: low (0.25). Source prompt type: variants. Question:",What is the name of the hotel that has a jacuzzi?,What is the name of the hotel's jacuzzi bathtub?,Does this room come with a jacuzzi bathtub?,Does the jacuzzi bathtub have a separate temperature control?
image_181_jpg.rf.8aa57b33c2090b52196b75217d22793c.jpg,jacuzzi bathtub,0.1361629068851471,-0.0617027282714843,351.595703125,392.872314453125,636.6344604492188,variants,Image file: image_181_jpg.rf.8aa57b33c2090b52196b75217d22793c.jpg. Detected amenity: jacuzzi bathtub. Detection confidence: low (0.14). Source prompt type: variants.,"You are generating hotel amenity questions for guests browsing accommodation photos. Given the detection summary below, generate a hotel amenity related question that a guest may ask or a guest might want to be answeredwhile browsing accommodation images. Keep the question short, factual, and neutral. Detection summary: Image file: image_181_jpg.rf.8aa57b33c2090b52196b75217d22793c.jpg. Detected amenity: jacuzzi bathtub. Detection confidence: low (0.14). Source prompt type: variants. Question:",What type of amenity is the jacuzzi bathtub?,What is the name of the hotel's jacuzzi bathtub?,Does this room come with a jacuzzi bathtub?,Does the room have a private jacuzzi bathtub?
image_181_jpg.rf.8aa57b33c2090b52196b75217d22793c.jpg,bathtub,0.1363440752029419,420.6378479003906,408.5741882324219,635.7429809570312,636.8773193359375,variants,Image file: image_181_jpg.rf.8aa57b33c2090b52196b75217d22793c.jpg. Detected amenity: bathtub. Detection confidence: low (0.14). Source prompt type: variants.,"You are generating hotel amenity questions for guests browsing accommodation photos. Given the detection summary below, generate a hotel amenity related question that a guest may ask or a guest might want to be answeredwhile browsing accommodation images. Keep the question short, factual, and neutral. Detection summary: Image file: image_181_jpg.rf.8aa57b33c2090b52196b75217d22793c.jpg. Detected amenity: bathtub. Detection confidence: low (0.14). Source prompt type: variants. Question:",What is the name of the hotel amenity?,What is the name of the hotel's bathtub?,Does the room have a bathtub?,Is there a bathtub in the room?
image_74_jpg.rf.9cfbe6437a7bea453a47141dbb94933c.jpg,jacuzzi bathtub,0.1775774806737899,436.9554138183594,322.7236328125,636.6161499023438,479.8995971679688,variants,Image file: image_74_jpg.rf.9cfbe6437a7bea453a47141dbb94933c.jpg. Detected amenity: jacuzzi bathtub. Detection confidence: low (0.18). Source prompt type: variants.,"You are generating hotel amenity questions for guests browsing accommodation photos. Given the detection summary below, generate a hotel amenity related question that a guest may ask or a guest might want to be answeredwhile browsing accommodation images. Keep the question short, factual, and neutral. Detection summary: Image file: image_74_jpg.rf.9cfbe6437a7bea453a47141dbb94933c.jpg. Detected amenity: jacuzzi bathtub. Detection confidence: low (0.18). Source prompt type: variants. Question:",What type of amenity is the jacuzzi bathtub?,What is the name of the hotel's jacuzzi bathtub?,Does this room come with a jacuzzi bathtub?,Does the jacuzzi bathtub have jets?
image_74_jpg.rf.9cfbe6437a7bea453a47141dbb94933c.jpg,bathtub,0.259472906589508,266.8995361328125,414.39837646484375,523.9185791015625,618.5158081054688,variants,Image file: image_74_jpg.rf.9cfbe6437a7bea453a47141dbb94933c.jpg. Detected amenity: bathtub. Detection confidence: low (0.26). Source prompt type: variants.,"You are generating hotel amenity questions for guests browsing accommodation photos. Given the detection summary below, generate a hotel amenity related question that a guest may ask or a guest might want to be answeredwhile browsing accommodation images. Keep the question short, factual, and neutral. Detection summary: Image file: image_74_jpg.rf.9cfbe6437a7bea453a47141dbb94933c.jpg. Detected amenity: bathtub. Detection confidence: low (0.26). Source prompt type: variants. Question:",What is the name of the hotel amenity?,What is the name of the hotel's bathtub?,Does this room have a bathtub?,Does the bathtub have a shower attachment?
image_67_jpg.rf.43884fa03bdfadfc7c78f879d93d6dbf.jpg,bathtub,0.1178033128380775,0.2857112884521484,347.5077514648437,173.773193359375,637.2108764648438,variants,Image file: image_67_jpg.rf.43884fa03bdfadfc7c78f879d93d6dbf.jpg. Detected amenity: bathtub. Detection confidence: low (0.12). Source prompt type: variants.,"You are generating hotel amenity questions for guests browsing accommodation photos. Given the detection summary below, generate a hotel amenity related question that a guest may ask or a guest might want to be answeredwhile browsing accommodation images. Keep the question short, factual, and neutral. Detection summary: Image file: image_67_jpg.rf.43884fa03bdfadfc7c78f879d93d6dbf.jpg. Detected amenity: bathtub. Detection confidence: low (0.12). Source prompt type: variants. Question:",What is the name of the hotel amenity?,What is the name of the hotel's bathtub?,Does the room have a bathtub?,Is there a bathtub in the room?
image_67_jpg.rf.43884fa03bdfadfc7c78f879d93d6dbf.jpg,jacuzzi bathtub,0.1428282856941223,423.7039794921875,374.5975341796875,636.6680297851562,639.3074951171875,variants,Image file: image_67_jpg.rf.43884fa03bdfadfc7c78f879d93d6dbf.jpg. Detected amenity: jacuzzi bathtub. Detection confidence: low (0.14). Source prompt type: variants.,"You are generating hotel amenity questions for guests browsing accommodation photos. Given the detection summary below, generate a hotel amenity related question that a guest may ask or a guest might want to be answeredwhile browsing accommodation images. Keep the question short, factual, and neutral. Detection summary: Image file: image_67_jpg.rf.43884fa03bdfadfc7c78f879d93d6dbf.jpg. Detected amenity: jacuzzi bathtub. Detection confidence: low (0.14). Source prompt type: variants. Question:",What type of amenity is the jacuzzi bathtub?,What is the name of the hotel's jacuzzi bathtub?,Does this room come with a jacuzzi bathtub?,Is the jacuzzi bathtub in the room or a shared facility?
image_38_jpg.rf.75260065d6c37fefda6362169013f00b.jpg,bathtub with shower,0.155049130320549,0.3174209594726562,1.2071418762207031,638.3280029296875,637.8040771484375,variants,Image file: image_38_jpg.rf.75260065d6c37fefda6362169013f00b.jpg. Detected amenity: bathtub with shower. Detection confidence: low (0.16). Source prompt type: variants.,"You are generating hotel amenity questions for guests browsing accommodation photos. Given the detection summary below, generate a hotel amenity related question that a guest may ask or a guest might want to be answeredwhile browsing accommodation images. Keep the question short, factual, and neutral. Detection summary: Image file: image_38_jpg.rf.75260065d6c37fefda6362169013f00b.jpg. Detected amenity: bathtub with shower. Detection confidence: low (0.16). Source prompt type: variants. Question:",What is the name of the hotel with a bathtub with shower?,What is the name of the bathroom amenity?,Does this room have a separate bathtub and shower or a combined unit?,Is the bathtub separate from the shower area or a single tub shower unit?
image_38_jpg.rf.75260065d6c37fefda6362169013f00b.jpg,bathtub,0.1738961338996887,235.8226776123047,413.1603698730469,328.6343688964844,500.254638671875,variants,Image file: image_38_jpg.rf.75260065d6c37fefda6362169013f00b.jpg. Detected amenity: bathtub. Detection confidence: low (0.17). Source prompt type: variants.,"You are generating hotel amenity questions for guests browsing accommodation photos. Given the detection summary below, generate a hotel amenity related question that a guest may ask or a guest might want to be answeredwhile browsing accommodation images. Keep the question short, factual, and neutral. Detection summary: Image file: image_38_jpg.rf.75260065d6c37fefda6362169013f00b.jpg. Detected amenity: bathtub. Detection confidence: low (0.17). Source prompt type: variants. Question:",What is the name of the hotel amenity?,What is the name of the hotel's bathtub?,Does this room have a bathtub?,Is the bathtub in the room or a shared facility?
image_38_jpg.rf.75260065d6c37fefda6362169013f00b.jpg,bathtub,0.4385825097560882,-1.4984130859375,387.2124633789063,235.30084228515625,641.5406494140625,variants,Image file: image_38_jpg.rf.75260065d6c37fefda6362169013f00b.jpg. Detected amenity: bathtub. Detection confidence: medium (0.44). Source prompt type: variants.,"You are generating hotel amenity questions for guests browsing accommodation photos. Given the detection summary below, generate a hotel amenity related question that a guest may ask or a guest might want to be answeredwhile browsing accommodation images. Keep the question short, factual, and neutral. Detection summary: Image file: image_38_jpg.rf.75260065d6c37fefda6362169013f00b.jpg. Detected amenity: bathtub. Detection confidence: medium (0.44). Source prompt type: variants. Question:",What is the name of the hotel amenity?,What type of amenity is the bathtub?,Does the room have a bathtub?,Is the bathtub separate from the shower?
image_73_jpg.rf.24f6459c6cfcc3edae262c7a9453d6f8.jpg,bathtub,0.1825948804616928,-3.6313247680664062,443.2649230957031,188.87954711914065,643.1932373046875,variants,Image file: image_73_jpg.rf.24f6459c6cfcc3edae262c7a9453d6f8.jpg. Detected amenity: bathtub. Detection confidence: low (0.18). Source prompt type: variants.,"You are generating hotel amenity questions for guests browsing accommodation photos. Given the detection summary below, generate a hotel amenity related question that a guest may ask or a guest might want to be answeredwhile browsing accommodation images. Keep the question short, factual, and neutral. Detection summary: Image file: image_73_jpg.rf.24f6459c6cfcc3edae262c7a9453d6f8.jpg. Detected amenity: bathtub. Detection confidence: low (0.18). Source prompt type: variants. Question:",What is the name of the hotel amenity?,What is the name of the hotel's bathtub?,Does this room have a bathtub?,Is the bathtub separate from the shower?
image_73_jpg.rf.24f6459c6cfcc3edae262c7a9453d6f8.jpg,bathtub,0.2092538326978683,277.77667236328125,368.8747863769531,642.4691772460938,647.4133911132812,variants,Image file: image_73_jpg.rf.24f6459c6cfcc3edae262c7a9453d6f8.jpg. Detected amenity: bathtub. Detection confidence: low (0.21). Source prompt type: variants.,"You are generating hotel amenity questions for guests browsing accommodation photos. Given the detection summary below, generate a hotel amenity related question that a guest may ask or a guest might want to be answeredwhile browsing accommodation images. Keep the question short, factual, and neutral. Detection summary: Image file: image_73_jpg.rf.24f6459c6cfcc3edae262c7a9453d6f8.jpg. Detected amenity: bathtub. Detection confidence: low (0.21). Source prompt type: variants. Question:",What is the name of the hotel amenity?,What is the name of the hotel's bathtub?,Does this room have a bathtub?,Is there a bathtub available in the room?
image_97_jpg.rf.9e80bda1d83e2ffdfc46b9c6072deb67.jpg,bathtub,0.1704763025045395,220.57470703125,496.2081909179688,335.3866271972656,616.3177490234375,variants,Image file: image_97_jpg.rf.9e80bda1d83e2ffdfc46b9c6072deb67.jpg. Detected amenity: bathtub. Detection confidence: low (0.17). Source prompt type: variants.,"You are generating hotel amenity questions for guests browsing accommodation photos. Given the detection summary below, generate a hotel amenity related question that a guest may ask or a guest might want to be answeredwhile browsing accommodation images. Keep the question short, factual, and neutral. Detection summary: Image file: image_97_jpg.rf.9e80bda1d83e2ffdfc46b9c6072deb67.jpg. Detected amenity: bathtub. Detection confidence: low (0.17). Source prompt type: variants. Question:",What is the name of the hotel amenity?,What is the name of the hotel's bathtub?,Does this room have a bathtub?,Does the bathtub have a shower attachment?
image_49_jpg.rf.7a4a5b96835696fc6ac6809e85922cd3.jpg,bathtub,0.4044454395771026,10.231952667236328,366.5203247070313,271.1325378417969,627.1155395507812,variants,Image file: image_49_jpg.rf.7a4a5b96835696fc6ac6809e85922cd3.jpg. Detected amenity: bathtub. Detection confidence: medium (0.40). Source prompt type: variants.,"You are generating hotel amenity questions for guests browsing accommodation photos. Given the detection summary below, generate a hotel amenity related question that a guest may ask or a guest might want to be answeredwhile browsing accommodation images. Keep the question short, factual, and neutral. Detection summary: Image file: image_49_jpg.rf.7a4a5b96835696fc6ac6809e85922cd3.jpg. Detected amenity: bathtub. Detection confidence: medium (0.40). Source prompt type: variants. Question:",What is the name of the hotel amenity?,What is the name of the hotel's bathtub?,Does the room have a bathtub?,Is the bathtub a standalone unit or part of a larger shower or tub combination?
image_49_jpg.rf.7a4a5b96835696fc6ac6809e85922cd3.jpg,freestanding bathtub,0.1158010959625244,487.51019287109375,453.623046875,639.5772094726562,636.1260375976562,variants,Image file: image_49_jpg.rf.7a4a5b96835696fc6ac6809e85922cd3.jpg. Detected amenity: freestanding bathtub. Detection confidence: low (0.12). Source prompt type: variants.,"You are generating hotel amenity questions for guests browsing accommodation photos. Given the detection summary below, generate a hotel amenity related question that a guest may ask or a guest might want to be answeredwhile browsing accommodation images. Keep the question short, factual, and neutral. Detection summary: Image file: image_49_jpg.rf.7a4a5b96835696fc6ac6809e85922cd3.jpg. Detected amenity: freestanding bathtub. Detection confidence: low (0.12). Source prompt type: variants. Question:",What is the name of the hotel that has a freestanding bathtub?,What is the name of the freestanding bathtub?,Does this room have a freestanding bathtub?,Does the freestanding bathtub come with a shower attachment?
image_78_jpg.rf.f74697c0839071d8287b1c2fc2294013.jpg,bathtub,0.2896872162818908,29.625959396362305,467.03326416015625,206.05145263671875,642.738037109375,variants,Image file: image_78_jpg.rf.f74697c0839071d8287b1c2fc2294013.jpg. Detected amenity: bathtub. Detection confidence: low (0.29). Source prompt type: variants.,"You are generating hotel amenity questions for guests browsing accommodation photos. Given the detection summary below, generate a hotel amenity related question that a guest may ask or a guest might want to be answeredwhile browsing accommodation images. Keep the question short, factual, and neutral. Detection summary: Image file: image_78_jpg.rf.f74697c0839071d8287b1c2fc2294013.jpg. Detected amenity: bathtub. Detection confidence: low (0.29). Source prompt type: variants. Question:",What is the name of the hotel amenity?,What is the name of the hotel's bathtub?,Does this room have a bathtub?,Is there a bathtub in the room?
image_35_jpg.rf.2ca043d78448a85bcfbcde4aff22e4cc.jpg,bathtub,0.1065150499343872,0.5350399017333984,521.0446166992188,148.79603576660156,639.8798217773438,variants,Image file: image_35_jpg.rf.2ca043d78448a85bcfbcde4aff22e4cc.jpg. Detected amenity: bathtub. Detection confidence: low (0.11). Source prompt type: variants.,"You are generating hotel amenity questions for guests browsing accommodation photos. Given the detection summary below, generate a hotel amenity related question that a guest may ask or a guest might want to be answeredwhile browsing accommodation images. Keep the question short, factual, and neutral. Detection summary: Image file: image_35_jpg.rf.2ca043d78448a85bcfbcde4aff22e4cc.jpg. Detected amenity: bathtub. Detection confidence: low (0.11). Source prompt type: variants. Question:",What is the name of the hotel amenity?,What is the name of the hotel's bathtub?,Does this room have a bathtub?,Is there a bathtub in the room?
image_77_jpg.rf.1ab047f42073f263159f644061485d43.jpg,bathtub,0.3480311632156372,335.19708251953125,528.273681640625,619.0560302734375,639.12353515625,variants,Image file: image_77_jpg.rf.1ab047f42073f263159f644061485d43.jpg. Detected amenity: bathtub. Detection confidence: medium (0.35). Source prompt type: variants.,"You are generating hotel amenity questions for guests browsing accommodation photos. Given the detection summary below, generate a hotel amenity related question that a guest may ask or a guest might want to be answeredwhile browsing accommodation images. Keep the question short, factual, and neutral. Detection summary: Image file: image_77_jpg.rf.1ab047f42073f263159f644061485d43.jpg. Detected amenity: bathtub. Detection confidence: medium (0.35). Source prompt type: variants. Question:",What is the name of the hotel amenity?,What is the name of the hotel's bathtub?,Does this room have a bathtub?,Does the room have a walk-in shower or a separate shower stall?
image_70_jpg.rf.31764efb1387bec5b98c275a840b3874.jpg,bathtub,0.1472706794738769,-2.1096324920654297,501.36224365234375,316.1004943847656,636.341796875,variants,Image file: image_70_jpg.rf.31764efb1387bec5b98c275a840b3874.jpg. Detected amenity: bathtub. Detection confidence: low (0.15). Source prompt type: variants.,"You are generating hotel amenity questions for guests browsing accommodation photos. Given the detection summary below, generate a hotel amenity related question that a guest may ask or a guest might want to be answeredwhile browsing accommodation images. Keep the question short, factual, and neutral. Detection summary: Image file: image_70_jpg.rf.31764efb1387bec5b98c275a840b3874.jpg. Detected amenity: bathtub. Detection confidence: low (0.15). Source prompt type: variants. Question:",What is the name of the hotel amenity?,What is the name of the hotel's bathtub?,Does this room have a bathtub?,Is there a bathtub available in the room?
image_154_jpg.rf.459671f8205426dfe4f80231a1f57dce.jpg,bathtub,0.1494948416948318,4.282951354980469,224.06246948242188,639.1929321289062,538.4417114257812,variants,Image file: image_154_jpg.rf.459671f8205426dfe4f80231a1f57dce.jpg. Detected amenity: bathtub. Detection confidence: low (0.15). Source prompt type: variants.,"You are generating hotel amenity questions for guests browsing accommodation photos. Given the detection summary below, generate a hotel amenity related question that a guest may ask or a guest might want to be answeredwhile browsing accommodation images. Keep the question short, factual, and neutral. Detection summary: Image file: image_154_jpg.rf.459671f8205426dfe4f80231a1f57dce.jpg. Detected amenity: bathtub. Detection confidence: low (0.15). Source prompt type: variants. Question:",What is the name of the hotel amenity?,What is the name of the hotel's bathtub?,Does the room have a bathtub?,Does the bathtub have a shower attachment?
image_103_jpg.rf.5a2a13dfadaafe7d7ea69a1ef4687768.jpg,bathtub,0.1365340948104858,419.10784912109375,305.3020324707031,639.46826171875,642.4279174804688,variants,Image file: image_103_jpg.rf.5a2a13dfadaafe7d7ea69a1ef4687768.jpg. Detected amenity: bathtub. Detection confidence: low (0.14). Source prompt type: variants.,"You are generating hotel amenity questions for guests browsing accommodation photos. Given the detection summary below, generate a hotel amenity related question that a guest may ask or a guest might want to be answeredwhile browsing accommodation images. Keep the question short, factual, and neutral. Detection summary: Image file: image_103_jpg.rf.5a2a13dfadaafe7d7ea69a1ef4687768.jpg. Detected amenity: bathtub. Detection confidence: low (0.14). Source prompt type: variants. Question:",What is the name of the hotel amenity?,What is the name of the hotel's bathtub?,Does this room have a bathtub?,Does the room have a separate shower?
image_113_jpg.rf.919e53f9fab018728c4570c6d9fbd794.jpg,bathtub,0.28642737865448,260.0590209960937,457.9597473144531,592.6517944335938,642.406494140625,variants,Image file: image_113_jpg.rf.919e53f9fab018728c4570c6d9fbd794.jpg. Detected amenity: bathtub. Detection confidence: low (0.29). Source prompt type: variants.,"You are generating hotel amenity questions for guests browsing accommodation photos. Given the detection summary below, generate a hotel amenity related question that a guest may ask or a guest might want to be answeredwhile browsing accommodation images. Keep the question short, factual, and neutral. Detection summary: Image file: image_113_jpg.rf.919e53f9fab018728c4570c6d9fbd794.jpg. Detected amenity: bathtub. Detection confidence: low (0.29). Source prompt type: variants. Question:",What is the name of the hotel amenity?,What is the name of the hotel's bathtub?,Does the room have a bathtub?,Does the room have a separate shower or is it a shower over the bathtub?
image_141_jpg.rf.ed46ccd2378f1ef471d027575068e08b.jpg,bathtub,0.1263479143381118,191.52078247070312,505.4380798339844,471.2483215332031,641.3060913085938,variants,Image file: image_141_jpg.rf.ed46ccd2378f1ef471d027575068e08b.jpg. Detected amenity: bathtub. Detection confidence: low (0.13). Source prompt type: variants.,"You are generating hotel amenity questions for guests browsing accommodation photos. Given the detection summary below, generate a hotel amenity related question that a guest may ask or a guest might want to be answeredwhile browsing accommodation images. Keep the question short, factual, and neutral. Detection summary: Image file: image_141_jpg.rf.ed46ccd2378f1ef471d027575068e08b.jpg. Detected amenity: bathtub. Detection confidence: low (0.13). Source prompt type: variants. Question:",What is the name of the hotel amenity?,What is the name of the hotel's bathtub?,Does this room have a bathtub?,Does the bathtub have a shower attachment?
image_161_jpg.rf.1733468d50607110358e42805a0c0641.jpg,jacuzzi bathtub,0.121134728193283,2.491436004638672,2.2541236877441406,640.3802490234375,639.2767333984375,variants,Image file: image_161_jpg.rf.1733468d50607110358e42805a0c0641.jpg. Detected amenity: jacuzzi bathtub. Detection confidence: low (0.12). Source prompt type: variants.,"You are generating hotel amenity questions for guests browsing accommodation photos. Given the detection summary below, generate a hotel amenity related question that a guest may ask or a guest might want to be answeredwhile browsing accommodation images. Keep the question short, factual, and neutral. Detection summary: Image file: image_161_jpg.rf.1733468d50607110358e42805a0c0641.jpg. Detected amenity: jacuzzi bathtub. Detection confidence: low (0.12). Source prompt type: variants. Question:",What type of amenity is the jacuzzi bathtub?,What is the name of the hotel's jacuzzi bathtub?,Does the room come with a jacuzzi bathtub?,Is the jacuzzi bathtub available for guest use?
image_161_jpg.rf.1733468d50607110358e42805a0c0641.jpg,bathtub with shower,0.1092055290937423,409.43853759765625,4.350872039794922,643.731689453125,642.1722412109375,variants,Image file: image_161_jpg.rf.1733468d50607110358e42805a0c0641.jpg. Detected amenity: bathtub with shower. Detection confidence: low (0.11). Source prompt type: variants.,"You are generating hotel amenity questions for guests browsing accommodation photos. Given the detection summary below, generate a hotel amenity related question that a guest may ask or a guest might want to be answeredwhile browsing accommodation images. Keep the question short, factual, and neutral. Detection summary: Image file: image_161_jpg.rf.1733468d50607110358e42805a0c0641.jpg. Detected amenity: bathtub with shower. Detection confidence: low (0.11). Source prompt type: variants. Question:",What is the name of the hotel with a bathtub with shower?,What is the size of the bathroom?,Does the room have a separate bathtub and shower or a combined bathtub with shower?,Does the bathtub have a separate shower enclosure?
image_161_jpg.rf.1733468d50607110358e42805a0c0641.jpg,bathtub,0.5775228142738342,443.2611083984375,422.1797180175781,637.4932861328125,637.87158203125,variants,Image file: image_161_jpg.rf.1733468d50607110358e42805a0c0641.jpg. Detected amenity: bathtub. Detection confidence: medium (0.58). Source prompt type: variants.,"You are generating hotel amenity questions for guests browsing accommodation photos. Given the detection summary below, generate a hotel amenity related question that a guest may ask or a guest might want to be answeredwhile browsing accommodation images. Keep the question short, factual, and neutral. Detection summary: Image file: image_161_jpg.rf.1733468d50607110358e42805a0c0641.jpg. Detected amenity: bathtub. Detection confidence: medium (0.58). Source prompt type: variants. Question:",What is the name of the hotel amenity?,What type of amenity is the bathtub?,Does this room have a bathtub?,Is the bathtub separate from the shower?
image_206_jpg.rf.715b9da1a1fbec1888e8e90640f74cd3.jpg,jacuzzi bathtub,0.1114121228456497,204.1234741210937,471.15435791015625,624.8607788085938,634.1349487304688,variants,Image file: image_206_jpg.rf.715b9da1a1fbec1888e8e90640f74cd3.jpg. Detected amenity: jacuzzi bathtub. Detection confidence: low (0.11). Source prompt type: variants.,"You are generating hotel amenity questions for guests browsing accommodation photos. Given the detection summary below, generate a hotel amenity related question that a guest may ask or a guest might want to be answeredwhile browsing accommodation images. Keep the question short, factual, and neutral. Detection summary: Image file: image_206_jpg.rf.715b9da1a1fbec1888e8e90640f74cd3.jpg. Detected amenity: jacuzzi bathtub. Detection confidence: low (0.11). Source prompt type: variants. Question:",What type of amenity is the jacuzzi bathtub?,What is the name of the hotel's jacuzzi bathtub?,Does this room come with a jacuzzi bathtub?,Does the room have a private jacuzzi bathtub?
image_75_jpg.rf.80388cd6dc634fd170f4b49f5db2a739.jpg,bathtub,0.1425973623991012,15.679149627685549,492.6260986328125,355.7933044433594,638.5499267578125,variants,Image file: image_75_jpg.rf.80388cd6dc634fd170f4b49f5db2a739.jpg. Detected amenity: bathtub. Detection confidence: low (0.14). Source prompt type: variants.,"You are generating hotel amenity questions for guests browsing accommodation photos. Given the detection summary below, generate a hotel amenity related question that a guest may ask or a guest might want to be answeredwhile browsing accommodation images. Keep the question short, factual, and neutral. Detection summary: Image file: image_75_jpg.rf.80388cd6dc634fd170f4b49f5db2a739.jpg. Detected amenity: bathtub. Detection confidence: low (0.14). Source prompt type: variants. Question:",What is the name of the hotel amenity?,What is the name of the hotel's bathtub?,Does this room have a bathtub?,Does the hotel room have a standalone bathtub?
image_155_jpg.rf.e1f7532cfc45538616d9e76448fb8ab2.jpg,bathtub,0.4180261790752411,21.898298263549805,430.63128662109375,321.84002685546875,639.0975341796875,variants,Image file: image_155_jpg.rf.e1f7532cfc45538616d9e76448fb8ab2.jpg. Detected amenity: bathtub. Detection confidence: medium (0.42). Source prompt type: variants.,"You are generating hotel amenity questions for guests browsing accommodation photos. Given the detection summary below, generate a hotel amenity related question that a guest may ask or a guest might want to be answeredwhile browsing accommodation images. Keep the question short, factual, and neutral. Detection summary: Image file: image_155_jpg.rf.e1f7532cfc45538616d9e76448fb8ab2.jpg. Detected amenity: bathtub. Detection confidence: medium (0.42). Source prompt type: variants. Question:",What is the name of the hotel amenity?,What type of amenity is the bathtub?,Does this room have a bathtub?,Is the bathtub a standalone unit or part of a combined shower and bathtub?
image_207_jpg.rf.726375a50f5cd855de3ec88e741a71b9.jpg,bathtub,0.2098097056150436,321.4425964355469,383.5330200195313,643.783447265625,633.10400390625,variants,Image file: image_207_jpg.rf.726375a50f5cd855de3ec88e741a71b9.jpg. Detected amenity: bathtub. Detection confidence: low (0.21). Source prompt type: variants.,"You are generating hotel amenity questions for guests browsing accommodation photos. Given the detection summary below, generate a hotel amenity related question that a guest may ask or a guest might want to be answeredwhile browsing accommodation images. Keep the question short, factual, and neutral. Detection summary: Image file: image_207_jpg.rf.726375a50f5cd855de3ec88e741a71b9.jpg. Detected amenity: bathtub. Detection confidence: low (0.21). Source prompt type: variants. Question:",What is the name of the hotel amenity?,What is the name of the hotel's bathtub?,Does this room have a bathtub?,Does the bathtub have a shower attachment?
image_175_jpg.rf.f6ea66016e19eca6bed70a83cf868b02.jpg,jacuzzi bathtub,0.1358553767204284,95.2456512451172,50.05239486694336,553.44287109375,496.5594482421875,variants,Image file: image_175_jpg.rf.f6ea66016e19eca6bed70a83cf868b02.jpg. Detected amenity: jacuzzi bathtub. Detection confidence: low (0.14). Source prompt type: variants.,"You are generating hotel amenity questions for guests browsing accommodation photos. Given the detection summary below, generate a hotel amenity related question that a guest may ask or a guest might want to be answeredwhile browsing accommodation images. Keep the question short, factual, and neutral. Detection summary: Image file: image_175_jpg.rf.f6ea66016e19eca6bed70a83cf868b02.jpg. Detected amenity: jacuzzi bathtub. Detection confidence: low (0.14). Source prompt type: variants. Question:",What type of amenity is the jacuzzi bathtub?,What is the name of the hotel's jacuzzi bathtub?,Does this room come with a jacuzzi bathtub?,Does the jacuzzi bathtub have temperature control?
image_175_jpg.rf.f6ea66016e19eca6bed70a83cf868b02.jpg,bathtub,0.2741737961769104,102.60725402832033,134.26248168945312,552.703369140625,471.55120849609375,variants,Image file: image_175_jpg.rf.f6ea66016e19eca6bed70a83cf868b02.jpg. Detected amenity: bathtub. Detection confidence: low (0.27). Source prompt type: variants.,"You are generating hotel amenity questions for guests browsing accommodation photos. Given the detection summary below, generate a hotel amenity related question that a guest may ask or a guest might want to be answeredwhile browsing accommodation images. Keep the question short, factual, and neutral. Detection summary: Image file: image_175_jpg.rf.f6ea66016e19eca6bed70a83cf868b02.jpg. Detected amenity: bathtub. Detection confidence: low (0.27). Source prompt type: variants. Question:",What is the name of the hotel amenity?,What is the name of the hotel's bathtub?,Does the room have a bathtub?,Is the bathtub separate from the shower?
image_175_jpg.rf.f6ea66016e19eca6bed70a83cf868b02.jpg,jacuzzi bathtub,0.1000002324581146,92.42950439453124,139.0975341796875,543.88720703125,475.5563354492188,variants,Image file: image_175_jpg.rf.f6ea66016e19eca6bed70a83cf868b02.jpg. Detected amenity: jacuzzi bathtub. Detection confidence: low (0.10). Source prompt type: variants.,"You are generating hotel amenity questions for guests browsing accommodation photos. Given the detection summary below, generate a hotel amenity related question that a guest may ask or a guest might want to be answeredwhile browsing accommodation images. Keep the question short, factual, and neutral. Detection summary: Image file: image_175_jpg.rf.f6ea66016e19eca6bed70a83cf868b02.jpg. Detected amenity: jacuzzi bathtub. Detection confidence: low (0.10). Source prompt type: variants. Question:",What is the name of the hotel that has a jacuzzi?,What is the name of the hotel's jacuzzi bathtub?,Does this room come with a jacuzzi bathtub?,Does the jacuzzi bathtub have temperature control?
image_138_jpg.rf.ac9e503a47e8d80288f85ec27c1c925f.jpg,bathtub,0.1982137262821197,354.518798828125,383.4087524414063,607.3251953125,555.2789916992188,variants,Image file: image_138_jpg.rf.ac9e503a47e8d80288f85ec27c1c925f.jpg. Detected amenity: bathtub. Detection confidence: low (0.20). Source prompt type: variants.,"You are generating hotel amenity questions for guests browsing accommodation photos. Given the detection summary below, generate a hotel amenity related question that a guest may ask or a guest might want to be answeredwhile browsing accommodation images. Keep the question short, factual, and neutral. Detection summary: Image file: image_138_jpg.rf.ac9e503a47e8d80288f85ec27c1c925f.jpg. Detected amenity: bathtub. Detection confidence: low (0.20). Source prompt type: variants. Question:",What is the name of the hotel amenity?,What is the name of the hotel's bathtub?,Does this room have a bathtub?,Is there a bathtub in the room?
image_279_fp_jpg.rf.257d3bba29f9a71a77c73008ed37559f.jpg,jacuzzi bathtub,0.1213501542806625,-1.4758777618408203,297.0372009277344,284.1410827636719,638.9886474609375,variants,Image file: image_279_fp_jpg.rf.257d3bba29f9a71a77c73008ed37559f.jpg. Detected amenity: jacuzzi bathtub. Detection confidence: low (0.12). Source prompt type: variants.,"You are generating hotel amenity questions for guests browsing accommodation photos. Given the detection summary below, generate a hotel amenity related question that a guest may ask or a guest might want to be answeredwhile browsing accommodation images. Keep the question short, factual, and neutral. Detection summary: Image file: image_279_fp_jpg.rf.257d3bba29f9a71a77c73008ed37559f.jpg. Detected amenity: jacuzzi bathtub. Detection confidence: low (0.12). Source prompt type: variants. Question:",What type of amenity is the jacuzzi bathtub?,What is the name of the hotel's jacuzzi bathtub?,Does this room come with a jacuzzi bathtub?,Is the jacuzzi bathtub available in every room?
image_123_jpg.rf.e87d07c04b184177c5c84d27fb5ce202.jpg,bathtub with shower,0.122044488787651,-2.113189697265625,2.802925109863281,635.2457275390625,640.467529296875,variants,Image file: image_123_jpg.rf.e87d07c04b184177c5c84d27fb5ce202.jpg. Detected amenity: bathtub with shower. Detection confidence: low (0.12). Source prompt type: variants.,"You are generating hotel amenity questions for guests browsing accommodation photos. Given the detection summary below, generate a hotel amenity related question that a guest may ask or a guest might want to be answeredwhile browsing accommodation images. Keep the question short, factual, and neutral. Detection summary: Image file: image_123_jpg.rf.e87d07c04b184177c5c84d27fb5ce202.jpg. Detected amenity: bathtub with shower. Detection confidence: low (0.12). Source prompt type: variants. Question:",What is the name of the hotel with a bathtub with shower?,What is the size of the bathroom?,Does the room have a separate bathtub and shower or a combined unit?,Is the bathtub in the bathroom separate from the shower?
image_123_jpg.rf.e87d07c04b184177c5c84d27fb5ce202.jpg,bathtub,0.1475982666015625,1.3317489624023438,3.0496788024902344,297.6628723144531,637.932373046875,variants,Image file: image_123_jpg.rf.e87d07c04b184177c5c84d27fb5ce202.jpg. Detected amenity: bathtub. Detection confidence: low (0.15). Source prompt type: variants.,"You are generating hotel amenity questions for guests browsing accommodation photos. Given the detection summary below, generate a hotel amenity related question that a guest may ask or a guest might want to be answeredwhile browsing accommodation images. Keep the question short, factual, and neutral. Detection summary: Image file: image_123_jpg.rf.e87d07c04b184177c5c84d27fb5ce202.jpg. Detected amenity: bathtub. Detection confidence: low (0.15). Source prompt type: variants. Question:",What is the name of the hotel amenity?,What is the name of the hotel's bathtub?,Does the room have a bathtub?,Is a bathtub available in the room?
image_123_jpg.rf.e87d07c04b184177c5c84d27fb5ce202.jpg,bathtub,0.2876538634300232,2.540864944458008,472.33404541015625,269.9959716796875,640.8323974609375,variants,Image file: image_123_jpg.rf.e87d07c04b184177c5c84d27fb5ce202.jpg. Detected amenity: bathtub. Detection confidence: low (0.29). Source prompt type: variants.,"You are generating hotel amenity questions for guests browsing accommodation photos. Given the detection summary below, generate a hotel amenity related question that a guest may ask or a guest might want to be answeredwhile browsing accommodation images. Keep the question short, factual, and neutral. Detection summary: Image file: image_123_jpg.rf.e87d07c04b184177c5c84d27fb5ce202.jpg. Detected amenity: bathtub. Detection confidence: low (0.29). Source prompt type: variants. Question:",What is the name of the hotel amenity?,What is the name of the hotel's bathtub?,Does the room have a bathtub?,Is the bathtub separate from the shower?
