image,label,score,x1,y1,x2,y2,2_5_flash_question_1,2_5_flash_question_2,2_5_flash_question_3,2_5_flash_question_4,2_5_flash_question_5,2_5_pro_question_1,2_5_pro_question_2,2_5_pro_question_3,2_5_pro_question_4,2_5_pro_question_5,3_pro_preview_question_1,3_pro_preview_question_2,3_pro_preview_question_3,3_pro_preview_question_4,3_pro_preview_question_5
image_28_jpg.rf.b8535e3aa3218282cc77a22a4746d940.jpg,bathtub,0.2933827042579651,-0.2539634704589844,351.459228515625,354.25439453125,601.0574951171875,"Does this bathtub offer any special features like jets, air bubbles, or chromotherapy lighting?","Is this a full-sized tub suitable for an adult to fully recline, or is it a more compact soaking tub?","Is there a separate shower enclosure in the bathroom, or is this bathtub also used for showering?","What is the material of the bathtub, and is it known for retaining heat well for long soaks?",Does the bathtub have an ergonomic backrest or comfortable sloped sides for extended relaxation?,"Is this a deep-soaking tub, or is it a standard depth?","Does the tub have a shower head in it, or is there a separate walk-in shower?",Are there any luxury features like whirlpool or jacuzzi jets?,Is there a handheld shower sprayer attached to the tub's fixtures?,"Given the upscale look, are the bathtub's faucet and drain made of high-quality, modern materials?",Does this bathroom include a double vanity for shared use?,Is there a separate shower stall in addition to the bathtub?,Is the bathtub a deep soaking tub or a standard size?,Is there plenty of counter space for toiletries and personal items?,Does the room feature luxury touches like marble surfaces and gold accents?
image_28_jpg.rf.b8535e3aa3218282cc77a22a4746d940.jpg,bathtub,0.5284017324447632,333.8162536621094,436.6530151367188,637.705322265625,637.6221313476562,"Is there a proper shower setup with a curtain or glass screen, or is this tub only for bathing?","How deep is the tub, and would it comfortably accommodate an average adult for a full soak?",Are the bathtub fixtures modern and do they include a handheld shower attachment?,"Is the wide marble surround practical for placing toiletries, candles, or a book while bathing?",Does this bathtub feature any jets or a whirlpool function for a more luxurious experience?,"Does this bathtub have a shower head, or is there a separate walk-in shower in the bathroom?","Is this a full-size soaking tub, long enough for a taller adult to stretch out in?",Is the wide tub surround made of real marble?,Does the tub have any whirlpool or jetted features?,"I see a grab bar, but is there also a handheld shower wand attached to the fixtures?",Does the bathtub appear deep enough for a comfortable full-body soak?,"Is there a separate shower enclosure, or is this a tub-shower combination?","Does the tub have whirlpool jets for a spa-like experience, or is it a standard model?",Is the grab handle positioned well for safely getting in and out of the tub?,Is the wide rim around the tub spacious enough to hold bath products or a book?
image_107_jpg.rf.af5e3a5945f12270da1104b704bdc995.jpg,bathtub,0.49327152967453,340.69805908203125,373.4248046875,579.342529296875,633.9684448242188,"Does the shower have good water pressure and adjustable settings, or is it a basic fixed head?","Is this a standard-sized tub comfortable for soaking, or is it primarily designed for showering?","Does the tub and shower surround feel sturdy and well-maintained, or is it prone to creaks and wear?","Are there any amenities like a non-slip bottom, built-in shelf for toiletries, or a deep basin for a more comfortable bath?","How accessible is the tub, particularly regarding the step-over height, and is the grab bar securely installed?","Is this a full-size bathtub long enough for an adult to soak in, or is it a more compact model?","What type of shower head is installed (e.g., fixed, handheld, or rainfall)?",Are those two small molded ledges the only storage space for toiletries inside the shower?,Does the tub floor have a non-slip texture for safety when showering?,"Is this just a standard soaking tub, or does it have any luxury features like whirlpool jets?",Is the bathtub a shower-tub combination or a tub only?,Does the tub area have grab bars installed for safety and accessibility?,Does the bathtub appear deep enough for a soaking bath or is it a shallow standard model?,Is the tub surround made of tile or a plastic insert?,Does the bathroom layout feel cramped with the toilet positioned close to the tub?
image_182_jpg.rf.d060435883ce78592cae06e17b14f735.jpg,bathtub,0.1267427653074264,252.61990356445312,480.101806640625,521.6730346679688,571.29052734375,"Is the glass panel a full shower screen, or does it only partially cover the tub, potentially leading to splashes?","Does the bathtub have a decent depth for a relaxing soak, or is it a more shallow, standard tub?","Do the bathtub fixtures and tiling appear modern and well-maintained, or are they showing signs of wear?","Are there any special features to the tub, like jets or a built-in headrest, or is it a standard model?",Is there enough flat surface on the edge of the tub or nearby for holding toiletries like soap and shampoo?,"Is this a full-size bathtub, or is it a more compact model for showering?",Does the partial glass screen do a good job of preventing water from splashing onto the bathroom floor?,Are there any grab bars inside the tub for safety when getting in and out?,"Does the tub have any luxury features, such as whirlpool jets?","Given the granite-style walls and chrome fixtures, how recently was this bathroom renovated?",Does the bathtub appear deep enough for a comfortable soaking experience?,Does the bath include a glass screen instead of a shower curtain to prevent splashing?,Are there safety grab bars installed on the wall for easier accessibility?,Does the bathroom feature durable stone or granite tiling around the tub area?,Is the layout spacious enough between the sink and the bathtub?
image_189_jpg.rf.4cea852ad7c21055001c0bbcd5a04701.jpg,bathtub,0.2141040563583374,247.40573120117188,371.1950988769531,396.1306457519531,464.630615234375,Does this modern freestanding tub have any special features like jets or air bubble massage?,"What are the dimensions of this soaking tub, and is it deep enough for a comfortable full-body soak?","Is there a separate walk-in shower enclosure in the bathroom, or is this beautiful tub the only bathing option?","What material is the tub made from, and does it retain heat well for a long, relaxing bath?","Is there a convenient spot or ledge near the tub to place toiletries, a drink, or a book while bathing?",How long is this tub? Is it deep enough for a 6-foot person to comfortably soak?,"Is there a separate walk-in shower, or is the handheld fixture attached to the tub the only shower option?","Besides the small stool, is there any built-in shelf or ledge for placing toiletries and a drink?","What material is the tub made from, and does it retain heat well for a long bath?","Does this tub have any luxury features, like air jets or a whirlpool system?",Is the bathtub deep enough for a full-body soaking experience?,Does the bathroom include a separate walk-in shower in addition to the freestanding tub?,Is the small side table convenient for holding bath amenities or a drink?,Is the tub spacious enough to comfortably accommodate two people?,Are the high sides of the tub easy to step over for entry and exit?
image_190_jpg.rf.9ca1b83677aad57f957076376edd7669.jpg,bathtub,0.1465736329555511,204.3641357421875,371.9030151367188,633.6339721679688,630.235595703125,Is the bathtub deep enough for a comfortable full-body soak?,Does this tub have any special features like jets or a whirlpool function?,"How high is the step-in to the bathtub, and is it suitable for guests with mobility concerns?","Are the bathtub fixtures, like the faucet and drain, modern and well-maintained?","Is the shower separate from the bathtub, allowing for both options in the bathroom?","Is that a separate walk-in shower next to the tub, or is it a single shower-over-tub combination?",How long is the bathtub? Is it a full-size tub suitable for an adult to stretch out in?,Are there any safety grab bars to help with stepping over the high marble side of the bathtub?,Does the tub have whirlpool or jet functions?,What type of shower head is in the walk-in shower — is it a standard or a rainfall-style head?,Does the bathroom feature both a bathtub and a separate walk-in shower area?,Does the bathtub appear deep and spacious enough for a comfortable soak?,Is there enough counter space on the vanity to hold personal toiletries?,Does the shower setup include a handheld wand for flexibility?,Is the marble wall around the tub low enough to step over easily?
image_190_jpg.rf.9ca1b83677aad57f957076376edd7669.jpg,bathtub,0.2456268221139907,209.84591674804688,408.6604309082031,408.4441528320313,604.046142578125,"Does the shower over the tub have a full enclosure to prevent water splashing, or just the partial glass screen shown?","How deep is this bathtub, and is it comfortable for a full body soak?","What is the step-up height to get into this tub/shower combination, especially for guests with mobility concerns?","Does the tub or the surrounding marble enclosure show any signs of wear, chips, or dated appearance?","Are there any special features like jets, non-slip surfaces, or an integrated seat within the bathtub?","Given the wide marble surround, is the tub itself full-length and deep enough for an adult to comfortably soak?","Is the shower head fixed, or is it a handheld wand that can be used to prevent splashing outside the glass panel?","Considering the high step-over, are there any grab bars inside or next to the tub for safety?","Does this tub have any luxury features like whirlpool jets, or is it just a standard soaking tub?","Are the fixtures modern, and does the drain stopper hold water effectively for a full bath?",Is the bathtub deep enough for a full-body soak?,Does the partial glass partition effectively keep water from splashing onto the floor?,Does the extensive marble tiling give the bathroom a luxurious or dated feel?,Are the wall-mounted toiletry dispensers filled with high-quality products?,Is the wide marble edge convenient for getting in and out of the tub?
image_190_jpg.rf.9ca1b83677aad57f957076376edd7669.jpg,bathtub,0.1543910801410675,387.5138854980469,517.1959228515625,636.1795654296875,637.8814086914062,"Does this accommodation feature a full-sized bathtub, or is this photo showing a dedicated walk-in shower?","What are the approximate dimensions of the shower area, particularly its width and depth?",Are the dark marks visible on the marble surface and in the corners signs of permanent wear or just a temporary spot that will be cleaned?,"Does the shower have any built-in shelving or a niche for toiletries, or is the visible low ledge the only place to set items?","Considering the marble floor, is the shower base treated with a non-slip surface, or are bath mats provided for safety?","Is this a walk-in shower only, or is there also a separate bathtub in the room?",The marble on the floor appears stained or discolored; is this due to wear and tear or a cleaning issue?,How high is that step to get into the shower?,"Is the shower stall spacious, or is it a more compact size?","What kind of shower head does it have, a standard one or a rainfall-style head?",Is the step into the enclosure too high for guests with limited mobility to access safely?,"Does the polished stone flooring inside appear slippery, or is there a textured non-slip surface?","Is this a walk-in shower configuration, or does the enclosure actually contain a bathtub?",Does the glass door form a tight seal at the bottom to prevent water leaking onto the bathroom floor?,Do the marble tiles and grout lines appear clean and free of mold or water damage?
image_48_jpg.rf.1d874ce20336c05973439631199b88c0.jpg,bathtub,0.1878546327352523,46.44190979003906,377.1609802246094,327.4816589355469,638.15625,"Is this bathtub a standard size for an adult to relax in, or is it more compact, suitable for just showering?","Is there a fixed, wall-mounted shower head in addition to the handheld shower sprayer shown?","Do the bathtub and visible fixtures appear to be modern and well-maintained, or older and showing signs of wear?",Is there any non-slip surfacing or mat provided within the tub for safety when showering?,Is there sufficient accessible ledge or shelf space around the tub or sink for personal toiletries?,"Is this a full-length bathtub or a shorter, Japanese-style soaking tub?",Can the handheld shower wand be mounted on the wall for a hands-free shower?,"What material is the tub made of, and does it feel sturdy?","Besides the grab bar, does the tub have a non-slip surface for safety?","How deep is the tub for soaking, and does the overflow drain allow for a deep fill?","Does the bathtub appear to be full-length or a compact, deeper style?",Is there a handheld showerhead attachment for flexibility?,Is the bathroom layout tight with the sink positioned very close to the tub?,Are there grab bars installed on the wall for safety?,Is there enough ledge space to hold toiletries while showering?
image_82_jpg.rf.dcaf4e02875272c066c6c218df348895.jpg,bathtub,0.1378785669803619,342.524169921875,403.2315368652344,627.0206298828125,634.38427734375,Does the tub come with a shower curtain or a glass enclosure to prevent water splashing out when showering?,"How deep is the bathtub itself, and is it comfortable enough for an adult to have a proper soak?","What material is the bathtub made from (e.g., acrylic, cast iron), and does it retain heat well for long baths?","Are there any luxury features not visible, such as water jets, a non-slip surface, or built-in grab bars?","Is there enough clear space around the tub, especially near the toilet, to easily step in and out without feeling cramped?",How deep is this tub? It looks more like a compact soaking tub than a full-length one.?,Is there a shower curtain or glass screen provided to prevent water from splashing out?,"Given the high tub wall, are there any grab bars to assist with getting in and out safely?","Is there only a handheld shower wand, or is there also a fixed, overhead shower head?",Is there any ledge space around the tub itself for placing toiletries?,Does the bathtub appear deep enough for a comfortable full-body soak?,"Is there a shower curtain or glass partition to prevent water splashing, as one isn't visible?",Does the tub look like a standard full-size model or a shorter compact version?,"Is the showerhead limited to the handheld wand shown, or is there an overhead mount?",Is the space between the toilet and the bathtub too tight for easy access?
image_106_jpg.rf.e25bdeb6e8ad8bc2c8873c4a044711d0.jpg,bathtub,0.3813737332820892,258.51568603515625,368.6380310058594,602.1246948242188,636.8216552734375,"Is there a separate dedicated shower, or is showering done using the handheld faucet shown with this bathtub?","Does the unique shape of this tub allow for comfortable full-body soaking for an average adult, especially regarding legroom?","What is the material of this red tub, and does it retain heat well for a long bath?","Given the open design, does showering in this area mean the entire bathroom floor will get wet, and how quickly does it dry?","Does this modern bathtub include any luxury features like jets, air bubbles, or a heater?","Is this a shorter, Japanese-style soaking tub for sitting, or is it long enough for an adult to stretch out?","Does the bathroom have a separate walk-in shower, or is the shower function just the handheld wand in the tub?",The sides of the tub look very high; how easy is it to step in and out of?,"What material is this red tub made from? The matte finish looks unique, but is it comfortable to lean against?","Does this deep tub have any luxury features like whirlpool jets, or is it a standard non-jetted soaker?",Is this a deep soaking tub suitable for full-body immersion?,"Does the bathroom feature a ""wet room"" design with an open shower next to the tub?",Does the tub fixture come with a handheld shower attachment for rinsing off?,Is the rim height manageable for getting in and out of the tub safely?,Is there accessible shelf space near the tub for bath products or a drink?
image_213_jpg.rf.3210fc4e335bddb375f596f76f443609.jpg,bathtub,0.156471773982048,72.90190124511719,201.8408966064453,451.4958190917969,357.93853759765625,"Is there a shower head or a separate shower available, or is this solely a soaking tub?",Does this built-in tub have any spa features like jets or a whirlpool function?,"How deep is this soaking tub, and is it comfortable for two adults?","Are the children's bath toys a standard offering in this room type, indicating it's specifically family-friendly?",What is the general condition and cleanliness of the grout and tile work around the tub?,"Is there a separate shower, or is this a bath-only setup without a shower head?","Is this a deep soaking tub, or is it a standard, more shallow depth?",Are the children's bath toys shown in the picture an included amenity for guests with families?,"Besides the main faucet, is there a handheld shower sprayer for rinsing?","How would you describe the fixtures? Are they modern, or do they appear a bit dated?",Does the bathtub appear deep and wide enough for a comfortable soaking experience?,"Is there a separate shower stall available, as no shower head is visible in the photo?",Are the children's bath toys shown included as a standard amenity for family rooms?,Do the bathroom tiles and fixtures appear modern or slightly dated?,Is there enough deck space around the tub to hold personal items and toiletries?
image_20_jpg.rf.d75748499f118bc755aa30fe2f02ffb2.jpg,bathtub,0.2179747819900512,58.470211029052734,230.45681762695312,457.5777587890625,606.2593383789062,Does this bathtub feature a working whirlpool system with adjustable jet settings?,"How deep is this tub and is it comfortable for someone to fully submerge, or is it more of a shallow soaker?","Is there a separate walk-in shower available in the bathroom, or does showering occur within this tub?",What are the cleaning protocols for the jets and internal plumbing of the jetted tub to ensure hygiene?,Does the window directly above the bathtub have any privacy coverings like blinds or opaque film?,"Are those actual whirlpool jets, and can you control their intensity?","Is there a separate walk-in shower in the bathroom, or is this a bath-only setup?",Is this tub deep and long enough for a tall adult to comfortably soak?,Can the blinds on the window above the tub be fully closed for privacy?,"Is the grab bar standard in all rooms, or does this indicate it's an accessible room?",Does the bathtub feature whirlpool jets for a relaxing spa experience?,Is the tub designed as a deep soaking bath for full immersion?,Is there a handheld shower attachment included with the faucet?,Are there safety grab bars installed to assist with entering and exiting the tub?,Does the window next to the tub offer natural light while ensuring privacy?
image_178_jpg.rf.6edc380713af1c2a2d007cb73c1e94a5.jpg,bathtub,0.5054623484611511,20.702152252197266,438.7805480957031,300.5198059082031,637.025390625,"Is the shower head a fixed type, or does it also have a detachable handheld sprayer?",Is the bathtub deep enough to fully immerse in for a relaxing bath?,"Does the bathtub come with any special features like jets, or is it a standard soaking tub?","What's the step-over height of the bathtub, especially for guests with mobility concerns?",Are the tub and surrounding tiles typically well-maintained and free of discoloration or mildew?,"How deep is the tub, and is it long enough for an adult to comfortably soak in?",Are there any built-in shelves or ledges inside the shower for holding shampoo and soap?,"Is the shower head adjustable with different spray settings, or is it a fixed type?",Does the bottom of the tub have a non-slip surface for safety?,"Is the wall surround made of real tile, or is it a single-piece acrylic/fiberglass unit?",Is the bathtub deep enough for a comfortable soak?,Does the shower feature an adjustable handheld wand?,Do the tiles and grout look clean and well-maintained?,Is the bathroom layout cramped with the toilet right next to the tub?,Is the enclosure a fabric curtain instead of a glass door?
image_140_jpg.rf.c4e445ec565bc828426802e9d00d2e2e.jpg,bathtub,0.1447111517190933,4.836082458496094,2.447509765625,369.4318237304688,639.0982666015625,"Is the shower head adjustable for height or spray pattern, or is it a fixed single-setting type?","How deep is the bathtub, and does it feel spacious enough for a comfortable soak for an adult?","Are the wall-mounted dispensers the only toiletries provided, and are they stocked with quality brands like shampoo, conditioner, and body wash?","Does the tub and shower surround feel sturdy and clean, or is the material thin and prone to showing wear?",Are there any grab bars or non-slip surfaces within the tub area for added safety and stability?,How deep is the bathtub; is it a standard size or more of a shallow soaking tub?,Are the shampoo and soap provided in those wall-mounted dispensers?,What is the water pressure like from that showerhead?,"Is that a curved shower rod, which would provide more elbow room while showering?","Does the tub have any safety features, like a non-slip surface or grab bars?",Does the shower feature a handheld wand or just a fixed wall-mounted head?,Are the toiletries provided in wall-mounted bulk dispensers rather than individual bottles?,Does the bathtub look deep enough for a comfortable soak or is it relatively shallow?,Is the tub surround made of high-end tile or a standard fiberglass mold?,Does the shower have a curved curtain rod to offer more space while showering?
image_140_jpg.rf.c4e445ec565bc828426802e9d00d2e2e.jpg,bathtub,0.1032444760203361,158.88946533203125,493.0511779785156,310.7587280273437,619.0035400390625,"Given the shower curtain, is this the only shower option, or is there a separate walk-in shower available?","Does the bathtub appear to be new and modern, or is it older and potentially worn?","Is that white item a fixed, comfortable headrest for soaking, or is it a removable accessory?","Does this look like a decent size for a relaxing soak, or more like a standard, functional tub?",Are there any jets or special features like a whirlpool integrated into this bathtub?,"Is this a shower/tub combo, or is it a soaking-only tub?","Is that white headrest a permanent, built-in feature of the tub?","Is this a full-sized tub suitable for a tall person, or is it a more compact model?",Are there any safety grab bars installed in or around the tub that aren't visible in the photo?,Does this tub have whirlpool jets or any other luxury features?,Is this a shower and tub combination or a bathtub only?,Does the bathtub appear deep enough for a comfortable soak?,"Is the vanity counter positioned too close to the bathtub, making the space feel cramped?",Does the tub surface look clean and free of visible wear or stains?,Are the bathroom fixtures and finishes modern or do they look dated?
image_140_jpg.rf.c4e445ec565bc828426802e9d00d2e2e.jpg,bathtub,0.3431857824325561,15.23784637451172,484.3560485839844,375.9062194824219,636.042236328125,Is the grab bar sturdy and suitable for assisting with entry and exit from the tub?,Does the bathtub offer enough length and depth for a comfortable adult soak?,"Is the white cushion on the tub edge a permanent headrest for bathing comfort, or a decorative item?","Do the bathtub fixtures look modern and well-maintained, or older and showing wear?","What type of shower head is installed above this tub – is it a fixed, rainfall, or handheld style?","Is this a full-size tub for soaking, or is it a more compact, shower-focused size?","Does the shower have a fixed head, or is it a handheld, adjustable wand?","Are there any safety features, like the grab bar shown or a non-slip surface in the tub?",How would you describe the water pressure for the shower?,"Is this a standard soaking tub, or does it have any whirlpool or jet features?",Does the bathtub appear to be a standard depth or a deep soaking tub?,Is the space between the vanity and the bathtub tight or spacious?,Is there plenty of counter space on the vanity for toiletries?,Do the bathroom fixtures and decor look modern or dated?,Does the tub surface appear clean and well-maintained?
image_199_jpg.rf.ce53fb235760cc9c51bba7b701b7ddbf.jpg,bathtub,0.4076863527297973,217.19764709472656,419.2214660644531,411.6812438964844,561.9358520507812,"Is there a separate shower in addition to this bathtub, or is showering only possible with the handheld attachment?","What are the internal dimensions of the tub, specifically the length and depth, to assess its suitability for a full soak?","Are the chrome fixtures and the tub itself in pristine condition, or are there any signs of wear, tarnish, or damage?","Does this freestanding tub offer any luxury features such as jets, air bubbles, or is it a standard soaking tub?","Is there adequate space directly around the tub or on the nearby vanity for bath products like shampoo, soap, and towels?","Is the handheld faucet the only shower option, or is there a separate walk-in shower in the bathroom?",Is this a full-size soaking tub that's long enough for a tall person to comfortably stretch out in?,"How high is the side of the tub to step over, and are there any grab bars for getting in and out safely?","Is the tub made from cast iron that retains heat for a long time, or is it a lighter acrylic material?","Are luxury bath products, like bubble bath or bath salts, provided to use with the tub?",Is this a deep soaking tub suitable for a relaxing full-body bath?,Does the tub feature a handheld shower attachment for added convenience?,Is the freestanding tub large enough to accommodate two people comfortably?,Are the high sides of the clawfoot design easy to step over safely?,Does the bathroom feature luxury finishes like floor-to-ceiling marble?
image_200_jpg.rf.2dd5ae1b5dadabe2af28d4b5b643827c.jpg,bathtub,0.4802627861499786,9.924087524414062,500.67041015625,632.6685791015625,643.98291015625,How clean and well-maintained is the caulking around the edge of the tub?,Is this bathtub a standard shallow depth or a deeper soaking tub?,Does this tub have any special features like jets or a built-in massage function?,"Is there a shower function with a shower head above this tub, or is it purely for baths?","Are the tub fixtures (faucet, handles) modern and fully functional, and is the tub surface free from significant scratches or discoloration?","Is this a tub-shower combination, or is there a separate shower stall in the bathroom?","Looking at the fixtures, can you tell me how recently this bathroom was renovated?",Is this a full-length bathtub that an adult can comfortably soak in?,Does this tub have whirlpool or jetted features?,Is there more shelf or counter space for toiletries than the small ledge and soap dish shown?,Does the bathtub appear to be a deep soaking tub or a standard shallow model?,Is there a showerhead attached to allow for standing showers?,Do the tiles and fixtures look modern or somewhat outdated?,Is the tiled rim wide enough to hold toiletries or personal items?,Does the grouting and tub surface appear clean and well-maintained?
image_193_jpg.rf.af66b4c1f9396b7d207e6bb45856cf2b.jpg,bathtub,0.3276152312755584,66.82452392578125,391.8518371582031,250.9976959228516,564.9956665039062,"Is there a separate standing shower in the bathroom, or is the handheld attachment the only shower option available?","What are the internal dimensions (length and depth) of this freestanding bathtub, and is it suitable for a tall person to recline comfortably?",Does this modern tub include any special features like hydro-massage jets for a more luxurious bathing experience?,"What material is this bathtub made from, and does it effectively retain heat for extended soaks?","Is there a convenient shelf or ledge directly adjacent to the tub for placing bath products, toiletries, or personal items?","Is this a full-length soaking tub that an adult can lie down in, or is it a more compact, upright design?","Does the bathroom have a separate, stand-up shower, or is the handheld wand attached to the tub the only shower option?",The tub appears to be made of a stone or composite material; does it retain heat well for a long bath?,"Does this bathtub have any whirlpool or air jet features, or is it purely a soaking tub?","Given the high sides of this freestanding tub, would it be difficult to step in and out of?",Does the tub appear deep enough for a comfortable full-body soak?,Is there a handheld shower wand attached for easier rinsing?,Does the bathtub have a premium stone or matte finish?,Is the tub spacious enough to accommodate a tall person?,Is there a shelf or ledge within reach to place toiletries?
image_191_jpg.rf.c9d6b2afcb3448c01c164481bcc661f4.jpg,bathtub,0.3597909808158874,347.616943359375,431.7376098632813,609.9854736328125,612.4010620117188,Does this specific bathtub have working whirlpool jets as suggested by the visible nozzles?,"Is the only showering option a handheld unit within the tub, or is there a separate fixed shower head or enclosure?","Is the bathtub deep enough for a comfortable soak, or does it appear shallower than standard tubs?",Are the dark tiled surround and the tub itself well-maintained and free of wear or stains?,"Does the clear glass screen fully enclose the showering area over the tub, or is it a half-screen that might lead to splashes?",Does the tub have working jacuzzi jets?,"Is that a handheld shower wand only, or is there also a fixed, overhead shower head?","Is this a full-size bathtub for an adult to soak in, or is it a more compact size?",Does that glass panel effectively stop water from splashing onto the floor during a shower?,"With the sink positioned so close, is it difficult to get in and out of the tub?",Does the bathtub feature whirlpool jets for a spa-like experience?,Is there a handheld shower attachment included for versatile use?,Does the tub appear deep and spacious enough for a comfortable soak?,Is there a glass partition installed to prevent water splashing onto the floor?,Do the surrounding tiles and fixtures appear well-maintained and clean?
image_173_jpg.rf.add297beffb9a895fa999a2562b36b9c.jpg,bathtub,0.2112525552511215,403.9405517578125,311.6357421875,475.0555114746094,601.9597778320312,"What features does the digital control panel above the tub provide, such as temperature control or water fill level?","Does the bathtub feel spacious enough for an average-sized adult to comfortably relax, or is it quite compact?",Does the bathtub have any hydro-massage jets or special bubble features?,Is there a shower curtain or glass door to prevent water from splashing out when using the shower?,"Beyond the small sample bottles shown, is there adequate shelving or counter space for guests to place their own toiletries?","Is this a deep Japanese-style soaking tub, and is it long enough for an average adult to stretch out?",What are the functions of the electronic control panel on the wall next to the tub?,"Given the floor drain, is this a wet-room design where the shower is open to the rest of the bathroom?",How high is the side of the tub to step over?,Does the handheld showerhead have good water pressure for rinsing off in the tub?,Is this a deep soaking tub suitable for a relaxing full-body bath?,Does the digital control panel on the wall offer automated filling or temperature settings?,Is there a handheld shower wand included for flexible bathing?,"Do the dark marble-patterned walls give the bathroom a modern, high-quality feel?",Is there enough ledge space on the tub's rim to hold toiletries conveniently?
image_173_jpg.rf.add297beffb9a895fa999a2562b36b9c.jpg,bathtub,0.1923919171094894,403.9181518554688,326.5951843261719,636.3088989257812,639.5802612304688,"Given the compact appearance, is this bathtub long enough for an average adult to fully recline, or is it designed more for sitting and soaking?",Is there a shower curtain or glass door to prevent water from splashing out of the combined tub/shower area onto the floor?,"Does this bathtub offer any special features like jets, air bubbles, or a built-in water heater for a more luxurious experience?","How high is the step-over into the tub, and is the textured floor truly non-slip to ensure safety when entering and exiting?","What is the water pressure like from the shower head, and is it adjustable for different heights or spray patterns?","Is this a shorter, deep-soaking style tub, or is it long enough for a tall person to stretch out in?",What are the functions of the electronic control panel on the wall—can it automatically fill the tub?,"Is the handheld wand the only shower head, or is there also a fixed, overhead one that isn't pictured?","Given the wet-room style floor, does it drain quickly or does water tend to pool in the showering area?","Are the water controls thermostatic, allowing you to set and maintain an exact shower temperature?","Is the bathtub deep enough for a full-body soak, or is it a compact model?","Does the bathroom feature a ""wet room"" style where you can shower outside the tub?",Are there digital controls for regulating water temperature and filling the tub automatically?,Is the handheld showerhead adjustable for different heights and angles?,Does the bathroom layout feel spacious or is the area relatively tight?
image_173_jpg.rf.add297beffb9a895fa999a2562b36b9c.jpg,bathtub,0.1208672523498535,400.6982116699219,330.3086853027344,635.6424560546875,639.625732421875,"Is this a standard length bathtub or a Japanese-style deep soaking tub, and how deep is it?","Does the control panel visible next to the tub offer temperature presets, water fill level control, or other advanced features?","Since the shower is over the tub, is there good water pressure and enough space to stand comfortably without feeling cramped?","Does the floor of the shower/tub area have a non-slip surface, and does the showerhead offer multiple spray settings?","Are the complimentary toiletries provided generic, or are they from a well-known, quality brand?","Is the bathtub a shorter, deep soaking style, or is it long enough for an adult to fully stretch out?",Is this a wet-room design where the shower is handheld and used in the open area next to the tub?,"What functions does the digital control panel on the wall offer, such as auto-fill or temperature regulation?","Given the high wall of the tub, is it difficult to step in and out of?",Are the large pump bottles of shampoo and soap standard amenities included with the room?,Is the bathtub deep enough for a full-body soak?,"Does the bathroom layout allow for showering outside of the tub in a ""wet room"" style?",Is the showerhead handheld and adjustable for easier use?,Are essential toiletries like shampoo and body wash provided in large pump dispensers?,Do the modern finishes and dark wall panels suggest the bathroom has been recently updated?
image_173_jpg.rf.add297beffb9a895fa999a2562b36b9c.jpg,bathtub,0.1317014694213867,398.7757873535156,448.5762023925781,625.6365966796875,637.3526000976562,Is this a full-sized bathtub or a more compact soaking tub?,Does the shower offer good water pressure and consistent temperature control?,Is the textured floor throughout the shower/tub area designed for anti-slip safety?,"Does this bathtub have any special features like jets, or is it a standard soaking tub?",Is there a built-in ledge or shelf within the shower/tub area for placing personal toiletries?,"Is the tub long enough for an adult to stretch out in, or is it a more compact, deep-soaking style?","Is this a ""wet room"" where the floor outside the tub is also designed as a shower area?",What functions does the control panel on the side of the bathtub have?,Can the handheld shower head be mounted higher up on the wall for a standing shower?,Is the textured floor designed to be slip-resistant and does it drain quickly?,Is the bathtub a deep soaking style rather than a standard full-length tub?,"Is this a ""wet room"" layout where the shower is designed to be used outside the bathtub?",Does the floor have a textured surface to prevent slipping?,Is there a handheld showerhead attachment visible for flexible washing?,Are full-sized toiletries provided on the shelf for guest use?
image_163_jpg.rf.fb76dd1298237edbbb8bf077dfb2048f.jpg,bathtub,0.4551382660865783,-5.265054702758789,483.0605773925781,244.29595947265625,644.466552734375,"Are the bathroom fixtures, like the faucet shown, modern and well-maintained, or are they older and potentially in need of repair?","Is this a full-size bathtub comfortable for an adult to soak in, or is it on the smaller side?","Is the white safety bar a permanent fixture in all rooms, or can it be removed if not needed?","Does this bathtub offer any special features like jets for a hydro massage, or is it a basic soaking tub?","Beyond the tub, are the surrounding wall and floor tiles clean and in good condition, or do they show signs of age and wear?","Is this a full-size tub, or is it a shorter, more compact model?","Does this tub include a fixed, overhead shower head or just the faucet shown?",What is that white cushioned bar on the side—is that a permanent accessibility feature?,"Are the faucet and drain fixtures a modern style, or do they appear older?",Does this bathtub have any whirlpool or jet functions?,Does the bathtub appear deep enough for a comfortable soak?,"Is there a showerhead installed, or is this a bath-only setup?",Do the fixtures and wall panels look modern or outdated?,"Is the tub full-sized or does it appear to be a smaller, compact model?",Does the condition of the tub and tiles look clean and well-maintained?
image_112_jpg.rf.6daceff44db5c817e8e73c36eb03b656.jpg,bathtub,0.2497462481260299,328.5518798828125,388.4925537109375,584.7368774414062,451.188232421875,"Is this purely a soaking tub, or does it also have a shower function, either over the tub or separately?","Does this bathtub comfortably fit one person, or is it large enough for two?","Are there any special features like jets, bubbles, or a heater for a more luxurious bath experience?",What kind of material is the tub surround made from – is it marble or a similar high-quality stone?,"Does the window offer a nice view during the day, and are there privacy coverings for nighttime use?","Since there’s no overhead shower visible, is there a separate, walk-in shower in the bathroom?","How deep is this tub, and is it long enough for a tall adult to fully stretch out in?",Do the tub fixtures include a handheld shower wand for rinsing?,Is the tub surround made of genuine marble or a different material?,Does that window next to the tub have a privacy shade or curtain?,"Is there a separate shower stall, as this appears to be a soaking tub without an overhead shower?",Does the window next to the tub offer a scenic view or is it frosted for privacy?,Is the bathtub deep enough for a comfortable full-body soak?,"Does the tub feature whirlpool jets, or is it a standard still-water bath?",Is the marble ledge around the tub wide enough to keep toiletries within reach?
image_112_jpg.rf.6daceff44db5c817e8e73c36eb03b656.jpg,bathtub,0.1102462261915206,167.6007843017578,457.15325927734375,302.012451171875,639.83935546875,Is this a standard-sized bathtub or a deeper soaking tub?,"Does this tub have an integrated shower head, or is there a separate shower stall elsewhere in the bathroom?",Does the tub include any luxury features like jets or a whirlpool system?,"What material is the tub made of, and does it feel comfortable for long soaks?",How high is the step into this built-in tub?,"Is that a full-size soaking tub, and is it deep enough to be fully submerged?",Does the bathtub have whirlpool jets for a spa-like experience?,Is that genuine marble used for the tub surround and the bathroom floor?,"Is there also a separate, stand-up shower, or is it a shower/tub combination?","Is there enough ledge space around the tub to place toiletries, a book, or a drink?",Does the bathroom include a cushioned bench for seating or changing?,Is the bathtub a deep soaking style with a luxurious marble surround?,Does the bathroom feel spacious enough to accommodate the extra furniture?,"Are the finishes high-end, featuring natural stone or marble tiling?",Are plenty of fresh towels conveniently stacked near the bathing area?
image_9_jpg.rf.054198650788dd3a4a23d292fe6b03d8.jpg,bathtub,0.3290419578552246,286.6298522949219,409.014404296875,640.4200439453125,638.1438598632812,"Is there a separate shower enclosure in the bathroom, or is showering primarily done within this freestanding tub?","What are the internal dimensions (length and depth) of this tub, and is it suitable for a tall person to fully recline?","Does this classic-style tub offer any modern luxury features like jets, air bubbles, or a heated surface?","How stable is the tub when entering and exiting, and is there any non-slip texture on the bottom?","Are the ornate gold fixtures easy to operate, and how well-maintained is their finish?","Is there a separate, walk-in shower, or is the handheld attachment on the tub the only shower option?",How long is this tub? I'm trying to figure out if a taller person can comfortably stretch out.?,"Since there's no ledge on the tub itself, is a bath caddy or small side table provided for toiletries?",How deep is the water? Is it a true deep-soaking tub?,"How is the water pressure from that vintage-style faucet, and is it easy to regulate the temperature?","Is there a separate shower in the bathroom, or is this the only place to wash?",Is the clawfoot tub deep and long enough for a comfortable full-body soak?,Does the vintage faucet include a handheld sprayer attachment for easier rinsing?,Do the window blinds next to the tub provide complete privacy while bathing?,Is the bathtub spacious enough to accommodate two people comfortably?
image_61_jpg.rf.a380ff3d712fed8163e499c3ebf65351.jpg,bathtub,0.1794513911008834,455.5789489746094,475.2330322265625,525.5146484375,637.3836059570312,Does this glass shower screen fully prevent water from splashing out onto the bathroom floor?,"Is this a standard full-sized bathtub suitable for a comfortable soak, or is it more compact?",What is the overall condition of the bathtub and the surrounding tile grout; does it appear well-maintained and free from wear?,"How high is the step-over into the bathtub, and is there a grab bar or handle for easy and safe access?","Does this bathtub have any special features like jets, a non-slip bottom, or a comfortable sloped backrest?","Is that a full shower door that seals completely, or is it just a partial glass screen?","Is the shower head a fixed rainfall type, or is it a handheld, adjustable wand?",How deep is the tub? Is it a standard size suitable for a relaxing bath?,Does the tub have a non-slip surface or a grab bar for safety?,"Does this bathtub have any luxury features, like whirlpool jets?",Does the bathtub have a glass screen partition instead of a shower curtain?,Is this a shower-tub combination suitable for both standing showers and soaking?,Do the tiles and grout lines appear clean and free of mold or mildew?,Are the chrome fixtures polished and in good working condition?,Is the rim of the bathtub wide enough to hold toiletries?
image_61_jpg.rf.a380ff3d712fed8163e499c3ebf65351.jpg,bathtub,0.3272649347782135,504.55615234375,478.7374572753906,639.4017944335938,635.5927734375,"Is this a standard-sized bathtub, or is it on the smaller side for an adult to comfortably soak in?","Does the glass shower screen fully contain water, or does water tend to splash out onto the bathroom floor?",What kind of water pressure can be expected from the shower head?,Are the shower fixtures and water controls modern and easy to operate?,Does the hotel ensure the grout and sealant around the tub are consistently clean and well-maintained?,"Is this a full-sized bathtub suitable for an adult to soak in, or is it a more compact size?",Does that glass panel effectively prevent water from splashing onto the floor during a shower?,"Is the shower head handheld, or is it a fixed, wall-mounted fixture?",The grout in the corner looks a bit discolored; can you confirm the tub and tile are clean and free of mildew?,"Is this a standard soaking tub, or does it have any luxury features like whirlpool jets?",Is this a shower-tub combination that allows for both bathing and showering?,Does the bathtub feature a glass screen enclosure rather than a shower curtain?,Is there a handheld shower wand attached to the faucet for adjustable rinsing?,Do the tiles and grout lines around the tub appear clean and well-maintained?,Does the bathtub appear to be a standard size or a smaller compact model?
image_83_jpg.rf.520e040e8aab9b629c4e85d5dc84744d.jpg,bathtub,0.2225748151540756,430.2794189453125,381.2209777832031,595.2879638671875,465.9743957519531,"Does this tub also function as a shower with a full shower head, or is it solely for baths?",What are the approximate internal dimensions (length and depth) of the tub for comfortable soaking?,"Does the tub appear to be made of a smooth, easy-to-clean material, and is it free from visible wear or stains?","Are there any luxury features like jets, a built-in seat, or special lighting in or around the tub?",How effectively does the glass enclosure prevent water from splashing out onto the bathroom floor?,"Is that a full glass door on the shower, or is it just a partial splash guard?",How deep is the tub? Is it more of a standard depth or a deeper soaking tub?,What kind of showerhead is installed—is it a standard wall-mounted one or a rain/handheld model?,Does this bathtub have any whirlpool or jet features for a spa-like experience?,Are there any safety grab bars installed inside the tub/shower area?,"Does the bathtub appear to be deep enough for a soaking bath, or is it a standard shallow depth?",Does the bathroom feature a fixed glass partition screen instead of a shower curtain?,"Do the slate-style tiles and fixtures give the bathroom a modern, updated feel?",Is the tub spacious enough to comfortably accommodate an adult?,Does the caulking and grouting around the tub look clean and well-maintained?
image_83_jpg.rf.520e040e8aab9b629c4e85d5dc84744d.jpg,bathtub,0.1633835583925247,400.2230224609375,388.7525939941406,601.760986328125,627.0018920898438,"Does this hotel room feature a dedicated walk-in shower, or is showering only available over the bathtub shown?","What are the dimensions of the bathtub, particularly its length and depth, to ensure it's comfortable for an adult to soak in?","Are the bath and shower fixtures modern and in good working order, or do they show signs of wear and tear?",Does the bathtub include any luxury features such as jets or a whirlpool function?,Is the partial glass shower screen effective at preventing water from splashing out onto the bathroom floor?,"Is the bathtub long and deep enough for an adult to comfortably soak in, or is it more of a compact size?","Does that glass panel slide or pivot to fully enclose the tub, or is it a fixed splash guard?","Does the shower feature a handheld/detachable wand, or only the fixed, overhead shower head?","Are there any safety features, such as grab bars or a non-slip surface, inside the tub?","Is this a standard soaking tub, or does it have any luxury features like whirlpool jets?",Is the shower separate from the bathtub within the glass enclosure?,Does the bathtub appear to be a deep soaking tub or a standard shallow model?,Is there sufficient counter space on the vanity for personal items?,Does the bathroom feature modern tile work and updated fixtures?,Is the bathing area fully enclosed by glass to prevent leaks?
image_62_jpg.rf.f9896c39b23b667cbdbf9c73d75e0591.jpg,bathtub,0.4804213345050812,132.84335327148438,317.3155212402344,349.2104797363281,537.94384765625,"Does the bathtub appear deep enough for a comfortable soak, or is it more of a shallow, functional tub?","Is the shower head fixed or handheld, and does it provide good water pressure from this combined tub faucet?","Does this bathtub have any special features like jets or a non-slip surface, or is it a standard model?","How high is the tub wall to step over, and is there a grab bar for easier access and safety?","Are the fixtures and the tub itself made of durable, good-quality materials, or do they feel more basic?","Is this a full-sized bathtub suitable for an adult to stretch out in, or is it a shorter, deep soaking tub?","Is the shower limited to just the handheld wand, or is there also a fixed, overhead shower head?","Does this bathtub have any whirlpool or air-jet features, or is it a standard soaking tub?",Are there any grab bars installed inside the shower area for safety when getting in and out?,"Besides the small wire caddy, is there any other built-in ledge or shelving inside the tub for placing your own toiletries?",Is the bathtub deep and long enough for a comfortable full-body soak?,Do the window blinds provide complete privacy from the outside?,Is there a wall bracket to hold the handheld shower head for a standing shower?,Is the vanity counter close enough to easily reach personal items while in the tub?,Are the provided toiletries refillable bulk dispensers or individual luxury bottles?
image_62_jpg.rf.f9896c39b23b667cbdbf9c73d75e0591.jpg,bathtub,0.1364960968494415,24.39321517944336,321.3245849609375,344.80133056640625,637.062255859375,Is this bathtub deep enough for an adult to comfortably submerge and soak?,Does the shower include a fixed shower head in addition to the handheld wand shown?,"How effective are the window blinds at ensuring complete privacy, especially at night?","Is the tub wide enough to comfortably sit and move around, or does it feel rather narrow?",Are there any special features like jets or a built-in seat that aren't visible in the photo?,"Is this a full-size bathtub for stretching out, or is it a more compact, deep-soaking style tub?","Is the shower head handheld only, or is there also a fixed, overhead rain shower?",The vessel sink looks like it leaves very little counter space; is there other shelving available for personal toiletries?,"Is the blue light under the window an ambient/mood lighting feature, or just a decorative element?","Does the tub have a simple shower curtain, or is there a glass door or panel to prevent water from splashing out?",Does the bathtub appear deep and long enough for a comfortable soak?,Is the showerhead adjustable and handheld for flexible use?,Does the window allow for natural light while maintaining privacy with the blinds?,Is the bathroom layout spacious enough or is the area between the sink and tub tight?,Do the fixtures and tiling look modern and well-maintained?
image_134_jpg.rf.86fcebba2f02748b41c5155ad8adf6a0.jpg,bathtub,0.3787908852100372,24.1750431060791,314.12579345703125,342.86846923828125,627.5556030273438,"Does this freestanding tub come with a separate shower or a hand-held shower attachment, or is it bath-only?","Does the freestanding bathtub appear deep enough for a comfortable soak, or is it more shallow?","Are the vintage-style brass fixtures clean and well-maintained, or do they show signs of wear or tarnishing?","Is the lighting over the tub area adjustable to create a relaxing ambiance, and is there a practical shelf nearby for bath products?",Does this freestanding tub offer any special features like jets or a heated surface?,"Since there’s no shower curtain, is this tub for bathing only, or is there a separate walk-in shower in the bathroom?",Is the tub full-sized and deep enough for an adult to have a comfortable soak?,"How is the water pressure from those vintage-style fixtures, and does the handheld wand work for rinsing?",Is that stone ledge next to the tub a practical place to set down toiletries and a drink?,I see a grab bar; is the tub itself or the polished floor particularly slippery to get in and out of when wet?,Is this a deep soaking tub suitable for a full-body bath?,"Does the bathtub allow for a standing shower, or is it limited to the handheld wand?",Are the high sides of the clawfoot tub difficult to step over for entry and exit?,"Is the sloped ""slipper"" shape of the tub comfortable for reclining?",Is the stone niche in the wall within easy reach for holding toiletries while bathing?
image_13_jpg.rf.381f46e4feb9bc8eba82e080930aad2a.jpg,bathtub,0.2399554103612899,203.6763916015625,382.18011474609375,525.9860229492188,642.3792724609375,Does this tub have a powerful jet system for a true whirlpool or jacuzzi experience?,What are the dimensions of this tub; is it a standard size or a larger soaking tub?,"Is there a shower head integrated with this tub, or is there a separate shower in the bathroom?",Are the gold-colored jet covers and the tub surface clean and free from any wear or discoloration?,Is there enough ledge space or a nearby shelf to comfortably place toiletries and bath accessories?,"Is this a full jacuzzi tub, and are the jets adjustable and powerful?",How deep is the tub? Is it long enough for a tall person to soak comfortably?,"Does this jetted tub also have a shower head, or is there a separate shower stall in the bathroom?",What is behind the large frosted glass panel? Is it a window to the bedroom or an outside wall?,"Besides the small glass shelf, is there any other ledge or counter space around the tub for toiletries?",Does the bathtub feature functional whirlpool jets for a spa-like experience?,Is the tub deep enough to allow for a full-body soak?,Does the frosted glass partition provide sufficient privacy from the rest of the room?,Is there convenient shelving within reach for bath products and toiletries?,Does the bathroom feature high-end finishes like marble tiling?
image_122_jpg.rf.84ce7e44b874c1bd892f575e6ade2fca.jpg,bathtub,0.1024305894970893,406.1146545410156,366.7379760742188,637.5794677734375,602.9346923828125,"Is there a bathtub in this room type, or is only the walk-in shower shown available for bathing?",What are the dimensions of the walk-in shower; does it offer ample space for a comfortable experience?,"What type of shower head is installed in the modern-looking shower, and is there a detachable handheld option?","Are complimentary bath amenities such as shampoo, conditioner, and body wash provided, and if so, what brands are used?",Does the shower maintain consistent hot water pressure and temperature for the duration of a shower?,Is there a separate bathtub in addition to the walk-in shower shown?,How deep is the bathtub and is it long enough for a tall adult to fully stretch out?,Does the walk-in shower have a rainfall shower head or any other premium features?,"Are the bathroom finishes, like the marble and fixtures, as high-end as they appear in the photo?",How much counter space is there around the two sinks for personal items?,"Is there a bathtub included in this bathroom, or only the walk-in shower visible on the left?",Is there enough counter space on the double vanity for two people to store their toiletries?,"Does the bathroom have a door for privacy, or is it open-concept to the bedroom?",Does the walk-in shower feature a rainfall showerhead or a handheld wand?,Are the marble finishes and modern vessel sinks standard in all rooms of this category?
image_122_jpg.rf.84ce7e44b874c1bd892f575e6ade2fca.jpg,bathtub,0.5396822094917297,34.264984130859375,402.7319946289063,246.46408081054688,558.486328125,"Does this room include a separate, walk-in shower in addition to the freestanding tub?",Does this freestanding bathtub offer any special features like jets or a whirlpool function?,"How deep and long is this bathtub, and is it comfortable for a full body soak?",Is the wooden bath caddy with space for drinks and toiletries a standard feature in these rooms?,"Given the size of the tub, what is the water pressure like, and how long does it typically take to fill?","Is this a full-size soaking tub, and is it long enough for a tall adult to stretch out comfortably?","Does the bathroom have a separate walk-in shower, or is the shower combined with this tub?",Are there any jets or whirlpool features in this bathtub?,Is the wooden bath caddy tray a standard amenity that comes with this room?,"Given the tub's high, freestanding sides, are there any grab bars nearby for safely getting in and out?",Is there a separate walk-in shower in addition to the freestanding tub?,Is the bathtub a deep soaking style that allows for full-body immersion?,Are there accessible shelves or ledges within reach for holding toiletries while bathing?,Does the bathroom feature high-end finishes like marble flooring and modern fixtures?,Is the wooden bath caddy included for holding books or drinks?
image_185_jpg.rf.bccf9d4d6e7cd96445ca5940e0ff9e94.jpg,bathtub,0.522566020488739,262.7006530761719,398.8234252929688,465.5750122070313,597.3734741210938,"Is there a separate standing shower in the bathroom, or is the handheld shower attached to the tub the only showering option?","How deep is this freestanding tub for soaking, and is it comfortable for a taller person or possibly two people?","Given the open design, is there a door or partition that can fully close off the bathtub area from the bedroom for privacy?","Does this modern tub offer any luxury features like air jets, hydro massage, or internal lighting?","Can the hotel's water heater supply enough hot water to fill this large tub, and does the tub material retain heat well for a long soak?","Is this a full-length soaking tub, or is it a more compact, deep design for sitting upright?","Does that floor-mounted faucet include a handheld shower wand, or is there a separate walk-in shower in the room?",Does this freestanding tub have any luxury features like whirlpool jets?,"Since there's no built-in ledge, is a caddy or tray provided for holding toiletries, a book, or a drink?","How effective is that single glass panel at containing water splashes, especially if the tub is also used for showering?",Is the round soaking tub large enough to comfortably fit two people?,Does the glass partition provide any privacy between the bathroom and the sleeping area?,"Is there a separate shower stall available, or is the tub the only bathing option?",Is the bathtub deep enough for a full immersion soaking experience?,Does the floor-mounted faucet include a handheld sprayer attachment for rinsing?
image_256_fp_jpg.rf.1707eec9c302acb66a58c7756fc2d96e.jpg,bathtub,0.1882677227258682,392.27484130859375,334.12384033203125,640.9821166992188,643.4364013671875,"Is there a separate bathtub in this bathroom, or only a shower that isn't visible?","If a bathtub is present, does it offer ample space for a comfortable soak, or is it more compact?",Are the bathtub's fixtures and design as modern and high-quality as the sink and vanity area?,"Does this specific room type guarantee a bathtub, or is it an amenity that varies by room?","Considering the upscale appearance of the bathroom, would an available bathtub include luxury features like jets or a deep-soaking design?","Is there a separate walk-in shower, or is there a bathtub that's not shown in the picture?","Does this bathroom have a double vanity, or is it just the single sink shown?","Aside from the open shelf, are there any drawers or other enclosed storage for personal items?","Are the walls finished with real marble, or is that a high-quality porcelain tile?",What brand are the complimentary toiletries shown on the counter?,Is there ample counter space on the vanity to spread out personal toiletries?,"Does the bathroom feature modern, high-end finishes like marble tiling?",Are premium branded bath products and amenities provided?,Is there convenient open storage under the sink for extra towels?,Is the vanity area well-lit with a backlit mirror for grooming?
image_256_fp_jpg.rf.1707eec9c302acb66a58c7756fc2d96e.jpg,bathtub,0.1462506353855133,421.7596435546875,459.988525390625,634.9393310546875,642.4327392578125,"Does this room's bathroom include a full bathtub, or is it a shower-only setup?","If there is a bathtub, is it a standard size for soaking, or is it a more compact design?","Does the bathtub offer any luxury features like jets or a non-slip surface, complementing the modern aesthetic?",Are the tub's fixtures and taps as sleek and modern as the chrome ones visible at the vanity?,"How deep is the bathtub, and does it appear to be made of a durable, high-quality material?","Given the modern look, is this a deep soaking tub or a standard size?",Does the bathtub have whirlpool jets or any other spa-like features?,"Is this a shower/tub combination, or is there a separate walk-in shower as well?","What type of showerhead is it—a rainfall, handheld, or a basic fixed one?","Since only a part of the bathroom is shown, is the bathtub enclosed by a glass door or a shower curtain?",Is there enough shelf space under the sink to store my toiletries?,Does the bathroom look modern and recently renovated?,"Are there plenty of fresh, clean towels provided?",Does the floor appear clean and well-maintained?,Is the bathroom design sleek and minimalist?
image_132_jpg.rf.9fd63dad427c4c41a86d4d845b5f331a.jpg,bathtub,0.7879264950752258,166.6454315185547,425.5013732910156,395.83245849609375,613.1856079101562,"Does the shower function as a standard overhead shower, or is the handheld sprayer the only shower option?",Is this a standard shallow tub or a deeper soaking tub that allows for a full bath?,"Are the faucet and shower controls modern and easy to use, or do they feel outdated?","Does this bathtub include any special features like jets, a comfortable backrest, or premium material?","Given the visible grab bar, is the tub easy to step into, or is it a high-sided model that might be difficult for some guests?","Is this a full-size bathtub, or is it a shorter, more compact size?",Does this tub have any whirlpool or jetted functions?,The fixtures look like an older style; how recently have the bathrooms been renovated?,"Besides the grab bar, does the tub have a non-slip surface on the bottom for safety?","Is this a shower/tub combination, or is there a separate, walk-in shower in the bathroom as well?",Does the bathtub include a handheld shower attachment for added versatility?,Is the tub deep enough to allow for a comfortable soaking bath?,Are there grab bars installed for safety when entering and exiting the tub?,Is there easy access to towels and toiletries from the open vanity shelving?,Does the bathroom feature high-quality stone tiling and finishes?
image_212_jpg.rf.5648dec0f2987e4cf2f7c35d593e6660.jpg,bathtub,0.2448384463787078,438.3522033691406,374.0217895507813,641.291259765625,547.5050048828125,"Is there a separate, dedicated shower area in addition to this bathtub?","Given its deep, freestanding design, approximately how long or deep is this bathtub for comfortable soaking?","Does this luxurious tub include any special features like jets, air bubbles, or chromotherapy lighting?","How quickly does the floor-mounted faucet fill this large tub, and is the handheld attachment the only shower option?","Is there adequate privacy from the large window, especially at night, and is there any convenient space to place bath essentials other than the small stand?","Is there a separate walk-in shower, or is the handheld wand in the tub the only shower option?","Is this considered a full-size soaking tub, deep enough for a tall person to be fully submerged?","Since there's no built-in ledge, is there any other surface or shelf for toiletries besides the small stand shown?","Does this bathtub have any luxury features, such as whirlpool jets or a heated backrest?","The freestanding faucet is very stylish, but does the handheld shower wand provide good water pressure?",Is the bathtub deep and spacious enough for a comfortable full-body soak?,Does the freestanding tub include a handheld shower attachment for easier rinsing?,Does the large window next to the tub have blinds or curtains to ensure privacy?,Is there a convenient side table or shelf within reach to hold toiletries or a drink?,"Does the bathroom feature high-end materials like marble for a luxury, spa-like experience?"
image_212_jpg.rf.5648dec0f2987e4cf2f7c35d593e6660.jpg,bathtub,0.1400058269500732,432.7854919433594,375.3369140625,639.0499877929688,633.0734252929688,"Is there a separate, dedicated shower enclosure in the bathroom, or is the visible handheld shower the only option for showering?",How deep and wide is this freestanding tub; is it comfortable for two people or primarily designed for a single bather?,"Does this modern bathtub offer any special features like jets, bubbles, or even a built-in heating system to keep the water warm?","What kind of privacy do the large windows offer when using the tub, and is there a pleasant view from this specific bathing area?","Is the material of the bathtub easy to clean and maintain, and does it retain heat effectively for a longer, relaxing soak?","Is there a separate walk-in shower, or is the handheld wand attached to the tub the only shower option?",How long is the tub? Is it considered a deep soaking tub suitable for a tall person to fully stretch out?,Does this bathtub have any whirlpool or air jet functions for a spa-like experience?,Is that stylish stand next to the tub a waterproof speaker or another type of in-room amenity?,"Given the sleek, freestanding design of the faucet, are the bathroom fixtures from a high-end or designer brand?",Is this a deep soaking tub suitable for a relaxing full-body bath?,"Given the tub is placed next to floor-to-ceiling windows, are there blackout curtains or blinds for privacy?",Does the floor-mounted faucet include a handheld shower wand for easy rinsing?,Is the bathtub spacious enough to comfortably accommodate two people?,Is there a convenient side table or shelf within reach for holding toiletries or a drink?
image_81_jpg.rf.b8aefd7bf71b13278c23688e466f3c43.jpg,bathtub,0.4272594153881073,266.5880432128906,399.46478271484375,605.5213623046875,639.3869018554688,"Does the shower head offer good water pressure and adjustable spray settings, beyond just a basic rinse?","Is the bathtub deep enough for a comfortable soak, or is it primarily a shallow tub for rinsing?",Is the grab bar above the tub securely installed and positioned at a practical height for assistance?,Does the sink countertop extending over the tub edge create any obstruction or make it awkward to get in and out?,"Does the tub's surface appear to be non-slip, or would a bath mat be provided for safety?","Given the compact appearance, is this a full-length tub for an adult or a shorter, deep soaking-style tub?","Since the sink seems to hang over the edge of the tub, does this make it feel cramped when showering?",Is the metal bar above the tub a sturdy safety grab bar or is it just a towel rack?,"Does the shower head have an adjustable-height handheld wand, or is it in a fixed position?","Is the tub enclosed with just the shower curtain shown, or is there a glass panel or door not visible in the photo?",Does the bathtub look like a compact deep-soaking tub or a standard full-length one?,Does the overhanging sink limit the space available for standing in the shower?,Is a grab bar installed on the wall for safety and accessibility?,Do the fixtures and overall design appear modern and clean?,Is the showerhead a handheld attachment that offers flexibility?
image_81_jpg.rf.b8aefd7bf71b13278c23688e466f3c43.jpg,bathtub,0.1360887587070465,-0.8766841888427734,496.0594482421875,219.2815399169922,640.2727661132812,"Is there an actual bathtub in this room, or just a shower?","If it's a shower, is it a walk-in or does it shower over the toilet/sink area in a 'wet room' style?",Does the bidet on the toilet offer advanced features like temperature control and a drying function?,"Given the limited counter space around the sink, where would a guest place toiletries used for showering or bathing?",Are there any grab bars or non-slip surfaces in the potential shower/bathing area for safety?,Does that high-tech toilet have bidet functions and a heated seat?,"Given how compact this space looks, is the entire bathroom very small?",Is that shelf above the toilet the only counter space available for toiletries?,Is the sink a full-size basin or just a small one for washing hands?,"Does the bathroom have a separate shower, or is it a combined shower/tub unit?",Does the toilet include electronic bidet controls or a heated seat?,Is the wall-mounted sink large enough to wash up comfortably?,Is there sufficient shelving space above the fixtures for a toiletry bag?,Does the bathroom layout appear too cramped or tight for comfort?,Do the plumbing and fixtures look modern and well-maintained?
image_87_jpg.rf.e75d4aa521ba09ec4ac9af988ac90ee3.jpg,bathtub,0.261148601770401,217.93899536132807,338.41192626953125,339.10308837890625,422.32025146484375,Does this freestanding tub include any special features like jets or a whirlpool function?,"Is this a full-size soaking tub, deep enough for an average adult to fully submerge?","Given the tub's placement and design, is there a separate shower stall available in this bathroom?","What is the material and quality of the tub and its fixtures, such as the floor-mounted faucet?","Are there privacy options, like blinds or frosted glass, for the large window next to the tub?","Is there a separate, stand-up shower, or is the handheld wand in the tub the only shower option?",Is this a full-size soaking tub that a tall person could comfortably stretch out in?,Does this tub have any luxury features like whirlpool or air jets?,Are there blinds or privacy shades for the large windows right next to the tub?,"Since there's no built-in ledge, is a bath caddy or a small table provided for toiletries?",Is this a deep soaking tub suitable for a full-body immersion?,Does the bathroom include a separate walk-in shower in addition to the tub?,Are there blinds or shades on the large window to ensure privacy while bathing?,Is the bathtub spacious enough to comfortably accommodate two people?,"Does the bathroom feature modern, high-end fixtures and finishes?"
image_98_jpg.rf.6d39ef63d33dc5d5edfcf3058bd51c2a.jpg,bathtub,0.1725381165742874,284.98748779296875,397.3687133789063,539.3991088867188,639.394287109375,"Is this a standard-length bathtub for stretching out, or is it a shorter, deeper soaking tub?","Does the shower above the tub have a flexible hose and handheld showerhead, or just a fixed one?","Given the close proximity of the sink, is there enough comfortable space for showering and moving around the tub?","Do the tub and surrounding fixtures appear modern and well-maintained, or slightly older with signs of wear?","Does the bathtub offer any enhanced features like jets, a non-slip surface, or a comfortable backrest?","This tub looks very compact; is it deep enough for an adult to have a proper soak, or is it more of a shallow, space-saving design?",Does the sink that hangs over the edge of the tub get in the way when you're trying to shower?,"Is the shower head fixed to the wall, or is it a handheld wand on a flexible hose?","Do the faucets allow you to mix hot and cold water, or are the controls completely separate?",What material is the tub made of; does it feel like standard plastic/fiberglass or a more solid material?,"Is the bathtub full-sized or is it a compact, space-saving model?",Does the bathroom feature an electronic bidet toilet with a control panel?,"Does the sink overhang the bathtub, potentially limiting space while showering?",Are full-sized refillable toiletries provided on the tub ledge?,Is there a handheld shower attachment included with the bathtub fixture?
image_36_jpg.rf.2ec6f1286a1b810098fa52c1636cae08.jpg,bathtub,0.3868384063243866,170.51536560058594,418.2154846191406,433.98541259765625,639.2733764648438,"Is this a bath-shower combination only, or is there a separate stand-alone shower available?",Does the bathtub provide enough length and depth for an adult to comfortably soak?,Are there any luxury features like jets or a whirlpool function in this bathtub?,Will the half-glass screen effectively prevent water from splashing out onto the bathroom floor during a shower?,"Do the visible fixtures and the white tilework appear modern and well-maintained, with clean grout lines?","Is the shower head fixed on the wall, or is it a handheld wand?","Is this a full-length tub suitable for an adult to soak in, or is it a more compact size?",Does that partial glass screen effectively prevent water from splashing onto the floor during a shower?,"Besides the tiled ledge at the end of the tub, are there any other shelves or caddies for toiletries?",How deep is the tub? Is it a standard depth or a deeper soaking style?,Does the bathtub appear deep enough for a comfortable soak?,"Is the glass shower screen fixed, or does it move for easier access?",Is the tiled shelf next to the tub spacious enough for toiletries?,Do the fixtures and tiling appear modern and well-maintained?,"Does the design allow for showering, or is it strictly a soaking tub?"
image_52_jpg.rf.5719023edea20695cde4e057dd580888.jpg,bathtub,0.3839253783226013,13.513946533203123,442.6404418945313,405.4681091308594,637.5546875,"Does this modern tub offer any jet or whirlpool features, or is it a deep soaking tub only?","What are the interior dimensions of this freestanding bathtub for comfortable soaking, especially for taller guests?","Are there any convenient shelves, caddies, or ledges nearby the tub to place toiletries, a book, or a drink?","Is there a privacy door or partition for the bathroom area, considering the open view to the bedroom?",Does the faucet system include a handheld shower and is there a rapid fill option for the tub?,Is the bathtub long enough for a tall person to fully stretch out and soak?,"Since the tub is open to the bedroom, is there a privacy screen or curtain that can be used?","Does this tub have whirlpool jets, or is it a standard soaking tub?","Is there a bath caddy or small side table provided for toiletries, since the edges look too narrow to hold anything?","Does that chrome fixture include a handheld shower wand, and is it separate from the main walk-in shower?",Is the bathtub located in an open-concept layout directly connected to the bedroom?,Is this a deep soaking tub suitable for full-body immersion?,Does the room feature a separate walk-in shower in addition to the bathtub?,Is the tub large enough to comfortably accommodate two people?,Does the bathtub include a handheld sprayer attachment for easy rinsing?
image_52_jpg.rf.5719023edea20695cde4e057dd580888.jpg,bathtub,0.1201593801379203,399.5704345703125,529.9931640625,625.5297241210938,641.8341674804688,"Is this a freestanding bathtub with an overhead shower, or is the glass panel part of a separate shower stall?","Does this tub appear deep enough for a comfortable soak, and is it a standard full-size length?","Are there any luxury features like jets, air bubbles, or chromotherapy lighting in this modern-style tub?","What material is the bathtub made of, and is it known for retaining heat well for longer baths?","How high is the step to get into this freestanding tub, and are there any grab bars for stability?",Is that a freestanding bathtub next to a separate walk-in shower?,"Is the tub deep enough for a full-body soak, or is it a more shallow design?",Does the walk-in shower next to the tub have a rain shower head?,How much space is there to move around between the bathtub and the glass shower wall?,"Are the faucets for the tub floor-mounted, or are they attached to the wall?",Is there a separate walk-in shower in addition to the bathtub?,"Does the bathtub appear to be a deep, freestanding soaking tub?",Do the bathroom fixtures and tiles look modern and up-to-date?,Is the layout spacious enough to access both the tub and shower comfortably?,Does the shower enclosure feature high-quality touches like frameless glass?
image_92_jpg.rf.1ced57ab98b4e8b5abd41d9ec0b27f25.jpg,bathtub,0.1080133318901062,413.7731323242188,395.4435729980469,638.7108764648438,583.6431274414062,"Is the handheld shower attached to the faucet the only shower option, or is there a separate standing shower in the bathroom?","Given its unique, curved design, is this a comfortable full-sized soaking tub or more compact for space-saving?","Does this freestanding bathtub offer any luxury features like jets, air bubbles, or a quick-fill function?","How deep is this bathtub, and is it difficult to get in and out of for an average adult?","Is there enough practical space on the ledge or nearby for bath products like soap, shampoo, and bath towels?","Is there a separate walk-in shower, or is the handheld sprayer in the tub the only shower option?","Is this a full-size soaking tub, long enough for a tall adult to stretch out in?",Does the tub have whirlpool jets or is it a non-jetted soaking tub?,"What is the quality of the fixtures, and is the water pressure from the handheld shower wand strong?","Besides the small marble ledge, is there any other shelving or space to place toiletries by the tub?",Does this appear to be a deep soaking tub suitable for full-body relaxation?,Does the bathtub include a handheld shower wand attachment for easier rinsing?,Is there a convenient ledge or shelf nearby to place toiletries or a glass of wine?,"Does the bathroom feature upscale, modern finishes like marble and gold tiling?",Is this a freestanding bathtub rather than a standard built-in model?
image_92_jpg.rf.1ced57ab98b4e8b5abd41d9ec0b27f25.jpg,bathtub,0.3737293481826782,285.30340576171875,474.2161560058594,637.697021484375,637.8795166015625,Does the modern freestanding faucet also include a hand-held shower wand for rinsing?,"Is this a deep, freestanding soaking tub, or is it more standard in depth?","What material is the tub made from, and does it retain heat well for long soaks?",Does this elegant freestanding tub include any luxury features like jets or chromotherapy?,"Is there enough clear space around the freestanding tub for comfortable entry, exit, and cleaning?",How deep is this tub; is it a true soaking tub?,"Is there a separate, walk-in shower, or is the handheld sprayer the only shower option?","Does this bathtub have whirlpool jets, or is it a standard, non-jetted tub?","Given the modern freestanding design, what material is the tub made of and does it hold heat well?",Is there a shelf or ledge within arm's reach of the tub to place toiletries or a book?,Is this a deep soaking tub suitable for a full-body bath?,Does the bathtub feature a handheld shower attachment for added convenience?,Is the tub spacious enough to accommodate two people comfortably?,Are fresh towels and amenities placed within easy reach of the bathtub?,Does the bathroom have a separate walk-in shower in addition to this freestanding tub?
image_101_jpg.rf.e93a0eb31dea15d1fda213a8e42ff961.jpg,bathtub,0.1661904454231262,1.4272117614746094,356.8937683105469,296.4305114746094,630.8626708984375,"Does this bathtub offer any special features like jets, or is it a standard soaking tub?","What is the actual depth of the tub for soaking, as it appears somewhat shallow in the picture?","Is the shower curtain the only option, or are there rooms with glass shower doors for better water containment?","Are the grab bars in the shower area standard for all rooms, or does this indicate an accessible room type?",Can you describe the type of shower head – is it a fixed or adjustable multi-setting one?,"Is the shower head fixed, or is it a removable handheld wand?",How deep is the bathtub? Is it suitable for soaking or is it more of a shallow design?,"Given the grab bars, are there other accessibility features like a built-in shower seat?",What material is the shower wall surround made of—is that real tile or a single-piece insert?,Does this tub have any whirlpool or jet features?,Is there ample counter space and open shelving for storing personal items?,Does the bathroom feature a standard tub-shower combination or a walk-in stall?,Do the modern fixtures and finishes suggest the bathroom has been recently updated?,Are there grab bars installed in the shower area for added safety and accessibility?,Is the vanity lighting bright enough for grooming and applying makeup?
image_101_jpg.rf.e93a0eb31dea15d1fda213a8e42ff961.jpg,bathtub,0.7648671269416809,333.9915771484375,431.9620361328125,631.5763549804688,638.3880615234375,"Does the presence of the grab bars indicate this is an accessible room, and is the tub entrance lower than standard?","Does this tub appear to be a standard size or a deeper, more luxurious soaking tub?","Are the bath fixtures modern and easy to operate, or do they feel outdated?","Is this solely a tub/shower combination, or is there also a separate standing shower option in the bathroom?","How effective is the shower curtain at containing water, as seen by its placement within the tub?","Are these grab bars a standard feature in all bathrooms, or is this specifically an accessible room?","Is the shower head fixed on the wall, or is it a handheld, adjustable wand?",How deep is the tub? Is it a full-size tub suitable for soaking or is it more shallow?,"Besides the small, built-in soap holder, is there any other ledge or shelving inside the shower for toiletries?","Does this tub have whirlpool jets, or is it a standard, non-jetted tub?",Does the bathtub feature multiple grab bars for added safety and accessibility?,"Is the tub deep enough for a relaxing soak, or is it a standard shallow model?",Does the shower setup include a handheld wand attachment?,Are fresh towels and storage shelves conveniently reachable from the tub?,Do the bathroom tiles and fixtures appear modern and well-maintained?
image_257_fp_jpg.rf.8e10bf43029dbb0aeaf04fafb98b7328.jpg,bathtub,0.1348365098237991,412.1405029296875,77.36751556396484,642.2546997070312,612.3326416015625,"Does the shower only have a fixed head, or is there a detachable handheld option too?","How deep is the bathtub itself, and is it comfortable for a full soak?",Does the tub include any luxury features like jets or a whirlpool function?,How high is the step-over into the bathtub for ease of access?,How recently have the tiles and grout in the shower area been updated or maintained?,"Is this a full-size bathtub that an adult can soak in, or is it a more compact size?","Does the shower only have that fixed head, or is there a handheld wand as well?",Is that small wire rack the only storage for toiletries inside the shower area?,Does this tub have any whirlpool or jet features?,"Since it looks like there's a curved rod, is the shower enclosed by a curtain or a glass door?","Is this strictly a walk-in shower stall, or is there a bathtub available in the room?","Is the showerhead fixed to the wall, or is there a handheld option for easier washing?","Does the shower enclosure have a glass door, or does it rely on a shower curtain?",Is the wall-mounted wire rack large enough to hold full-sized toiletry bottles?,Is the step into the shower low enough for easy accessibility?
image_257_fp_jpg.rf.8e10bf43029dbb0aeaf04fafb98b7328.jpg,bathtub,0.2515402436256408,28.86366271972656,489.26116943359375,165.77926635742188,637.990234375,"Does the visible material of the tub suggest it's easy to clean and maintain, or prone to showing marks?","Based on the visible portion, does this tub appear to be a standard size for soaking, or more compact?",Do the style of the tub and surrounding tiles indicate a modern or more traditional/dated bathroom design?,Are there any visible fixtures that would suggest this tub has jets or a dedicated shower function?,Does the clean appearance of the visible porcelain reflect a high standard of bathroom hygiene for the hotel?,"Is this a soaking tub only, or does it also have a shower function?","Is this a full-size bathtub suitable for a tall adult, or is it a more compact design?",Does this bathtub have any luxury features like whirlpool jets?,How deep is the tub; is it considered a deep-soaking model?,"Is this a freestanding tub, or is it a standard model built into the wall?",Does the bathtub appear to be a deep soaking style suitable for relaxation?,Is this a freestanding tub or is it built into the wall?,Does the tub look spacious enough to accommodate an adult comfortably?,Is the flooring around the bathtub made of slip-resistant tile?,Are there any visible grab bars or safety features for entering the tub?
image_257_fp_jpg.rf.8e10bf43029dbb0aeaf04fafb98b7328.jpg,bathtub,0.1777882874011993,427.8138427734375,459.3519592285156,644.4463500976562,637.0014038085938,"Is this a full bathtub for soaking, or just a shallow shower base?","What kind of shower enclosure does this have (e.g., glass screen, curtain, or open)?",How high is the step-in to get into this shower/tub area?,What are the approximate internal dimensions of the shower/tub base?,Do the tiles and grout in this area appear clean and well-maintained?,"Given how shallow it looks, is this a full-depth bathtub for soaking or more of a shower-tub combination?","Does this tub also have a shower head, and if so, is there a glass door or a curtain to contain the water?","Since the full length isn't visible, is the tub long enough for an average adult to stretch out in?","What is the condition of the tub surface and the surrounding tile grout—are they free of stains, chips, or mildew?","Does this bathtub have any luxury or safety features, like whirlpool jets or a non-slip surface?","Does the basin appear deep enough for a bath, or is it just a shallow shower tray?",Do the grout lines and corners look clean and free of mold?,Is the entry step low enough for easy accessibility?,Does the floor surface appear textured to prevent slipping?,Does the bathing area look spacious enough for comfortable movement?
image_257_fp_jpg.rf.8e10bf43029dbb0aeaf04fafb98b7328.jpg,bathtub,0.395402044057846,432.9278259277344,456.7278442382813,639.88427734375,570.4478759765625,"Is this a dedicated shower stall, or is there a full bathtub in the bathroom as well?",How high is the step or lip into the shower enclosure for ease of access?,"What are the approximate dimensions of this shower base, and is it spacious enough for comfortable showering?",Are the shower fixtures (like the shower head and controls) modern and well-maintained?,Does this shower feature any premium options like a rain shower head or a built-in seat?,"Is this a full-depth bathtub for soaking, or is it a shallow tub meant primarily for showering?","Does the shower have a fixed overhead shower head, or does it include a handheld wand?",How high is the step-over edge to get into the tub?,"Is the shower enclosed with a glass door, or does it use a shower curtain?",Does the surface of the tub have a non-slip texture for safety?,Is this a deep soaking tub or just a shallow shower pan?,Is the step into the bathing area low enough for easy accessibility?,Do the tiles and grout lines appear clean and free of mold?,Does the floor surface look textured to prevent slipping?,Is the area enclosed by a glass door or a shower curtain?
image_72_jpg.rf.f8e98a1ff127084398a6f3aaf422361f.jpg,bathtub,0.1559508889913559,22.19977378845215,399.2312927246094,324.9552917480469,639.2040405273438,"Is there a separate, dedicated shower enclosure in the bathroom, or is the handheld attachment the only showering option?","Does this freestanding tub offer enough length for a comfortable soak, or is it on the shorter side?","Does this bathtub include any special features like jets, a whirlpool, or air bubbles?","Given it's a freestanding tub, how high is the step-over into the tub for ease of access?","Are the visible bath products, like the Aesop bottles, a standard offering and replenished daily?","Is there a separate walk-in shower, or is the handheld sprayer the only shower option?","Is this a full-size soaking tub, or is it on the shorter side for a tall person?","This looks like a soaking tub, but can you confirm if it has any whirlpool or jet features?",Are the Aesop toiletries shown on the caddy a standard amenity included with the room?,Does the handheld shower attachment have a wall mount to use it hands-free?,"Is there a separate walk-in shower, since this freestanding tub lacks a curtain?","Does the bathtub appear deep enough for a comfortable, full-body soak?",Does the faucet fixture include a handheld showerhead attachment for rinsing off?,Are luxury amenities like the bath caddy and premium toiletries included?,Is the tub spacious enough to accommodate a taller person comfortably?
image_168_jpg.rf.9ebf21d26fdf9ac0f02137c7b5ad30d7.jpg,bathtub,0.2050704956054687,3.1826210021972656,369.0902099609375,271.3979797363281,639.991455078125,"Are there any visible signs of wear, stains, or rust on the tub or shower fixtures that aren't clear in this image?","Is this a full-sized bathtub, or is it a more compact or shallow model?","What kind of shower head does it have – a standard fixed head, or a handheld/rain shower option?","Is the shower stool and grab bar a standard feature in all rooms, or is this an accessible room specifically?","Does this bathtub offer any luxury features like jets, or is it just a standard soaking tub?","Is the grab bar and shower seat standard in all rooms, or is this a specific accessible room type?","Is the shower head a fixed-mount, or is it a handheld sprayer?","Is the bathtub deep enough for a comfortable soak, or is it a shallower, standard-depth tub?",What is the material of the tub surround? Is it a one-piece fiberglass insert or tile?,Does the tub have any whirlpool or jet features?,"Is the bathtub deep enough for a comfortable soak, or is it a standard shallow model?","Does the room include the accessibility features shown, such as the shower chair and grab bar?",Is the tub enclosure a basic plastic insert or does it feature higher-quality tile?,Is the adjacent vanity counter spacious enough to hold toiletries for multiple guests?,Do the bathroom finishes and fixtures appear well-maintained or are they dated?
image_168_jpg.rf.9ebf21d26fdf9ac0f02137c7b5ad30d7.jpg,bathtub,0.1143058240413665,3.6386489868164062,479.1598510742188,266.5524597167969,639.633544921875,"What is the actual condition of the tub – are there any visible chips, stains, or significant signs of wear?","How deep is this bathtub, and is it considered full-sized for an adult to comfortably submerge?","Given the presence of the shower chair, does this room or bathroom offer specific accessibility features like grab bars or a lowered entry?","Does the somewhat dated appearance of the tub and floor tiles reflect the overall style of the bathroom and room, or has it been recently renovated?","Does this tub have any special features such as jets, a non-slip surface, or a hand-held shower nozzle?",I see a shower stool in the photo; is this an accessible room with grab bars in the tub?,"Is this a full-size bathtub suitable for soaking, or is it a more compact, shorter length?","What is the shower head like—is it a standard fixed head or a handheld, adjustable one?",The tub looks like a one-piece insert; is the finish in good condition without significant scratches or stains?,"Besides the small built-in soap dish, are there any other shelves in the shower for toiletries?",Does the bathtub appear deep enough for a comfortable soak?,Is a shower chair provided for guests with limited mobility as shown?,Does the tub enclosure look like a basic fiberglass insert or a modern tiled fixture?,Are there built-in shelves or ledges for holding soap and toiletries?,Do the tub and walls appear clean and free of visible wear or stains?
image_285_fp_jpg.rf.63ea1bc9e846428175694c6b67756c20.jpg,bathtub,0.2083446234464645,531.0760498046875,278.88653564453125,638.5498046875,412.2273559570313,Is this a standalone bathtub or does it have a shower head and curtain/screen for showering?,"Does the tub appear deep enough for a comfortable full-body soak, or is it more of a shallow design?","What is the visible condition of the tub and surrounding grout/tiles – does it look new and sparkling clean, or are there signs of wear?","Are there any special features like jets, a whirlpool function, or an integrated headrest?","Is there enough ledge space or a nearby shelf to place toiletries, a book, or a drink while bathing?","Is the bathtub large enough for a deep soak, or is it a standard shower-tub combination?","Does the tub have any luxury features, like whirlpool jets?","Is there a separate, walk-in shower in the bathroom, or is the shower located over the tub?","How modern are the bathtub fixtures, like the faucet and drain controls?",Is a handheld shower wand included with the bathtub for easier rinsing?,Does the bed appear to be a king size or a smaller queen?,Do the pillows and linens look plush and high-quality?,Is the carpet clean and free of visible wear?,Does the padded headboard look comfortable for sitting up?,Is the overall room decor modern and well-maintained?
image_85_jpg.rf.4bfd23d9ac0496a67e736520de38ad84.jpg,bathtub,0.4216305613517761,60.05145263671875,417.7844848632813,290.87359619140625,635.8588256835938,"Is there a separate, enclosed shower, or is the visible shower head the only option for showering?",How deep and long is this freestanding bathtub for comfortable full-body soaking?,"What material is the bathtub made of, and does it retain heat well for a long bath?","Given the bed is visible in the background, is the bathing area open to the bedroom or is there a partition for privacy?","Does this modern-looking tub have any special features like jets, bubbles, or built-in lighting effects?","Is there a separate, walk-in shower, or is the handheld wand in the tub the only shower option?","That looks like a deep soaking tub, but is it long enough for a tall person to stretch out comfortably?","Since the bathroom is open to the bedroom, is there a privacy screen or curtain that can be used?","Is there a bath caddy or a small table provided for toiletries, since there's no ledge?","Does the tub have any luxury features like whirlpool jets, or is it a standard soaking tub?",Is the bathtub located in an open-concept area without full privacy from the bedroom?,Is this a deep freestanding soaking tub suitable for a full-body bath?,Does the tub setup include a handheld shower wand for easy rinsing?,Does the bathtub appear large enough to comfortably accommodate two people?,Is there a glass partition or splash guard to protect the sleeping area from water?
image_187_jpg.rf.4b4b3c71d32c2b3ff399710d30e18e18.jpg,bathtub,0.5451031923294067,245.96575927734372,390.9509887695313,648.7464599609375,638.4639892578125,"Given it's a bath-shower combo, how effective is the shower for standing up, especially regarding splash and water pressure?","Does the bathtub feel cramped, or is it wide enough to comfortably sit and soak for an average adult?","Do the bathroom fixtures, like the faucets and shower head, appear to be modern and well-maintained, or are they older and potentially worn?","Does this bathtub offer any special features like jets or a deep soak design, or is it a standard basic tub?","Is there sufficient space around the tub or a separate shelf to place toiletries like shampoo and soap, as there doesn't seem to be much counter space?","Is this a full-length tub for stretching out, or is it a shorter, deep soaking tub?",Is a shower curtain or screen provided to prevent water from splashing onto the floor?,Can the handheld shower wand be mounted on the wall for a hands-free shower?,"Given the grab bar, does the tub have any other safety features like a non-slip surface?",How would you rate the water pressure for the shower?,Is the bathtub deep enough for a comfortable full-body soak?,Does the toilet include premium features like a bidet or heated seat?,Is the grab bar positioned well to help with stepping over the high tub wall?,Is there a wall bracket to hold the handheld showerhead for standing showers?,Does the bathroom layout feel too cramped with the toilet positioned right next to the tub?
image_45_jpg.rf.1935dc65fe04e6b1e8bee0e4c01a5efd.jpg,bathtub,0.3897372782230377,462.6518249511719,465.7117919921875,637.63330078125,641.307373046875,"How much space is actually available between the toilet and the bathtub, or does it feel cramped when getting in and out?","Does this bathtub offer a comfortable depth for soaking, or is it a more shallow, standard shower/tub combo?","Do the shower and tub fixtures appear modern and well-maintained, or do they look older?","Are there any luxury features for the bathtub, such as jets, or is it a basic tub for showering and bathing?","Is the entire tub and shower area made of a durable, easy-to-clean material, or does the speckled wall texture indicate potential for grime?","Is the tub deep enough for an adult to comfortably soak in, or is it more of a shallow design?","Given how close the toilet is to the tub, is the overall bathroom layout very compact?",Are there any safety grab bars inside the shower/tub area that aren't visible in the photo?,"Is this a standard soaking tub, or does it have any whirlpool or jet features?",How is the water pressure from that specific type of shower head?,Is the bathroom layout cramped given how close the toilet is to the bathtub?,"Does the bathtub appear deep enough for a relaxing soak, or is it a shallow standard model?",Are the fixtures and granite-style wall tiling modern or do they look dated?,Is this a functional shower-tub combination for guests who might prefer showering?,Do the tub surface and tile grout appear clean and well-maintained?
image_57_jpg.rf.9d9b7b735ff201c443b54c55299ea596.jpg,bathtub,0.1089926362037658,5.404624938964844,3.364219665527344,371.6677551269531,641.5170288085938,Is the handheld shower detachable and easily maneuverable for convenience?,"Is this a standard-sized tub, or is it deeper than average for soaking?","How clean is the grout between the tiles, and does the overall tiling feel well-maintained?","Is the grab bar an ADA-compliant feature, and are there other accessibility options in the bathroom?",What is the water pressure like for both the overhead and handheld shower options?,"Is this a full-size soaking tub, or is it a more compact, standard hotel size?",Does that shower system include both a fixed rainfall head and a separate handheld wand?,"Is the grab bar inside the tub a standard feature, or is this an ADA-accessible room?",How is the water pressure for the shower?,Does the tub have any whirlpool or jet features for a spa-like bath?,Does the shower include an adjustable handheld wand for added convenience?,"Is the bathtub deep enough for a comfortable soak, or is it a standard shallow model?",Are safety grab bars installed to assist with entering and exiting the tub?,Is there an extendable magnifying mirror available for detailed grooming?,Does the vanity offer sufficient counter space to hold personal toiletries?
image_57_jpg.rf.9d9b7b735ff201c443b54c55299ea596.jpg,bathtub,0.5365216135978699,49.39859390258789,537.9764404296875,333.93194580078125,642.4305419921875,"Does this tub offer enough length for an adult to comfortably soak, or is it more of a compact model?",What is the actual condition of the tile grout and the tub's surface? Do they appear clean and free of mildew or stains?,"Does the shower function effectively with good water pressure, or is it a weak spray?","Aside from a standard fill, does the tub offer any luxury features like jets or bubbles for a relaxing bath?","Is there a handheld shower attachment available, or is it just the fixed showerhead and tub faucet?",Is the bathtub long and deep enough for an adult to comfortably soak in?,"Does the shower have a handheld wand, or is it just a fixed, high-mounted shower head?",The tile and grout appear a bit dated; are they well-maintained and free of mildew?,Are there any built-in shelves or ledges inside the shower area for toiletries?,"Does the tub have a non-slip surface, or is a safety mat provided?","Does the bathtub appear deep enough for a comfortable soak, or is it a shallow standard model?",Does the shower setup include a handheld wand attachment?,Do the wall tiles and grout look clean and well-maintained?,Is the bathtub enclosed by a shower curtain rather than a glass door?,Does the wooden vanity next to the tub make the space feel cramped?
image_33_jpg.rf.c992d0711db2b4e0f7ede608f61d0d2c.jpg,bathtub,0.3699251711368561,214.06771850585935,429.9127807617188,623.5197143554688,638.7747802734375,"How deep is this freestanding bathtub, and does it allow for a comfortable full body soak?",Does this luxurious-looking tub come with any special features like jets or a whirlpool function?,"Is there a separate shower stall in the bathroom, or is bathing in this tub the only showering option?","Does the window above the bathtub open to the outside, allowing for fresh air or an unobstructed view while bathing?","What material is the freestanding bathtub made of, and does it retain heat well for a long, relaxing bath?","Is this a deep soaking tub, and is it long enough for a tall person to stretch out in?","Since there's no shower head visible, is there a separate walk-in shower in the bathroom?",Does this bathtub have any whirlpool or jet functions?,Can the window next to the tub be opened to let in the ocean breeze?,"What material is the tub made of, and does it retain heat well for a long bath?",Does the bathroom feature an ocean view directly from the tub?,Is this a deep soaking tub suitable for a full-body bath?,Is the bathtub spacious enough to comfortably fit two people?,Do the windows above the tub open to let in fresh air?,Is there a separate walk-in shower in addition to this freestanding tub?
image_238_fp_jpg.rf.91dd38c4dcb7057c6b24f131864a67d7.jpg,bathtub,0.1102859899401664,306.8868713378906,422.7965698242188,601.9962158203125,637.6740112304688,"Is this compact, bowl-shaped fixture intended as the primary bathing tub, or is a full-sized bathtub available elsewhere in the bathroom?",Does this tub-like basin have a drainage system that prevents splashing onto the red counter when in use?,"What type of material is used for this bright white 'tub,' and how well is it maintained for cleanliness?","Does the tall, sleek faucet provide a comfortable flow and reach for washing in this tub, or does its design make it awkward to use?",Is there enough accessible counter space around this freestanding 'bathtub' for toiletries and other personal items?,"Does this bathroom have double sinks, as the reflection in the mirror seems to suggest?","How is the water pressure from that tall, modern faucet?","With that vessel-style sink, is it deep enough to avoid splashing water onto the countertop?","Is there adequate counter space around the two sinks for personal toiletries, or is it limited to the area shown?","Are the amenities shown, like the bottled water and soaps, complimentary and restocked daily?",Is there enough counter space around the vessel sink to hold a toiletry bag?,"Does the bold red countertop and vessel sink suggest a modern, boutique hotel style?",Are the bottled water and toiletries shown provided as complimentary amenities?,Is the lighting around the vanity bright enough for applying makeup or shaving?,Does the sink appear deep enough to be practical for washing up without splashing?
image_129_jpg.rf.c93482597141a549c2bf4bc6aa1aa68c.jpg,bathtub,0.2259402126073837,-3.729066848754883,464.2946166992188,318.767578125,642.6708984375,Is there a shower function with a showerhead and a curtain or screen for this bathtub?,"Does this tub appear large enough for an adult to comfortably soak and relax, or is it a more compact size?",What is the general quality and material of the tub itself? Does it seem well-maintained and free from scratches or stains?,"Are there any special features like jets, a comfortable backrest, or integrated non-slip surfaces in this bathtub?","Given its placement next to the toilet, is there adequate space around the tub for easy entry and exit, and to stand comfortably?","Is this a full-length bathtub or a shorter, compact size?","Does the tub also have a shower head, or is it for bathing only?",How deep is the tub? Is it shallow or is it deep enough for a proper soak?,Does the bathtub have any whirlpool or jet features?,Is the wide ledge around the tub large enough to hold toiletries like shampoo bottles?,Does the bathtub appear to be full-sized or is it a compact model?,Is the space between the bathtub and the toilet cramped?,Does the tub look deep enough for a comfortable soak?,Are wall-mounted amenities or dispensers within easy reach?,Does the tub surface appear to be modern and well-maintained?
image_19_jpg.rf.c406c7dfec38a3c663000d3f820de6d0.jpg,bathtub,0.3391444981098175,1.8087387084960935,358.85797119140625,323.81512451171875,632.0499267578125,"Is there a proper shower with a curtain/screen, or is it designed for showering over the tub with just the handheld spray?","What are the dimensions of the bathtub, and is it primarily a soaking tub or suitable for stretching out?","Is the grab bar an indicator of an accessible room, and is the tub entry height user-friendly?","Are there any special features like jets, a non-slip surface, or a heater for the water?","Given the compact layout, is there sufficient space to move around the tub and comfortably use the sink and toilet?","Is this a shorter, deep soaking tub, or is it long enough for an adult to stretch out in?",How high is the side of the tub? It looks quite tall to step over.?,Is there a shower curtain provided to prevent water from splashing onto the toilet and floor area?,Does the tub have a non-slip surface for safety when standing to shower?,"Given the grab bar, are there any other accessibility features in the bathroom?",Does the sink overhang significantly reduce the usable space in the tub?,Is the bathtub deep enough to allow for a full-body soak?,Are there grab bars installed to assist with entering and exiting the tub?,Does the tub include a handheld shower attachment for versatile use?,"Do the bathroom finishes, such as the wood-grain walls, appear modern and well-maintained?"
image_17_jpg.rf.a37a9d49b8913a66ba408e96cd7180ed.jpg,bathtub,0.151050329208374,1.4559650421142578,428.9196166992188,139.24441528320312,638.187744140625,"Does this partial glass screen provide adequate splash protection for showering, or is it primarily a tub?",Does this appear to be a deep soaking tub?,Does the tub appear well-maintained and free of visible wear or stains?,Is the frosted glass screen fixed or does it pivot/slide to allow easier entry and exit from the tub?,"Is there a scenic view from the bathtub, as suggested by the reflection in the glass?","Is this a deep soaking tub, or is it a standard depth for bathing?","Does the tub also function as a shower, or is it for baths only?","How high is the side of the tub to step over, and are there any grab bars for safety?",Does this tub have any luxury features like whirlpool jets?,"Is this a freestanding tub, and is there ample space around it in the bathroom?",Does the partial glass screen provide enough coverage to keep the bathroom floor dry?,"Is the bathtub deep enough for a comfortable soak, or is it shallow?",Does the bathroom feature a window for natural light and ventilation?,"Is the glass door fixed in place, or does it swing open for easier access?",Do the fixtures and finishes appear modern and well-maintained?
image_17_jpg.rf.a37a9d49b8913a66ba408e96cd7180ed.jpg,bathtub,0.4626478254795074,389.32318115234375,430.2667236328125,584.6527099609375,641.0147094726562,"Given its unique sloped shape, how deep is this freestanding bathtub and is it comfortable for a full-body soak?","Does the bathroom also feature a separate walk-in shower, or is this modern tub the only bathing option available?","Are there any luxury features like jets, a heating function, or chromotherapy lights integrated into this bathtub?","Since the tub is placed next to a large window, are there effective blinds or curtains for complete privacy during a bath?","What material is this bathtub made from, and does it retain heat well for a longer, more relaxing soak?","Is this a full-length soaking tub, or is it a shorter, deeper style?","Does this bathroom also have a separate walk-in shower, or is the handheld wand the only shower option?",Is there a blind or privacy screen for the large window next to the tub?,"Since it's a freestanding tub, is a caddy or small table provided to hold toiletries?",Does the tub have any special features like whirlpool jets or a heated backrest?,Is the freestanding tub a deep soaking style suitable for a full-body bath?,Does the large window next to the tub offer effective privacy curtains or blinds?,Is the bathtub spacious enough to accommodate two people comfortably?,Does the bath faucet include a handheld shower wand for convenience?,Is the bathroom positioned to offer a scenic view of nature while bathing?
image_158_jpg.rf.52794ec1b569c815e2a9274a87443d82.jpg,bathtub,0.2295182645320892,127.62564086914062,472.04833984375,452.77252197265625,639.5379638671875,"Are these grab bars and the shower transfer seat standard in all rooms, or is this specific to an accessible room?","How new or well-maintained are the tub and its fixtures, and is the tile grout clean?","Does this tub offer any luxury features like jets, or is it a standard soaking depth?","If the shower seat isn't needed, is it easily removable to maximize space in the tub?","Is there a separate walk-in shower available in the bathroom, or is showering exclusively done within this tub/shower combination?","Is this fold-down seat standard in all rooms, or is this a specific accessible room type?","Does the shower have a handheld, adjustable wand, or is it a fixed shower head?","Is this a full-size tub deep enough for an adult to soak in, or is it more of a compact size?","In addition to the grab bar, is the floor of the tub a non-slip surface?","Is this a standard soaking tub, or does it have any whirlpool or jet features?",Does the bathroom include accessibility features like grab bars and a shower seat?,Can the attached bench seat be folded up to create more space in the tub?,Does the bathtub appear to be a standard shallow model or a deep soaking tub?,Are the fixtures and tub surroundings modern or do they look dated?,Is the tub finish a plastic insert or a tiled installation?
image_166_jpg.rf.4338869023ae1398819acd56cc409f8e.jpg,bathtub,0.2827239036560058,384.932861328125,434.1760864257813,647.428466796875,645.6771850585938,"Does this bathtub have an integrated shower head and a curtain or screen for showering, or is it strictly for bathing?","Does this look like a standard full-size bathtub, or is it a more compact model?","Is the bathtub made of a durable material, and does it feel solid and well-maintained without any visible wear?","Are there any special features like jets, a non-slip bottom, or a deeper soaking depth?","Is there enough practical space around the tub for comfortable entry and exit, especially considering the proximity of the toilet?","Is there a shower head above the tub, and is a shower curtain or glass door provided?","Is the bathtub full-length and deep enough for an adult to soak in, or is it a smaller, more compact size?","Are there any safety features, like grab bars or a non-slip surface, in or around the tub?","Does this tub have any premium features, such as whirlpool jets or a handheld shower wand?","Given how close the toilet is, does the layout feel cramped when getting in and out of the bathtub?",Does the bathtub appear deep enough for a comfortable soak?,Is the bathroom layout cramped with the toilet positioned right next to the tub?,Do the blue tiles and fixtures look modern or somewhat dated?,"Are there individual toiletries provided, or only the wall-mounted dispenser visible?","Is this a shower-tub combination, or is it set up only for bathing?"
image_40_jpg.rf.8babe190788e56cb68c592308ce6bc61.jpg,bathtub,0.1254406720399856,1.5613746643066406,397.49212646484375,332.2789001464844,635.1199951171875,Is there a functional shower head and an effective splash guard (like a curtain or glass screen) for this tub?,"Is this a full-sized bathtub suitable for an adult to comfortably stretch out and soak, or is it a more compact model?","Does the tub include any luxury features such as jets, built-in headrests, or a non-slip surface?",What is the overall cleanliness and condition of the tub and its visible fixtures; do they appear new and well-maintained?,"How high is the step-over into the tub, which might be a concern for guests with mobility issues?","Is this a full-size bathtub suitable for an adult to soak in, or is it a more compact size?","Does the shower fixture in the tub allow for a standing shower, or is it only a handheld sprayer?","Is the glass panel on the tub a full sliding door, or is it just a fixed splash guard?",Does this bathtub have any luxury features like whirlpool jets?,"Given the classic marble, has the tub's surface been recently refinished or is it showing its age?",Is this a shower-over-tub configuration or does the room have a separate walk-in shower?,Does the extensive marble finish feel luxurious or does it look slightly outdated?,Is there enough counter space on the vanity to spread out toiletries for two people?,Does the bathtub appear deep and long enough for a comfortable soak?,Does the tub area feature a glass screen or a shower curtain to prevent splashing?
image_40_jpg.rf.8babe190788e56cb68c592308ce6bc61.jpg,bathtub,0.3808697164058685,377.4925537109375,422.01123046875,636.4967041015625,537.6986083984375,"Is this the only showering option available, or is there a separate walk-in shower in the bathroom?","How deep is the tub, and is it long enough for an adult to comfortably soak?","What is the overall condition of the bathtub and fixtures, specifically regarding any chips, stains, or outdated appearances?",Does the bathtub have any special features like jets or a built-in non-slip surface?,Is the partial glass screen effective at preventing water from splashing out onto the floor when showering?,Is the bathtub long enough for an adult to comfortably stretch out and soak in?,Does that partial glass screen effectively prevent water from splashing onto the bathroom floor?,"Is this a standard soaking tub, or does it have any whirlpool or jet features?","Is the shower head a fixed, overhead type, or is it a handheld sprayer?","With the toilet positioned so close, does it feel cramped when getting in and out of the tub?",Is the bathtub deep enough for a comfortable soak?,Does the tub include a shower fixture for standing showers?,Is there a grab bar for safety when entering and exiting?,Does the bathroom use a glass panel instead of a shower curtain?,Do the tiles and fixtures appear well-maintained and clean?
image_40_jpg.rf.8babe190788e56cb68c592308ce6bc61.jpg,bathtub,0.1498686373233795,370.2972412109375,421.3237915039063,633.0482177734375,631.75,"Does the bathtub have a full standing shower, or is it just a handheld shower head?","What are the approximate dimensions of the tub, especially its length and depth for soaking?","What is the condition of the bathtub – does it show any signs of wear, chips, or discoloration?","Beyond the visible grab bar, does the bathtub offer any luxury features like jets, or is there a non-slip surface on the tub floor?","What is the water pressure like for the shower function, and how quickly does the hot water heat up?","Is the bathtub full-length and deep enough for an adult to soak in, or is it a more compact size?","Is the shower head fixed in place, or is it a handheld wand on an adjustable bar?",Does the partial glass screen effectively prevent water from splashing onto the floor during a shower?,How is the water pressure for the shower?,"Is the grab bar an accessibility feature, and does the tub have a non-slip surface?","Does the bathtub look deep enough for a relaxing soak, or is it fairly shallow?",Is there a handheld showerhead included for easier washing?,Does the tub have a glass screen or door to prevent water splashing while showering?,"Is the tub wall easy to step over, or is it quite high for access?",Does the marble finish give the bathroom a luxurious feel or does it look dated?
image_162_jpg.rf.44da3862d9e1837569f8a85956c1b4a8.jpg,bathtub,0.200683519244194,346.0507202148437,381.1417236328125,642.5866088867188,643.3141479492188,"Is the shower combined with the bathtub, or is there a separate shower enclosure in the bathroom?","Does the bathtub appear spacious enough for a comfortable adult bath, or is it a more compact size?","Are the tiles and grout surrounding the bathtub clean and well-maintained, or do they show signs of wear or discoloration?","Does the bathtub offer any features beyond a basic soak, such as jets or a built-in seat?",How high is the step-over into the tub from the bathroom floor?,"Is the shower a fixed, wall-mounted head, or is it just the handheld wand visible in the mirror's reflection?",Does this tub appear to be full-size and deep enough for an adult to soak comfortably?,The tile and countertop style looks a bit dated; have the bathroom fixtures been recently renovated or updated?,"Does the bathtub have any luxury features, such as jacuzzi jets?",The tub is built into a high tiled platform; is it difficult to step in and out of?,Does the bathtub double as a shower with a shower head and curtain?,Is there sufficient counter space on the marble vanity to spread out personal items?,Does the bathroom include a stool or seating area for grooming at the vanity?,Do the fixtures and tile design appear to be modern or slightly dated?,Are complimentary toiletries and bath amenities provided in the room?
image_162_jpg.rf.44da3862d9e1837569f8a85956c1b4a8.jpg,bathtub,0.2171521633863449,30.581417083740234,396.7654113769531,330.0980224609375,510.5398254394531,"Can the showerhead be fixed to the wall for hands-free showering, or is it only a handheld option?","Does this bathtub offer sufficient depth for a relaxing soak, or is it primarily for showering?",Are the fixtures and bathtub in good working order and well-maintained despite their older appearance?,"Does the tub have any special features like jets, a non-slip surface, or a comfortable backrest?","Is the metal bar visible inside the tub a functional grab bar for safety, or is it a soap dish holder?","Is this a full-length bathtub for soaking, or is it a more compact size?","Is the shower head only a handheld sprayer, or can it be mounted on the wall for a hands-free shower?","Considering the style, are the fixtures and tile well-maintained and in good condition?","In addition to the grab bar, does the tub have a non-slip surface for safety?","Does this setup only come with a shower curtain, or are there rooms available with a glass door instead?",Does the bathtub include a handheld showerhead attachment?,Is there a safety handle or grab bar inside the tub for stability?,Does the tub look full-sized or is it a compact model?,Is there accessible shelf space nearby to hold toiletries while bathing?,Does the bath use a shower curtain rather than a glass screen?
image_162_jpg.rf.44da3862d9e1837569f8a85956c1b4a8.jpg,bathtub,0.4401277601718902,18.83808135986328,397.0379333496094,338.16558837890625,626.24609375,How is the water pressure and temperature control for both the shower and the tub faucet?,"Is the tub deep enough for a comfortable soak, or is it primarily a shower-bath combo?","Are the tub fixtures (faucet, shower head) updated and in good working condition, or do they show signs of wear?",Is the grab bar sturdy and conveniently placed for safely entering and exiting the tub?,"Does this tub offer any additional features like jets, or is it a standard basic tub with a shower?",Is the bathtub full-sized and deep enough for an adult to soak comfortably?,"Is the shower head fixed high on the wall for a stand-up shower, or is it only a handheld wand?",The fixtures and tile appear a bit dated; are they well-maintained and in good working condition?,Does this tub have any special features like whirlpool jets?,"Is the shower enclosed with only a curtain, or is there also a glass door/panel to prevent water from splashing out?",Is the shower setup a handheld attachment or a fixed overhead spray?,"Does the bathtub appear deep enough for soaking, or is it shallow?",Does the bathroom design look modern or somewhat dated with the tile work?,Is the tub enclosed by a glass screen or a fabric shower curtain?,Is there enough ledge space around the tub to hold soap and shampoo?
image_159_jpg.rf.0ad28521526e77fd9ac1d91609de7ca5.jpg,bathtub,0.4805507957935333,346.5561218261719,427.10980224609375,642.2137451171875,623.5826416015625,"Is the shower head adjustable for height and spray type, and does it offer good water pressure?","Is this a standard-sized tub, or does it offer extra length or depth for a more comfortable soak?","Are the faucet and shower controls modern, well-maintained, and easy to adjust for water temperature and flow?","Is the grab bar a secure and useful safety feature for entering and exiting the tub, especially for guests with mobility concerns?",How well does the glass panel prevent water from splashing out of the tub onto the bathroom floor during a shower?,How effective is that half-glass panel at keeping water inside the tub when taking a shower?,Is the bathtub long enough for an average-sized adult to fully stretch out and soak comfortably?,"Considering the style of the marble and fixtures, can you confirm when these bathrooms were last renovated?","Is the grab bar on the wall a standard feature in all rooms, or is this an accessible bathroom?","Does this tub have any whirlpool or jetted features, or is it just a standard soaking tub?",Does the bathtub include a handheld shower wand for flexible use?,Is there a safety grab bar installed on the wall above the tub?,Does the tub feature a glass partition instead of a traditional shower curtain?,Is the sink counter close enough to the bathtub to easily reach toiletries?,Does the bathtub appear to be a deep soaking tub or a standard shallow model?
image_186_jpg.rf.203ccb8a83866afdc8e717185d4a32e9.jpg,bathtub,0.1380686610937118,0.7813262939453125,431.5595703125,375.9159851074219,638.4971923828125,"Is this a full-length bathtub suitable for an adult to stretch out in, or is it a shorter, more compact model?","Does this bathtub also function as a shower, and is there a curtain or glass screen installed?","Are there any luxury features in the tub, such as jets, air bubbles, or a built-in non-slip surface?","How deep is this bathtub, and can it provide a comfortable, full-body soak?","Considering its placement next to the toilet, is there ample space to comfortably use and access the tub?","Is the shower just the handheld wand, or is there a fixed, overhead shower head above the tub?","Is this a full-size bathtub for stretching out, or is it a more compact, deep-soaking model?",Does the bathtub have any whirlpool or jet features?,Is there a shower curtain or a glass screen for the tub to prevent water from splashing out?,Are the countertops and wall tiles made of genuine stone like marble?,Does the corner bathtub feature whirlpool jets or is it a standard soaking tub?,Is there sufficient counter space for personal items around the sink area?,Is the bathtub deep enough for a comfortable full-body soak?,Does the tub setup include a handheld shower attachment for convenience?,Are premium toiletries and bath amenities provided on the vanity tray?
image_186_jpg.rf.203ccb8a83866afdc8e717185d4a32e9.jpg,bathtub,0.5201807022094727,372.0609130859375,391.0401916503906,633.0614013671875,604.0689086914062,"Is this corner tub spacious enough for a comfortable, full-body soak for an adult?","Is there a separate enclosed standing shower, or is the shower head in the tub the only option for showering?","Does this bathtub come equipped with any luxury features like jets, bubbles, or hydrotherapy functions?","How high is the tub's edge for stepping in and out, and is there any anti-slip surface or grab bars for safety?",Do the tub's fixtures and taps provide good water pressure and consistent temperature control?,"Given its corner shape, is this tub deep and long enough for an adult to fully submerge and soak comfortably?","Is there a shower curtain or glass screen, as the photo shows a handheld shower head but no barrier to prevent splashing?","Does the shower only have the handheld wand, or is there a fixed overhead rain shower head as well?","Does this bathtub have any whirlpool or jet functions, or is it a standard soaking tub?","With the toilet positioned so close, is the space around the tub cramped, or is there enough room to get in and out easily?",Is there a shower curtain or glass screen to prevent splashing if I use the handheld shower?,Is this corner tub deep and spacious enough for two people to soak comfortably?,"Does the tub include whirlpool jets, or is it a standard soaking tub?",Do the window blinds offer complete privacy while bathing?,Is the layout cramped given how close the toilet is to the side of the bathtub?
image_254_fp_jpg.rf.2e4e79c2f93f674ca846be1c28eae362.jpg,bathtub,0.1179777160286903,483.85198974609375,309.23297119140625,637.093505859375,583.578125,"Does this room feature an accessible roll-in shower, or a bathtub with a transfer bench/lift?",Are there additional grab bars specifically within the shower or bathtub area for support?,Is the showering or bathing area large enough to comfortably maneuver a wheelchair or other mobility aid?,Does the shower or tub have a handheld showerhead option for easier bathing?,Are there non-slip surfaces or mats provided in the bathing area for added safety?,Are there grab bars on both sides of the toilet for support?,Is there enough clear floor space beside the toilet for a wheelchair transfer?,"Is this a fully accessible wet room, or is there a separate tub or shower with a curb?",Is this an official ADA-compliant toilet with a raised seat height?,Is the red emergency pull cord connected to a 24/7 monitoring service at the hotel?,Does the bathroom feature accessible grab bars and adjustable support rails?,Is there an emergency pull cord installed for guest safety?,Is there sufficient space next to the toilet to maneuver a wheelchair?,Does the flooring appear to be a non-slip safety material?,Do the bathroom fixtures and tiles look modern and well-maintained?
image_130_jpg.rf.a7b9ffc1da8a5522d82748c52492849d.jpg,bathtub,0.6546633243560791,391.9689331054688,404.4364013671875,597.315673828125,615.5899658203125,"Does this bathtub also function as a shower, or is there a separate shower in the bathroom?","Is this a full-size bathtub comfortable for an adult, or is it more compact?",Are the tub and surrounding tiles well-maintained and free of visible wear or stains?,Does the bathtub have any special features like jets or a built-in seat?,"How high is the lip of the tub, and is there a grab bar for safety when getting in and out?",Is the bathtub deep enough for an adult to comfortably soak in?,"Does that glass panel fully enclose the tub, or is it just a partial splash guard for showering?",Are there any grab bars inside the shower or on the wall to help with getting in and out of the tub?,"Is this a standard soaking tub, or does it have any luxury features like whirlpool jets?",The style looks a bit classic; are the tub and fixtures well-maintained or do they show signs of wear and tear?,Is there a separate walk-in shower next to the bathtub?,Does the bathtub appear deep enough for a comfortable full-body soak?,Is there enough ledge space around the tub to hold bath products or a drink?,Is this a jetted whirlpool tub or a standard soaking tub?,Do the marble finishes and tile work look well-maintained and high-quality?
image_120_jpg.rf.52e1da3e1fa3fccc0f3067853a4599a5.jpg,bathtub,0.276335209608078,427.6637268066406,395.8591003417969,643.5559692382812,637.3136596679688,"Is this a full-sized bathtub suitable for an adult to comfortably stretch out, or is it more compact?","Does this tub have jets or a whirlpool feature, given the luxurious tile work?","Is there a separate shower in addition to this bathtub, or is this a tub/shower combination?","What is that gold caddy visible in the tub, and is it a permanent fixture for bath amenities?","What material is the tub basin made of, and does it retain heat well for long soaks?","Given the glimpse of glass on the left, is there a separate walk-in shower in addition to this tub?","Is this a deep-soaking tub, or is it a standard depth for bathing?",Does this bathtub have whirlpool jets or any other spa-like features?,Are the tub's faucet and controls also finished in gold to match the decorative accents?,Is the bath caddy tray that's pictured actually provided in the room for guest use?,Is there a separate glass-enclosed shower adjacent to the bathtub?,Is this a deep soaking tub suitable for a full-body bath?,Does the bathroom feature high-end finishes like the mosaic tile work and gold accents shown?,Is the bath caddy included for holding toiletries or a book while bathing?,Is the tub edge wide enough to sit on or place amenities easily?
image_137_jpg.rf.97cca694682191ffce8bc6ba683400aa.jpg,bathtub,0.3251868486404419,286.0697021484375,314.27471923828125,627.512451171875,637.4121704101562,"Is the bathtub deep enough for a comfortable soak, or is it a more standard shallow model?","Does the bathtub offer any features like jets, a non-slip surface, or a detachable shower head?","Beyond its older appearance, is the tub and shower area thoroughly clean and well-maintained with no visible stains or mildew?",Is the small integrated shelf adequate for holding multiple toiletries like shampoo and conditioner?,Does the shower function reliably with good water pressure and consistent temperature?,"Is the bathtub a full-size model suitable for an adult to soak in, or is it more compact?","Does the shower head have adjustable spray settings, or is it a fixed, single-function type?",Are there any permanent stains or significant signs of wear on the tub or shower surround?,"Is this a standard soaking tub only, or does it have any whirlpool or jet features?",How much shelf space is available inside the shower for placing toiletries like shampoo bottles?,Is the bathtub deep enough for a comfortable soak or is it a standard shallow model?,Does the shower surround appear clean and free of stains or discoloration?,Is there built-in shelving or ledge space within the shower enclosure for toiletries?,Does the bathroom feature a shower-tub combination?,"Is the layout spacious, or is the sink positioned very close to the bathing area?"
image_110_jpg.rf.5afd81c13976666355a2c7df557ebb5a.jpg,bathtub,0.1631803959608078,203.4451904296875,343.9085388183594,495.0899658203125,623.4453735351562,"Is there a separate shower, or is the handheld attachment the only showering option?","How deep and long is this freestanding tub, and is it comfortable for a full-body soak?","Does the bathtub include any special features like jets, air bubbles, or chromotherapy lights?","Since the tub is by a window, are the curtains fully opaque for privacy, and is there an easy way to get in and out?","What material is the bathtub made of, and does it retain heat well for a long bath?","Is there a separate, walk-in shower, or is the handheld sprayer in the tub the only option?",How deep is this tub? Is it a true soaking tub for an adult?,Does the tub have any luxury features like air jets or a whirlpool function?,"Since there's no built-in ledge, is a bath caddy or tray provided for toiletries and drinks?",The faucet is floor-mounted; does it deliver good water pressure to fill the tub quickly?,Is this a deep soaking tub that allows for full-body immersion?,Is the bathtub spacious enough to comfortably accommodate two people?,Does the window next to the tub have blackout curtains for complete privacy?,"Is there a separate walk-in shower, or is this tub the only bathing option?",Is the high rim of the tub difficult to step over for getting in and out?
image_111_jpg.rf.505881c70da3815a41386b3d4ae35e85.jpg,bathtub,0.2690301239490509,-0.4265117645263672,381.681640625,249.58071899414065,595.3724975585938,"Does this bathtub have any jets or special features, or is it a standard tub for bathing and showering?","How deep is this tub, and is it comfortable for an adult to soak in, or is it quite shallow?","Does the tub itself appear to be made of sturdy, good quality material, and is it free of stains or chips?",What kind of showerhead is installed behind the curtain – is it a basic fixture or something more adjustable/luxurious?,Is the small corner shelf the only place available for toiletries inside the shower area?,"Is this a full-sized bathtub suitable for soaking, or is it a more compact size?","Does the tub have a non-slip surface on the bottom, or are there any grab bars for safety?",Is the shower surround made of real tile or is it a one-piece fiberglass insert?,Does this bathtub have any whirlpool or jetted features?,"Since a shower curtain is shown, can you confirm if this is a shower/tub combination?",Does the bathtub appear deep enough for a soaking bath or is it a shallow standard tub?,Is this a shower-tub combination suitable for guests who prefer showers?,Do the tiles and grout lines around the tub look clean and well-maintained?,Is there adequate shelving or ledge space for personal toiletries within the bathing area?,Does the bathroom layout provide enough floor space to step out of the tub comfortably?
image_102_jpg.rf.b797e974f793bcbca5b9151cf2f4dfdc.jpg,bathtub,0.5975680947303772,288.9693908691406,516.8175048828125,474.6426696777344,636.4293823242188,"Is the bathtub deep enough for a comfortable soak, or is it a more shallow model?","Do the tub's faucet and drain appear modern and well-maintained, or are they older fixtures?","Does this bathtub also have a shower function, and if so, what kind of showerhead is it?","Are the tiles and grout surrounding the tub clean and in good condition, or do they show signs of wear?","Does the tub have any special features like jets, or is it a standard soaking tub?","Is the shower head a fixed rainfall type, or is it a detachable handheld wand?",Is the tub deep and long enough for an average adult to have a comfortable soak?,"Judging by the chrome faucet and tile, has this bathroom been recently renovated?","Does this bathtub have whirlpool jets, or is it a standard, non-jetted tub?","Is the tub enclosed with the fabric shower curtain shown, or does it have a glass door?",Is the bathtub deep enough for a comfortable soak or is it shallow?,Is this a shower-tub combination or a bathtub only?,Does the proximity of the vanity cabinet make the bathing area feel cramped?,Do the tiles and grout lines appear well-maintained and clean?,Does the bathroom style look modern or somewhat dated based on the fixtures and cabinetry?
image_93_jpg.rf.46e1dc76f8cf9cce699869628fe8bd12.jpg,bathtub,0.3270485997200012,28.21523666381836,432.6842041015625,370.82861328125,638.2555541992188,"Is this bathtub a standard size for comfortable soaking, or is it a compact model?","Does the shower feature a handheld showerhead or is it a fixed one, and what's the water pressure like?",What is the overall condition of the bathtub and tiles – are they clean and well-maintained without visible wear or stains?,"Beyond the grab bar, are there any other functional features like non-slip surfaces or jetted options?",How recently was this bathroom or the tub area last updated or renovated?,Is the tub deep enough for a comfortable soak or is it a shallower design?,Does the shower have a handheld wand or is the shower head fixed to the wall?,"Is that grab bar a standard safety feature, or does this indicate it's an accessible room?",Are there any built-in shelves in the shower area for placing shampoo and soap?,Is the tub enclosed with a glass door or a shower curtain?,Does the bathtub appear deep enough for a comfortable soak?,Are there safety grab bars installed for accessibility?,Do the tiles and fixtures look modern or outdated?,Is the tub spacious enough for an adult or is it compact?,Does the grouting and caulking around the tub appear clean and well-maintained?
image_94_jpg.rf.bf0c76352f9cd0a1cb2fb78b4892ea99.jpg,bathtub,0.246524229645729,-0.7662200927734375,434.3829345703125,418.5441589355469,641.1549072265625,"Is there a separate walk-in shower in this bathroom, or is showering expected to happen within this tub using the handheld spray?","Does the tub appear to be a comfortable depth and length for a full, relaxing soak, even for a taller person?","Are the traditional-style chrome fixtures in excellent working order, or do they show any signs of wear or age?","Beyond the visible handheld sprayer, does this bathtub offer any luxury features like jets, a whirlpool, or air bubbles?",Is the grab bar on the left side sturdy and securely installed for safety and assistance getting in and out of the tub?,"Is there a separate walk-in shower, or is showering done in the tub with that handheld wand?",How deep is this tub? Is it a full-size soaking tub or a more standard depth?,Does this bathtub have any whirlpool or jet features?,"Given the grab bar, is the side of the tub particularly high to step over?",Is that wooden bath tray a standard amenity that comes with the room?,Is there a separate walk-in shower next to the bathtub?,Does the tub appear deep enough for a comfortable full-body soak?,Is there a handheld shower attachment available for rinsing?,Are there safety grab bars installed to help with entering and exiting the bath?,Does the room include spa-like amenities such as the wooden bath caddy shown?
image_10_jpg.rf.f5ab964cd363b355b396c8e51befa12a.jpg,bathtub,0.3243096768856048,-4.134502410888672,252.892578125,383.0807495117188,639.330078125,"Is this a standard length bathtub for soaking, or is it a more compact size?","Does this room include a separate shower, or is the shower head integrated with the bathtub?","Are there any special features on the tub itself, such as jets, a non-slip surface, or handles?","How well maintained is the tub, and does it feel clean and new, or is it showing signs of age?",Is there any additional shelving or storage space near the tub for personal bathing items besides the small soap dish?,"Is this a full-length tub for stretching out, or is it a shorter, more compact soaking tub?","Does the shower have a fixed, wall-mounted head, or is it only the handheld wand that's visible?",Is there a shower curtain or a glass door to prevent water from splashing onto the floor?,"How deep is the tub? Is it designed for a deep, relaxing soak?","Does the tub have any whirlpool jets or other luxury features, or is it a standard model?","Does the bathtub appear to be full-length or is it a compact, deep-soaking style?",Is there a handheld shower hose attached to the faucet system for flexibility?,Does the sink's position right next to the tub make the bathroom layout feel cramped?,Is there adequate ledge space or shelving to hold full-sized toiletries?,Does the tub surface appear clean and free from visible discoloration or wear?
image_184_jpg.rf.59dd63d76d3d012f796f97e692daede6.jpg,bathtub,0.1242931485176086,-0.3047943115234375,424.1674499511719,462.0538940429688,640.9664306640625,"Is there a full shower fixture, such as a rain shower or handheld wand, located directly above this bathtub?","How deep is the soaking area of the bathtub, and is it wide enough for a comfortable bath experience?","Are the wall-mounted soap and shampoo dispensers the only toiletries provided, or are individual bottled amenities also available?","Do the wall-mounted faucet controls operate smoothly and easily, and is the water pressure good for filling the tub quickly?","Is the surface of the tub made of a material that retains heat well for longer baths, and does it feel clean and new?","Is this a shower/tub combo, or is the glass panel just a splash guard for a separate walk-in shower?","How deep is the tub? Is it designed for a comfortable, full-body soak?","Are the wall-mounted dispensers the only toiletries provided, or are individual bottles available upon request?",Can you confirm if this bathtub has any whirlpool or jetted features?,How long is the tub? I'm wondering if a tall person can stretch their legs out completely.?,Does this bathroom feature a shower-tub combination with a glass partition?,"Does the bathtub appear deep enough for a comfortable, relaxing soak?",Is there ample ledge space around the tub to place personal items like a book or drink?,Are premium toiletries provided in the wall-mounted dispensers?,"Do the mosaic tile finish and chrome fixtures give the bathroom a modern, upscale feel?"
image_30_jpg.rf.27fda00752cd8b77af3e19d8417c8b37.jpg,bathtub,0.3303559422492981,241.4438018798828,485.1193542480469,632.1170043945312,639.4527587890625,"Does the shower over the tub provide good water pressure, and is the glass screen effective in containing splashes?","Is the bathtub long enough for an average adult to stretch out comfortably, and what is its internal length?","Is the bathtub free from any noticeable wear, scratches, or yellowing, ensuring a pristine bathing experience?","What is the height of the tub lip from the floor, making it easy or difficult to step into?","Does the bathtub drain quickly and efficiently, and does it hold water without leaking?",Is the showerhead fixed to the wall or is it a handheld wand?,"Given that the sink partially overlaps the tub, is it a full-size tub comfortable for an adult to lie in?",How deep is the tub? Is it a shallow design or deep enough for a proper soak?,Does this tub have any whirlpool or jet features?,Does that partial glass screen do a good job of keeping water from splashing onto the floor when showering?,Does the bathtub appear to be a full-sized model or a space-saving compact version?,Does the unique overhanging sink design make the bathtub area feel cramped?,Is the tub equipped with a modern glass screen instead of a shower curtain?,Do the tiles and tub surface appear clean and in good condition?,"Is the tub deep enough for a comfortable soak, or is it relatively shallow?"
image_18_jpg.rf.1753b92b1f00f7204d84b15cfb9b114d.jpg,bathtub,0.4036833643913269,119.82494354248048,333.3651733398437,603.0454711914062,641.66455078125,"Is this tub designed for comfortable soaking for an adult, or is it more of a compact shower-bath size?","Does the shower area have a full enclosure or curtain, and is there both a fixed and handheld shower head?","Is the small shelf the only designated spot for toiletries, or is there more storage space within the shower area?","Do the tub and surrounding tiles feel clean and well-maintained, suggesting a recently renovated or high-quality bathroom?","Does the bathtub offer any luxury features such as jets, a non-slip surface, or a heated option?","This looks like a deep soaking tub, but is it long enough for an adult to fully stretch out?","Is the handheld sprayer the only shower option, or is there a fixed, overhead shower head as well?","Since I don't see a shower curtain, how is water contained within the tub/shower area?","Are the wall surfaces made from real tile and stone, or are they laminate panels?",Does the tub have any luxury features like whirlpool jets or an inline water heater?,Does the bathtub appear to be a deep soaking style tub?,"Is the bathroom designed as a ""wet room"" with a floor drain for splashing?",Is there a handheld shower wand included for flexible use?,Does the tub offer enough length for an adult to fully recline?,Do the tile work and fixtures look modern and well-maintained?
image_115_jpg.rf.170884cc1a141173175bacf1d904a3e6.jpg,bathtub,0.178862914443016,59.471168518066406,437.0401611328125,354.22662353515625,639.512939453125,"Does the tub appear deep enough for a relaxing soak, or is it more suitable for showering only?","Are the visible shower fixtures, like the faucet and shower head, modern and functional, or do they show signs of age?","Is that small integrated shelf the only storage available for toiletries, or is there additional space like a caddy or larger shelf?","How clean and well-maintained does the white surface of the tub and surround appear, free from any stains or wear?","Given the standard look, does this bathtub offer a non-slip surface, or would a bath mat be necessary for safety?","Is the bathtub deep enough for an adult to comfortably soak in, or is it a shallower model?",Does the tub have a non-slip surface on the bottom for safety?,"Are there any built-in shelves for toiletries, or just the small molded soap dish?","Is the showerhead a fixed model, or is it a handheld wand?","Based on the visible wear on the caulking, how recently has the bathroom been updated or renovated?","Does the bathtub appear deep enough for a comfortable soak, or is it a standard shallow model?",Is the tub a basic fiberglass insert or a higher-quality tiled enclosure?,Does the caulking along the bottom edge look clean and well-maintained?,Are there built-in shelves or ledges in the wall for holding toiletries?,Do the visible fixtures and faucet look modern or dated?
image_165_jpg.rf.3f77177f26612cd8de9a39b624915478.jpg,bathtub,0.1380331814289093,2.5372314453125,437.37548828125,367.47064208984375,637.2055053710938,Does the partial glass shower screen adequately prevent water from splashing onto the bathroom floor?,"Is the bathtub a standard full-size model, or is it a more compact unit?",What is the condition of the caulk and grout around the tub and tiles; does it appear clean and well-maintained?,"Is there a separate shower head with adjustable height, or is it solely the handheld sprayer attached to the tub faucet?","Are the bath and shower fixtures modern and fully functional, or do they show signs of age or wear?","Is there a wall mount for the shower head, or is it handheld only?",Is this a full-sized bathtub that an adult can comfortably soak in?,Does that half-glass screen do a good job of keeping water from splashing onto the floor?,"Given the older style of the fixtures, is the water pressure strong and easy to regulate?",Is there a shelf or ledge inside the shower area to place toiletries?,Does the bathtub feature a wall-mounted shower head or only the visible handheld sprayer?,Is there a glass partition provided to effectively prevent water splashing?,Does the proximity of the sink suggest a compact bathroom layout?,Do the tiles and fixtures appear modern and well-maintained?,Is the bathtub deep enough to allow for a comfortable full-body soak?
image_116_jpg.rf.ca3c60b8a646ea2ce5615d7d0c2a42eb.jpg,bathtub,0.4886976182460785,19.77529525756836,474.3706970214844,381.0322570800781,640.23193359375,Do the visible jets in the tub offer a true hydromassage experience or just a gentle bubbly sensation?,"Is this bathtub part of a shower combination, or is there a separate shower facility in the bathroom?","Does this bathtub provide sufficient depth for a comfortable full-body soak, rather than just a shallow bath?",What is the overall condition of the bathtub and its surrounding tiles – are they well-maintained and free from obvious wear or stains?,"Is the installed grab bar securely fastened and specifically for safety/accessibility, or is it primarily a soap dish holder?","Does this tub have an overhead shower, or is there a separate shower stall in the bathroom?",Are those jets in the tub for a full whirlpool or jacuzzi function?,Is this a full-size tub that an adult can comfortably stretch out in?,"Is the grab bar a standard safety feature, or does it indicate this is an accessible room?","How deep is the tub, is it suitable for a proper soak?",Does the bathtub feature whirlpool jets for a spa-like experience?,Is there a grab bar installed for safety when entering and exiting the tub?,Does the tub appear deep enough for a comfortable full-body soak?,Is there a convenient holder or ledge for soap and toiletries?,Does the bathroom finish include high-quality stone or marble surfaces?
image_215_jpg.rf.2a51abefbb9e37ec2c8c5fec3dc3b4c1.jpg,bathtub,0.3018432557582855,145.99134826660156,406.2415771484375,337.6644592285156,617.9627075195312,"Is there a shower head or attachment directly over this tub, or is there a separate walk-in shower in the bathroom?","Given its corner design, does this tub offer enough length for a comfortable full-body soak?","Does this bathtub come with any special features like jets, air bubbles, or a heated surface?","How high is the step-over into the tub, and are there any grab bars for easier and safer access?","Are the tub's surface and the surrounding fixtures in excellent condition, or are there any visible signs of wear and tear?","Is this a full-size soaking tub, or is it more of a compact length?","Does the tub have a fixed, overhead showerhead or just a handheld sprayer?",Does this bathtub have any whirlpool or jet features?,Is that a heated towel rack on the wall?,"Are the bathroom surfaces, like the floor and tub surround, made of genuine marble?","Does the unique angled shape of the tub allow for a comfortable, full-body soak?","Is this a shower-tub combination with a glass partition, or a standalone bath?",Is the heated towel rack located within easy reach of the bathtub?,Do the marble finishes and wall-mounted fixtures give the bathroom an upscale feel?,Is the ledge around the bathtub wide enough to hold soaps and bath amenities?
image_160_jpg.rf.80ab13530ae460c4436013afdf1266f1.jpg,bathtub,0.4143471419811249,-10.451221466064451,236.97076416015625,589.174560546875,626.5185546875,"Does this bathtub also function as a stand-up shower, and is the handheld sprayer the primary showerhead for it?","Given its unique corner shape, is this tub spacious enough for a comfortable soak for an average adult, or does the design limit usable bathing space?","How high is the step-over into the tub, and is there any grab bar nearby for stability, especially for guests with mobility concerns?","Are there any luxury features for the tub, such as jets, or is it a basic soaking tub with the handheld shower option?",Is there adequate flat ledge space around the tub to comfortably place toiletries like shampoo and soap while bathing or showering?,"Is there a fixed, wall-mounted shower head, or is that handheld sprayer the only option for showering?","Is the tub long enough for an average-sized adult to fully stretch out, or is it more of a compact soaking tub?",Does this bathtub have any whirlpool jets?,How strong is the water pressure from that specific gooseneck-style faucet?,"Is the tiled corner next to the tub designed as a seat, or is it just a step to get in?",Does the tub look deep and wide enough for a comfortable full-body soak?,"Is there a wall-mounted showerhead available, or does it only rely on the handheld sprayer attachment?","Does this corner tub feature whirlpool jets, or is it just a standard soaking tub?",Is the tiled step-up platform safe and easy to navigate for getting in and out?,Does the shower curtain setup effectively prevent water from splashing onto the bathroom floor?
image_29_jpg.rf.1ad707206894101864f5e97f5186edee.jpg,bathtub,0.1602091789245605,15.825929641723633,428.3064270019531,225.745849609375,611.7943115234375,"Is there an option for an overhead/fixed shower, or is it only a handheld shower in the tub?","How long and wide is the bathtub, and is it comfortable for an adult to fully stretch out?",Are the tub and grout well-maintained and free from stains or mold?,"Does the tub have any comfort features like jets, or is it a standard soaking tub?","Does the glass shower screen fully enclose the showering area to prevent water splashing out, or is it a half-screen?","Is the tub full-length, or is it a more compact size?","Does that glass screen cover the entire tub, or is it just a partial splash guard?","Is the shower head handheld only, or is there also a fixed, wall-mounted option?",How deep is the tub? Is it suitable for a proper soak?,Are there any safety grab bars installed in or around the tub area?,Does the partial glass screen provide enough coverage to stop water from splashing out?,Does the bathtub feature a flexible handheld showerhead attachment?,"Is the tub full-sized or does it appear to be a smaller, compact model?",Is there enough ledge space for toiletries given that the sink is a pedestal style without a counter?,Does the bathroom layout feel cramped with the sink positioned so close to the bathtub?
image_136_jpg.rf.da616b113cd9ea4d2df6ffe26c83ae39.jpg,bathtub,0.1313273906707763,220.89376831054688,388.5158996582031,557.816162109375,642.2094116210938,"Is the shower solely equipped with a curtain, or is there a glass screen option available for the bathtub?","How deep is the bathtub, making it suitable for a proper soak?","Do the small mosaic tiles surrounding the bathtub appear well-maintained and clean, or do they show signs of age or wear?","Does the bathtub come with any luxury features like jets, a non-slip bottom, or an ergonomic shape for comfort?",Is there any built-in shelf or ledge inside the shower/bathtub area to hold toiletries?,"Is this a full-length bathtub suitable for an adult to soak in, or is it a shorter, compact size?","Is the shower head fixed, or is it a detachable handheld wand?","Since there's a pedestal sink, is there any other shelf or counter space in the bathroom for toiletries?","Does the tub have whirlpool jets, or is it just a standard soaking tub?","Is the shower enclosed with a curtain as pictured, or do some rooms have a glass door?","Since the sink is a pedestal style, is there any shelf space nearby for toiletries?","Is the bathtub deep enough for a relaxing soak, or is it somewhat shallow?",Do the tiles and fixtures appear well-maintained or slightly outdated?,Is the shower head adjustable on the wall bar seen in the corner?,Does the bathroom layout provide enough floor space to move around comfortably?
image_69_jpg.rf.8423e6ea171b2fb061b918f88b6f6a44.jpg,bathtub,0.3193944096565246,27.10930824279785,458.5200500488281,201.3636016845703,640.1944580078125,"Does this bathtub also have a shower head, or is it purely for soaking?","How deep is the tub, and is it large enough for a comfortable soak for an average adult?",Do the tub and fixtures appear as clean and well-maintained in all rooms as they do here?,"What material is the bathtub surround made of, and does it feel like a high-quality finish such as natural stone?",Does this particular bathtub have any special features like jets or a whirlpool function?,"Is this a deep soaking tub, or is it a standard, shallower depth?","Does this tub have a fixed, stand-up shower head, or just a handheld wand?","Are there any luxury features, like whirlpool jets, or is it a standard tub?",How modern are the chrome faucets and fixtures?,"Is the glass panel a full door that encloses the shower, or is it just a partial splash guard?",Is this a deep soaking tub suitable for full-body relaxation?,Is there a separate walk-in shower located next to the bathtub?,Does the wide tiled deck provide enough space to set down toiletries or a drink?,Is the tub ledge easy to step over for safe entry and exit?,"Does the tub include whirlpool jets, or is it a standard still-water bath?"
image_197_jpg.rf.663ded4da5b60db09c505df13b594aa7.jpg,bathtub,0.4024102091789245,321.9960021972656,391.122802734375,631.463623046875,549.588134765625,"Is the shower only integrated with the bathtub, or is there a separate walk-in shower?","Does the bathtub provide enough space for a comfortable soak, or is it more of a compact size for showering?","Are the tub and shower fixtures well-maintained and modern, or do they show signs of wear?","Does the bathtub offer any luxury features like jets, or is it a standard soaking tub?","Is the glass shower screen a full enclosure, or does it leave an opening for easy access in and out of the tub?","Is this a full-sized bathtub that an adult can comfortably lie down in, or is it a shorter, compact model?","Is the shower head a handheld wand, or is it a fixed, overhead type?","Does the glass panel on the tub swing open, or is it fixed in that position?",Is the silver bar mounted in the shower area a safety grab bar?,How much space is there between the tub and the toilet? It looks a bit tight for getting in and out.?,Does the bathtub look deep enough for a comfortable soak?,Is there a glass screen provided to prevent water splashing while showering?,Does the shower setup include an adjustable handheld wand?,Is there a safety grab bar installed on the wall for easier access?,Is there a corner shelf or rack inside the bathing area for toiletries?
image_21_jpg.rf.81f54dc145e0e31ba296c08ee979aa05.jpg,bathtub,0.149090439081192,132.3298797607422,451.0167236328125,539.552978515625,641.2468872070312,"Does every room with a bathtub include accessibility features like the shower chair and grab bar, or is this a specific accessible room type?","Is this a standard length and depth bathtub for soaking, or is its size limited by the accessibility setup?","Is the shower head adjustable or a handheld type, which would be convenient with the shower chair?","Do the chrome fixtures and general finish of the tub and tiles feel modern and well-maintained, or are they a bit dated?","Does this bathtub offer any special features like jets or a whirlpool, or is it a basic tub for showering and soaking?","Is this an accessible room, or do all rooms come with the grab bar and bath chair?","Does the shower include a handheld, detachable shower wand?",Is the tub deep enough for an adult to comfortably soak in?,Does the bottom of the tub have a built-in non-slip texture for safety?,"If the bath chair is removed, is the tub full-length or is it a more compact size?",Is the shower chair a permanent fixture or can it be removed?,Are there safety grab bars installed in the shower area?,Does the shower head have a handheld attachment for use while seated?,Is the bathtub a full-size model or a compact unit?,Is this room specifically designated as ADA accessible?
image_24_jpg.rf.f3925b1e5c8b9537de97868303efb69b.jpg,bathtub,0.2872156202793121,291.4559631347656,437.5182800292969,640.6279296875,638.9105834960938,"Is there a fixed shower head available for stand-up showering, or only the handheld sprayer visible?","What are the actual dimensions (length and depth) of the tub, and does it feel spacious or compact for an adult?","What is the material of the bathtub, and does it appear to be well-maintained without any stains or wear?","Does this bathtub offer any special features like jets, a non-slip bottom, or a quick-fill/drain function?","Is the grab bar visible in the image a standard feature in all rooms, or does this indicate an accessible room type?",How deep is this bathtub? Is it a full-size soaking tub or a more compact model?,What is the black fixture with the cord? Is that a handheld shower head?,"Given the black grab bar on the wall, is this an accessible bathroom?","Does this tub also have an overhead shower, and is there a curtain or glass door?",The tub looks like a standalone style; is there any built-in ledge or nearby shelf for toiletries?,Is the bathtub deep enough for a comfortable soak or is it fairly shallow?,Does the bathroom include safety features like the grab bar visible on the wall?,Is there a retractable clothesline provided for drying wet swimsuits or towels?,Do the granite-look walls and tub appear clean and well-maintained?,Does the proximity of the toilet suggest the bathroom layout is tight or spacious?
image_150_jpg.rf.6641ad738e9c13d65319377df9a43a8c.jpg,bathtub,0.5270016193389893,277.91070556640625,376.07818603515625,613.742431640625,592.7611083984375,"Is there a separate shower in the bathroom, or is this tub also designed to be used for showering?","How deep is this soaking tub, and is it long enough for someone around 6 feet tall to stretch out comfortably?","Does this bathtub have any luxury features like jets, a whirlpool function, or a hand-held shower attachment?","How is privacy maintained with the large window positioned directly above the bathtub, especially during the day?","Do the bath fixtures and the tub itself appear to be new and well-maintained, or are there any signs of wear and tear?","Is this a soaking tub only, or does it have a shower head that isn't visible in the photo?",How deep is the tub? Is it deep enough for a comfortable soak?,Does this tub have any luxury features like whirlpool jets?,"Is there a separate walk-in shower in the bathroom, or is this the only option?",How wide is the tile ledge around the tub for holding toiletries or a drink?,Is this a deep soaking tub suitable for a relaxing full-body bath?,"Is there a separate shower enclosure, since no shower head is visible in the photo?",Does the window above the tub ensure privacy while still letting in natural light?,"Does the bathtub feature whirlpool jets, or is it a standard soaking tub?",Is there enough tiled ledge space around the tub to hold toiletries or a drink?
image_194_jpg.rf.c0f11b1768ff84c8c79c82500c5c1d75.jpg,bathtub,0.105030708014965,44.05050277709961,338.564453125,474.5093383789063,641.892333984375,"Is the grab bar in the shower a standard safety feature in all rooms, or is this an accessible room specifically?","Does the beige color of the tub and surround indicate older fixtures, or is this a modern design aesthetic?","Is this a standard-size tub for comfortable soaking, or does it offer extra length or depth?","What type of shower head is installed, and does it offer good water pressure or adjustable settings?","How well-maintained is the tub surface, and is it prone to showing wear or staining over time?","Is the shower head fixed, or is it a removable handheld wand?","Is the tub full-sized and deep enough for an adult to soak in, or is it a more shallow, compact model?",The tub appears to be an older style; can you confirm if it's been recently resurfaced and is free of stains or cracks?,"Does the grab bar indicate this is an accessible room, and does the tub have a non-slip surface?","Does this tub have any special features like whirlpool jets, or is it just a standard soaking tub?","Does the bathroom appear to be updated, or do the fixtures and tub surround look dated?",Are there grab bars installed in the shower area for accessibility?,"Is the bathtub deep enough for a comfortable soak, or is it a standard shallow unit?","Is the bathroom spacious, or is the layout cramped with the toilet close to the tub?",Does the shower setup use a curtain or a glass door enclosure?
image_125_jpg.rf.3c2d5ec488c766caac317e90d802b6cb.jpg,bathtub,0.1585755944252014,75.58706665039062,497.8055114746094,490.9573974609375,640.173583984375,"Is this a standard shower-tub combination, or is there a separate walk-in shower available?",Does the tub offer enough depth and length for a comfortable adult soak?,"What is the overall condition of the tub surface and the surrounding tile grout – are there any chips, stains, or mildew?","Are the chrome fixtures, like the faucet and drain, new or well-maintained, or do they show signs of age/wear?","Is the grab bar visible above the tub a standard feature in all rooms, or is this specific to an accessible room type?","Is this a full-length tub suitable for an adult to soak in, or is it a more compact size?","Is there any built-in shelving in the shower area for toiletries, or only the edge of the tub?","Does the shower feature a handheld, detachable wand, or is it a standard fixed showerhead?","Is the grab bar a standard safety feature in all rooms, or does this photo show an accessible room?",Does this tub have any whirlpool or jetted features for a more spa-like experience?,"Does the bathtub look deep enough for a soaking bath, or is it fairly shallow?","Is this a tub-shower combination, or is there a separate shower stall available?",Are there grab bars installed for safety and accessibility?,Do the tiles and caulking around the tub appear clean and well-maintained?,"Are the faucet and fixtures modern, or do they look dated?"
image_144_jpg.rf.da59aba81562a070abca53f67cf73d63.jpg,bathtub,0.2793675363063812,74.70716857910156,438.8614501953125,381.4370727539063,637.512939453125,"Does this setup include a full overhead shower, or is it only a handheld shower for use within the tub?","Is the bathtub wide enough for a comfortable soak, or does it feel more compact?","Does the window above the tub offer privacy from outside views, and can it be opened for ventilation?","Beyond the visible grab handle, are there any other safety features like non-slip surfaces or an anti-slip mat provided for the tub?","Are the faucet and shower controls modern and easy to use, or do they seem dated or worn?","Is the tub long enough for an adult to soak in, or is it a more compact size?",How effective is that glass half-panel at keeping water from splashing onto the floor during a shower?,"Is the shower head fixed in place, or is it a handheld wand?","Does this tub have any luxury features like whirlpool jets, or is it a standard soaking tub?","Are those grab bars inside the tub a standard feature for safety in all rooms, or just in specific ones?","Does the unique, tapered shape of the bathtub allow enough legroom for an adult to stretch out comfortably?","Is there a showerhead installed to use this as a shower-tub combination, or is it for bathing only?",Does the window situated directly above the bath have blinds or frosted glass to ensure privacy?,Is the partial glass screen wide enough to prevent water from splashing onto the floor while showering?,Does the tub feature grab bars or handles to assist with safely getting in and out?
image_7_jpg.rf.105f80081e50c0973533e698fac0998d.jpg,bathtub,0.1497206836938858,18.38953018188477,427.5721435546875,368.2735595703125,638.2628173828125,"Is this bathtub a standard length for stretching out, or is it a shorter, deeper style tub primarily for soaking?",Does the shower setup include a fixed overhead shower in addition to the visible handheld sprayer?,"What specific functions does the digital control panel above the shower mixer offer, like precise temperature setting or tub-fill options?",Is there enough ledge space or an additional caddy provided for personal toiletries like shampoo and soap?,Does the bathtub itself have any luxury features such as jets or massage functions?,"Is this a shorter, deep soaking tub, or is it long enough for a tall person to stretch out?",What functions does the electronic control panel on the wall have?,"Is this an open 'wet room' style shower, or is there a shower curtain or door not pictured?",Can the handheld shower head be mounted on the wall for a hands-free shower?,"Given the narrow ledge, is there any other shelf space for toiletries inside the shower area?",Does the bathtub appear deep enough for a full-body soak?,Is there a digital control panel for automated filling and temperature regulation?,Is a handheld showerhead provided for flexibility while bathing?,Does the bathroom setup allow for washing outside the tub in a wet-room style?,Do the bathtub and surrounding fixtures appear modern and well-maintained?
image_7_jpg.rf.105f80081e50c0973533e698fac0998d.jpg,bathtub,0.1003752499818801,354.6748046875,461.8030090332031,640.2935791015625,637.857177734375,"Does the bathtub's size, specifically its length, allow an average adult to comfortably stretch out or just sit and soak?","Is there an additional wall-mounted or overhead shower head, or is showering solely with the handheld sprayer as pictured?","Do the visible surfaces, including the tub and fixtures, appear clean and well-maintained without any noticeable wear or discoloration?","Are the shower controls easy to understand and operate, particularly for adjusting water temperature and flow?",Is there sufficient ledge space around the tub to place personal toiletries like shampoo and soap?,"How deep is this tub, and is it long enough for an adult to fully stretch out?","Is this handheld wand the only shower option, or is there a separate, stand-up shower stall?",What are the functions of the electronic control panel on the wall above the tub?,Does that modern-looking chrome faucet allow you to precisely set and maintain the water temperature?,"As there's no visible shower curtain, is this designed as a wet room where the surrounding floor can get wet?","Is this a Japanese-style ""wet room"" where the shower area is separate from the tub?",Does the bathtub look deep enough for a full-body soak?,Is there a handheld shower wand included for convenience?,Does the digital panel on the wall allow for precise temperature control?,Do the bathroom finishes and fixtures appear modern and clean?
image_114_jpg.rf.e931054445f9dd0149bb10329334ce22.jpg,bathtub,0.2741605639457702,300.6763000488281,445.04827880859375,636.870361328125,544.7610473632812,"Is the shower head fixed or handheld, and does the screen fully enclose the shower area to prevent splashes?","Is this a standard-sized bathtub, or is it long enough for a taller person to comfortably stretch out?","Do the bathtub and shower fixtures look modern and well-maintained, or are they showing signs of wear?",Does this bathtub have any luxury features like jets or a built-in headrest for relaxation?,"How wide is the entry point to the tub with the shower screen, and how high is the tub lip for stepping in and out?","Is the bathtub deep enough for an adult to comfortably soak, or is it on the shallower side?","Is the shower head fixed to the wall, or is it a detachable handheld wand?",Does the half-glass screen effectively prevent water from splashing onto the bathroom floor?,"Does this tub have any luxury features like whirlpool jets, or is it a standard model?","Are there any safety features, such as a sturdy grab bar or a non-slip surface in the tub?",Does the bathtub appear deep enough for a comfortable full-body soak?,"Is the shower enclosure a partial glass screen, and will it effectively keep water off the floor?",Does the bathroom feature accessible grab bars for safety when entering or exiting the tub?,Is the showerhead a handheld wand that offers flexibility for washing?,Is there sufficient counter space on the adjacent vanity to keep toiletries within reach of the tub?
image_139_jpg.rf.4d99b58474f041faf04f3a0115197b00.jpg,bathtub,0.2260961830615997,63.485450744628906,441.5946044921875,545.414794921875,639.06396484375,"Is this a standard tub/shower combo, or is there a separate walk-in shower option available in the room?",Does the bathtub offer enough depth and length for a comfortable soak for an average adult?,"What is the water pressure like for the shower, and how quickly does the hot water become available?","Are the bathtub and surrounding tiles clean and well-maintained, or do they show signs of wear or discoloration?",Are there any safety features like a non-slip surface in the tub or grab bars for assistance getting in and out?,"Is the tub deep enough for an adult to have a comfortable soak, or is it a shallow model?","Is the shower head a standard fixed model, or is it a handheld wand?",Are there any built-in shelves inside the shower area for toiletries like shampoo and soap?,Does the bottom of the tub have a non-slip surface to prevent slipping?,How is the water pressure from the shower head?,Does the tub appear deep enough for a relaxing soak or is it a standard shallow model?,Do the beige color and style suggest the bathroom is dated rather than modern?,Is there a grab bar installed on the wall for safety and accessibility?,Does the shower use a traditional curtain rather than a glass door enclosure?,Does the grout around the tile work appear clean and free of mold?
image_64_jpg.rf.33076e4b502b34d36c70d4ecb68ae4c1.jpg,bathtub,0.5330843329429626,100.2909698486328,485.5330200195313,231.2910614013672,642.2801513671875,"Is the tub deep enough for a comfortable soak, or is it primarily a shower-bath combo?","Does this look like a standard full-size bathtub, or a more compact one?","Does the tub appear to be in good, clean condition, or does it look worn?","Are there any extra features like jets, grab bars, or a non-slip bottom?","Given the proximity of the toilet, is there adequate space to comfortably use the tub and shower area?","Is the tub deep enough for a comfortable soak, or is it a more shallow design?",Are there any safety grab bars inside the tub and shower area?,"Is the shower surround tiled, or is it a one-piece fiberglass insert?",Does this bathtub have any whirlpool or jetted features?,Do any of the rooms feature a glass shower door instead of a curtain?,Is this a standard shower and tub combination?,Does the bathtub look deep enough for a comfortable soak?,Is the bathroom layout cramped given the proximity of the toilet to the tub?,Does the tub surface appear to be clean and well-maintained?,Is the side of the tub high or low for stepping in and out?
image_64_jpg.rf.33076e4b502b34d36c70d4ecb68ae4c1.jpg,bathtub,0.3145007789134979,64.39814758300781,480.8500671386719,227.4969787597656,638.1156005859375,Does this shower/tub combo offer strong water pressure and consistent hot water?,"Is this a standard-sized tub, or is it a more compact model for showering primarily?","How recently has this bathroom, particularly the tub area, been renovated or updated?",Are there any safety features like grab bars or non-slip mats available for use in the tub?,Does the shower curtain fully enclose the tub to prevent water from spilling out onto the floor?,"Is this a full-size tub deep enough for an adult to soak in, or is it a more shallow, compact model?","Does the shower have a fixed head, or is it a handheld wand?","Are there any safety features, like grab bars or a non-slip surface in the tub?","Is the tub a standard acrylic insert, or is it made of a higher-quality material like enamel?","Does the tub have any luxury features, like whirlpool jets?",Does the bathtub look deep enough for a comfortable soaking bath?,Is the space between the toilet and the bathtub too cramped?,Is this a shower-tub combination or a standalone bathtub?,Do the tiles and tub surface appear clean and well-maintained?,Is the side of the tub low enough to step over easily?
image_169_jpg.rf.e9b8527a37adcc27ec7d82d9896dcad2.jpg,bathtub,0.1212511137127876,82.90399169921875,441.32470703125,409.3836975097656,639.1193237304688,"Does the tub offer any luxury features like jets or a significantly deep soaking depth, or is it a standard basic tub?","Is this a standard-sized tub, or is it a shorter, more compact design that might be uncomfortable for an average adult to stretch out in?","Given it appears to be a molded fiberglass or acrylic unit, what is the typical quality and sturdiness of this specific tub model?","Is the showerhead a fixed unit, or does it include a flexible handheld sprayer which can be more convenient for some guests?","What is the step-over height into the tub, and is the visible grab bar securely installed and functional for guests with mobility concerns?","Is the shower head fixed, or is it a handheld wand?","Is this a full-sized tub, or is it a more compact model?",Does the bottom of the tub have a non-slip texture for showering safely?,Are the molded ledges inside the shower surround large enough to hold shampoo bottles?,"Is this a one-piece fiberglass unit, and how is its overall condition (any stains or cracks)?",Does the bathtub appear deep enough for a comfortable soak?,Is the bathroom layout cramped given the proximity of the toilet to the tub?,Do the fixtures and tub surroundings look clean and well-maintained?,Is there a sturdy grab bar installed for safety and accessibility?,Does the bathroom appear updated or are the features somewhat dated?
image_157_jpg.rf.7f1e0b0923a2165843668f366857db96.jpg,bathtub,0.1804585307836532,-6.227626800537109,355.6330871582031,328.2017517089844,630.0189208984375,Does this bathtub include any luxury features like jets or a whirlpool function?,"Is there a separate walk-in shower in the bathroom, or is the shower head located directly over this tub?","How deep is the bathtub, and is it a comfortable size for an adult to fully soak and relax?","What material is the bathtub made from, and does it feel sturdy and high-quality?","Does the tub have a comfortable sloped back for reclining, or is it a more upright design?","Is that a full-size, freestanding soaking tub, or is it a more compact model?","Does the bathtub have a shower head above it, or is there a separate walk-in shower?","Are there any luxury features like whirlpool jets, or is it a standard soaking tub?","How deep is the tub, and is it long enough for a tall person to stretch out in?",The dual sinks suggest a suite; is this specific bathtub and bathroom layout available in standard rooms as well?,Does the bathroom feature a double vanity so two people can get ready simultaneously?,Is there a sliding door to provide full privacy between the bathroom and the sleeping area?,"Does the bathroom include a freestanding soaking tub, partially visible in the foreground?",Is there ample counter space and storage shelving for personal toiletries?,Is the lighting around the large mirrors bright enough for shaving or applying makeup?
image_157_jpg.rf.7f1e0b0923a2165843668f366857db96.jpg,bathtub,0.2081463932991027,387.5343627929688,449.6209411621094,606.840087890625,642.85400390625,"Is there a separate shower in the bathroom, or is this freestanding tub the only option for showering?","Does this tub comfortably accommodate two people, or is it primarily designed for a spacious single-person soak?","Does this bathtub offer any luxury features like jets, air bubbles, or chromotherapy lighting?","Can the bathroom area, specifically the bathtub, be fully closed off from the bedroom for privacy?","Are the fixtures and tub material considered high quality, and does the tub fill quickly for a relaxing soak?","Is there a separate walk-in shower, or does this tub have a shower attachment that isn't visible?","Given the oval shape, is the bathtub long enough for a tall adult to comfortably soak in?",Does this tub have any whirlpool or air-jet features for a spa-like experience?,Is there a door that closes off the bathroom from the bedroom for privacy?,Does the modern faucet setup include a handheld shower wand for rinsing?,Is this a deep soaking tub suitable for a full-body bath?,Does the open layout between the bathtub and bedroom offer enough privacy?,Is the tub spacious enough to comfortably accommodate two people?,Does the bathroom also include a separate walk-in shower?,"Is there a handheld sprayer attachment for rinsing, or is it a spout-only fill?"
image_50_jpg.rf.780239f89bf4bf7c477159fad51de2a2.jpg,bathtub,0.234928160905838,4.082736968994141,380.9943237304688,350.37109375,636.6954956054688,"Is this bathtub designed for full reclining, or is it more of a compact soaking tub where you sit upright?","Since the shower is over the tub, is there a shower curtain or a fixed glass screen to prevent water splashing out?","The grab bar is a nice touch for safety; how deep is the tub, and is the step-in height comfortable for guests with mobility considerations?","Are there any additional features for comfort, like jets, a heated water function, or a non-slip surface, beyond the standard design?","Do the tub and all its fixtures appear to be new and well-maintained, or do they show any signs of aging or wear?","Is this a shorter, deep soaking tub, or is it a full-length tub that an adult can stretch out in?","Since there is a handheld shower head, is a shower curtain or glass screen provided?",How high is the side of the tub to step over?,What are the functions of the controls on the wall and the dial on the tub itself?,Is there any ledge space around the edge of the tub for placing toiletries like shampoo bottles?,Does the bathtub appear to be a deep soaking tub or a standard shallow model?,Is there a shower curtain or glass screen provided to contain the water?,Can the handheld shower head be mounted on the wall for a standing shower?,Does the placement of the sink overhang interfere with the space in the bathtub?,Are there safety grab bars installed on the wall for accessibility?
image_80_jpg.rf.44aa0730b7ff7e7fc0c5d331326dd79d.jpg,bathtub,0.2392196208238601,0.0216865539550781,475.0532531738281,221.30230712890625,640.0640869140625,"Is there a shower head available above the bathtub, or is it solely for soaking?",What is the approximate depth of the bathtub for soaking comfortably?,"Are there any jets, bubbles, or other spa-like features in this tub?","How quickly does the faucet fill the tub, and is the water pressure good?","Is the tub surface non-slip, or are there any non-slip features for safety?","Does this bathtub also have a shower head, or is it for soaking only?",Is the tub full-sized and deep enough for an adult to comfortably soak?,Does the bottom of the tub have a non-slip surface for safety?,"Is this a standard tub, or does it have any whirlpool or jet features?",The tub rim looks narrow; is there a shelf or caddy provided for toiletries?,Does the bathtub appear deep and long enough for a comfortable soak?,"Is there a shower head and curtain included, or is this strictly a soaking tub?","Does the tub include whirlpool jets, or is it a standard model?","Is the bathroom layout spacious, or is the tub positioned very close to the toilet?",Do the fixtures and tiling look modern and well-maintained?
image_44_jpg.rf.643cd584c5f3c4f457d154bf41fdbd43.jpg,bathtub,0.4923133552074432,109.91372680664062,205.07379150390625,333.67303466796875,628.2055053710938,"Does this bathtub also function as a shower, or is there a separate shower in the bathroom?",Do the small circular elements visible inside the tub indicate that it has a jet or whirlpool feature?,"Does this appear to be a standard-sized tub, suitable for a comfortable soak for an adult?","From what's visible, is the tub clean and free of visible stains, chips, or mildew?","Is there any shelf, caddy, or ledge space available to place bath items like soap and shampoo while using the tub?",Is this a full-size bathtub that an adult can comfortably stretch out in?,"Does the tub have a shower head, or is it designed for baths only?",I can see a small circle on the side of the tub; does this mean it has whirlpool or jacuzzi jets?,How much space is there between the tub and the toilet? It looks like a tight fit.?,"Are the pink tiles and fixtures original to the hotel, or has the bathroom been recently updated?",Does the bathtub feature working whirlpool jets?,Is the tub deep and long enough for a comfortable soak?,"Is this a shower-tub combination, or is it for bathing only?",Do the tiles and bathroom finishings look modern or outdated?,Is the bathtub area spacious or does it feel cramped next to the toilet?
image_44_jpg.rf.643cd584c5f3c4f457d154bf41fdbd43.jpg,bathtub,0.1039743721485138,369.489501953125,275.3297424316406,628.3966064453125,474.1539916992188,"Is there a shower installed directly over this bathtub, or is there a separate shower enclosure in the bathroom?","Does this appear to be a full-sized bathtub suitable for an adult to comfortably soak, or is it a smaller, more compact model?",What is the overall condition and cleanliness of the bathtub's surface; does it appear well-maintained or show signs of wear?,"Does this bathtub offer any special features like jets, a non-slip surface, or specific faucet designs?",Is there adequate ledge space or a built-in shelf around the bathtub for placing toiletries and bath items?,"Is this a combination tub-shower, or is it for bathing only?",Is the bathtub full-length and deep enough for an adult to comfortably soak in?,"Does the tub have any luxury features, like whirlpool jets, or is it a standard model?","What is the condition of the tub's interior surface—is it modern and clean, or does it show its age?",Are there any safety features like grab bars or a non-slip surface inside the tub?,Do the bathroom tiles and fixtures appear modern or outdated?,Is the bathroom layout spacious enough or does it feel cramped?,Does the bathtub appear to be a full-sized model or a compact version?,Is there adequate counter or shelf space for toiletries given the pedestal sink?,Does the bathroom look like it is well-maintained and in good condition?
image_170_jpg.rf.50f296e0d721f9b72a78867bfceac10d.jpg,bathtub,0.1344051659107208,0.9789657592773438,473.2989196777344,334.2973327636719,642.712646484375,"Does this bathtub allow for a comfortable soak, or is it primarily a shower-bath combo with a deeper basin?","Is the shower head adjustable (e.g., handheld) or a fixed unit, and what is the typical water pressure like?",Does the shower system offer consistent hot water and easily adjustable temperature control?,"What is the step-in height for the bathtub, and is the grab bar sturdy for easy entry and exit?",Are there any shelves or ledges within reach of the tub to place toiletries like shampoo and soap?,"Is this a full-length bathtub, or is it a shorter, deep Japanese-style soaking tub?","Is the handheld sprayer the only shower option, or is there a fixed, wall-mounted shower head as well?","Given how close the toilet and sink are, does the bathroom feel cramped?",Is that metal bar on the wall a safety grab bar for accessibility?,"Are the tub and fixtures modern and in good condition, or are they dated?","Is this a compact ""unit bath"" style tub often found in Japanese or budget hotels, or a standard-sized western tub?","Does the sink overhang significantly into the bathtub area, potentially restricting movement?",Is the bathtub deep enough for a full-body soak despite appearing shorter in length?,Is there a handheld showerhead attachment visible for flexible bathing options?,Are there sturdy grab bars installed on the wall to assist with safety and accessibility?
image_143_jpg.rf.973dc9b936a34477602ecd4a9ef46d8a.jpg,bathtub,0.1658830344676971,258.7188720703125,368.8443298339844,644.740966796875,640.1754150390625,"Does this bathtub also function as a shower, and if so, what kind of showerhead is installed?","How deep is the tub, and is it large enough for a comfortable soak?","Are the fixtures and tile modern and updated, or do they appear older?","Does the tub have any special features like jets, a non-slip surface, or a handheld shower sprayer?","Is there enough space around the tub, especially next to the toilet, for comfortable entry and exit?",Is the tub deep enough for an adult to comfortably soak in?,"Does this tub have a shower function, and if so, is the shower head fixed or handheld?",Are there any safety features like grab bars or a non-slip surface in the tub?,"Is the tub surround made of real tile, or is it a one-piece fiberglass insert?",Does the tub have any whirlpool jets or other luxury features?,Does the bathtub appear deep enough for a comfortable soak?,Is the bathroom layout tight with the toilet positioned very close to the tub?,Do the tiles and grout lines look clean and free of mold?,Is this a standard-grade bathtub or does it offer any luxury features?,Are the fixtures and faucet modern and in good condition?
image_46_jpg.rf.2bc385ddd034136b1ac864c343058970.jpg,bathtub,0.1332569420337677,152.079345703125,303.9013671875,346.9030456542969,643.6943359375,"Is there a separate, enclosed shower in the bathroom, or is this tub the only showering option available?",Does this freestanding tub offer sufficient length and depth for a comfortable full-body soak for an average adult?,"Does this modern bathtub include any luxury features such as jets, air bubbles, or a built-in heater?","Given its open-concept placement, what measures are available to ensure privacy when the bathtub is in use?",How is the water pressure and temperature control for both the tub filler and the handheld shower attachment on this floor-mounted fixture?,"Does the floor-mounted faucet include a full shower function, or is there a separate walk-in shower in the room?",How deep is this freestanding tub and is it long enough for a person over 6 feet tall to fully recline?,"Since the tub is in the main room, does that curtain provide complete privacy from the bed area?","Is this a standard soaking tub, or does it have luxury features like whirlpool jets or heated surfaces?","Is there a small table or bath caddy provided for toiletries, since there are no built-in ledges on the tub?",Is the bathtub located directly in the bedroom area without a privacy enclosure?,Does the freestanding tub appear deep enough for a full-body soaking experience?,Is the bathtub positioned to allow a clear view of the TV while relaxing?,Does the floor-mounted faucet include a handheld shower wand for easier rinsing?,Is the tub spacious enough to comfortably accommodate two people?
image_51_jpg.rf.7b159e702507ea94cd8e459993d0693f.jpg,bathtub,0.336241215467453,-4.409341812133789,397.0657348632813,248.88180541992188,638.6993408203125,"Is this a shower-over-tub combination, or is there a separate walk-in shower available in the bathroom?",Does the bathtub provide enough length and depth for an adult to comfortably submerge for a relaxing soak?,"Do the shower fixtures and the tub itself appear to be modern and well-maintained, free from visible wear or stains?","Are there any luxury features like jets, non-slip surfaces, or grab bars within the tub area?","How high is the step-over into the bathtub, and is it equipped with any assistive features for ease of access?","Is the bathtub full-sized and long enough for an adult to stretch out in, or is it a more compact design?","Is that a handheld shower wand only, or is there also a fixed, overhead shower head?",How effective is that half-glass panel at keeping water inside the tub during a shower?,"Is the tub deep enough for a proper soak, or is it on the shallower side?",Does the tub have a non-slip surface or any safety grab bars inside?,Is this a shower-tub combination featuring a glass screen instead of a shower curtain?,Does the bathtub appear deep and long enough for a comfortable soak?,Is there a handheld showerhead attachment included for flexibility?,Do the bathroom tiles and fixtures appear modern and well-maintained?,Is the vanity located close enough to the tub to easily reach toiletries?
image_51_jpg.rf.7b159e702507ea94cd8e459993d0693f.jpg,bathtub,0.1712985038757324,-2.6742935180664062,402.9787902832031,195.93374633789065,545.2201538085938,Does the glass screen fully enclose the tub to prevent water splashing out when showering?,Is this bathtub long enough and deep enough for an adult to comfortably soak?,Are the tub and fixtures well-maintained and free of stains or wear?,"Does this bathtub have any special features like jets, a non-slip bottom, or a comfortable headrest?","How high is the step-over into the tub, especially for guests with mobility concerns?",Is this a full-length soaking tub or a more compact model?,"Is there a separate walk-in shower, or is this shower-tub combo the only one in the bathroom?","Does that glass panel pivot or slide for easier access, or is it fixed in place?","Is the shower head handheld, and is its height adjustable?",Does the tub have any whirlpool or jetted functions?,Is the bathtub deep enough for a comfortable full-body soak?,Does the partial glass screen effectively prevent water from splashing onto the floor while showering?,Is there a handheld showerhead attachment for easier rinsing?,"Does the tub appear to be full-length or a more compact, standard size?",Is the step-over height into the tub manageable for easy access?
image_51_jpg.rf.7b159e702507ea94cd8e459993d0693f.jpg,bathtub,0.1246735677123069,177.57958984375,402.76861572265625,251.6208038330078,622.8905029296875,"Is there a separate walk-in shower in addition to this bathtub, or is this the only showering option?",Does this bathtub offer enough length for a tall adult to stretch out comfortably?,Are the shower/faucet controls modern and intuitive to operate for water temperature and flow?,Does the bathtub have any special features like jets or a deep soak design?,Is there a stable and easily accessible place to put toiletries and shampoo bottles near the tub?,"Is this a full-sized bathtub, or is it a smaller, compact design?",Does the handheld showerhead also mount on the wall for a hands-free shower?,"Since the glass screen only covers part of the tub, does water tend to splash onto the floor?","Is this a standard soaking tub, or does it have any luxury features like whirlpool jets?","Is this a shower/tub combination, or is there a separate walk-in shower in the bathroom as well?",Is this a shower-over-tub setup with a glass screen instead of a curtain?,Does the bathtub feature a handheld shower wand for flexible use?,Does the tub appear deep enough for a comfortable soak?,Do the fixtures and tiling look modern and well-maintained?,Is there a wide enough ledge on the tub to hold toiletries?
image_153_jpg.rf.2b690039cc826cb373e8b36f114ac8da.jpg,bathtub,0.1144595667719841,206.973388671875,452.6690368652344,639.2119140625,635.2249755859375,I see a handheld shower head; is there also a wall-mounted shower and a shower screen or curtain to use it properly?,"Are the bathtubs full-sized for adults to comfortably soak, or are they more compact?",Does the tub surface appear well-maintained and free from scratches or discoloration not visible in the photo?,"Besides the grab handles, does the bathtub offer any additional features like jets for a hydro-massage or a comfortable headrest?",Are the grab handles fixed securely and are they standard in all rooms with bathtubs for safety and ease of use?,"Is the shower head a fixed, overhead type or a handheld wand?",How long is the tub? Is it a full-size tub that an adult can comfortably lie down in?,Are those two chrome bars inside the tub safety grab handles?,Is there a shower curtain or a glass door to keep water from splashing out?,"Given the style of the fixtures and tile, is this bathroom considered recently renovated?",Is the bathtub equipped with an adjustable shower head for standing showers?,Are there built-in grab handles inside the tub for safety and easier access?,Does the bathtub appear deep enough for a soaking bath or is it a shallow standard model?,do the bathroom fixtures and tiling look modern and well-maintained?,Is the tub full-length or does it seem to be a compact version for smaller spaces?
image_11_jpg.rf.97be198888a5d9467b56b34ab3a34879.jpg,bathtub,0.1270992159843444,309.16912841796875,518.8612670898438,634.8253784179688,641.3177490234375,"Is the shower bench a permanent fixture in all bathtubs, or is this an accessible room?",What is the depth of the bathtub; is it deep enough for a relaxing soak?,"Are the tub's fixtures modern and well-maintained, or do they appear basic?","Does this bathtub have any additional features like jets, a non-slip surface, or a handheld shower?","Is the shower integrated with this tub, or is there a separate walk-in shower as well?","Is the built-in shower seat a standard feature in all rooms, or is this an accessible room?","Is that seat permanently fixed to the wall, or is it a removable shower chair?","Besides the seat, are there other accessibility features like grab bars or a handheld shower head?","Is the tub deep enough for an adult to soak in, or is it a shallower, shower-focused design?","Does this tub have whirlpool jets, or is it a standard soaking tub?",Does the bathtub come equipped with accessibility features like a transfer bench?,Is this a deep soaking tub or a standard shallow model?,Does the setup include a showerhead for use as a shower-tub combination?,Do the fixtures and tub surface appear modern and well-maintained?,Are premium toiletries and plush towels provided for guests?
image_100_jpg.rf.6feee3ceca4b6005b98b7047fefb2ab9.jpg,bathtub,0.1704373806715011,396.1021423339844,395.0296020507813,639.1357421875,639.8316040039062,"Is the bathtub area fully open to the bedroom for a seamless feel, or is there a way to ensure more privacy?","Does this bathtub offer enough depth and length for a full, relaxing soak, or is it more of a standard size?","Are the bathtub faucet and controls modern, easy to operate, and do they provide good water flow?","Does this sleek bathtub include any luxury features like jets or an integrated heater, even if not immediately visible?","Is there ample ledge space around the tub to comfortably place toiletries, bath products, or a drink?",Is there a privacy blind or curtain for the glass wall separating the bathtub from the bedroom?,How deep is the tub? Is it a proper soaking tub suitable for an adult?,"To confirm, is that a separate walk-in shower, or is the shower head located over the bathtub?","Does this bathtub have whirlpool jets, or is it a standard, non-jetted tub?",Is the tile ledge around the tub wide enough to place toiletries and a drink on?,Is there a privacy blind or curtain for the glass window separating the bathtub from the bedroom?,Does the bathroom include a separate walk-in shower alongside the bathtub?,Is the bathtub deep and spacious enough for a comfortable full-body soak?,Is the tiled ledge around the tub wide enough to hold toiletries or a drink?,Are the bathroom fixtures and tiling modern and well-maintained?
image_86_jpg.rf.ea06ad8c1ecb4141cdcb6b37fc51d07d.jpg,bathtub,0.3538423478603363,277.4100341796875,405.039306640625,629.0382080078125,642.101318359375,"Is there a separate fixed shower head, or is showering only done with the handheld sprayer attached to the tub faucet?","Does this bathtub offer ample length and depth for a comfortable adult soak, or is it a more compact standard size?","Are there any luxury features built into the bathtub, such as jets, bubbles, or a headrest?","How recently have the bathtub and its fixtures been updated or renovated, considering their current appearance?",Is there a shower curtain or a glass screen installed to prevent water from splashing out when using the shower function?,"Is a shower curtain or screen provided, since one isn't visible in the photo?",How long is the bathtub? I'm trying to tell if it's a full-size tub for soaking.?,Can the handheld shower head be mounted on the wall for a hands-free shower?,"Does this bathtub have any whirlpool jets, or is it a standard soaking tub?","Is there any shelf space on or near the tub for toiletries, aside from the built-in niche with the towels?",Does the bathtub appear deep enough for a comfortable full-body soak?,Is there a wall mount and curtain for the handheld sprayer to allow for standing showers?,"Is this a standard bathtub, or does it include any whirlpool or jet features?","Is the bathroom layout spacious, or is the toilet positioned too close to the bathtub?",Are there reachable shelves or ledges near the tub to place toiletries while bathing?
image_202_jpg.rf.250fa04832b575082450d5b7c14259a9.jpg,bathtub,0.1731568425893783,460.2563171386719,384.4105529785156,639.5635375976562,640.3367919921875,"Do the visible jets indicate this is a fully functional whirlpool or jetted tub, and are there different settings available?","Considering its corner design and headrest, is this bathtub spacious enough for a comfortable, full-body soak for one person, or even two?",What is the policy for cleaning and sanitizing the jetted system between guests to ensure a hygienic experience?,"Is there a separate walk-in shower in this bathroom, or does this bathtub also include a shower attachment?","Are there any nearby ledges, shelves, or caddies to conveniently place bath products, a book, or a drink while using the tub?","Since there’s no shower head visible over the tub, is there a separate walk-in shower in this bathroom?","Are those whirlpool jets in the tub, and do they have adjustable settings for pressure or direction?",How deep is the tub? Is it a true soaking tub suitable for a tall person?,How are the jets and internal plumbing of the tub sanitized between guest stays?,"Is this jetted tub a standard feature in the room, or is it considered a special amenity for a specific suite?",Does the bathtub have functioning whirlpool jets for a spa experience?,Is the tub spacious enough to comfortably accommodate two people?,Does the bath include a built-in headrest for extra comfort?,Is this a deep soaking tub or a standard depth model?,"Is there a separate shower, or is this strictly for bathing?"
image_210_jpg.rf.c3ae8b6f3ec0c40352312f9894602530.jpg,bathtub,0.1838510036468505,11.041336059570312,442.3211364746094,346.96728515625,641.6546630859375,"Is showering exclusively done within this bathtub, and is a functional shower curtain or glass screen provided?","What are the estimated length and depth of this bathtub, and would it comfortably accommodate an average adult for a relaxing soak?","What is the current condition of the tub's surface – are there any noticeable chips, stains, or signs of wear?",Are the visible grab handles firmly secured and positioned effectively for safety and ease of entry/exit from the tub?,"Is the towel holder seen hanging over the tub rim a permanent fixture, or is there a more dedicated towel rack elsewhere in the bathroom?",Is this a combination tub/shower with a wall-mounted shower head?,"Looking at the space, is this a full-size bathtub or a more compact model?",Are the handles inside the tub intended as safety grab bars?,Does the tub have any luxury features like whirlpool jets that aren't visible?,Is the shower enclosed with a curtain or a glass door/screen?,Does the bathtub include safety handles or grab bars for accessibility?,Is there an adjustable showerhead or hose attachment included with the tub faucet?,"Does the tub appear deep enough for a comfortable soak, or is it shallow?",Are the bathroom fixtures and tiling modern and well-maintained?,"Is the layout spacious, or is the sink positioned very close to the bathing area?"
image_55_jpg.rf.f44878d3b1431b6b4d21e9c4caa73a42.jpg,bathtub,0.4437876939773559,21.828670501708984,463.9945068359375,227.7950439453125,642.6555786132812,"Is this the only shower option, or is there also a separate stand-up shower in the bathroom?","Does the bathtub appear deep enough for a comfortable, full-body soak?",Are there any luxury features like jets or a whirlpool function in the tub?,Do the tub and shower fixtures look recently updated and well-maintained?,"Is there a dedicated shelf or recess inside the shower for toiletries, beyond the faucet ledge?",Is the bathtub deep enough for an adult to comfortably soak?,"Is the shower head fixed in place, or is it a detachable, handheld wand?",Are there any safety grab bars inside the tub/shower area?,Does the tub have a non-slip surface to prevent falls?,Does this bathtub have jets or any whirlpool functions?,Does the bathtub appear to be a deep soaking style or a standard shallow model?,Do the subway tiles and grout appear clean and well-maintained?,Is the bathroom layout cramped with the toilet sitting very close to the tub?,Are the faucet and handle fixtures modern and in good condition?,Is there enough ledge space on the tub corners to place toiletries?
image_39_jpg.rf.1148f74abd7bc00b5cf15446357aebd2.jpg,bathtub,0.3347456753253937,8.773612976074219,415.2786560058594,302.1572570800781,627.1678466796875,"Does this bathtub include jets, a built-in headrest, or any other special features for relaxation?","What are the internal dimensions of the tub, especially its depth and width, to ensure a comfortable soaking experience?","Is the off-white/yellowish color of the tub due to specific lighting, or is the enamel discolored or aged?","Are there any additional non-slip surfaces or grab bars in or around the tub for enhanced safety, beyond the one visible?","What brand are the toiletries provided in the wall-mounted dispensers, and are they high quality or standard options?","Is the shower over the tub, or is there a separate walk-in shower next to it?",How deep is the bathtub? Is it a deep soaking tub or a standard depth?,"Given the style, are the tub and fixtures modern and well-maintained, or are they older?",Does this tub have whirlpool jets or any other luxury features?,What brand are the toiletries in the wall-mounted dispensers?,Does the bathroom feature a separate walk-in shower in addition to the soaking tub?,Is the bathtub deep and spacious enough for a comfortable full-body soak?,Is there a privacy blind or curtain for the glass window separating the tub from the bedroom?,Are premium toiletries provided in the wall-mounted dispensers next to the tub?,Does the bathtub area include a grab bar for safety and accessibility?
image_39_jpg.rf.1148f74abd7bc00b5cf15446357aebd2.jpg,bathtub,0.1196025088429451,421.46197509765625,513.5001831054688,571.8765869140625,638.8330688476562,"Is that a bidet sprayer attached next to the toilet, and does it have adjustable pressure?","Are the bathroom walls and floor fully covered in this marble material, or just this section?","Does the wall-mounted toilet feel sturdy and comfortable, and is it easy to clean underneath?","Is the glass panel on the left part of a separate, full-sized walk-in shower?","Do the toilet fixtures, like the flush plate and bidet hose, appear modern and well-maintained?",Is that a handheld bidet sprayer next to the toilet?,I see a walk-in shower; is this bathroom shower-only or is there a separate bathtub not pictured?,Does the walk-in shower have a rainfall shower head in addition to the visible handheld one?,"Are the walls and floors made of real marble, indicating a high-end finish?","Is the shower entrance curbless or ""zero-entry"" for easy accessibility?",Does this bathroom feature a separate bathtub in addition to the walk-in shower visible in the background?,Is the toilet equipped with a handheld bidet spray wand for added hygiene?,Does the bathroom feature high-end finishes like real marble flooring and walls?,Is the glass-enclosed shower easily accessible with a low threshold entry?,"Are the bathroom fixtures, such as the shower door hinges and sprayer, modern and polished?"
image_135_jpg.rf.bf9503d5d32f7bf4656850df76059ebc.jpg,bathtub,0.2775688469409942,42.8284912109375,349.2709350585937,315.5097045898437,510.6310424804688,Is this an accessible bathroom featuring a handheld shower wand for use with the available shower chair and grab bars?,"Does this bathtub offer sufficient depth for a comfortable soak, or is it more of a standard, shallower size for showering?","What is the actual condition and cleanliness of the tub and the tile grout, as it's hard to tell from the picture?","Is there a full shower curtain that fully encloses the tub to prevent water splash, or is it a partial screen?","Does the tub include any special features such as jets, a non-slip texture, or a built-in seat within the tub itself?","Is this a fully accessible ADA-compliant bathroom, or does it just have added grab bars?","Does the shower have a handheld, adjustable shower wand in addition to the fixed head?","Is the portable shower bench shown in the picture automatically included, or does it need to be requested?","For guests who may have difficulty stepping over the tub wall, do you offer rooms with a roll-in shower instead?","How deep is the tub? Is it a standard size for bathing or is it a shallower, shower-focused model?",Does the bathroom include accessible features like grab bars and a shower chair?,Is the bathtub deep enough for a soaking bath or is it a shallow standard tub?,Does the bathroom appear modern or are the tiles and fixtures outdated?,Is there enough floor space to move comfortably around the shower bench?,Is this a tub-shower combination or just a bathtub?
image_135_jpg.rf.bf9503d5d32f7bf4656850df76059ebc.jpg,bathtub,0.4350202679634094,154.97128295898438,346.1410827636719,318.3356018066406,480.8800048828125,"Are the grab bars and shower chair standard in all rooms, or is this a designated accessible room?","Does this tub offer enough depth for a comfortable soak, or is it primarily a shower-bath combination?",Do the fixtures and tiles appear well-maintained and free from wear and tear in person?,Does the bathtub include any luxury features like jets or a built-in bench?,Is there enough space in the bathroom to comfortably use the shower chair or maneuver a walker/wheelchair?,"Is this a designated accessible room, or do all rooms come with grab bars and a shower transfer bench?","Is this a full-size tub suitable for an adult to soak in, or is it a more compact size?",Is the shower head a handheld wand or is it fixed to the wall?,"Does this tub have any whirlpool jet features, or is it a standard soaking tub only?",Does the bottom of the tub have a built-in non-slip surface for safety?,Does the bathroom include accessible features like grab bars and a shower bench?,"Is the bathtub deep enough for a comfortable soak, or is it standard depth?",Is there a handheld showerhead available to use with the shower seat?,Is there enough counter space for personal items given the wall-mounted sink design?,Do the tiles and grout look clean and well-maintained?
image_31_jpg.rf.dc9e4e313d10b0f808a1a79d56487d79.jpg,bathtub,0.5597632527351379,39.54826354980469,416.1507873535156,247.64279174804688,639.2897338867188,"Does this freestanding tub offer an overhead shower, or is the handheld attachment the only showering option?","Is this a full-size bathtub comfortable for an adult to fully recline, or is it more compact?","Does this modern bathtub include any luxury features like jets, air bubbles, or a comfortable backrest?","How effective is the handheld shower for showering *within* the tub, considering there's no shower curtain or enclosure for it?",What is the stability of the freestanding tub and its floor-mounted faucet and shower fixture?,Is the bathtub long enough for a tall adult to stretch out in comfortably?,"I see the handheld shower wand, but is there also a separate walk-in shower in this bathroom?","Does this tub have whirlpool jets, or is it a standard soaking model?",What material is the tub made of? I'm wondering if it holds heat well for a long soak.?,"Is that a window with blinds next to the tub, and do they provide full privacy from the outside?",Is this a deep soaking tub suitable for a relaxing full-body bath?,Does the bathroom include a separate walk-in shower alongside the bathtub?,Does the floor-mounted faucet come with a functional handheld sprayer?,Is the window next to the tub treated or covered to ensure privacy while bathing?,Is the bathtub spacious enough to comfortably fit taller guests or couples?
image_146_jpg.rf.abbdd11aaa159ff6009c5a2074fa677f.jpg,bathtub,0.4152650535106659,0.0427627563476562,383.544677734375,298.1558532714844,637.2643432617188,"Is this a standard full-size bathtub comfortable for soaking, or a more compact model?",Does the partial glass shower screen effectively prevent water from splashing out onto the bathroom floor?,"Are the bath and shower fixtures modern and well-maintained, or do they show signs of wear?","Is the grab bar in the tub area an accessibility feature for all rooms, or only available in specific accessible accommodations?","Does the bathtub offer any additional features like jets, a non-slip bottom, or integrated shelves for toiletries?",Is the shower head fixed on the wall or is it a handheld spray wand?,"Is this a full-length bathtub or is it a smaller, more compact size?",Does that glass panel effectively prevent water from splashing onto the floor when showering?,"Is the grab bar a standard safety feature in all rooms, or does this indicate it's a designated accessible room?",Does the tub have any luxury features like whirlpool jets?,Is the bathtub a full-sized standard tub or a compact model?,Does the glass partition effectively act as a shower screen?,Are there grab bars installed on the wall for safety and accessibility?,Do the bathroom tiles and fixtures appear modern or somewhat dated?,"Is the tub deep enough for a comfortable, relaxing soak?"
image_146_jpg.rf.abbdd11aaa159ff6009c5a2074fa677f.jpg,bathtub,0.3283039629459381,2.2410202026367188,458.23870849609375,293.1799621582031,636.2828369140625,"Is the grab bar provided primarily for general safety, or does this bathtub accommodate guests requiring accessibility features?","Is this solely a shower-over-bath setup, or are separate walk-in showers also available in the hotel rooms?",Does the bathtub appear to be a comfortable length and depth for an adult to have a relaxing soak?,"Are there any special features on this bathtub, like jets, a non-slip bottom, or built-in seating?",Does the visible glass shower screen effectively prevent water from splashing out onto the bathroom floor?,"Is this a full-size bathtub that an adult can comfortably soak in, or is it a more compact model?",Does the partial glass screen effectively prevent water from splashing onto the floor during a shower?,"Is there a wall mount to use the handheld shower wand hands-free, or do you have to hold it?","Is the grab bar a standard safety feature in all rooms, or does this indicate it's an accessible bathroom?",What is the condition of the tub's surface; is it smooth and clean or does it show signs of wear and tear?,Does the bathtub look deep enough for a comfortable soak?,Is there a glass shower screen provided instead of a curtain?,Does the bath include a flexible handheld shower head?,Are there grab bars installed to help with getting in and out?,Does the tub appear to be a standard length or is it compact?
image_146_jpg.rf.abbdd11aaa159ff6009c5a2074fa677f.jpg,bathtub,0.2321070879697799,6.571025848388672,492.908935546875,292.9093017578125,641.023681640625,Does the shower screen effectively prevent water from splashing out onto the bathroom floor?,"Is the bathtub a full-size model suitable for a comfortable soak, or is it more compact/shallow?","What is the condition of the bathtub's surface – is it clean, free from stains, chips, or visible wear?","Are there any built-in features such as non-slip surfacing, grab bars, or jets for a more luxurious experience?",Is there enough ledge space or a convenient shelf nearby to place toiletries like shampoo and soap?,"Is this a full-length bathtub suitable for soaking, or is it a more compact size?","Does the glass screen fully enclose the tub to prevent water splashing, or is it just a partial guard?",How deep is the tub? Is it deep enough for a comfortable bath?,"Are there any luxury features, like whirlpool jets for a spa experience?","Does the tub have any safety features, such as a non-slip surface or grab bars?",Is this a combination unit with a glass shower screen?,Does the bathtub feature safety handles for easier entry and exit?,Is the tub deep enough to allow for a relaxing soak?,Is there a flexible shower hose attachment?,Does the bathtub appear to be full-sized or a more compact model?
image_118_jpg.rf.f2f12fa38940475de6152f6d83535872.jpg,bathtub,0.2467327117919922,307.2304992675781,423.6598205566406,611.9736328125,638.55126953125,"Is this a dedicated accessible bathroom with features like the grab bars and potential shower seat, or are these standard in all rooms?","Does this bathtub have enough depth for a comfortable and relaxing soak, or is it more of a shallow showering tub?","Do the shower fixtures and controls appear modern and easy to use, or are they older in style?","Is there a fixed showerhead available in addition to the handheld shower sprayer, or is the handheld the only option?","Does this bathtub offer any luxury features like jets, a non-slip surface, or a comfortable backrest?",Are the numerous grab bars indicative of a fully accessible bathroom?,Is that a built-in shower seat folded up against the wall on the left?,How high is the side of the bathtub to step over for entry?,Is the handheld shower head on an adjustable-height bar for use while seated?,Does the bottom of the tub have a non-slip surface for added safety?,Are there sufficient grab bars and safety rails installed for accessibility?,Is the shower head a handheld attachment or is there a fixed overhead unit?,Does the bathtub appear to be full-sized or a smaller compact model?,Is the shower enclosure a curtain rather than a glass screen?,Is there an emergency pull cord available for guest safety?
image_151_jpg.rf.bc2a52c20c5b53799addab2a4d6b425e.jpg,bathtub,0.4245546162128448,0.2065849304199218,418.3976440429688,250.6649932861328,640.210205078125,"Does this bathtub also have a shower option, or is it solely for soaking?","How deep is the tub for soaking, and is it comfortable for an average adult?","What material is the tub made of, and does it retain heat well for long soaks?","Given the tub's placement by the window, what is the level of privacy like, and can the shutters be adjusted or opened?",Is there a convenient shelf or ledge nearby to place toiletries like soap and shampoo while bathing?,"Is there a separate, walk-in shower, or is the handheld wand shown the only shower option?","Is this considered a full-size soaking tub, long enough for a taller person to stretch out in?","Since freestanding tubs lack ledges, is a bath caddy or tray provided for holding toiletries or a book?","Is the tub made of cast iron that retains heat well, or is it a more modern acrylic material?",Are luxury amenities like bubble bath or bath salts provided to go with this soaking tub?,Is this a deep clawfoot tub suitable for a full-body soak?,Does the bathtub include a handheld shower attachment for rinsing?,Do the window shutters provide complete privacy while bathing?,Is the tub spacious enough to comfortably accommodate a tall person or a couple?,Are towels and toiletries within easy reach of the bathtub?
image_171_jpg.rf.1546eb8a795e0fcd8311287f2264a636.jpg,bathtub,0.3757461309432983,222.98944091796875,479.3386535644531,638.9578247070312,640.5428466796875,Does this bathtub have built-in jets or a whirlpool feature for a more luxurious experience?,"Is this a full-size soaking tub that accommodates two people comfortably, or is it designed for a single person?","Given its open placement, is this bathtub in an en-suite bathroom, or is it an open-concept setup directly adjacent to the sleeping area?","What material is the bathtub made of, and does it feel sturdy and high-quality, or is it a lighter acrylic model?","Is there a separate, enclosed shower stall in addition to this bathtub, or is this the only bathing option in the room?","Is the bathtub located in the main bedroom area, or can it be closed off for privacy?",Does this tub have jets for a whirlpool or jacuzzi experience?,"Is that a separate, walk-in shower next to the tub, or just a toilet enclosure?","Is this a deep soaking tub, or is it a more standard, shallow depth?",Are there any grab bars installed for safely getting in and out of the tub?,"Is the bathtub located within the open bedroom space or in a private, enclosed bathroom?",Does the tub feature whirlpool jets for a spa-like experience?,Is there a separate walk-in shower available in addition to the soaking tub?,Does the bathtub appear deep enough for a comfortable full-body soak?,Is there convenient shelf space nearby for placing toiletries and towels?
image_127_jpg.rf.6fcbcc10efd39be9384a7d18f86fa2ee.jpg,bathtub,0.1580496281385421,1.7224502563476562,380.3472595214844,349.80096435546875,636.2186279296875,"Is this a full-length bathtub suitable for stretching out, or is it designed as a more compact soaking tub?","Is there a fixed overhead shower, or is showering limited to using the visible handheld wand, and is a shower curtain or glass screen provided?","Does this bathtub include any luxury features like jets, air bubbles, or built-in heating, or is it a standard basic tub?",What is the intended purpose of the grab bar – is it for general safety or indicative of an accessible room type?,"Based on its appearance, how well-maintained is this bathtub, and are the surfaces clean and free from wear or discoloration?","Is that a full-length tub, or is it a shorter, deep soaking style tub?","Is the shower head handheld only, or does it also have a wall mount for a stand-up shower?",What are the functions of the electronic controls visible on the rim of the bathtub?,"Aside from the grab bar, does the tub have any other safety features like a non-slip surface?",How high is the side of the tub? Is it difficult to step in and out of?,Is the bathtub deep enough for a relaxing soak despite its compact length?,Does the sink's position limit the standing room when taking a shower?,Is there a shower curtain or screen to prevent the rest of the bathroom from getting wet?,Is the handheld showerhead adjustable and easy to maneuver?,Is there sufficient counter space or shelving for toiletries near the sink?
image_27_jpg.rf.9596cb25e946d2069543efdfbe2fa417.jpg,bathtub,0.1838701516389846,-3.2176589965820312,421.4024353027344,200.98797607421875,643.7316284179688,"Is the handheld shower attachment powerful enough for a quick rinse, or just for filling the tub and washing hair?","What are the internal dimensions of this clawfoot tub, and is it deep enough for a full, relaxing soak?",Are these vintage-style faucets and shower fixtures well-maintained and free of any rust or hard water buildup?,"Is the bath caddy with toiletries a standard amenity provided in the room, or is it just for decorative purposes?","Does the freestanding clawfoot tub design make it difficult to get in and out of, especially for guests with mobility concerns?",Is the tub long enough for a tall person to stretch out and soak comfortably?,"Is that a separate, stand-up shower stall next to the tub?","Does this tub have whirlpool jets, or is it a standard soaking tub?",Is the tub made from heat-retaining cast iron or is it a more standard acrylic material?,"Does the tub only have the handheld shower sprayer, or is there also a fixed, wall-mounted shower head?",Does the bathroom feature both a freestanding bathtub and a separate walk-in shower?,Is the bathtub deep enough to allow for a comfortable full-body soak?,Does the tub faucet include a handheld shower wand attachment for rinsing?,Is there a grab bar mounted on the wall to assist with entering and exiting the tub?,Is a bath caddy provided to hold toiletries or accessories while bathing?
image_60_jpg.rf.1c6ce8f598092f42fcce9365b372235a.jpg,bathtub,0.2537729740142822,385.6646728515625,453.2585144042969,641.4873657226562,645.760986328125,"Is this a full-length bathtub suitable for comfortable soaking, or is it a more compact size?","Does the glass shower screen effectively contain water splashes, or is it a partial screen that might let water spill out?","Is there a separate, dedicated shower enclosure available in the room, or is this bathtub-shower combination the only showering option?","Does the bathtub offer any additional features like jets, an extra-deep basin, or heated water?","Is the visible grab bar a standard safety feature in all bathrooms, or does it indicate this is an accessible room type?","Is the shower head handheld only, or is there a fixed, overhead rain shower option as well?",Does the partial glass screen do a good job of keeping water from splashing onto the bathroom floor?,"Is the tub full-sized and deep enough for an adult to comfortably soak in, or is it more compact?",Are the toiletries in the wall-mounted dispensers a premium brand or a standard hotel-grade product?,"Is the grab bar a standard safety feature in all rooms, or does this indicate an accessible bathroom?",Is the bathtub deep enough for a comfortable full-body soak?,Does the partial glass screen effectively prevent water from splashing onto the floor?,Is the showerhead handheld and adjustable for flexible use?,Do the marble-style tiles and fixtures appear modern and in good condition?,Are premium toiletries provided in the wall-mounted dispensers?
image_60_jpg.rf.1c6ce8f598092f42fcce9365b372235a.jpg,bathtub,0.11474609375,380.7511901855469,452.779541015625,486.9229736328125,641.1929321289062,"Is this bathtub the only showering option, or is there a separate walk-in shower as well?",Does this bathtub offer enough depth and length for a comfortable full-body soak?,Do the tub and fixtures appear well-maintained and free of any visible wear and tear?,"Does this bathtub include any luxury features like jets, a non-slip surface, or a built-in headrest?","Does the glass shower screen fully enclose the shower area to prevent splashes, and is there an easy entry point to the tub?","Is this a full-length bathtub suitable for an adult to soak in, or is it a shorter, compact model?","Does the shower have a fixed overhead rain shower head, or just the handheld wand that's visible?",How effective is that partial glass screen at keeping water inside the tub during a shower?,Does the bottom of the tub have a non-slip surface for safety?,Does the bathtub have any whirlpool or jet features?,Does the half-glass screen effectively keep water off the bathroom floor?,"Is the bathtub deep enough for a comfortable, relaxing soak?",Does the shower setup include an adjustable handheld wand?,Do the tiles and fixtures look modern and recently renovated?,Is the tub spacious enough for an average-sized adult to use comfortably?
image_60_jpg.rf.1c6ce8f598092f42fcce9365b372235a.jpg,bathtub,0.1980523467063903,390.8784484863281,454.19439697265625,641.0205688476562,640.3369140625,"Does this bathroom only offer a shower-over-tub setup, or is there also a separate walk-in shower?","From this angle, it's hard to tell – is the bathtub a comfortable full-size for an adult soak, or is it on the shorter/more compact side?","Are the modern tiling and fixtures shown here consistent throughout the entire bathroom, or just around the tub area?","Does the bathtub come with any special features like jets, a non-slip bottom, or is it a standard soaking tub?","Considering the grab bar, is this tub/bathroom designed with any specific accessibility features in mind, or is it primarily a general safety addition?","Is the shower head fixed, or is it a detachable, handheld wand?",How effective is that partial glass screen at keeping water from splashing onto the bathroom floor?,"Is this a full-length bathtub suitable for an adult to soak in, or is it a more compact size?",Is there a built-in shelf or ledge inside the shower area for placing toiletries?,"Does the presence of the grab bar indicate this is an accessible room, or is it a standard feature?",Is the bathtub equipped with a glass screen instead of a shower curtain?,Does the tub appear deep enough for a comfortable full-body soak?,Is there a safety grab bar installed on the wall to help with getting in and out?,Does the fixture setup include a handheld showerhead attachment?,Are toiletries provided in wall-mounted dispensers rather than individual bottles?
image_23_jpg.rf.1ad7314110e7a61336d8305cdcea5775.jpg,bathtub,0.6101180911064148,367.0732116699219,429.4844970703125,642.300048828125,637.427001953125,"Are the grab bars and separate shower chair visible in the image a standard feature for all rooms with bathtubs, or only in accessible rooms?","Does the slatted cover shown over the tub reduce the usable bathing length, and is it easily removable?","Is there a fixed overhead shower head in addition to the handheld sprayer visible, or is the handheld the only showering option?","What is the approximate internal depth of the tub, and is it suitable for a comfortable soak?","Does this bathtub have any special features like jets, or is it a standard soaking tub?","Is this an accessible room, or do all bathrooms in the hotel have these grab bars and the bath seat?",Can you confirm if the bathroom has both the bathtub and a separate walk-in/roll-in shower?,Is the white bath seat shown across the end of the tub removable?,How long is the bathtub; is it a full-size tub suitable for an adult to soak in?,"Does the shower fixture include a handheld/detachable spray wand, or is it only a fixed shower head?",Does the bathroom layout include both a bathtub and a separate walk-in shower?,Are accessibility features like grab bars and transfer benches standard in this room?,Is there a handheld shower wand attached to the bathtub fixtures?,Does the bathtub appear deep enough for a comfortable full-body soak?,Do the floor tiles in the shower area appear to be textured for slip resistance?
image_23_jpg.rf.1ad7314110e7a61336d8305cdcea5775.jpg,bathtub,0.1109531074762344,373.89849853515625,440.8020324707031,641.0452270507812,555.1776733398438,"Is this a standard-length bathtub for comfortable soaking, or a more compact, sit-in style?","Is the slatted white bench on the tub removable, or is this bathtub setup primarily for assisted use?",Does the handheld shower head offer adjustable spray settings or is it a single-function unit?,"Is there also a separate, walk-in shower available in this bathroom, or is the bathtub the only showering option?","Does the tub itself feature jets, bubbles, or any other special amenities, or is it a basic soaking tub?",Does this bathroom have both a bathtub and a separate walk-in shower?,Is the white slatted seat inside the tub a permanent fixture or can it be removed?,"Considering the grab bar and seat, is this tub part of an accessible room?","Is the tub deep enough for soaking, or is it a shallower model?",Does the shower fixture in the tub feature a handheld wand?,Is there a separate walk-in shower located next to the bathtub?,Does the bathroom include accessibility features like grab bars and a transfer bench?,Does the bathtub feature a handheld shower attachment for flexible use?,Is the tub deep enough to allow for a comfortable soak?,Do the tiles and fixtures appear modern and well-maintained?
image_4_jpg.rf.ecbbef2fb09b6446415419966b4bf381.jpg,bathtub,0.4150717258453369,130.62442016601562,413.0632019042969,639.8731689453125,638.8428955078125,"Is this bathtub primarily used for showering, or is there a separate, dedicated shower enclosure available?","Is the bathtub long and deep enough for an average adult to comfortably soak and relax, or is it more of a compact design?","Do the bathtub and its fixtures appear clean and well-maintained, without visible signs of rust, mold, or wear and tear?","Does this bathtub include any luxury features such as jets, a non-slip bottom, or quick-fill capabilities?","How effective is the partial glass screen at containing shower spray, or will water tend to splash onto the bathroom floor?",Can the handheld shower head be fixed to the wall for a stand-up shower?,"How deep is the tub, is it suitable for a proper soak?",Does that partial glass screen do a good job of keeping water from splashing onto the floor?,"Is this a full-sized bathtub or is it a more compact, European-style tub?",Is there any built-in shelving or a ledge inside the tub area for toiletries?,Is there a wall holder for the showerhead so I can stand and shower hands-free?,Does the bathtub appear deep and long enough for a comfortable soak?,Is the partial glass screen wide enough to prevent water splashing onto the floor?,Is there any shelf space or ledge near the tub or sink to place my toiletries?,Is the side of the bathtub easy to step over for entry and exit?
image_25_jpg.rf.c47bf0dda7e3cf8338bc9f03ebda961a.jpg,bathtub,0.2208613157272339,23.630504608154297,415.18365478515625,176.8988037109375,598.7152099609375,"Does this bathtub also function as a shower, and is there a shower curtain or glass door provided?",Does this tub offer enough length and depth for an adult to comfortably soak?,"Are the bath fixtures (faucet, shower head if any) modern and in good working condition?","Does this tub have any special features like jets, a non-slip surface, or built-in shelving?","Is there sufficient space around the tub to comfortably move, especially next to the toilet?",The toilet looks very close to the tub; is the bathroom layout cramped?,Does the shower have a glass door or a curtain?,Is this a standard-depth tub or is it a deeper soaking tub?,Are there any built-in shelves inside the shower for toiletries?,Is the shower head a high-pressure or a low-flow model?,"Does the bathtub appear deep enough for a relaxing soak, or is it a standard shallow model?",Is this setup a shower-tub combination to allow for quick showers as well?,Do the tiles and chrome fixtures look modern and well-maintained?,Is the space between the toilet and the bathtub too cramped for comfortable movement?,Are there any visible shelves or ledges within reach to hold toiletries?
image_148_jpg.rf.6f89068d69b71a202b1c7037e38d56c4.jpg,bathtub,0.1544707119464874,1.2590312957763672,414.8974914550781,272.685302734375,635.9055786132812,"Does this bathtub also function as a shower, and what kind of shower head is installed (e.g., fixed, handheld, rain)?","What is the approximate size and depth of the tub – is it a standard size, or more of a compact/deeper soaking tub?",What is the condition of the tub's surface and fixtures; are they well-maintained and free from stains or wear?,"Does the bathtub offer any comfort or luxury features such as jets, a non-slip bottom, or a comfortable backrest angle?","How high is the step-over into the tub, and are there any grab bars or other safety features for easier access?","With the sink hanging over one end, what's the actual usable length of the bathtub for an adult to lie down?",Is the shower head fixed on the wall or is it a handheld wand?,"Does that glass shower screen swing open, or is it fixed in place?","Is the tub deep enough for a comfortable soak, or is it a more shallow design?",Does the bottom of the tub have a built-in non-slip surface for safety when showering?,Does the bathtub feature a fixed glass partition screen instead of a shower curtain?,Is there enough counter space on the vanity to hold a toiletry bag?,Is the bathtub a deep soaking style or a standard shallow model?,Does this bathroom function as a shower-tub combination?,Do the tiles and fixtures appear modern and well-maintained?
image_148_jpg.rf.6f89068d69b71a202b1c7037e38d56c4.jpg,bathtub,0.5744787454605103,301.7489013671875,468.1897277832031,586.1679077148438,643.0596923828125,"Does the shower feature a fixed head, or is it solely the handheld sprayer visible in the image?","Is this bathtub a standard length and depth, or is it a more compact size that might be less comfortable for soaking?","Is the grab bar next to the tub a standard safety feature in all rooms, or is it indicative of an accessible room type?","Given the partial glass screen, does water tend to splash out onto the bathroom floor when using the shower?",Can guests expect good water pressure and consistent temperature control from these shower fixtures?,"Is this a full-sized tub or a shorter, more compact model?",Does the half-glass panel effectively prevent water from splashing onto the floor?,"Is that grab bar a dedicated safety feature, and is the tub easy to step into?","Can the height of that handheld shower head be adjusted, or is it fixed in one position?","Besides the small soap dish on the grab bar, is there any other built-in shelf for toiletries?",Is there a wall bracket to mount the handheld showerhead for a hands-free standing shower?,Does the bathtub appear to be a standard full size or a smaller compact model?,Is the glass partition wide enough to effectively keep water from splashing onto the floor?,Are there sturdy grab bars or handles to assist with safely getting in and out?,Do the tiles and fixtures look well-maintained and free of rust or mold?
image_208_jpg.rf.3791bee1ae0e79a01fc098efb38020b7.jpg,bathtub,0.1001745760440826,258.64703369140625,213.16275024414065,533.5057983398438,353.4684753417969,"Is the shower combined with the bathtub, or is there a separate walk-in shower available?","How deep is the bathtub, is it suitable for a proper soak or more for a quick wash?","What is the overall condition of the bathtub and its finish, does it appear clean and well-maintained?",Are there any safety features like grab bars or a non-slip surface in or around the tub?,"Does the bathtub offer any luxury features such as jets, a whirlpool function, or special lighting?","Given the glass panel, is this a combination shower and bathtub?","Is the bathtub full-length for soaking, or is it a shorter, compact size?","Does this tub have whirlpool jets, or is it just a standard soaking tub?","Is that glass panel a fixed screen, or is it a movable door that opens?",Is a safety grab bar installed inside the tub/shower area?,Is there enough counter space on the vanity for holding personal toiletries?,Does the modern vessel-style sink appear deep enough to prevent splashing?,Are the bathroom fixtures and finishes updated and in good condition?,Are complimentary toiletries and a hair dryer provided for guests?,Does the overall bathroom design feel luxurious and upscale?
image_63_jpg.rf.66d182a66173cc0c53bdc2391b1b6de3.jpg,bathtub,0.1253697723150253,224.5374755859375,392.8915100097656,433.2558898925781,443.10589599609375,Does this bathtub also have a shower head and a curtain or glass enclosure?,"What is the actual depth and length of the tub, suitable for an adult to soak comfortably?",Are the tiles and grout surrounding the tub clean and well-maintained?,Does the tub include any comfort or luxury features like jets or a non-slip surface?,Is there enough accessible ledge space around the tub to place bath toiletries?,"Does this tub have a shower head, or is it just for taking baths?","Based on the photo, does the bathtub seem like a full-size soaking tub or a smaller, more compact one?",Is there a shower curtain or a glass door that isn't visible in this picture?,How much counter space is there next to the sink for toiletries?,"Are the fixtures and tile in the bathroom modern and updated, or are they older?",Does the bathtub appear deep enough for a comfortable soak?,Is this a shower-tub combination or a standalone bath?,Do the tiles and fixtures look modern or somewhat outdated?,"Is the tub cramped between the sink and toilet, or is there plenty of room?",Are there accessible grab bars or handles for safety?
image_63_jpg.rf.66d182a66173cc0c53bdc2391b1b6de3.jpg,bathtub,0.2560593783855438,217.0844268798828,392.1744995117188,430.677490234375,541.4815673828125,"Is this bathtub a standard full size for comfortable soaking, or is it a more compact model?","Does the integrated shower above the tub have good water pressure, and is the half-glass screen effective at preventing splashes?",What is the general condition of the bathtub and surrounding tiles – do they appear well-maintained and clean?,Are there any built-in shelves or ledges within the tub/shower area for conveniently placing toiletries?,"How high is the step-over into the tub, and would it be comfortable for guests with mobility considerations?","Is this a full-size bathtub suitable for an adult to soak in, or is it a more compact size?",Does that partial glass screen effectively prevent water from splashing onto the floor when showering?,"Are there any safety features, like grab bars, to help with getting in and out of the tub?",Does the tub have any whirlpool jets or other luxury features?,"Since it's a shower/tub combo, is there a handheld shower wand in addition to a fixed showerhead?",Does the bathtub appear deep enough for a comfortable soak?,Is there a glass partition for the shower instead of a curtain?,Is there sufficient counter space around the sink for storing toiletries?,Does the bathroom layout seem cramped with the sink and toilet close to the tub?,Do the tiles and fixtures look modern or somewhat dated?
image_63_jpg.rf.66d182a66173cc0c53bdc2391b1b6de3.jpg,bathtub,0.1266421824693679,-0.8950901031494141,367.3175048828125,245.35137939453125,620.3880615234375,"Does this bathroom only offer a shower-over-bath combination, or is there a separate walk-in shower available?","From this angle, it's hard to tell the full size; does the bathtub offer enough length and depth for a comfortable full-body soak?","Are there any special features in this bathtub, such as jets or a built-in headrest, for a more luxurious bathing experience?","Considering the visible quality of the tiles, is the bathtub itself made of a high-quality material and free from any visible wear or stains?","What is the step-over height into the tub, and would it be manageable for someone with mobility concerns?","Is this a shower/tub combination, and does that glass panel fully enclose the shower area to prevent splashing?","Is the bathtub full-size and deep enough for a comfortable soak, or is it a more compact, standard size?",What type of showerhead is paired with the tub—is it a fixed wall-mount or a handheld wand?,"Are there any safety features, like grab bars, inside the tub/shower area?","Does this bathtub have any luxury features, such as whirlpool jets?",Does the bathtub use a partial glass partition instead of a shower curtain?,Is there enough counter space on the unique sink console for holding toiletries?,Does the bathtub appear deep and long enough for a comfortable soak?,Are there safety grab bars installed inside the shower area?,Do the chrome fixtures and tile work appear high-quality and well-maintained?
image_188_jpg.rf.0f1ea3a39f616b197179e61df4506834.jpg,bathtub,0.1436582952737808,344.7557983398437,461.3616943359375,637.9669189453125,641.102783203125,"What kind of shower experience does this tub offer – is it just the handheld sprayer, or is there also a fixed shower head with good water pressure?","How deep is the tub, and is it genuinely comfortable for a relaxing soak, or is it more of a shallow, standard shower-over-tub design?","Are there any luxury features like jets, a non-slip surface, or a comfortable backrest integrated into the tub?","Do the fixtures and drain appear well-maintained and clean, or are there visible signs of wear, rust, or staining?","How high is the tub's edge to step over for entry and exit, and is there any built-in shelving or ledge space inside the shower for toiletries?",Does that handheld shower wand also have a wall mount to use it as a stand-up shower?,"Is this a full-sized bathtub suitable for a soak, or is it a more compact size?",How effective is that partial glass screen at keeping water from splashing onto the bathroom floor?,"Does the tub have any luxury features, like whirlpool jets?",What type of toiletries are supplied in that wall-mounted dispenser?,Is the shower area enclosed by a glass partition rather than a curtain?,Does the bathtub appear deep enough for a comfortable soak?,Is there an adjustable handheld showerhead for flexible use?,Are wall-mounted soap or shampoo dispensers provided?,Is there sufficient space between the toilet and the bathtub?
image_250_fp_jpg.rf.cbbce50801bd01251dee42b4e4f3de44.jpg,bathtub,0.1049131527543068,8.445549011230469,382.0079040527344,256.4703063964844,641.1734619140625,Is this sink deep enough to comfortably wash your face or shave without splashing?,Is there enough clear counter space around the sink for toiletries and personal items?,"Are there closed storage options, like drawers or cabinets, under the sink in addition to the open shelving?","Does this bathroom feature a double vanity with two of these sinks, or just a single sink setup?",Do the faucet and fixtures appear modern and made of high-quality materials?,Does the sink basin have a stopper to hold water?,"With the faucet mounted high on the wall, does water splash out onto the wooden countertop?",Does this room category guarantee the double sinks that are partially shown in the photo?,"Is that a real wood countertop, and if so, is it well-sealed against water damage?",How much usable counter space is there next to the large sink for placing toiletries?,Does the bathroom feature double sinks to accommodate two guests at once?,Is the vessel basin deep enough to use without splashing water onto the counter?,Is there sufficient counter space on the wooden vanity for toiletries?,Are the bathroom fixtures modern and well-maintained?,Is the wall-mounted faucet easy to operate and positioned well over the basin?
image_58_jpg.rf.b624864c1245a4136e105b66de4b7130.jpg,bathtub,0.189866617321968,2.6763916015625,408.7879028320313,439.3402099609375,639.8065185546875,Is there a shower curtain or screen available to use this as a shower?,"How deep is this bathtub, and is it comfortable for an average adult to soak in?","Are the bathtub and fixtures generally clean and well-maintained, or do they show signs of wear?","Does this bathtub offer any special features like jets, or is it a standard soaking tub?","Is the grab bar sturdy and secure for support, and is there an anti-slip surface in the tub?","Is there a shower curtain or screen, or is this a wet-room style bathroom where the floor gets wet?","How long is the bathtub? Is it a shorter, Japanese-style soaking tub or long enough for a taller adult to stretch out in?","Is the shower only the handheld sprayer attached to the faucet, or is there also a fixed, wall-mounted showerhead?",How sturdy is the grab bar on the wall for help getting in and out of the deep tub?,"Besides the small built-in soap dish, is there any other shelving or counter space for toiletries?",Is the bathtub deep enough for a comfortable soak?,Does the bath include a handheld shower head attachment?,Are there safety grab bars installed on the wall?,Are toiletries like shampoo and soap provided in accessible dispensers?,Does the adjacent toilet appear to have electronic bidet features?
image_179_jpg.rf.5ea8dea48b4b734654da7c058da1d821.jpg,bathtub,0.6087161898612976,372.23834228515625,405.6790161132813,636.027587890625,641.373779296875,"Is this a tub-shower combo, or is there a separate walk-in shower as well?","Does this tub appear to be a standard size for a comfortable soak, or is it more compact?","Does the tub itself look clean and well-maintained, free of stains or chips?","Does this bathtub offer any special features like jets, or is it a standard soaking tub?","Does the glass shower screen fully open or slide, or is it a fixed panel, impacting entry and splash protection?","Is that partial glass panel the only splash guard for the shower, or is there a full curtain/door?","Does the tub have a fixed overhead shower, or is it a handheld shower wand?",How long is the bathtub? Is it a full-size tub suitable for an adult to soak in?,The tub appears to have some age; is the surface in good condition without stains or chips?,"Does the tub have any whirlpool or jet features, or is it just a standard soaking tub?",Is the bathtub deep enough to allow for a comfortable soak?,Does the glass partition indicate this serves as a shower-tub combo?,Is the partial glass screen large enough to prevent water from splashing onto the floor?,Does the wooden flooring next to the tub seem practical and safe for a wet environment?,Are the faucet and fixtures modern and well-positioned?
image_247_fp_jpg.rf.ceb10d2334d81c1207e13fa7993489af.jpg,bathtub,0.3530941605567932,333.8995666503906,464.4894409179688,627.4708862304688,632.984619140625,"Does this room type actually come with a bathtub, or is this shower stall the only bathing option?","If there is a bathtub, is it a standard full-size tub for soaking, or a smaller shower-tub combination?","Are the bathtubs in the hotel modern and well-maintained, similar to the visible shower area, or are they older?","Do any of the available bathtubs offer luxury features like jets, a deep soaking depth, or a rain shower head above it?","Is a room with a bathtub guaranteed, or is it subject to availability and specific room categories?","Is this a walk-in shower, or is there a high lip to step over to get in?","Does the shower have a handheld sprayer, or is it a fixed overhead rain shower head?",What are the dimensions of the shower stall? Does it feel spacious or compact?,"Is the shower fully enclosed by a glass door, or is it a partial screen that could let water splash out?","Is the shower base made of plastic/fiberglass, or is it a custom tiled floor?",Is this a full-sized bathtub or just a walk-in shower tray?,Is there a full door or just a partial glass screen to keep water inside?,Is the step into the bathing area low enough for easy accessibility?,Do the tiles and grout lines appear clean and well-maintained?,Does the floor surface look textured to prevent slipping?
image_8_jpg.rf.0855d48f390ef435524bbc9b7e5f8230.jpg,bathtub,0.1143746227025985,73.64399719238281,519.731201171875,220.564453125,643.7859497070312,"Does the bathroom feature a separate walk-in shower, or is this tub/shower combination the only showering option available?",What are the approximate dimensions (length and depth) of this bathtub to determine if it's suitable for a comfortable soak?,"Does this bathtub include any luxury features like jets, a built-in seat, or a non-slip surface?",How often are the tubs and tile grout inspected and cleaned to ensure this level of pristine condition is consistent across all rooms?,"Are there any grab bars or safety features installed near the bathtub to assist with entry and exit, especially for guests with mobility concerns?","Is this a full-size tub for soaking, or is it a shorter, more compact model?","Does the shower have good water pressure, and is the shower head adjustable or handheld?","Is the tub a basic acrylic/fiberglass unit, or is it a more solid enameled material?","Are there any luxury features like whirlpool jets, or is it just a standard soaking tub?",How high is the side of the tub to step over for getting in and out?,Does the bathtub appear deep enough for a comfortable soak?,Is this a shower-tub combination or a bathtub only?,Do the tiles and grout lines look clean and mold-free?,Is the bathtub a standard model or does it have whirlpool jets?,Does the overall condition of the bathroom look modern or dated?
image_145_jpg.rf.51c84ef94f4ba3683568b52355376279.jpg,bathtub,0.1728119552135467,52.51014709472656,406.163818359375,635.8529052734375,640.493896484375,"Does the bathtub have its own integrated faucet and handheld shower, or is it strictly for soaking?",Is the bathtub deep enough for a comfortable full-body soak?,"Does this bathtub offer any luxury features like jets, air bubbles, or chromotherapy?","Is the black headrest a soft, comfortable material, and is it removable or adjustable?","Aside from the visible grab bar, is there an anti-slip surface or mat provided inside the tub for safety?","Is there a separate walk-in shower, or is the handheld wand meant for showering in the tub?",Is the tub deep enough for a full-body soak?,Does the bathtub have any whirlpool or air jet functions?,Is that a built-in cushioned headrest at the end of the tub?,Is the chrome handle on the side a safety grab bar for getting in and out?,Does the bathtub appear deep enough for a comfortable full-body soak?,Is there a separate walk-in shower in addition to the bathtub?,Does the tub feature a built-in headrest for relaxation?,Is there a grab handle to make getting in and out of the bath safer?,Are shampoo and body wash dispensers easily accessible from the tub?
image_32_jpg.rf.670278de5d5334f48157445ba60c9a79.jpg,bathtub,0.1007272750139236,7.900495529174805,429.51904296875,257.3089294433594,639.8265380859375,"Is this a standard full-length bathtub, or is it a shorter, more compact size?","What is the overall condition of the tub and its surround – are there any visible scuffs, stains, or signs of wear?","How high is the step-over lip to get into the tub, and are there any grab bars for assistance?","What type of showerhead is installed, and can it be adjusted for height or water flow?","Does the bathtub have any special features like jets, a non-slip bottom, or a comfortable backrest?",Is this a full-sized bathtub deep enough for an adult to comfortably soak in?,"Does the shower have a fixed head, or is it a handheld, detachable wand?","Are there any safety features, like grab bars or a non-slip surface, inside the tub?",Does this bathtub have jets or any whirlpool functions?,"Since it has a shower curtain, is this a tub/shower combo, or is there also a separate walk-in shower in the room?",Does the bathtub appear deep enough for a comfortable soak?,"Is the bathroom layout spacious, or does the toilet seem too close to the tub?",Do the bathroom fixtures and flooring look modern and updated?,Is the tub a standard size or does it appear to be a compact model?,Does the bathtub area look clean and well-maintained?
image_37_jpg.rf.69d915a10aada1ad649770a43e4bc47e.jpg,bathtub,0.1673531830310821,1.173849105834961,395.8945007324219,272.1260070800781,642.1103515625,"Is this a standard size bathtub, or is it specifically designed for accessibility given the grab bars?",Does the bathtub offer enough length for an average adult to comfortably stretch out for a soak?,"Is the showerhead fixed in place, or is it adjustable and handheld for greater convenience?","Is there a separate shower in the bathroom, or is this the only showering option within the tub?",Is the ledge space next to the tub sufficient for holding toiletries and bath items?,"Given the grab bars and what looks like a shower seat, is this an accessible/ADA-compliant bathroom?","How deep is the tub, and is it long enough for an adult to comfortably soak in?","Is that a handheld, detachable shower wand or is it a fixed shower head?",Is the wide ledge on the side of the tub sturdy enough to sit on for getting in and out?,"Does that type of flooring provide good grip, and is it considered non-slip when wet?",Are there safety grab bars installed around the bathtub area?,Does the bathtub include a handheld shower attachment?,Is the tub enclosed by a shower curtain or a glass door?,Does the bathtub appear deep enough for a comfortable soak?,Is the bathroom floor textured to prevent slipping?
image_176_jpg.rf.4e5544ff928e4465c7c106c7e735d14a.jpg,bathtub,0.3671831488609314,39.19902801513672,442.2481689453125,278.3719482421875,635.0390014648438,"Is the shower head a fixed mounted type, or does it have a detachable/handheld option?","Does this appear to be a standard-sized tub, or is it designed for a deeper, more luxurious soak?",What is the condition of the tub and grout; does it look well-maintained or show signs of wear and tear?,"Is that a usable built-in shelf for toiletries, or is it just a decorative recess in the shower wall?","Does the tub offer any special features like jets, or is it a basic standard model?","Is this a full-size bathtub, or is it a more compact model?","Does the tub have whirlpool jets, or is it a standard soaking tub?","Is the shower head fixed in place, or is it a handheld wand with adjustable settings?","Are there any built-in shelves inside the shower for toiletries, or just the small soap dish?","Given the fixtures, what is the water pressure typically like for the shower?",Does the bathtub appear deep enough for a comfortable soak?,Does the bathroom layout look cramped with the vanity positioned so close to the tub?,Are the fixtures and tub surround modern or do they look dated?,Is the tub surface clean and free of visible wear or stains?,Are there any safety bars or handles visible for assistance getting in and out?
image_147_jpg.rf.58f6bc3b7b1efbc73ae518b59cf2e1a0.jpg,bathtub,0.153669461607933,53.58957290649414,334.9134521484375,252.94554138183597,633.26025390625,"Is there a separate, fixed shower head in the bathroom, or is the handheld attachment on the tub the only showering option?",What are the approximate internal dimensions (length and depth) of this clawfoot tub for comfortable soaking?,"Given it's a freestanding tub without a shower curtain, is there a separate shower enclosure available in the bathroom to prevent water from splashing onto the marble floor?","How high is the step-in height of this freestanding tub from the floor, for ease of access?","Does this elegant soaking tub offer any additional luxury features such as jets, air bubbles, or a heated surface?","Is that a separate walk-in shower in the background, in addition to this bathtub?",How long is the tub? Is it a full-size soaking tub or more of a compact design?,"Given the lack of ledges on the tub, is a caddy or small table provided for toiletries?",Are the walls and floor covered in real marble or is it a porcelain tile?,"Is the handheld sprayer the only shower option for the tub, or can it be mounted on the wall?",Is there a separate walk-in shower in addition to the freestanding tub?,Is the clawfoot bathtub deep enough for a full-body soak?,Does the tub include a handheld sprayer attachment for convenience?,Does the bathroom feature luxury finishes like marble walls and flooring?,Is the bathtub spacious enough to comfortably accommodate a taller person?
image_152_jpg.rf.81f0a013b5f36cd1fa248ab52d423688.jpg,bathtub,0.3056809902191162,16.2408447265625,476.7624206542969,423.5644836425781,614.3568115234375,"Given the partial glass screen, how well does it prevent water from splashing out onto the bathroom floor during a shower?",Does this bathtub offer enough length and depth for a comfortable adult to soak in?,Is the chrome bar visible inside the tub there for safety or assistance getting in and out?,Are the shower controls and shower head modern and easy to adjust for different water pressures or spray patterns?,Is the adjacent counter space genuinely useful for placing toiletries and towels within easy reach of the tub?,"Does the shower have a handheld wand, or is it just a fixed overhead fixture?","Is the tub deep enough for a proper soak, or is it a more shallow design?","Does that glass shower screen swing open completely, or is it fixed in place?","Besides the visible grab handle, does the tub have a non-slip surface for safety?",Is that a heated towel rack visible above the counter?,Is this a shower-over-tub configuration or just a soaking tub?,Does the bathtub appear deep and large enough for a full-body soak?,Is there a glass partition installed to keep water off the floor?,Does the tub feature a built-in handle for safety and easier access?,Is there a heated towel rail located conveniently next to the bath?
image_15_jpg.rf.9d508e553ad7d80180ab6aa5dfb5afa4.jpg,bathtub,0.244586706161499,332.07147216796875,458.337646484375,633.5782470703125,636.6505126953125,"Does the glass shower screen fully open for easy access, or is it a fixed panel?","Does this bathtub appear to be a comfortable full-size for soaking, or is it more compact?","Beyond the visible specks, what is the overall cleanliness and condition of the bathtub and surrounding tiling?",Is there any built-in shelf or ledge inside the tub/shower area to hold toiletries like shampoo and soap?,"Is the shower a standard wall-mounted head, or does it include a rainfall or handheld option?","Is this a full-size tub suitable for a comfortable soak, or is it a more compact size?",How effective is that partial glass screen at keeping water inside the tub during a shower?,"Is the shower head fixed, or is it a handheld, adjustable wand?",Does this bathtub have any whirlpool or jet features?,Are there any built-in shelves or ledges inside the tiled shower area for toiletries?,Does the bathtub surface appear clean and free of visible marks or scratches?,Is the glass partition wide enough to stop water from splashing onto the floor?,"Does the tub look deep enough for a comfortable soak, or is it shallow?",Is this a shower-tub combination rather than a separate standalone bathtub?,Do the chrome fixtures and tiling appear modern and in good condition?
image_54_jpg.rf.67c772c28a65186ffcdb4e1e6f636246.jpg,bathtub,0.4194039702415466,428.6116333007813,467.0292663574219,643.3118286132812,641.4224243164062,"What type of showerhead is installed above the tub, and is the water pressure reliable?","Is this a full-sized tub that an adult can comfortably soak in, or is it a more compact model?",Does the tub's surface have any non-slip features or grips for safety?,"Are there any luxury features like jets, a whirlpool, or even a basic built-in seat?","Is the tub's material durable and easy to clean, and is it free from any visible stains or chips?",Is this a full-sized soaking tub or is it a more compact size?,Does the shower have a handheld wand or just a fixed showerhead?,Are there any safety grab bars installed inside the tub or on the surrounding walls?,Does the tub have whirlpool jets?,"Given the toilet's proximity, does the space feel cramped when getting in and out of the shower?","Is the bathtub deep enough for a full soak, or is it a standard shallow model?",Does the bathroom layout feel cramped with the toilet positioned so close to the tub?,Do the wood-look wall tiles appear modern and in good condition?,Does the tub surface and grouting look clean and well-maintained?,Is this a shower-tub combination suitable for guests who prefer showering?
image_248_fp_jpg.rf.3161c23632f089e5a446917a9a83fd2f.jpg,bathtub,0.1219334080815315,429.5369873046875,401.58544921875,629.4641723632812,639.42138671875,"Does this bathtub have an integrated shower, or is it a standalone soaking tub?","Is this a standard-sized bathtub, or does it appear to be more compact?","Is the tub and shower area clean and well-maintained, or does it show signs of wear?",Does this bathtub offer any luxury features such as jets or a whirlpool function?,Is there sufficient ledge or counter space around the tub for toiletries and personal items?,"Is this a combination shower/tub, or is it a stand-up shower only?",Is the bathtub full-size and deep enough for an adult to soak in?,"Given the visible wall texture and counter, have the bathroom fixtures been recently updated or do they appear dated?","Does the shower have a glass door, or just the fabric curtain shown in the picture?","Are there any special features, like whirlpool jets, or is this a standard tub?",Is there ample counter space next to the bathing area for my toiletries?,Does the bathroom feature a shower curtain or a glass enclosure?,Do the wall finishes and style appear modern or outdated?,Does the bathroom corner look clean and well-maintained?,Is this a full bathtub combination or a walk-in shower stall?
image_248_fp_jpg.rf.3161c23632f089e5a446917a9a83fd2f.jpg,bathtub,0.1841237097978592,3.307332992553711,452.1213989257813,229.71652221679688,638.5547485351562,"Is there adequate counter space around the sink for personal items, or is it as limited as it appears?","Do the sink fixtures and overall bathroom design feel modern and updated, or older/basic?",Does the blue seal on the toilet guarantee it has been fully sanitized and is in perfect working order?,"How compact is this bathroom overall, and is there comfortable space to move between the sink and toilet?","Is there a separate shower or bathtub available in this specific bathroom, as only a sink and toilet are visible?","Given the compact sink, is the bathtub a full-size tub or is it a smaller, shorter model?","Is this a shower/tub combination, or is there only a stand-up shower stall?",What is the condition of the tub and tile surround—is it a newer reglazed surface or does it show signs of wear?,Is there a built-in shelf or ledge in the shower area for toiletries?,"Does the shower have good water pressure, and is the showerhead a fixed, basic type?",Is there anywhere to set down my toiletries since the pedestal sink has no counter space?,Does the bathroom feel cramped with the sink positioned so close to the toilet?,Do the older-style faucets and textured walls make the room feel outdated?,"Is the bathroom actually clean and well-maintained, or does the age of the fixtures make it feel grimy?",Are the separate hot and cold taps difficult to use when trying to get warm water?
image_245_fp_jpg.rf.07ad91f39794b6360476082deb379730.jpg,bathtub,0.1919682174921035,372.6417541503906,473.0281982421875,610.8338012695312,634.5150146484375,"Is the bathtub thoroughly cleaned and sanitized between guests, especially around the drain area?",Does this bathtub offer sufficient depth for a comfortable soak?,Does the textured bottom of the tub provide effective anti-slip safety?,"Does this bathtub have any special features like jets, or is it a standard tub?","Does this unit function as both a bathtub and a shower, and is the water pressure good?",Is this a full-sized bathtub suitable for an adult to comfortably soak in?,"Does the shower have a handheld/detachable shower wand, or is it a fixed shower head?","Is that a sliding glass door on a track, or is it a fixed panel with an opening?",Does this tub have any whirlpool or jet features?,Are there any safety grab bars inside the shower area?,Does the bathtub appear deep enough for a comfortable soak?,Does the tub feature sliding glass doors instead of a shower curtain?,Is the bottom of the tub textured to prevent slipping?,Does the tub surface look clean and free of stains or chips?,Is this a standard tub/shower combo or a specialized luxury tub?
image_16_jpg.rf.ed142ec0f8ab318a2fac25646da5eea8.jpg,bathtub,0.3930656909942627,3.551025390625,449.32916259765625,257.7884826660156,634.7134399414062,"Is there a shower head and mixer for this bathtub, or is it purely for bathing?",How deep and long is this bathtub; would an average-sized adult be able to comfortably soak in it?,"What is the overall condition of the bathtub – does it show any visible wear, chips, or stains?","Does this bathtub have any extra features like jets, a non-slip surface, or a thermostatic mixer?",Is there a ledge or any convenient space around the bathtub to place toiletries like shampoo and soap?,"Is the tub deep enough for an adult to comfortably soak, or is it a shallower, standard depth?","Does the shower have a handheld sprayer, or is it a fixed, wall-mounted shower head?","Is that glass panel fixed in place, or does it pivot to allow easier access to the tub?",Are there any grab bars installed in the tub or on the surrounding walls for safety?,Does the tub have a non-slip surface on the bottom?,Does the bathtub feature a glass partition instead of a shower curtain?,Does the tub appear deep and long enough for a comfortable soak?,Is there sufficient space between the washbasin and the bathtub for easy movement?,Do the tiles and fixtures look modern and well-maintained?,Is the side of the bathtub low enough for safe and easy entry?
image_180_jpg.rf.4c2a5310cf05d7d1dcce1bb9b78e76cb.jpg,bathtub,0.2973693609237671,8.833274841308594,419.0729370117188,350.3799743652344,635.4847412109375,Is this freestanding tub difficult to enter or exit due to its height or design?,"Does this freestanding tub offer any special features like jets, air bubbles, or chromotherapy lighting?","Is there ample space around the freestanding tub for comfortable movement and storing personal items, or does it feel cramped?","Does this tub have a handheld shower attachment for rinsing off, or is the wall-mounted faucet the only option?",Is the stylish wooden bath caddy shown in the picture a standard amenity in this room type?,"Is this a full-size soaking tub, or is it a more compact design?","Since there's no visible shower head, is there a separate walk-in shower in the bathroom?",Does this tub have any whirlpool or air jet features?,Is the wooden bath caddy shown in the photo included for guest use?,Does the wall-mounted faucet include a handheld sprayer for rinsing?,Is the bathtub deep enough for a full-body soak?,Is there a separate walk-in shower adjacent to the tub?,Is the freestanding tub large enough to accommodate two people comfortably?,Does the tub have a handheld sprayer attachment for rinsing off?,Is the wooden bath tray actually provided for guest use?
image_121_jpg.rf.3c0b9029bd91f3caef6019aa22b2d657.jpg,bathtub,0.3009750247001648,319.5968933105469,430.8724365234375,639.8402709960938,639.2100830078125,Is there a shower curtain or glass door to prevent water from splashing out of the tub when showering?,Does the bathtub provide enough length and width for a comfortable soak for an adult?,"Does this tub offer any special features like jets, or is it a standard soaking tub?","Are the grab bars in the tub area standard for all rooms, or is this an accessible room?","Given the integrated sink design, is there adequate space around the tub or sink to place personal toiletries and bathing essentials?",How deep is this tub? Is it long enough for an adult to comfortably soak in?,Does the sink hanging over the tub make it feel cramped when you're showering?,Can the handheld shower head be mounted on the wall for a hands-free shower?,"Is there a shower curtain or glass door, since one isn't visible in the picture?",Is the metal bar on the wall a sturdy safety grab bar for getting in and out?,"Is the bathtub a standard length or a compact, deep-soaking style often found in economy hotels?",Does the overhanging sink design restrict headroom or space when trying to relax in the bath?,Is there an adjustable wall bracket for the handheld showerhead to allow for hands-free showering?,"Is there dedicated shelf space for personal toiletries, or is the tub rim the only available surface?",Are safety features like grab bars included to assist with getting in and out of the tub?
image_156_jpg.rf.ef2baf203261266d285137aa2a7e1132.jpg,bathtub,0.1305287778377533,310.5700378417969,386.2730407714844,643.7734985351562,637.873046875,"Is this a shower-over-tub combination, or is there a separate walk-in shower elsewhere in the bathroom?","Does the bathtub appear to be full-size, suitable for an adult to comfortably stretch out, or is it a more compact soaking tub?",Is the visible grab bar next to the shower controls sturdy and conveniently placed for safely getting in and out of the tub?,"Does the bathtub offer any luxury features like jets, a deep-soaking design, or built-in heating?",Do the tub's faucet and shower controls look modern and easy to operate with good water pressure?,How long is the bathtub? Is it deep enough for an adult to comfortably soak in?,Does the shower have both a fixed rainfall head and a separate handheld wand?,"Is that glass panel fixed, or does it swing open for easier access to the tub?",What brand are the complimentary bath toiletries shown on the vanity?,Is the horizontal bar inside the shower a safety grab bar or just a towel rail?,Does the bathtub feature a glass partition instead of a shower curtain?,Is there enough counter space on the vanity for personal toiletries and makeup bags?,Does the open shelving under the sink provide sufficient storage for towels and amenities?,Do the wall-mounted faucets and stone finishes give the bathroom a modern feel?,"Is the bathtub deep enough for a comfortable soak, or is it better suited for showering?"
image_156_jpg.rf.ef2baf203261266d285137aa2a7e1132.jpg,bathtub,0.6041988730430603,0.6203842163085938,435.1917114257813,339.4810791015625,641.7937622070312,"Is the glass shower screen a full enclosure or does it only partially cover the tub, potentially leading to splashes?","Is this bathtub a standard length for an adult to comfortably soak, or is it a more compact size?","What kind of shower head is installed above the tub – is it a fixed rainfall type, a handheld sprayer, or both?","How high is the step over the side of the tub, especially for guests with mobility concerns?","Does this bathtub offer any special features like jets, or is it a standard soaking tub?","Is the bathtub full-length and deep enough for a comfortable soak, or is it a more compact, shallow design?","Does the shower only have the fixed wall-mounted head, or is there a handheld sprayer as well?",How effective is the partial glass screen at preventing water from splashing onto the bathroom floor?,Does this tub have any whirlpool or jet features?,"Given the tub is right next to the vanity, is there a ledge or shelf inside the shower area for toiletries?",Is the glass partition wide enough to prevent water from splashing onto the floor?,Does the bathtub appear to be full-sized or more of a compact model?,Is the tub deep enough for a comfortable soak?,Do the grey tiles and fixtures look modern and recently updated?,Is the showerhead adjustable or is it fixed in place?
image_156_jpg.rf.ef2baf203261266d285137aa2a7e1132.jpg,bathtub,0.1086000204086303,-0.1183509826660156,452.1584777832031,321.8449401855469,638.7846069335938,"Does this bathroom only have a shower-over-tub, or is there a separate walk-in shower as well?","How deep is the bathtub, and is it suitable for a comfortable soak?","Are the visible bath fixtures, like the tap and shower head, modern and well-maintained?","Does this bathtub offer any special features like jets, or is it a standard soaking tub?","What is the step-over height for the bathtub, for ease of access?","Is this a full-sized tub for soaking, or is it a shorter, more compact size?","Does the shower head have a handheld wand, or is it fixed to the wall?","Is the back of the tub slanted for comfortable lounging, or is it upright?",How far along the tub does that glass panel extend to prevent water from splashing out?,Are there any grab bars inside or just outside the tub for safety?,Is the bathtub deep enough for a comfortable full-body soak?,Does the glass screen effectively prevent water from splashing onto the floor?,"Do the bathroom finishes, like the tiling and vanity, look modern and up-to-date?",Is there enough counter space on the sink next to the tub for my toiletries?,Are fresh towels stored within easy reach of the shower?
image_174_jpg.rf.0a0569f3e86915e981d4ecfceed2a33e.jpg,bathtub,0.103029079735279,176.4901123046875,469.531005859375,522.918212890625,535.340087890625,"Is the shower over the tub the only shower option in the bathroom, or is there also a separate shower stall?","How deep is this bathtub, and is it long enough for an adult to comfortably soak?","Do the bathtub and surrounding tiles appear to be in good, clean condition, or are there signs of wear and tear?","Does this bathtub have any extra features like jets, a non-slip bottom, or a built-in seat?",Is there enough space on the tub's edge or a nearby shelf to place toiletries like shampoo and soap?,"Is the shower head handheld only, or can it be mounted on the wall for a stand-up shower?",How deep is the tub? Is it suitable for soaking or is it a shallower tub/shower combo?,"Given the narrow space, what are the dimensions of the bathtub?","Are the bathtub and tiling new, or have they been recently resurfaced?","Is there any built-in shelving inside the shower for toiletries, or just the narrow ledge?",Is this a shower-tub combination suitable for guests who prefer standing to shower?,Does the bathtub appear deep and long enough for a comfortable full-body soak?,"Is the bathroom layout spacious, or is the tub cramped between the sink and toilet?",Do the tiles and fixtures look modern or somewhat dated?,Is the showerhead fixed to the wall or is it a handheld attachment?
image_174_jpg.rf.0a0569f3e86915e981d4ecfceed2a33e.jpg,bathtub,0.2356923371553421,161.96539306640625,466.3670043945313,520.89404296875,640.2971801757812,"Is this the only shower option, or is there a separate standing shower available?","Does the bathtub appear to be a standard full-size, or is it more of a compact or shorter tub?",What is the overall condition and cleanliness of the bathtub and surrounding tiled area?,"Does the tub include any luxury features like jets, a non-slip surface, or a comfortable backrest?","How high is the step-over into the tub, and are there any grab bars for stability?","Is that a handheld shower wand, or is there a proper wall-mounted shower head to stand under?","Given how close the sink and toilet are, is this a full-size tub or a more compact, shorter model?",Are there any built-in shelves or ledges in the tub area to hold shampoo and toiletries?,"Does the shower use a curtain only, or is there also a glass panel to keep water from splashing out?","How is the water pressure, considering the fixtures appear to be an older style?",Does the bathtub appear to be full-sized or is it a compact model?,"Is there a wall mount for the shower head, or is it a handheld-only sprayer?",Is there enough ledge space around the tub or sink to hold toiletries?,Does the bathroom design look modern or does the tiling feel a bit dated?,Do the grout lines and fixtures appear clean and well-maintained?
image_104_jpg.rf.76463ed37df28a5bff4a1390233fe8ad.jpg,bathtub,0.5109631419181824,322.01513671875,482.6229553222656,606.19921875,639.5759887695312,Is the grab bar sturdy and positioned for easy and safe entry/exit from the tub?,"Does the tub appear to be a standard size, or could it comfortably accommodate someone looking for a deep soak?","Are the tub fixtures, like the faucet and drain, modern and in good working order?","Is the tub surround made of a durable, easy-to-clean material like the visible granite-patterned surface, and does it look well-maintained?","Does this tub include any special features like jets, and what type of shower head is installed above it?","Is this a combination tub and shower, or is the shower in a separate stall?",How deep is the tub? Is it a standard depth or is it a deeper soaking tub?,"Given the visible grab bar, does this bathroom have other accessibility features like a non-slip surface?","Are the tub surround and the vanity countertop made of real granite, or is it a laminate material?","Does this tub have any luxury features like whirlpool jets, or is it a standard model?",Does the bathtub look deep enough for a comfortable soak?,Are there accessible grab bars installed for safety?,Is there sufficient counter space on the vanity for toiletries?,Is this a shower-tub combination or a standalone bathtub?,Do the finishes and fixtures appear modern and well-maintained?
image_214_jpg.rf.8df04a6e1f62b15584638a9b97bef080.jpg,bathtub,0.597513735294342,2.547168731689453,446.67486572265625,470.6015625,643.1522216796875,"Is there a separate shower enclosure in addition to this bathtub, or is this the only bathing facility?","How deep is the bathtub, and does it allow for a comfortable full-body soak?","Are there any jets or whirlpool features in this tub, or is it a standard soaking tub?",Do the visible modern faucets also include a handheld shower head for convenience?,Is the black surrounding rim around the tub wide enough to place bath items like soaps and shampoos easily?,"Is this a deep soaking tub, and is it long enough for a tall person to fully recline?","Does the faucet have a handheld shower wand for rinsing, or is it just a tap?","Since there isn't much of a ledge, is there a caddy or small table provided for toiletries?","Is there a separate, stand-up shower in the bathroom, or is this the only bathing facility?",Does this tub have any whirlpool or air-jet features?,Is the bathtub deep enough for a comfortable full-body soak?,Does the tub include a handheld showerhead attachment for easy rinsing?,Is the tub spacious enough to accommodate two people?,Is there a wide ledge or counter space around the tub to hold toiletries or a drink?,Does the bathroom feature high-end finishes like marble or stone tiling?
image_6_jpg.rf.aa9530f81086e4ce1f1f5eb71e2238d9.jpg,bathtub,0.1306829750537872,-0.352783203125,433.40576171875,369.828125,640.260009765625,"Is there a separate walk-in shower in this bathroom, or does this bathtub also have a shower head?",Does this bathtub offer enough length for a tall adult to comfortably stretch out and soak?,"Is the visible bath caddy a standard amenity provided for guests, and is it sturdy enough for items like a book or tablet?","Does the bathtub material feel premium and durable, and does it appear free from any stains or scuffs?","What is the step-over height for the bathtub, and is there any non-slip treatment on the tub floor for safety?","Is there a separate walk-in shower, or is the shower located over this tub?",How deep is this tub? Is it considered a full-size soaking tub?,Does the tub have any jets or whirlpool features?,Is that silver rack a bath caddy that comes with the room for holding items?,Is the toilet located in a separate room from this bathtub area for more privacy?,Is the bathtub deep enough to function as a soaking tub?,Does the bathroom layout offer privacy between the tub and the toilet area?,"Is this a standalone tub, or does it also have an overhead shower attachment?",Does the bathtub come equipped with the wire amenity caddy shown in the photo?,Are high-quality toiletries provided in the wall-mounted dispensers?
image_6_jpg.rf.aa9530f81086e4ce1f1f5eb71e2238d9.jpg,bathtub,0.1490300744771957,-2.374820709228516,445.410400390625,328.899169921875,642.2615966796875,"Is there a shower head installed above this bathtub, or is there a separate shower enclosure elsewhere in the bathroom?",Does this bathtub offer enough depth and length for a comfortable full-body soak?,"Is the metal caddy shown across the tub a standard amenity provided with the room, or is it decorative?",Does this bathtub include any special features like jets for a whirlpool experience?,"How high is the step to get into this bathtub, and is it easy to enter and exit?","Is there a shower head included with this tub, or is there a separate walk-in shower in the bathroom?",How deep is this tub? Is it considered a full-size soaking tub for an adult?,Does this bathtub have whirlpool or air jets?,Is the wide ledge surrounding the tub sturdy enough to sit on or place items like a drink or a book?,Does the metal bath caddy shown in the photo come standard with this room type?,Does the bathtub appear deep enough for a full-body soaking experience?,Are luxury accessories like the metal bath caddy and headrest towel included for guests?,"Is this a standalone tub for relaxation, or does it also feature an overhead shower?",Is there enough ledge space around the tub to hold personal items or a drink?,Are the bath amenities provided in eco-friendly wall dispensers or individual bottles?
image_96_jpg.rf.296fc863c11be6436a2a5ed05ee47202.jpg,bathtub,0.3448845148086548,222.26071166992188,350.4262084960937,634.7577514648438,635.104736328125,"Is there a flexible, handheld shower head in addition to a fixed one, or just a fixed head above the tub?","How deep is this bathtub, as it's hard to tell if it's suitable for a relaxing soak for an adult?","Are the classic-style tap fixtures in good working order, providing good water pressure and stable temperature control?","Are the grab handles installed securely, and is there a non-slip surface inside the tub for safety?","Does the shower screen fully enclose the showering area when in use, or is it a fixed panel that might allow water to splash out?","Is the shower head fixed, or is there a handheld, detachable wand?","How deep is the bathtub, and is it long enough for a tall adult to comfortably soak in?","Since the sink has separate hot and cold taps, does the shower have a modern mixer tap for easier temperature control?","Is this just a standard soaking tub, or does it have any whirlpool or jet features?","Given the pedestal sink, is there any other counter space or shelving for toiletries besides the small glass shelf shown?",Is this a shower-tub combination with a glass screen?,Does the bathtub feature built-in grab handles for safety and accessibility?,Does the tub appear to be a full-sized model or a compact version?,Are the sink and tub faucets separate hot and cold taps or modern mixers?,Is there sufficient shelf or counter space nearby for toiletries given the pedestal sink style?
image_142_jpg.rf.4813469f69c83290418c52ca9ba07cc9.jpg,bathtub,0.520392656326294,132.62545776367188,397.1351318359375,344.0975341796875,515.8936157226562,"Is this bathroom equipped with only a shower-over-tub setup, or is there also a separate walk-in shower available?",How deep and long is this bathtub? Would an adult be able to comfortably soak and stretch out?,"Do the visible tub and tile surfaces appear to be in good, clean condition, or do they show signs of wear, stains, or age?","Besides the visible grab bar, does this bathtub or bathroom offer any other accessibility features or anti-slip surfaces for safety?","Does this bathtub include any premium features like jets, a heater, or deeper soaking capability beyond a standard tub?",The tub appears shorter than standard; is it long enough for an adult to fully recline in it?,"Is this a shower/tub combination only, or does the bathroom also have a separate walk-in shower?","Does this tub have whirlpool jets, or is it a standard soaking tub?","I see a grab bar in the tub; does this indicate it's an accessible room, or is this a standard safety feature?","Given the style of the tile and vanity, how recently was this bathroom last renovated?",Does the bathtub look deep enough for a comfortable full-body soak?,Is there a built-in seat or ledge inside the tub mold?,Does the setup include a shower capability or is it strictly for bathing?,Are there safety grab bars installed on the wall for accessibility?,Do the tiles and grout around the bathtub appear clean and well-maintained?
image_142_jpg.rf.4813469f69c83290418c52ca9ba07cc9.jpg,bathtub,0.3874996602535248,89.41132354736328,409.2557373046875,334.4689636230469,638.2711181640625,"Is the grab bar next to the tub a standard safety feature, or does it indicate an accessible room?","Does the tub offer enough depth for a comfortable soak, or is it a more shallow model?","How recently were the tiles and grout around the tub updated, or are they showing their age?","Does this tub come with any special features like jets, or is it a basic tub/shower combination?",How effective is the shower curtain at preventing water from splashing out onto the bathroom floor?,"Is this a full-size bathtub for soaking, or is it a more compact, shorter model?","Is the showerhead fixed, or is it a handheld, adjustable wand?","Since there's a grab bar, does the tub also have a non-slip surface for safety?",How deep is the tub? Is it suitable for a proper bath?,Can you confirm if this is a standard tub or if it has any whirlpool or jetted features?,Is the bathtub deep enough for a comfortable soak?,Does the bath area include safety grab bars for accessibility?,Is the shower enclosed by a curtain or a glass door?,Does the bathroom layout feel spacious or is the toilet positioned tightly against the vanity?,Do the tiles and grout lines appear clean and free of mold?
image_59_jpg.rf.d1778d80b8f3106d3bcc68ce5cae9078.jpg,bathtub,0.2325869649648666,101.75071716308594,476.8354797363281,442.0409851074219,638.667724609375,Is this a fully functional jacuzzi or whirlpool tub with powerful jets for hydro-massage?,"Does this bathtub also include a shower head, or is there a separate walk-in shower in the bathroom?","What are the approximate dimensions of the tub, and is it spacious enough for two people?","How recently was this specific bathtub and its fixtures updated, and is it consistently spotless?","Does the visible glass panel fully enclose the tub for showering, or is it an open-concept design?",Does this tub have working whirlpool or jacuzzi jets?,"Is the tub long enough for a tall adult to stretch out in, or is it more of a compact soaking tub?","Is there a shower head combined with the tub, or is there a separate walk-in shower?","Is that a washing machine in the bathroom, and is it available for guest use?","Given the oval shape, is the tub deep enough for a proper soak?",Does the bathtub feature functioning whirlpool jets for a spa-like experience?,Is the tub deep enough to allow for a comfortable full-body soak?,"Is this strictly a soaking tub, or is there also an overhead shower included?",Is the bathtub spacious enough to accommodate two people?,Do the controls and fixtures appear modern and well-maintained?
image_216_jpg.rf.eff5a5bd7fdb3cf9c55960360c0d920f.jpg,bathtub,0.1223348155617713,9.964675903320312,443.9268798828125,417.439453125,640.8228759765625,"Does this tub include a shower head, or is there a separate walk-in shower elsewhere in the bathroom?","How deep is this bathtub, and is it long enough for a comfortable soak for an average adult?",Does the bathtub feature any jets or special lighting for a more luxurious experience?,"Are the tub and its fixtures clean and well-maintained, or do they show signs of wear or grime?","Is there enough space on the tiled ledge around the tub to place toiletries like soap, shampoo, or a drink?","Is this a shower/tub combination with a fixed shower head, or just a soaking tub with that handheld sprayer?",Is the bathtub deep enough for an adult to have a comfortable soak?,How much space is there on that stone ledge for placing toiletries like shampoo and soap?,Does the bottom of the tub have a non-slip surface for safety when showering?,Is the water pressure strong enough to fill the tub in a reasonable amount of time?,Does the bathtub appear deep and long enough for a comfortable soak?,Is there a handheld shower attachment included for easier rinsing?,Does the tub feature a grab bar or handle for safe entry and exit?,Is the marble ledge wide enough to hold toiletries or a book while bathing?,Do the stone finishes and fixtures look high-quality and well-maintained?
image_216_jpg.rf.eff5a5bd7fdb3cf9c55960360c0d920f.jpg,bathtub,0.1063608527183532,10.766525268554688,450.7646179199219,421.0059814453125,641.5484008789062,"Does this bathtub include a functional shower, and is it a fixed or handheld shower head?","Does the tub appear deep enough for a comfortable full-body soak, or is it a more shallow design?","Are there any special features like jets, bubbles, or built-in armrests in the bathtub?",Is there adequate and easily accessible ledge space around the tub for toiletries like shampoo and soap?,"Do the surrounding materials, like the stone tiling and fixtures, feel modern and well-maintained?","Is the shower head fixed on the wall for stand-up showering, or is it only a handheld wand?",How deep is the tub? Is it actually big enough for an adult to have a proper soak?,Does the tub have any whirlpool or air-jet features?,Is that small tile ledge behind the faucet the only space for placing shampoo and soap?,"Is the tub floor textured to prevent slipping, or is it a smooth surface?","Is there a separate shower stall in addition to the bathtub, as suggested by the reflection?",Does the bathtub appear deep enough for a comfortable full-body soak?,Are there safety handles or grab bars installed to assist with entering and exiting the tub?,Do the marble finishes and fixtures suggest a high-end or luxury bathroom standard?,Is the vanity counter close enough to keep toiletries within reach while bathing?
image_196_jpg.rf.ee09d333a778c494b85add2939ac7fe1.jpg,bathtub,0.2787723839282989,21.478519439697266,501.2590026855469,379.7810363769531,640.4139404296875,"Does the partial glass screen extend to fully enclose the shower area, or is a shower curtain used for a full shower?","Is this a full-size bathtub comfortable for an adult to soak in, or is it a smaller, more compact model?",What is the overall condition and cleanliness of the bathtub and surrounding tiling?,Does this bathtub include any special features such as jets or a whirlpool function?,Is there any shelf or ledge space available directly around the tub for placing toiletries conveniently?,"Is that a handheld-only shower sprayer, or is there a wall mount to use it as a regular shower?","Is that small glass panel the only barrier, or is there a full shower curtain to prevent water from splashing out?",How long is the bathtub? Is it a full-size tub suitable for an adult to soak in?,"Does this bathtub have any special features like jets, or is it a standard soaking tub?","Considering the style of the fixtures, is the water pressure consistently strong?",Is the bathtub deep enough to be comfortable for an adult to soak in?,Does the glass partition effectively keep water inside the tub while showering?,Is there a wall bracket to hold the showerhead up for a hands-free standing shower?,Do the tiles and grout lines appear clean and free of mold?,Is the bathroom layout cramped between the vanity and the tub?
image_68_jpg.rf.b5b9c41d7ba70886b8e491b2765a7639.jpg,bathtub,0.3986861109733581,221.57395935058597,395.6683349609375,540.5986328125,638.1494140625,"Is this a shower-over-tub combination, or is there also a separate walk-in shower in the bathroom?","What is the actual depth of the bathtub, and is it comfortable for a full soak?","How is the water pressure from the faucet, and do the taps feel modern or a bit older?","Are those grab handles inside the tub purely for safety, or does the tub have any additional comfort features like jets?",Is there enough flat space on the tub's rim or a nearby shelf for toiletries like shampoo and soap?,Is the shower head fixed or is there a handheld wand?,How long is the bathtub? Is it big enough for an adult to soak in comfortably?,"Given the older style of the taps, are they well-maintained and is it easy to regulate the water temperature?",Are those built-in handles on the inside of the tub sturdy grab bars for safety?,"Does the tub have any whirlpool or jet features, or is it just a standard soaking tub?",Does the bathtub feature built-in grab rails for added safety?,Does the tub appear to be a standard size or a compact model?,Are the faucets separate hot and cold taps or a single mixer unit?,Is there sufficient ledge space nearby to place toiletries?,Do the bathroom fixtures and tiles appear modern or somewhat dated?
image_41_jpg.rf.2ec14559d2c6c6c32699c6f0c38dcb19.jpg,bathtub,0.1063109263777732,460.7394104003906,415.7550659179688,639.5096435546875,486.8282470703125,"Given the glass partition, is this a tub/shower combo or is there a separate walk-in shower?","What is the approximate depth of the tub itself for soaking, not including the surrounding ledge?",Does this bathtub offer any special features like jets or a whirlpool function?,"Is the dark-colored surround around the tub made of natural stone or a durable, high-quality composite material?","Is the wide ledge around the tub practical for placing toiletries, or is it mostly decorative?","Is this a shower-tub combo, or is the shower in a separate stall?",How deep is the bathtub? Is it suitable for a full soak?,Is the dark marbled surface around the tub genuine stone or a laminate?,Does the faucet include a handheld shower wand for rinsing?,"Is the glass panel fixed, or does it swing open for easier access?",Is the bathtub deep enough for a full-body soak?,Does the wide stone ledge provide enough space for toiletries or a glass of wine?,Is the tub enclosed by a partial glass screen or a full door?,"Are there whirlpool jets installed, or is it a standard soaking tub?","Is the tub easy to step into, given the height of the tiled surround?"
image_41_jpg.rf.2ec14559d2c6c6c32699c6f0c38dcb19.jpg,bathtub,0.3065868616104126,400.7892456054688,412.1940307617188,638.570556640625,638.4808959960938,"Is this a shower-over-tub setup, or is there a separate walk-in shower elsewhere in the bathroom?","Does this bathtub offer enough length for an average adult to stretch out comfortably, or is it more of a compact soaking tub?","Are there any special features in this bathtub, such as jets for a whirlpool experience?","How high is the step-over into this bathtub, and is there a grab bar for easier entry and exit?","Is the small shelf inside the shower enclosure the only spot for toiletries, and is it large enough for multiple items?","Is that a full-length tub for lying down, or is it a shorter, deeper soaking style tub?","Does the shower only have the handheld wand, or is there a fixed, overhead rainfall shower head as well?",Are there any whirlpool or jet functions in the bathtub?,Is the black trim around the tub genuine marble or another type of stone?,"Besides that small black ledge, is there any other shelf space inside the shower for toiletries like shampoo and soap?",Is the bathtub enclosed within a separate wet room area?,Does the shower enclosure feature a built-in bench for seating?,Is the tub deep enough for a comfortable soaking bath?,Is there a handheld shower sprayer attached to the bathtub deck?,Do the marble finishes and fixtures appear to be high-end and modern?
image_41_jpg.rf.2ec14559d2c6c6c32699c6f0c38dcb19.jpg,bathtub,0.1903322637081146,395.121337890625,465.6797790527344,488.4905700683594,632.329345703125,"Is there both a full-sized bathtub and a separate shower, or is this accommodation shower-only?","Do the modern-looking materials, such as the glass shower enclosure and marble-effect tiling, extend throughout the entire bathroom?",How large is the visible shower enclosure; is it spacious enough for comfortable movement?,"Is there a dedicated shelf or niche inside the shower itself for toiletries, beyond the visible counter space?",Does the shower feature a rainfall head or multiple spray settings to enhance the bathing experience?,"Is this a walk-in shower only, or is there a full bathtub behind that glass door?",Is that dark marble ledge inside the enclosure a built-in seat or just a shelf for toiletries?,"What kind of shower head is provided—is it a rainfall, handheld, or standard wall-mounted fixture?","Are the walls and surfaces made of genuine marble, or is it a porcelain tile with a marble effect?","Besides that one ledge, are there any other shelves or niches inside the shower for storing personal items?",Does this bathroom feature a walk-in shower or a shower-over-tub combination?,Is the built-in marble ledge spacious enough to be used as a seat?,Does the glass partition fully enclose the area to prevent water from splashing out?,Is there enough ledge space provided to hold toiletries and shower essentials?,Do the finishes and fixtures appear modern and well-maintained?
image_76_jpg.rf.d6a34bd14c72695435023f64e7a3b7ef.jpg,bathtub,0.7142512202262878,188.965087890625,442.1341552734375,620.3845825195312,640.731201171875,"Does the bathroom have a fixed, wall-mounted shower head for standing showers, or is it only a hand-held shower?",Does the tub include jets for a whirlpool or hydro-massage feature?,"Is this a standard length tub that allows an adult to recline, or is it a deeper, more compact soaking tub?",What functions does the digital control panel next to the tub manage?,Is there a shower curtain or glass screen to prevent water from splashing out of the tub when showering?,"The tub looks deep, but is it long enough for a taller person to comfortably stretch out?",What are the functions of the electronic control panel on the wall next to the tub?,"Is there a mount for the handheld showerhead to use it for a stand-up shower, or is it handheld only?",Does this bathtub have any whirlpool or massage jet features?,"Are the toiletries seen on the shelf high-quality, and are they replenished daily?",Does the bathtub appear deep enough for a comfortable soaking experience?,Is there a digital control panel to easily adjust water temperature or auto-fill the tub?,Does the tub include a handheld showerhead attachment for flexible rinsing?,Is there a convenient built-in shelf or ledge for holding toiletries?,Do the bathroom fixtures and tiling look modern and well-maintained?
image_12_jpg.rf.6034ae972d44405c913076577cec4733.jpg,bathtub,0.1061601564288139,6.739425659179688,367.7365112304688,362.9263305664063,625.267578125,Is there a shower screen or curtain installed with this bathtub for showering?,Does this look like a standard shallow tub or a deeper soaking tub?,"Does the surface of the bathtub appear to be in good condition, without stains or chips?",Does the bathtub offer any luxury features like jets or a built-in headrest?,Is there enough clear space next to the toilet to comfortably access and exit the bathtub?,"Is this a combined shower and bathtub, or is it only a soaking tub?",How deep is the bathtub and is it long enough for an adult to fully stretch out?,"Does the tub have any luxury features, like whirlpool jets for a spa experience?",Is there a glass partition or a shower curtain to keep water from splashing out?,"Is the shower head fixed to the wall, or is it a handheld, detachable wand?",Is there a handheld shower wand attached to the bathtub for convenience?,Does the vanity offer plenty of counter space to spread out personal toiletries?,Is there a window next to the tub to let in natural light while bathing?,Do the fixtures and floating toilet appear to be modern and updated?,Are premium bath products provided in the wall-mounted dispensers?
image_12_jpg.rf.6034ae972d44405c913076577cec4733.jpg,bathtub,0.3937374055385589,409.1369018554688,386.3471984863281,642.1094970703125,624.8809204101562,Does the bathtub have a shower curtain or a glass screen to prevent water splashing onto the floor?,"What are the approximate dimensions of the bathtub, especially its length, to ensure it's comfortable for soaking?","Does the bathtub have a non-slip surface, or is it a standard slick finish?","Are there any luxury features like jets, air bubbles, or built-in headrests in the bathtub?",Can guests expect strong water pressure and consistent hot water from the shower and tub faucet?,"Is there a wall mount for the handheld shower wand to allow for a hands-free, standing shower?",Is the bathtub deep enough for an average-sized adult to comfortably soak?,"Does this tub have any luxury features, like whirlpool jets?",Is there a shower curtain or a glass screen to keep water from splashing on the floor?,"Given how close the toilet is, is there enough room to comfortably get in and out of the tub?",Is there a glass partition or curtain to prevent water splashing while showering?,Does the window above the bathtub have frosted glass or blinds for privacy?,"Is the bathtub deep enough to allow for a comfortable, full-body soak?",Does the shower feature a handheld wand for easier rinsing?,Do the bathroom fixtures and tiling appear modern and recently renovated?
image_167_jpg.rf.26fee9c9a90c6e4f484769bb579caedd.jpg,bathtub,0.3130405247211456,252.50198364257807,434.29541015625,476.7256164550781,643.3374633789062,"Given how compact this tub looks, is it comfortable for an adult to take a bath, or is it primarily a shower stall?",Is the shower head adjustable or does it provide good water pressure for showering?,"Is this a standard bathtub or is it a walk-in tub with the grab bar being for safety, and if so, how easy is it to step in and out of it?","How recently was this bathroom, especially the tub and shower area, renovated or updated?","Does this bathtub offer any special features like jets, or is it a standard tub for bathing and showering?","Is the bathtub long enough for an adult to comfortably soak in, or is it a compact size?","Since there is a grab bar, does this indicate it's an accessible room, or is this a standard feature?","Is the shower head a fixed type, or is it a handheld wand?",The tub looks very close to the toilet; is the space cramped or is there adequate room to get in and out?,"Does this tub have any whirlpool jets, or is it a standard soaking tub?","Is the bathtub deep enough for a comfortable soak, or is it a shallow standard model?",Does the tub area feature safety grab bars for accessibility?,"Is this a shower-tub combination with a curtain, or just a bathtub?",Do the tiles and grouting around the bathtub appear clean and free of mold?,Does the bathroom layout feel cramped with the toilet positioned close to the tub?
image_167_jpg.rf.26fee9c9a90c6e4f484769bb579caedd.jpg,bathtub,0.4543617665767669,248.49200439453125,434.2135925292969,476.6823120117188,643.5228881835938,"Is this a standard tub-shower combination, or is there also a separate standing shower in the room?","How deep is the tub, and does it offer enough length for an adult to comfortably soak?","Are the tub and shower fixtures (faucet, shower head) modern and up-to-date, or do they seem a bit dated?","Does this bathtub include any special features like jets, built-in back support, or a non-slip bottom for added comfort or safety?","Is the grab bar a standard safety feature for this room type, and does the placement of the toilet next to the tub affect ease of access or comfort?","Is this a full-size bathtub for soaking, or is it a more compact size?","Does the shower have a fixed head on the wall, or is it a handheld, detachable wand?","With the toilet positioned so close, is there enough space to comfortably get in and out of the tub?",I see a grab bar is installed; does the tub also have a non-slip surface for safety?,Is the wide ledge on the side of the tub a practical space to place toiletries?,Does the bathroom feature safety grab bars for easier accessibility?,"Is the bathtub deep enough for a comfortable soak, or is it shallow?",Does the curved shower rod provide extra elbow room while showering?,Does the close proximity of the toilet to the tub make the space feel cramped?,Do the brown tiles and fixtures appear dated compared to modern hotel standards?
image_192_jpg.rf.f065e46d061bc91d9bd43df5f9f6a452.jpg,bathtub,0.10549296438694,201.9840240478516,462.6921997070313,637.348388671875,638.7194213867188,Does this bathtub have a shower curtain or a glass screen for showering?,"Are the grab bars visible a standard safety feature in all rooms, or does this indicate an accessible room?","How deep is this bathtub for a relaxing soak, is it a standard depth or shallower?","Do the chrome bath fixtures appear modern and well-maintained, or are there signs of wear?",Does this tub include any luxury features like water jets or a whirlpool function?,"Is this a shower/tub combination, and if so, is there a glass door or a curtain?","Considering its placement next to the sink, is this a full-size bathtub or a more compact one?",Are the two handles inside the tub sturdy grab bars for safety and accessibility?,"Is this a standard soaking tub, or does it have any whirlpool or jet features?",How is the water pressure from the shower head that accompanies these fixtures?,Is this a shower-tub combination or a bathtub only?,Does the tub feature grab bars for safety and accessibility?,Does the bathtub size look standard or is it compact?,Are the bathroom fixtures and tiles modern in style?,Is there enough ledge space around the tub for shampoo and soap?
image_34_jpg.rf.6b32a014d903f54f714fb40ab902081e.jpg,bathtub,0.1023349910974502,41.64358139038086,412.8848876953125,417.0625305175781,549.1893920898438,"Given it's a tub/shower combo, is the shower head a fixed type, or a more flexible handheld shower?","How deep is this tub, and does it feel more compact or full-sized for an adult to comfortably soak?","What's the overall condition of the bathtub? Are there any visible scuffs, chips, or mildew around the edges?","Does the room come with a separate walk-in shower, or is this the only showering option?","Are the visible chrome fixtures for the tub and shower clean and modern, or do they show signs of age or wear?","Is this a full-size bathtub, or is it a more compact model?",Does the shower head (not pictured) have good water pressure and is it adjustable?,How deep is the tub? Is it deep enough for a comfortable soak?,"Does this tub have any whirlpool or jet features, or is it a standard soaking tub?","Given the proximity of the toilet, is there ample space to comfortably step in and out of the tub?",Does the bathtub appear deep enough for a relaxing soak?,Is this a combined shower and tub setup suitable for standing usage?,Are the dark tile and granite finishes modern and in good condition?,Is there a grab bar or safety handle installed on the wall?,Does the layout provide enough floor space between the toilet and the tub?
image_164_jpg.rf.00a60b32c39c50548d0396370a82ce0c.jpg,bathtub,0.1944606155157089,284.2812805175781,479.9331359863281,370.2038269042969,628.285888671875,"Is this a standard full-size bathtub that someone could comfortably soak in, or is it more compact?","Are the chrome fixtures, like the faucet and handle, modern and well-maintained, or do they show signs of age or rust?","Since it's a shower/tub combo, is the shower head adjustable or a rainfall type, or just a basic wall-mounted one?",Are there any luxury features like water jets or a whirlpool function in this bathtub?,How high is the step-over into the tub? Is it easy to get in and out for someone with mobility concerns?,"Is this a standard-depth tub, or is it a deep soaking tub?","Does the shower have a fixed showerhead, or is it a handheld, detachable wand?",Are there any safety grab bars inside the tub and shower area?,"Is this a tub/shower combination, or does the bathroom also have a separate walk-in shower?","Based on the shiny fixtures, have the bathrooms been recently renovated?",Is the bathtub deep enough for a relaxing soak or is it shallow?,Does the tub appear to be a standard full size or is it compact?,Are the fixtures and surfaces clean and free of wear?,Is the side of the tub low enough for easy entry and exit?,Does the bottom of the tub have a non-slip surface for safety?
image_164_jpg.rf.00a60b32c39c50548d0396370a82ce0c.jpg,bathtub,0.1558176577091217,290.19891357421875,479.1758728027344,606.1849975585938,640.38232421875,Is the shower a fixed head or a handheld/adjustable one?,"Is the tub deep enough for a comfortable soak, or is it a standard, shallower model?",Do the chrome fixtures and tub appear modern and well-maintained?,"Does the tub include any luxury features like jets, or is it a basic soaking tub?",Is the shower curtain thick and effective at keeping water inside the tub?,"Is this a full-sized tub for soaking, or is it a more compact, shallow depth?","Is the shower head fixed in place, or is it a detachable, handheld wand?",Are there any built-in shelves inside the shower surround for placing toiletries?,"Does the tub have any safety features, like a non-slip surface or grab bars?",Does this tub have any whirlpool or jetted features?,Is the bathtub deep enough to allow for a comfortable soak?,Does the tub appear to be a standard full-size model or is it compact?,Do the fixtures and tub surround look clean and well-maintained?,Is the tub wall low enough to step over easily for accessibility?,Are there grab bars or safety rails installed inside the shower area?
image_164_jpg.rf.00a60b32c39c50548d0396370a82ce0c.jpg,bathtub,0.1557094007730484,414.5097351074219,502.7984619140625,609.0303955078125,640.5325317382812,"What type of shower head is installed above this tub – a fixed wall-mount, handheld, or rainfall?",Does this bathtub offer enough length and depth for a comfortable adult soak?,"Is the tub made of a durable, slip-resistant material, and does it drain quickly?","Are there any luxury features for this bathtub, such as jets, a built-in bench, or chromotherapy lighting?","Is there ample space around the tub for storing personal toiletries, or is a shower caddy provided?","Is this a full-length bathtub deep enough for soaking, or is it a more compact size?","Is the shower surround a single-piece insert, or is the wall tiled?","Does the shower feature a handheld, detachable showerhead, or is it a fixed model?","Are there any safety features, like grab bars, installed inside the tub?","Does the tub have any luxury features, such as whirlpool jets?",Does the bathtub appear deep enough for a comfortable soak?,Is the tub surface clean and free of visible wear or stains?,Is this a standard bathtub or does it feature whirlpool jets?,Are the walls around the tub tiled or made of a fiberglass surround?,Are fresh towels and bath amenities provided directly at the tub?
image_201_jpg.rf.7c05f1bb350fd223bdf88ab5f410e9c5.jpg,bathtub,0.1248346343636512,12.284002304077148,386.3712158203125,287.265869140625,622.26416015625,"How deep is this basin, and is it wide enough for comfortable washing without splashing?",Does the tall faucet offer good water pressure and precise temperature control?,Is there sufficient counter space around the basin for toiletries and personal items?,"Are the basin and fixtures made of high-quality, durable materials that are easy to clean?","Is the white rack visible in the background a heated towel rail, and what other amenities does the bathroom offer?","How deep is that vessel sink, and is it prone to splashing water onto the wooden counter?",Is the white ladder-style fixture on the right a heated towel rack?,How much usable counter space is there for toiletries next to that large sink?,The sink sits on a wooden surface; how well is the wood sealed against water damage?,"Given the modern design, are the faucet and other bathroom fixtures high-end or standard quality?",Is there enough counter space on the wooden vanity to hold my toiletries?,Does the bathroom feature a heated towel rack for drying towels?,Do the fixtures and tiling appear modern and up-to-date?,Is the vessel sink deep enough to use comfortably without splashing water?,Does the wooden countertop look clean and well-maintained?
image_243_fp_jpg.rf.1260746595b8c75d3e226822f3cfafa5.jpg,bathtub,0.296027272939682,279.5556640625,399.8306274414063,485.61224365234375,637.1204833984375,"Is this a shower-over-bath setup, and is there a full shower screen or curtain to prevent water splashing?","How effective are the blinds at ensuring privacy, given the window's direct position above the tub?","What are the approximate depth and length of the bathtub, and does it feel spacious enough for an adult to soak comfortably?",Could you describe the condition of the caulking and grout around the tub and window sill – does it show any signs of wear or discoloration?,"Is there any built-in shelving or a caddy available for toiletries, or would they need to be placed on the window sill?","Is there a shower head over this tub, or is it a bath-only setup?","Given the tight space with the sink, is this a full-sized bathtub or a more compact model?","With the pedestal sink offering no counter space, is the tub ledge the only surface available for toiletries?",What is the condition of the tub's surface and the caulking around it and the window?,"Does the tub have any safety features, like a non-slip mat or a grab bar?",Is there enough surface space on the window ledge for toiletries since the sink is a pedestal style?,Do the wooden blinds provide complete privacy from the outside window?,Is the bathroom comfortably heated by the radiator visible next to the sink?,Do the fixtures and tiling appear to be modern and well-maintained?,"Does the layout feel cramped, considering how close the sink is to the radiator and wall?"
image_177_jpg.rf.542420829367d6e3e6c506bfa43f4004.jpg,bathtub,0.1771170645952224,175.88604736328125,303.4947814941406,642.0452880859375,624.9283447265625,"Does this corner bathtub offer enough length for a full, comfortable soak for an adult?","Is there a full standing shower available in this bathroom, or is the handheld shower the only option for showering?","Does this bathtub offer any luxury features like jets, air bubbles, or chromotherapy lighting?","What is the step-over height into this corner tub, and is there a grab bar for safety?",Is there adequate space on the tub's edge or nearby for bath products and toiletries?,"Is the handheld wand the only shower, or is there a separate, stand-up shower stall in the bathroom?","Given the corner shape, is the tub long enough for a tall person to fully stretch out?",Is this a jetted whirlpool tub or is it a standard soaking tub?,How deep is the tub; is it considered a deep-soaking model?,Is the water pressure from that faucet strong enough to fill the tub relatively quickly?,Is this corner tub large enough to accommodate two people comfortably?,Is the tub deep enough for a full-body soak?,"Does this bathtub feature whirlpool jets, or is it a standard soaking tub?",Is there a handheld shower attachment available for rinsing off?,"Is it possible to take a standing shower in this tub, or is it designed only for bathing?"
image_3_jpg.rf.ed8ebff0f7cab1333547666c222bc6c4.jpg,bathtub,0.1918740719556808,307.885498046875,420.40863037109375,635.785888671875,644.381103515625,Does the bathtub faucet include a handheld shower wand for convenience or hair rinsing?,"Is this a two-person soaking tub, or does it comfortably fit a single adult for a relaxing bath?",Does this freestanding tub offer any special features like whirlpool jets or air bubbles for a more luxurious experience?,"Is the tub made of a material that helps retain heat well for a longer, warmer soak?","Does the bathroom also feature a separate walk-in shower, or is this the sole bathing facility?","Is there a separate walk-in shower, or is this tub the only bathing facility in the room?",How long is the bathtub? Is it large enough for a tall person to stretch out and soak comfortably?,"Does this tub have whirlpool or air jets, or is it just a standard soaking tub?","Is the handheld shower head just for rinsing, or is there a wall mount for a hands-free shower?","Since it's a freestanding tub, is there a nearby shelf or caddy for placing toiletries?",Is this a deep soaking tub suitable for a relaxing full-body bath?,Does the bathtub include a handheld shower wand for easy rinsing?,Is the tub spacious enough to comfortably accommodate a taller guest?,Do the gold fixtures and high-end finishes reflect a luxury bathroom standard?,Is there sufficient ledge space or shelving nearby to hold toiletries and towels?
image_84_jpg.rf.7a74ca554feed89da45f8e6521dbffbd.jpg,bathtub,0.5183227062225342,-1.2938976287841797,367.71673583984375,252.5666046142578,640.0692749023438,Does the half-glass shower screen effectively prevent water from splashing out onto the bathroom floor during a shower?,"Is the bathtub deep enough and long enough for a comfortable, full-body soak, or is it primarily designed for quick showers?","Are the tub and its fixtures, including the shower head and tap, modern and well-maintained, or do they show signs of age or wear?","Given the visible grab bar, is this bathtub particularly high or difficult to step into for guests with mobility concerns?","Does the tub offer any additional comfort features like hydro-jets, a non-slip bottom, or a strong water pressure for the shower?","Is the shower enclosed by a full door or curtain, or is it just the partial glass panel shown?","Is this a full-length bathtub suitable for an adult to soak in, or is it a more compact size?","Does the bathtub have any special features like whirlpool jets, or is it a standard soaking tub?","Seeing the grab bar, does the tub have any other safety features like a non-slip surface?","Is the shower head a fixed ""rainfall"" type, or is it a handheld, adjustable wand?",Does the bathtub appear to be a standard size or a deep soaking tub?,Is there a grab bar installed on the wall for safety and accessibility?,Does the tub feature a glass screen partition instead of a shower curtain?,Is the showerhead a handheld wand for adjustable use?,Is there sufficient counter space near the sink and tub for personal items?
image_117_jpg.rf.902139786f4686be919e7fc8ead55441.jpg,bathtub,0.2226698845624923,164.0184783935547,386.1975402832031,380.7251281738281,632.5865478515625,Is there a separate shower area or a handheld shower nozzle available with this freestanding tub?,"How deep and long is this tub, and would it comfortably accommodate a taller person for soaking?","Given its proximity to the bed, is this bathtub located in an open-concept bathroom, or can it be separated for privacy?","Does this freestanding tub offer any luxury features, such as jets or an overflow drain that allows for deeper water levels?",How stable is the integrated metal bar; is it primarily a towel rail or can it also be used as a grab handle for safely entering and exiting the tub?,"Is there a separate walk-in shower, or does the wall-mounted faucet include a handheld shower wand?",How deep is the tub? Is it considered a true soaking tub?,The tub looks quite high; is the metal bar on the side a grab bar to help with getting in and out?,"Given the open layout, is there a door or screen to provide privacy between the bathroom and bedroom areas?",Is the tub long enough for a tall person to stretch out in comfortably?,Is the bathtub located in an open-concept area near the bedroom or in a private enclosed space?,Is this a deep soaking tub suitable for full-body immersion?,Does the bathtub feature a handheld shower attachment for convenience?,Are plush bathrobes provided as part of the room amenities?,Is the freestanding tub easy to get in and out of given the wall height?
image_26_jpg.rf.b90c2de57d828c743eb095d73eabb157.jpg,bathtub,0.2274230420589447,347.21807861328125,393.7081604003906,640.647705078125,569.0086669921875,Does the glass shower screen fully enclose the shower area to prevent water splashing out?,"Is this a full-size bathtub that's deep enough to properly submerge in, or is it more compact?","Are the shower controls and taps modern and easy to use, or do they feel outdated?","Does the bottom of the tub have a non-slip surface, or is a bath mat provided for safety?",Is there a small shelf or ledge on the tub surround to place toiletries like shampoo and soap within easy reach?,Is the bathtub deep and long enough for an adult to comfortably soak in?,How effective is the partial glass panel at preventing water from splashing onto the floor during a shower?,"Is the shower head a fixed fixture or a detachable, handheld wand?","Are those small white shelves next to the tub the only storage, or is there more counter space not shown in the picture?","Does this tub have any luxury features, like whirlpool jets?",Does the bathtub feature a glass partition instead of a shower curtain?,Is there a handheld shower attachment for flexible use?,Does the bathtub look deep enough to soak in comfortably?,Is there a convenient ledge or shelf nearby for holding soap and shampoo?,Do the tiles and fixtures appear modern and well-maintained?
image_131_jpg.rf.752a6458b5279f99df4f45c1bba3fc60.jpg,bathtub,0.1478481888771057,325.5521240234375,488.17877197265625,637.6773681640625,636.19189453125,"Is this a tub/shower combination, or is there a separate walk-in shower available in the bathroom?",Does the bathtub appear to be a standard depth and length for an adult to comfortably soak?,"Are the fixtures, like the faucet and shower head, modern and fully functional, or do they look older?",Are the tiles around the tub clean and free of visible mildew or significant wear?,"Does this tub have any special features like jets, a non-slip surface, or an easy-access door?","Is this a combination tub and shower, or is it just for bathing?","How deep is the tub, and is it long enough for an adult to comfortably soak in?","Does the bathtub have any luxury features, like whirlpool jets?","Besides the small soap dish, is there any other shelving inside the shower for toiletries?",The toilet seems very close; is there enough room to comfortably get in and out of the tub?,Does the bathtub appear deep enough for a comfortable soak?,"Is the bathroom layout too cramped, considering how close the toilet is to the tub?",Do the tiles and grout lines look clean and well-maintained?,Is this a shower-tub combination or a bathtub only?,"Are the fixtures and taps modern, or do they look outdated?"
image_65_jpg.rf.33ac2863baedde99e69cec5a834677cd.jpg,bathtub,0.1582965701818466,90.56619262695312,477.6522521972656,337.40576171875,638.759521484375,Does the shower have a handheld option or is it only a fixed showerhead?,How deep is the tub for soaking; does it feel more like a standard shower/bath combo rather than a deep soaking tub?,Do the tub and surrounding wall tiles look consistently clean and well-maintained?,Is there a built-in shelf or caddy inside the shower for shampoo and other toiletries?,"Does the tub floor have any non-slip texture or strips, or is it a smooth, potentially slippery surface?","Is this a full-size bathtub, or is it a more compact model?","Does the shower have a fixed shower head, or is it a handheld wand?","Are there any safety features, such as grab bars or a non-slip surface in the tub?",Is the tub enclosed with a shower curtain or a glass door?,"Is this a standard tub, or does it have any luxury features like whirlpool jets?","Is the bathtub deep enough for a comfortable soak, or is it a shallow standard model?",Does the setup allow for use as both a standing shower and a bathtub?,Are there safety grab bars installed to assist with entering and exiting the tub?,Is the enclosure a fabric shower curtain rather than a glass door?,Do the tub surface and tile grout appear clean and free of wear or mold?
image_209_jpg.rf.d3d8765e197b74b8b136b4eef8ae562c.jpg,bathtub,0.1393245905637741,222.4957275390625,140.94570922851562,523.593994140625,545.7357177734375,"Is this bathtub a standard size for an adult to comfortably soak, or is it more of a compact Japanese-style tub?","Does the shower have good water pressure, and is the showerhead adjustable for height?","What's the overall condition of the tub and shower fixtures, do they look well-maintained and free from wear and tear?",Is there ample space to place personal toiletries both in the shower and on the small shelf?,"Given the height of the tub wall, how easy is it to step in and out of for showering, especially for someone with mobility concerns?",The tub looks quite short; is it deep enough for an adult to have a comfortable soak?,How wide is the tub? It seems narrow and I'm concerned about having enough space to shower comfortably.?,"Is the shower head fixed on that bar, or is it only a handheld wand?","Is the tub and shower surround a single fiberglass unit, or is it made of other materials?",Does this tub have any whirlpool jets or other luxury features?,Is the bathtub deep enough for soaking since it appears shorter in length?,Does the showerhead have an adjustable hose for flexibility?,"Is this a modular ""unit bath"" style often found in compact accommodations?",Are full-sized toiletries provided in the dispensers shown?,Is the step over the tub wall too high for easy access?
image_5_jpg.rf.ada8a9b2f04240d7b406cf3548014f3b.jpg,bathtub,0.1029072999954223,417.0455627441406,376.8524475097656,638.4122924804688,641.310302734375,"Does this freestanding tub offer enough space for a comfortable soak, or is it more of a compact design?",Does this freestanding tub include jets or any other special features like a whirlpool function?,"Since the tub is positioned next to a large window, are there blinds or curtains available for privacy, or is the view completely open?","Is the small side table next to the tub a standard amenity for placing drinks or bath items, or is it just for staging?",How is this freestanding tub filled; is there a separate floor-mounted faucet or a wall-mounted one not visible in this angle?,Is that a full-size soaking tub or is it more of a compact design?,"Since the tub appears to be freestanding, is there also a separate walk-in shower?","Does the bathtub have any luxury features, such as whirlpool jets?","Considering the tub's placement near the window, does it offer a city view?",The fixtures are a modern bronze; is the tub itself made of a high-quality material like stone or just standard acrylic?,Does the freestanding bathtub offer enough depth for a full-body soak?,Is there enough counter space on the double vanity for two people's toiletries?,Does the window next to the tub provide a scenic city view while bathing?,Is the vanity lighting bright enough for applying makeup or grooming?,"Do the luxurious finishes, like the marble and gold fixtures, appear well-maintained?"
image_5_jpg.rf.ada8a9b2f04240d7b406cf3548014f3b.jpg,bathtub,0.4161849617958069,132.32810974121094,384.3793029785156,394.0713195800781,551.5543212890625,"Does this freestanding tub appear deep and long enough for a truly comfortable, full-body soak, even for a taller person?","Are there any hidden luxury features like jets, air bubbles, or an in-line heater to keep the water warm during a long bath?","Is there a separate walk-in shower in this bathroom, or is this beautiful tub the only bathing option available?","How quickly does the floor-mounted faucet fill this large tub, and is the water pressure strong enough for a good bath?","Can guests comfortably enjoy the stunning ocean view directly from inside the bathtub, or is the window primarily for natural light?","Is this considered a deep-soaking tub, and is it long enough for a tall person to recline fully?",Does the floor-mounted faucet have a handheld shower wand for rinsing?,Are there privacy blinds or curtains that can completely cover the window next to the tub?,"Besides this freestanding tub, is there also a separate walk-in shower in the bathroom?","Is a bath caddy or tray provided, since the tub itself doesn't appear to have a ledge for toiletries?",Does the bathtub look deep enough for a comfortable full-body soak?,Can I enjoy a view of the ocean directly from the tub?,Is this a freestanding soaking tub separate from the shower area?,Are there curtains or blinds to provide privacy from the large window?,Is there a table or shelf within reach for holding drinks or bath amenities?
image_88_jpg.rf.8bd6c85560adfaed06d062d5819d3cec.jpg,bathtub,0.307035893201828,379.3852233886719,339.361572265625,635.2509765625,460.4301452636719,"Does the glass shower screen extend further to prevent splashes, or is it just this partial panel?","How deep and wide is the bathtub, and is it comfortable for an adult to fully submerge and relax?","What is the quality or material of the bathtub itself, and does it feel sturdy and durable?","Does the shower above the tub offer a rain shower head, a handheld option, or just a standard wall-mounted spray?",Is the ledge behind the bathtub wide and stable enough to comfortably hold toiletries and other personal items?,"Is this a full-size tub suitable for an adult to soak in, or is it a more compact size?",Does the shower have a handheld wand in addition to the fixed overhead fixture?,Does the partial glass screen effectively prevent water from splashing onto the floor?,"How deep is the built-in ledge along the wall, and is it the only storage for toiletries in the tub area?","Given the tub's proximity to the toilet, is there ample room to comfortably get in and out?",Does the bathtub appear deep and long enough for a comfortable soak?,Does the partial glass screen look wide enough to prevent water splashing on the floor?,Is there an adjustable handheld showerhead on the rail for flexibility?,Is there enough built-in shelf space along the wall for my personal toiletries?,"Do the grey tiling and fixtures suggest a modern, recently renovated bathroom?"
image_88_jpg.rf.8bd6c85560adfaed06d062d5819d3cec.jpg,bathtub,0.1280255764722824,379.6792297363281,323.754638671875,640.2447509765625,625.5830078125,"Is the shower a fixed head only, or does it also include a flexible handheld sprayer?","Does the bathtub feel deep enough for a comfortable soak, or is it more of a standard, shallower size?","How high is the step-over into the tub, and is it manageable for guests with mobility concerns?","Are there any luxury features within the tub itself, such as jets or a non-slip surface?",Is there adequate space on the ledge or built-in shelf for personal toiletries while showering?,"Is this a full-sized tub, or is it a more compact model that would be tight for an adult to soak in?","Does the shower head detach as a handheld wand, or is it fixed in that position on the wall?","With only a partial glass screen, does water splash out onto the floor when you're taking a shower?","Is that a standard soaking tub, or does it have any luxury features like whirlpool jets?",Is the tiled ledge behind the tub wide enough to actually set down your own toiletries?,Is the shower protection a fixed glass screen rather than a shower curtain?,Does the bathtub appear to be a standard size or deeper for soaking?,Is the showerhead detachable and adjustable on the wall rail?,Is there a built-in ledge or shelf next to the tub for placing toiletries?,"Do the finishes and grey tiling suggest a modern, recently renovated bathroom?"
image_66_jpg.rf.d1719ed41937e4c3975d29f8b63b67ad.jpg,bathtub,0.1468172669410705,-4.072151184082031,388.2662353515625,581.1334228515625,625.552734375,"Does this corner bathtub also function as a shower, or is there a separate shower stall elsewhere in the bathroom?",Is this tub deep enough and spacious enough for an adult to comfortably soak and relax?,"Are there any special features like jets, a whirlpool function, or a built-in heater for extended relaxation?","How old are the gold-toned fixtures, and are they well-maintained or showing signs of wear and tear?","Is there enough flat surface area around the tub for placing toiletries like shampoo, soap, and bath products?",Does this bathtub have whirlpool jets?,Is the tub deep enough for an adult to comfortably soak?,"Does this have a regular, wall-mounted shower head or just the handheld sprayer?","Are the gold fixtures in good condition, or are they tarnished and showing their age?","Given the corner shape, is it difficult to step in and out of?",Is this corner bathtub deep enough for a full-body soaking experience?,"Does the tub feature whirlpool jets, or is it a standard soaking tub?",Is the tub spacious enough to accommodate two people comfortably?,Does the bathtub include a handheld sprayer attachment for easier rinsing?,"Is there an overhead shower installed here, or is this unit only for bathing?"
image_172_jpg.rf.350a23505f55d4d2aaa09008978644c4.jpg,bathtub,0.1901436597108841,21.59893035888672,392.33685302734375,209.23341369628903,640.7955932617188,"Is there a full, fixed showerhead in addition to the handheld wand, or is the handheld part the primary showering option?",Does this freestanding tub offer enough length and width for a comfortable soak for an average adult?,"Given there's no shower curtain or glass enclosure, does showering in this tub cause significant water splashing outside the tub?","Aside from the small shelf shown, is there any additional surface space or shelving within reach for personal toiletries while using the tub?","What material is this bathtub made of, and does it feel sturdy and stable when entering and exiting?","Is there a separate, stand-up shower, or is the handheld wand the only option for showering?","Is this a full-length tub where an adult can stretch out, or is it a more compact, deep soaking tub?",How well does the tub retain heat for a long bath?,"Since there's no shower curtain, is it difficult to use the handheld sprayer without getting water on the floor?",Are the toiletries provided in those large pump bottles from a complimentary premium brand?,Is there a separate walk-in shower in addition to the freestanding tub?,Does the bathtub appear deep enough for a full-body soak?,Is there a handheld sprayer attached to the faucet for easier rinsing?,"Is the tub spacious enough for a tall person, or is it a compact model?",Are premium toiletries provided in the wall-mounted dispensers?
image_71_jpg.rf.6b99dbfc4417c46dd7e78750f68829d7.jpg,bathtub,0.1074022725224495,67.42310333251953,488.9813232421875,335.0565795898437,638.850341796875,"Does this tub include a shower, and is it a handheld or fixed shower?",Does this bathtub offer enough length for an adult to comfortably soak?,What is the overall condition of the bathtub – is it well-maintained and free of stains or excessive wear?,"Are the internal grab bars present for safety/accessibility in all rooms, or is this a feature of a specific room type?","Do the water temperature controls feature modern thermostatic mixing, or are they traditional separate hot and cold taps?","Is the tub deep enough for a comfortable soak, or is it a more shallow design?","Does the shower use a fixed, wall-mounted head or a detachable, handheld wand?",Are the grab bars on the side and inside the tub a standard accessibility feature?,"Considering the fixture style, how reliable are the water pressure and temperature controls?","Is this a shower/tub combination, or does the bathroom also contain a separate walk-in shower?",Does the bathtub appear deep enough for a comfortable soak?,Are there safety handles or grab rails installed on the sides of the tub?,Is the shower enclosure a fabric curtain rather than a glass door?,Does the faucet fixture include a handheld shower attachment?,Is the bathtub situated in a tight space directly next to the sink?
image_234_fp_jpg.rf.13eab136a6b38fa01a9c28c31d6e56e7.jpg,bathtub,0.150431752204895,291.0122375488281,328.922119140625,455.2806091308594,636.3998413085938,"Is this unit intended as a compact bathtub for soaking, or is it primarily a shower and utility sink?","Considering its compact appearance, how spacious is the basin for bathing or showering comfortably?","Does the shower attachment offer adjustable height and pressure, or is it a fixed utility sprayer?",Is there adequate space or a designated area to hang towels and store toiletries near this unit?,"Is this bathing area located within a private bathroom, or is it situated in a more open/utility space next to the exterior door?","Given its tall and narrow shape, is this a compact soaking tub an adult can sit in, or is it more of a utility basin?","Is the handheld sprayer the only shower available, or is there a separate walk-in shower stall in the bathroom?",How high is the side of this tub? It looks like it might require a large step to get in and out.?,"The fixtures have a very specific style; are they vintage originals or a modern reproduction, and is the water pressure good?","Since there's no visible shower curtain or door, how is water contained when using the handheld shower?",Is the washing machine located inside the private accommodation or in a shared common area?,"Does this unit function as a washer-dryer combo, or is it for washing only?",Is there a utility sink available next to the machine for soaking or hand-washing items?,Does the machine appear to be a full-sized model capable of handling larger loads?,"Are laundry detergent and supplies provided, or will I need to purchase my own?"
image_109_jpg.rf.d427e4824b1aa2dcffb4a78bdeaaaed1.jpg,bathtub,0.2404946684837341,149.97897338867188,301.6800231933594,455.59173583984375,625.7793579101562,Are the jets on this tub fully functional for a whirlpool experience?,"How high is the step into this built-in tub, and is it easy for guests with mobility issues to access?","What is the overall condition and cleanliness of the tub and surrounding tiles, are there any signs of wear or mold?",Is there a handheld shower head or a standing shower option integrated with this tub setup?,"Does the large built-in design mean it's truly a two-person tub, or is it more of a spacious single?","Since there’s no shower curtain or door visible, is this a tub-only bathroom or is there a separate walk-in shower?",Does this tub have functioning jets for a whirlpool experience?,"How deep is the tub, and is it long enough for a tall person to soak comfortably?",The tile and fixtures appear dated; can you confirm they are well-maintained and clean?,"Are the multiple grab bars a standard feature, or is this a specific accessible room?",Does the bathtub feature working whirlpool jets for relaxation?,Is the high step-up entry manageable with the provided grab bars and railings?,"Is there an overhead shower, or is this fixture strictly for soaking?",Is the tub spacious enough to accommodate two people?,Is the wide tiled edge sufficient for setting down toiletries or beverages?
image_79_jpg.rf.439497666bfc09bbe6988d4d09b70c2a.jpg,bathtub,0.1944268643856048,-0.1364707946777343,419.2222595214844,298.2548828125,641.201416015625,"Does this bathroom only have a shower over the tub, or is there a separate stand-up shower?",How long is the bathtub? Does it feel spacious enough for an adult to comfortably soak?,Is the glass shower screen effective at preventing water from splashing out of the tub when showering?,"Does the bathtub have any special features like jets, a non-slip surface, or a comfortable backrest?",Are the shower controls easy to operate for both temperature and water flow?,"Is the shower head only a handheld wand, or is there a fixed, overhead rain shower as well?",How deep is the tub? Is it designed for a comfortable soak or is it more of a shallow shower-tub?,Does that half-glass panel pivot or is it fixed in place?,"Are the large pump-bottle toiletries (shampoo, etc.) complimentary?","Given the modern fixtures, has the bathroom been recently renovated?",Is the bathtub equipped with a glass partition screen instead of a shower curtain?,"Does the tub appear deep enough for a comfortable soak, or is it standard depth?",Is there a handheld shower wand included with the bath fixtures?,Are accessible toiletry dispensers provided on the corner of the tub?,Do the tiling and fixtures look modern and well-maintained?
image_133_jpg.rf.73e4a9cb776424dfd5f93b5c358d0712.jpg,bathtub,0.2658374309539795,143.15463256835938,424.6226806640625,416.546142578125,639.5994262695312,"Is this a shower-over-tub combination, or is there also a separate walk-in shower available in the bathroom?","Does the tub appear to be a comfortable full size for an adult to fully stretch out, or is it on the smaller side?","What type of shower screen or curtain is installed to prevent water spillage, and how tall is it?","Are the tub's faucet and shower controls modern lever or push-button style, or more traditional knobs?","Does this bathtub offer any luxury features like jets, a non-slip bottom, or a built-in seat?","Is the shower head fixed, or is it a handheld wand?","Given the tapered shape near the toilet, is the tub long enough for an adult to comfortably soak in?","Does that glass panel fully enclose the shower, or is it just a partial splash guard?","Does the tub have any luxury features like whirlpool jets, or is it a standard soaking tub?",What toiletries are provided in those wall-mounted dispensers in the shower?,Does the bathtub look deep enough for a relaxing soak?,Is the shower enclosed by a glass screen instead of a curtain?,Do the bathroom tiles and fixtures appear modern and well-maintained?,"Is the layout spacious, or is the sink positioned very close to the tub?",Are wall-mounted toiletry dispensers provided for convenience?
image_204_jpg.rf.83215b328cf761ea6a935a064328e713.jpg,bathtub,0.2707204222679138,-2.134227752685547,421.02777099609375,317.3968200683594,630.592529296875,"Are those brass-colored circles in the tub jets, indicating a whirlpool or Jacuzzi feature?","How deep and long is this tub; can it comfortably fit two people, or is it an oversized single person tub?","What kind of water pressure does the shower have, and is there ample space to stand comfortably when showering in the tub?","Do the tiles and grout in the tub surround appear to be clean and well-maintained throughout the bathroom, or do they show signs of age?","How high is the step-in height for this tub, and is there a grab bar nearby for safe entry and exit?",Are those jets in the tub for a whirlpool or jacuzzi feature?,"Is this a deep soaking tub, or is it a standard depth?","Since there's a shower curtain, is there a proper wall-mounted shower head in addition to the tub faucet?",The tile and fixtures look a bit dated; are they well-maintained and is the grout clean?,How long is the tub? Is it spacious enough for a taller person to comfortably stretch out?,Does the bathtub feature working whirlpool jets?,Is the tub deep enough for a comfortable full-body soak?,Is this a shower-tub combo that allows for standing showers as well?,Do the tiles and fixtures look modern or somewhat outdated?,Does the grout around the tub appear clean and well-maintained?
image_205_jpg.rf.3a9d2058fadc0f8ba542e2eae3ee3009.jpg,bathtub,0.3239235877990722,328.10211181640625,409.04107666015625,641.8944091796875,639.16748046875,"Is there sufficient space and height within the tub to comfortably stand and use the shower, and is the water pressure good?","Does this bathtub appear deep enough for a comfortable soak, or is it more of a shallow model?","Are the bathtub surface and fixtures, like the shower controls, in good condition, or do they show visible signs of age or wear?","Aside from the visible grab bar, are there any other safety features or non-slip surfaces in or around the bathtub?","Does this bathtub offer any special features like jets or a wider rim for placing bath products, or is it a standard utility tub?",Is the showerhead fixed to the wall or is it a handheld wand?,"Is this considered a full-size tub, or is it a more compact length?","Given the style of the tiles and fixtures, are they well-maintained or do they show signs of age?","In addition to the grab bar, does the bottom of the tub have a non-slip surface?",Is that small soap dish the only built-in storage for toiletries within the shower area?,Is the bathtub deep and long enough for a comfortable soak?,Does the glass partition effectively prevent water from splashing onto the bathroom floor?,Is there enough shelf space within reach of the shower to hold toiletries?,Is the tub side low enough to step over easily for entry and exit?,Do the tiles and fixtures appear well-maintained or are they showing signs of age?
image_43_jpg.rf.9e4b253645ab3a793f00e81b88724301.jpg,bathtub,0.2339691966772079,305.637939453125,463.095703125,619.7044677734375,639.2091064453125,"Is there a handheld shower option available, or just the fixed one visible?","Are the grab bars sturdy and meant for safety, or are they mainly decorative?","Does the bathtub appear deep enough for a comfortable soak, or is it a standard, shallower size?",Do the bathroom fixtures and tile grout appear clean and well-maintained?,Does the bathtub have any special features like jets or is it a basic tub?,"Is the shower head a fixed rainfall type, or is it a handheld wand?","Looking at the side panel, does this tub seem deep enough for a comfortable soak?","Are those grab bars on the wall and tub for accessibility, and is the bottom of the tub non-slip?","Given the classic style of the fixtures, have they been recently updated or do they show their age?","Is that a fabric shower curtain, or is there a glass panel or door that isn't fully visible?",Does the bathtub include sturdy grab bars for safety and accessibility?,Is the tub deep and long enough for a comfortable full-body soak?,Does the bathroom feature a shower-over-tub arrangement for convenience?,Are the fixtures and tiling well-maintained or do they look dated?,Is there accessible shelving or a soap dish for toiletries inside the bathing area?
image_124_jpg.rf.5ad3d32def263e4cf589e320e7deae2d.jpg,bathtub,0.2328037470579147,67.93731689453125,394.557861328125,248.59332275390625,638.5568237304688,"Is there a separate, dedicated shower enclosure in the bathroom, or is this the only bathing option available?","Given its unique shape, is this bathtub designed for comfortable, full-body soaking for an average adult, or is it more compact?","Does this modern freestanding tub include any luxury features such as jets, air bubbles, or a water heater to maintain temperature?",Are the chrome handles integrated into the tub sturdy and functional for safely getting in and out of the deep tub?,"How does this bathtub fill with water, as there doesn't appear to be a traditional spout visible?","Is there a separate walk-in shower, or is the handheld wand the only shower option?","The tub looks deep, but is it long enough for a taller person to stretch out in?",Does this soaking tub have any whirlpool or air jet features?,"Given its freestanding design, does the material keep the water warm for a long time?",What is that black panel on the wall—is it a waterproof TV?,Is the bathtub deep enough for a comfortable full-body soak?,Does the position of the tub allow for a view of the city skyline while bathing?,Is there a handheld shower wand provided for rinsing and convenience?,Is this a freestanding soaking tub distinct from the main shower?,Does the tub feature a built-in handle or grab bar for safety?
image_53_jpg.rf.8067cc9bf4971f5adc1b3a5151002a8f.jpg,bathtub,0.3071249127388,434.51025390625,302.2909240722656,571.9918212890625,520.3627319335938,"Is the glass shower screen fixed, potentially making it awkward to enter or exit the tub?","Is this a standard-sized tub, or is it a deeper soaking tub for more relaxation?",Does the tub appear to be well-maintained and free from stains or wear?,"Does this tub offer any special features like jets, or is it a basic tub for showering/bathing?","Is this the only showering option in the bathroom, or is there a separate walk-in shower as well?","Is this a full-length bathtub suitable for soaking, or is it a more compact size?","Since it's a half-panel, does that glass screen effectively prevent water from splashing onto the floor when showering?",What kind of shower head is installed—is it a standard fixed head or does it have a handheld wand?,"Does this tub have any whirlpool jets, or is it just a standard soaking tub?",Is the bottom of the tub textured for a non-slip grip?,Does the partial glass screen effectively prevent water from splashing onto the bathroom floor?,"Is the bathtub deep enough for a comfortable soak, or is it fairly shallow?","Does the glass panel swing open to make getting in and out easier, or is it fixed?",Do the tiles and tub surroundings appear modern and well-maintained?,Is the tub wall height manageable for easily stepping in and out of the shower?
image_90_jpg.rf.923d2b46262fb0b34b003a94213094ab.jpg,bathtub,0.132782444357872,65.98228454589844,364.2215576171875,380.6473083496094,613.7637329101562,"Is there a separate walk-in shower in the bathroom, or does this bathtub serve as the only showering option?","Does this tub include any luxury features like water jets, a whirlpool, or air bubbles?","How deep is the tub, and is it long enough for a tall adult to fully stretch out comfortably?","What is the step-over height to get into this tub, especially since it appears built into a tiled platform?",Is there ample space on the ledges around the tub for personal toiletries and bath items?,"Is there a shower head in this bathroom, or is it a soaking tub only?",How deep is the tub? Does it allow for a full-body soak?,Does this bathtub have whirlpool or jet features?,How high is the step-over to get into the tub? It looks quite tall.?,Is the tub long enough for a tall adult to comfortably stretch out?,Does the control panel on the wall indicate that this is a jetted whirlpool tub?,Does the tub appear deep enough for a comfortable full-body soak?,"Is there an overhead shower included, or is this designated for bathing only?",Does the tub have molded armrests or contours for added relaxation?,Is there sufficient ledge space on the tiled surround to hold toiletries and a glass of wine?
image_90_jpg.rf.923d2b46262fb0b34b003a94213094ab.jpg,bathtub,0.243636354804039,79.8716049194336,357.15625,352.20587158203125,499.4435424804688,Does this large tub offer jets or a whirlpool feature for a more luxurious experience?,"Is this tub deep enough for a full body soak, or is it more of a standard bathing depth?","Is there a separate walk-in shower available in the bathroom, or is this tub the only bathing option?",Does the contoured design of the tub provide comfortable head and back support for extended relaxation?,"How well-maintained are the natural stone tiles and grout surrounding the tub, regarding cleanliness and wear?","Is this a soaking tub only, or is there also a shower head not visible in the photo?",Does this tub have whirlpool jets?,"Given the molded seats inside, is the tub still long enough for a tall person to stretch out?",How wide is that tile ledge around the tub? Does it make it difficult to get in and out?,"Are the fixtures and the tub surface new and well-maintained, or do they show signs of age?","Is this bathtub for soaking only, or does it also feature an overhead shower?",Is the tub deep enough to allow for a full-body soak?,"Does the bathtub include whirlpool jets, or is it a standard model?",Is the tub spacious enough to comfortably accommodate two people?,Does the contoured shape inside the tub offer good back support for relaxing?
image_126_jpg.rf.05940aae5f89301cf9b3f48931692b18.jpg,bathtub,0.1656758487224578,344.4013977050781,426.94183349609375,560.1561889648438,616.242919921875,"Do these freestanding bathtubs also have a shower function, or is there a separate shower area in the bathroom?","Are these bathtubs large enough for two people, or are they designed for single occupancy?","Do these luxurious-looking bathtubs offer any special features like jets, bubbles, or chromotherapy lighting?","Is this bathtub setup located within the main room, or in a private, enclosed bathroom space?","Given the unique tall faucets, how quickly do these deep tubs fill and drain, and what is the water pressure like?","Is this a ""his and hers"" setup with two separate bathtubs in the same room?","How deep are these soaking tubs, and are they long enough for a tall person to comfortably recline?","Does the floor-mounted faucet include a handheld shower wand, or is there a separate walk-in shower?","Do the tubs have any luxury features like the chromotherapy lighting that appears to be on, or whirlpool jets?","Given the curtains, is this bathroom an open-plan design connected to the bedroom or a fully enclosed, private space?",Is this a deep soaking tub suitable for a full-body bath?,Does the room include a separate walk-in shower in addition to the freestanding tub?,Is the tub spacious enough to comfortably accommodate two people?,"Does the curtain provide full privacy, or is the bathing area open to the bedroom?",Does the floor-mounted faucet include a handheld sprayer attachment for rinsing off?
image_56_jpg.rf.55c46d8c9f46fa3ed53821edcf738ab0.jpg,bathtub,0.1404060870409011,5.638589859008789,428.9300537109375,168.83450317382812,564.81103515625,"Is this bathtub in an accessible room, or is the grab bar a standard feature for all tubs?","Does this tub offer enough depth for a comfortable soak, or is it primarily a shower-bath combo?","Are the tub and fixtures well-maintained and free of wear and tear, or do they appear a bit dated?","Does the shower feature a handheld showerhead or only a fixed one, and are there any body jets?","Is there adequate room inside the tub area for comfortable showering, or does the shower curtain feel restrictive?","Is this an ADA-accessible room, or do all tubs include that grab bar for safety?","Looking at the tub's depth, is it deep enough for an adult to comfortably soak or is it more of a shallow design?",Are there any built-in shelves or ledges inside the shower area for placing shampoo and soap?,"Does the shower head detach to be used as a handheld wand, or is it fixed to the wall?","Is this a standard soaking tub, or does it have any luxury features like whirlpool jets?","Does the bathtub appear deep enough for a relaxing soak, or is it a standard shallow depth?",Is there a heated towel rack installed on the wall for added comfort?,Are there safety grab bars available to assist with entering and exiting the tub?,Does the shower setup include a handheld hose for adjustable rinsing?,Do the tub and tile area look clean and well-maintained?
image_203_jpg.rf.eddf43e9860a824021c685dcc6afe6ee.jpg,bathtub,0.2430275231599807,47.22257614135742,475.4580078125,484.3731689453125,642.1941528320312,"Does this bathtub also function as a shower, or is there a separate walk-in shower available in the bathroom?","Is this a standard-sized bathtub, or does it offer extra length or depth for a more comfortable soak?","Are the tub fixtures updated and modern, or do they have a more traditional look?",Does the tub include any special features like jets or a whirlpool function?,Is the tiled ledge next to the tub spacious enough to hold toiletries and towels conveniently?,"Is the shower head fixed, or is it a handheld wand?","Is this a standard-depth tub, or is it a deeper soaking tub?","Given the grab bar, does this bathroom have other accessibility features?",Is the tiled ledge at the end of the tub designed as a seat or just for toiletries?,"Does the shower use a curtain as pictured, or is there a glass door?",Does the bathtub look deep enough for a comfortable full-body soak?,Is there a safety grab bar installed on the wall for accessibility?,Is there convenient ledge space next to the tub for holding towels and toiletries?,Is this setup a combination tub and shower or a bathtub only?,Do the bathroom fixtures and tile work appear modern and well-maintained?
image_183_jpg.rf.654be78c489e41c2111612f576ae2a8a.jpg,bathtub,0.370025634765625,1.629486083984375,411.1484375,264.3436584472656,642.735107421875,Does the partial glass screen prevent water from splashing out onto the bathroom floor when showering?,"Is this a full-length bathtub suitable for an adult to comfortably soak, or is it more compact?","Are there any luxury features such as jets, a non-slip surface, or a comfortable backrest in the tub?","Are the shower head and faucet modern and well-maintained, providing good water pressure and temperature control?",Is there enough accessible shelf space or ledges around the tub for personal toiletries like shampoo and soap?,"Is the shower head handheld only, or is there a wall mount to use it hands-free?",How deep is the tub? Is it large enough for an adult to comfortably soak in?,Does that small glass partition effectively prevent water from splashing onto the floor?,"Is this a standard soaking tub, or does it have any whirlpool or jet features?","Are there any grab bars installed for getting in and out, as the side of the tub appears quite high?",Is this a shower-tub combination with a flexible handheld showerhead?,Does the bathtub appear deep enough for a comfortable full-body soak?,Is there a glass partition instead of a shower curtain to prevent splashing?,Do the chrome fixtures and tile work look modern and well-maintained?,Is there a built-in ledge or shelf space to hold toiletries while bathing?
image_211_jpg.rf.4cb9583c68f438ab62e3c79fb62293f4.jpg,bathtub,0.5392449498176575,20.936241149902344,362.4398498535156,215.13206481933597,479.3136901855469,"Since there's only a hand shower visible with the tub, is there also a separate standing shower in the bathroom?",How deep and long is this freestanding tub? Would it be comfortable for a tall person to stretch out?,"What material is the tub made of, and is it easy to keep clean and pristine, as it appears in the photo?","Does this sleek, modern bathtub offer any luxury features like jets, air bubbles, or chromotherapy?","Given it's a freestanding tub, is there sufficient floor space around it to comfortably get in and out, and to place towels and bath products?","Is there a separate walk-in shower, or is the handheld wand the only shower option?",Is the tub long and deep enough for a tall person to comfortably stretch out and soak?,Does this bathtub have any luxury features like whirlpool jets?,"Since the tub has no ledge, is a caddy or small table provided for toiletries?","What material is the tub made from, and does it retain heat well for a long bath?",Is the freestanding bathtub deep enough for a comfortable full-body soak?,"Does the bathroom include a separate walk-in shower, or is this tub the only bathing option?",Is there a shelf or table within reach to hold toiletries and a drink while bathing?,Does the floor-mounted faucet include a handheld wand for easier rinsing?,Are the high sides of the tub difficult to step over for getting in and out safely?
image_181_jpg.rf.8aa57b33c2090b52196b75217d22793c.jpg,bathtub,0.5531702041625977,2.696704864501953,358.097900390625,412.743896484375,636.9811401367188,"Is this bathtub primarily for soaking, or does it also include a hand-held shower or an overhead shower for convenience?",Does the bathtub appear to be full-length and deep enough for an adult to comfortably submerge for a relaxing bath?,Are the dark bronze-colored fixtures and the wooden bath caddy standard amenities for all rooms with this type of bathtub?,"Is there enough flat ledge space around the tub to comfortably place toiletries, and is the tub's step-in height easy for various guests to manage?","Does this bathtub include any luxury features like jets, air bubbles, or built-in temperature control for an enhanced experience?","Is this a deep soaking tub, or is it a standard depth?",Does the faucet include a handheld shower sprayer attachment?,"Is that a separate, walk-in shower next to the tub?",Does this tub have any whirlpool or jetted features?,What is the wooden piece at the head of the tub? Is it a built-in headrest?,Is there a separate walk-in shower in addition to the soaking tub?,Does the bathtub feature a built-in headrest for added comfort while soaking?,Is the vanity area equipped with dual sinks to accommodate two people at once?,Does the tub appear deep enough for a full-body soak?,Are the bathroom finishes made of high-quality stone or marble?
image_181_jpg.rf.8aa57b33c2090b52196b75217d22793c.jpg,bathtub,0.136344239115715,420.6378479003906,408.5741882324219,635.7429809570312,636.8773193359375,"Is the shower enclosure shown here for a separate shower, or is there a showerhead above this bathtub?","Does this tub appear to be a standard full-size tub for stretching out, or is it more of a compact soaking tub?","Are the dark fixtures in good working condition, and is the tub itself clean and well-maintained without stains?","Does this bathtub have any special features like jets, a whirlpool function, or specific lighting?","Is the wooden ledge next to the tub designed for toiletries, or is there more counter space provided elsewhere in the bathroom?",Is that a separate walk-in shower next to the tub?,How deep is the tub—is it considered a soaking tub?,Does the bathtub have whirlpool jets?,Does the separate shower feature a rainfall shower head?,Are the faucet and handles a modern style or a more traditional dark bronze finish?,Is there a separate walk-in shower in addition to the bathtub?,"Is the bathtub deep enough for a comfortable, full-body soak?",Do the stone and tile finishes give the bathroom a high-end luxury feel?,Is the shower enclosure spacious enough for comfortable movement?,Does the tub area include the wooden accessory or shelf shown on the rim?
image_74_jpg.rf.9cfbe6437a7bea453a47141dbb94933c.jpg,bathtub,0.2594731152057647,266.8995361328125,414.39837646484375,523.9185791015625,618.5158081054688,"Is there a separate, dedicated shower enclosure, or is this bathtub the only showering option?","How deep and long is this corner tub for comfortable soaking, or is it more suited for quick baths?",Are there any special features like jacuzzi jets or a heated option in this bathtub?,What is the material of the bathtub itself – is it a durable acrylic or something more luxurious like cast iron?,"Does the opening above the bathtub directly view into the bedroom, and if so, is there an option for privacy like a screen or blind?","Given its corner shape, is this tub long enough for a tall person to soak in comfortably?","To confirm, is there a separate walk-in shower stall in addition to this bathtub?","Does the tub have whirlpool jets, or is it just a standard soaking tub?",Is there a privacy blind or curtain for the large window between the bathroom and the bedroom?,"As there's no fixed shower head over the tub, is the water pressure from the handheld wand strong?",Is this a deep soaking tub or just a compact corner bath?,Is there a separate shower stall in addition to the bathtub?,Is there a blind or privacy glass for the window looking into the bedroom?,Does the tub have a handheld spray attachment for convenience?,Does the bathtub have a built-in seat or backrest for comfort?
image_67_jpg.rf.43884fa03bdfadfc7c78f879d93d6dbf.jpg,bathtub,0.1178034543991088,0.2857112884521484,347.5077514648437,173.773193359375,637.2108764648438,"Since the bathtub isn't visible in this image, does this room actually come with one, or is it a shower-only bathroom?","If there is a bathtub, is it a standard full-size tub, or perhaps a smaller, built-in shower/tub combo?","Does the bathtub, assuming one is present, offer any luxury features like jets, a deep-soak design, or built-in seating?","Considering the modern and clean appearance of the visible sink and vanity, can we expect the bathtub to be in a similar pristine and updated condition?","Given the visible space with the sink and toilet, is the bathtub situated in a way that offers privacy or ample space around it?","Is this a full-size bathtub or a shorter, more compact model?","Is there a shower combined with the tub, or is there a separate walk-in shower?",The side of the tub looks quite high in the photo; what is the step-over height?,Are the tub's fixtures the same modern quality and style as the sink faucet shown?,"Does the bathtub have any luxury features, such as whirlpool jets?",Is there enough counter space on the vanity to hold all my toiletries?,Do the bathroom fixtures and cabinets appear modern and well-maintained?,Is the sink deep enough to be practical for daily use?,Does the placement of the toilet allow for comfortable legroom?,Is the bathroom well-lit and clean based on the mirror and bright surfaces?
image_67_jpg.rf.43884fa03bdfadfc7c78f879d93d6dbf.jpg,bathtub,0.1390442550182342,423.7039794921875,374.5975341796875,636.6680297851562,639.3074951171875,"Is there a separate walk-in shower area alongside the bathtub, or is the showerhead located inside the tub?","Does the bathtub appear to be long enough for an average adult to comfortably stretch out, or is it more of a compact soaking tub?","Does this bathtub offer any special features like jets, or is it a standard deep-soak model?","Given the bedside lamp visible right next to the tub, is this an open-plan bathroom concept, or is there a wall separating the bathing area from the bedroom?","Do the tub and surrounding tile work appear clean and well-maintained, free from any visible wear, cracks, or mildew?","Is that a separate walk-in shower next to the tub, or is it a shower/tub combination?",Is the bathtub deep enough for an adult to have a proper soak?,"Is the bathroom open to the bedroom area, or does it have a door for complete privacy?","Does this tub have whirlpool jets, or is it a standard non-jetted tub?",Are there any grab bars or handles to help with safely getting in and out of the tub?,Is there a separate walk-in shower alongside the bathtub?,Does the glass partition offer enough privacy from the adjacent sleeping area?,Does the bathtub appear deep enough for a comfortable full-body soak?,Is there ledge space nearby to place toiletries or personal items while bathing?,Do the tiles and fixtures look modern and well-maintained?
image_38_jpg.rf.75260065d6c37fefda6362169013f00b.jpg,bathtub,0.1738964766263961,235.8226776123047,413.1603698730469,328.6343688964844,500.254638671875,What is the purpose of the red cord hanging by the tub?,"Does this tub include an overhead shower, or is it solely for baths?","Is this a standard depth tub, or is it deep enough for a comfortable soak?",How high is the side of the tub for stepping in and out?,Is the floor material around the tub slip-resistant when wet?,"Is this a shower/tub combination, or is there a separate walk-in shower?",What is the red cord for? Is it an emergency assistance pull cord?,"Is this a full-size bathtub, or is it a smaller, compact model?",Are there any grab bars inside or outside the tub for support?,Does this bathtub have jets or any whirlpool features?,Is this a shower-tub combination with a glass screen rather than a curtain?,Does the bathroom layout feel cramped given the toilet's proximity to the tub?,Is the ledge at the end of the tub wide enough to hold toiletries?,Does the bathtub appear to be a standard size or a smaller compact model?,Do the finishes and paneling look modern and in good condition?
image_38_jpg.rf.75260065d6c37fefda6362169013f00b.jpg,bathtub,0.4385826885700226,-1.4984130859375,387.2124633789063,235.30084228515625,641.5406494140625,"Given that it's a shower-over-tub setup, is the water pressure strong, and does the shower curtain effectively keep water inside the tub?","Does this tub appear to be a standard length and depth, or is it specifically designed for a more spacious and comfortable soaking experience?","Are the visible grab bars and the internal handle securely installed and rated for full support, especially for guests needing assistance?","Does this bathtub include any additional luxury features such as jets, bubbles, or a built-in heater, or is it a basic soaking tub?","Do the shower and faucet fixtures appear to be modern and well-maintained, or do they show signs of wear and tear?","Given the multiple grab bars, is this an officially designated accessible room or are these standard in all rooms?","Is the bathtub deep enough for a comfortable soak, or is it a shallower model?",Does the shower-over-tub have a fixed rainfall head or a handheld wand with good pressure?,"Is the shower enclosed with a curtain as pictured, or do some rooms feature a glass door instead?","Is this a standard soaking tub, or does it have any luxury features like whirlpool jets?",Does the bathtub feature safety grab bars for accessibility?,Is there an adjustable handheld shower head available?,Does the tub appear to be full-sized or compact?,Is the flooring textured to prevent slipping?,Do the fixtures look modern and well-maintained?
image_73_jpg.rf.24f6459c6cfcc3edae262c7a9453d6f8.jpg,bathtub,0.1825948804616928,-3.6313247680664062,443.2649230957031,188.87954711914065,643.1932373046875,Is this bathtub deep enough for an adult to comfortably soak?,"Does this tub also have a shower function with a showerhead, or is it solely for bathing?","What is the overall condition of the bathtub – does it show signs of wear, stains, or chips?","Is the chrome bar on the wall a sturdy grab bar for safety, or just a soap holder?","Does the bathtub offer any luxury features, like jets or a non-slip bottom?","Is that a full-sized bathtub suitable for an adult to lie down in, or is it a shorter, compact model?","Does this tub also function as a shower, and if so, does it have a glass door or a curtain?","What is the material of the tub, and is it in good condition without significant scratches or stains?",How deep is the tub? Is it a standard depth or is it a deep soaking tub?,Does the tub have any luxury features like whirlpool jets?,Are there safety handles or grab bars installed for accessibility?,Does the bathtub look deep enough for a comfortable soak?,Is the tub full-sized or does it appear to be a compact model?,Do the bathroom fixtures and tiles look modern or dated?,Does the bathtub surface and grout look clean and well-maintained?
image_73_jpg.rf.24f6459c6cfcc3edae262c7a9453d6f8.jpg,bathtub,0.2092540711164474,277.77667236328125,368.8747863769531,642.4691772460938,647.4133911132812,"Is this a full-sized bathtub suitable for an adult to soak comfortably, or is it a more compact model?","Does this bathtub also function as a shower, or is there a separate shower stall elsewhere in the bathroom?","Does this bathtub offer any luxury features such as jets, a comfortable sloped backrest, or a non-slip surface?","What is the approximate step-in height of the bathtub for ease of access, and are there any grab bars nearby?","What type of faucet and fixtures are installed for the bathtub, and are they modern and well-maintained?",How deep is the bathtub; is it a standard size or more of a deep soaking tub?,"Does this tub have whirlpool jets or is it a standard, non-jetted model?","What kind of shower head is it — a standard fixed head, a rainfall style, or a handheld wand?","Are there any safety features, like grab bars or a non-slip surface, inside the tub?","Given the single lever, how modern and responsive is the temperature control for the shower?",Does the bathroom feature double sinks for added convenience when traveling with a companion?,Is there sufficient counter space to organize multiple toiletries and personal items?,Are the bathroom fixtures and finishes modern and well-maintained?,Is a hairdryer provided and easily accessible within the bathroom area?,Does the large mirror and lighting appear adequate for grooming and makeup application?
image_97_jpg.rf.9e80bda1d83e2ffdfc46b9c6072deb67.jpg,bathtub,0.170476421713829,220.57470703125,496.2081909179688,335.3866271972656,616.3177490234375,"Does this bathroom offer both a bathtub and a shower option, or is it just the tub?","What are the approximate internal dimensions of the tub (length, width, depth)? Does it feel like a full-size tub for soaking?","Can you confirm the condition of the tub itself? Are there any visible chips, stains, or signs of wear?","Does this bathtub have any special features like jets, or is it a standard non-jetted tub?",How high is the step-over from the floor into the tub? Is it a comfortable height for easy entry and exit?,"Is the tub long enough for an adult to comfortably soak in, or is it a more compact size?",What type of showerhead is installed—is it a fixed head or a handheld wand?,"Does this tub have any luxury features like whirlpool jets, or is it a standard soaking tub?",Are there any safety features like grab bars or a non-slip surface inside the tub?,"How deep is the tub, and is the back sloped for comfortable bathing?",Is this a bathtub and shower combination?,Does the tub appear deep enough for a relaxing soak?,Do the bathroom tiles and fixtures look modern or outdated?,Is the bathtub area clean and well-maintained?,Does the bathroom layout feel spacious or cramped?
image_49_jpg.rf.7a4a5b96835696fc6ac6809e85922cd3.jpg,bathtub,0.4044458866119385,10.231952667236328,366.5203247070313,271.1325378417969,627.1155395507812,"Given the glass enclosure, does this function as a combined shower and bathtub, meaning you shower inside the tub?","Does this compact, corner-shaped bathtub accommodate an average-sized adult comfortably for soaking?","How new or well-maintained are the bathtub and its fixtures, and does the overall bathroom feel modern?","Does this bathtub include any luxury features such as jets, chromotherapy, or a built-in heater?","Is there sufficient water pressure from the showerhead, and is the water temperature consistently hot?","Given its corner shape, is the bathtub long enough for an average-sized adult to stretch out comfortably?","Does the shower only have a handheld wand, or is there a fixed, overhead shower head as well?","Does this tub have any whirlpool or jetted features, or is it a standard soaking tub?",Are there any safety grab bars inside the tub and shower area?,"Does the glass screen fully enclose the tub to prevent water from splashing onto the floor, or is it just a partial shield?",Does the unique shape of the tub offer enough room to stretch out comfortably?,"Is there a mounted overhead shower, or just the handheld sprayer visible on the wall?",Is there sufficient ledge space around the tub to hold toiletries and bath products?,Does the glass enclosure fully seal the bathing area to prevent water from splashing onto the floor?,"Do the tile and grout appear clean and well-maintained, or does the design feel outdated?"
image_78_jpg.rf.f74697c0839071d8287b1c2fc2294013.jpg,bathtub,0.2896871268749237,29.625959396362305,467.03326416015625,206.05145263671875,642.738037109375,Does this room offer a separate walk-in shower in addition to this shower/tub combination?,"Is this bathtub a standard length and depth, or is it noticeably more spacious for soaking?","What is the overall condition of the tub itself – is it free of scratches, chips, or stains?",How well-maintained and clean are the tiles and grout on the bathroom floor and around the tub?,"Does the tub have any practical features like a non-slip surface or grab bars, which aren't visible?","Is this a full-size bathtub suitable for an adult to soak in, or is it a more compact size?","Does the shower feature a handheld, detachable spray wand, or is it a standard fixed shower head?",Are there any safety grab bars installed inside the tub or on the surrounding walls?,"Does this tub have any luxury features, like whirlpool jets?","Is this a basic acrylic/fiberglass tub insert, or is it made from a more solid material like enameled steel?","Does the bathtub appear deep enough for a comfortable soak, or is it a shallow standard model?","Is this a shower-tub combination, given the presence of the shower curtain?",Does the tub surface look clean and well-maintained without visible stains or wear?,Is the side of the tub low enough to allow for easy entry and exit?,Does the bathroom finish look basic and functional or updated with modern fixtures?
image_35_jpg.rf.2ca043d78448a85bcfbcde4aff22e4cc.jpg,bathtub,0.1065150499343872,0.5350399017333984,521.0446166992188,148.79603576660156,639.8798217773438,Does this bathtub provide enough length and depth for an adult to comfortably soak and relax?,"Does the tub surface appear clean and well-maintained, without any visible chips, cracks, or stains?","Does this tub offer any luxury features like jets or a heated surface, or is it a basic soaking tub?","Is there a strong and consistent water pressure from the shower head, and is it a fixed or adjustable type?","Are the faucet and shower controls modern, intuitive to use, and does the drain stopper function smoothly?","Is this a shower/tub combination, or does the bathroom also have a separate walk-in shower?",Is the bathtub full-length and suitable for an adult to comfortably soak in?,"Does the shower fixture include a handheld, detachable shower head?","Is this a deep soaking tub, or is it a standard, shallower depth?",Does the tub have whirlpool jets or any other spa features?,Is this a combined shower and tub setup or a standalone soaking tub?,Does the bathtub appear deep enough for a comfortable full-body soak?,Is the tub surface clean and free from visible chips or stains?,Does the tub feature a slanted backrest for comfortable reclining?,Do the visible tiles and fixtures look modern or somewhat outdated?
image_77_jpg.rf.1ab047f42073f263159f644061485d43.jpg,bathtub,0.3480313420295715,335.19708251953125,528.273681640625,619.0560302734375,639.12353515625,"Does this bathtub also function as a shower, or is there a separate shower unit elsewhere in the bathroom?","How long and deep is the bathtub, and is it comfortable enough for an adult to fully recline?","Do the bathtub fixtures provide good water pressure, and is there a handheld showerhead option?","Are the dark tiled walls and countertop around the tub made of natural stone, and are they well-maintained?","Is there enough usable ledge space around the tub for personal toiletries, or is it mostly decorative?",Is the bathtub full-size and deep enough for a comfortable soak?,"Does the tub have a shower function, and if so, is there a handheld shower wand?",Are there any whirlpool jets or other spa-like features included with the tub?,"What material is the dark, textured wall behind the tub made from?","Since the sink is so close, is there a glass partition to prevent water from splashing out of the tub?",Does the bathtub appear deep enough for a comfortable soak?,Is there sufficient ledge space around the tub to hold personal items?,Does the bathroom feature premium finishes like granite or natural stone?,Does the tub include a shower attachment or is it for soaking only?,Do the tub and fixtures appear clean and free of wear?
image_70_jpg.rf.31764efb1387bec5b98c275a840b3874.jpg,bathtub,0.1472707986831665,-2.1096324920654297,501.36224365234375,316.1004943847656,636.341796875,"Does this bathtub have both a handheld and a fixed overhead shower head, or just the handheld option visible?","Is the tub a standard full-size, suitable for a comfortable soak, or is it on the smaller side?","Are the bath fixtures and the tub itself free of any visible wear, chips, or dated appearance?","Are the wall-mounted dispensers filled with quality bath products, or are individual bottled toiletries also provided?","Is the grab bar an accessibility feature specific to certain rooms, or is it a standard safety feature in all bathrooms?","Is the handheld sprayer the only shower head, or is there a fixed, overhead one as well?",Is the tub long and deep enough for an adult to have a comfortable soak?,Does this tub have whirlpool jets or is it a standard soaking tub?,I see a grab bar; is this an accessible room or is that a standard feature?,Are the toiletries in those wall-mounted dispensers from a premium brand?,Is the bathtub deep and wide enough for a comfortable soaking experience?,Does the tub feature a handheld showerhead attachment for flexibility?,Are there safety grab bars installed to assist with getting in and out?,Does the bathroom finish include high-quality stone or marble tiling?,Are shampoo and body wash provided in convenient wall-mounted dispensers?
image_154_jpg.rf.459671f8205426dfe4f80231a1f57dce.jpg,bathtub,0.1494947671890258,4.282951354980469,224.06246948242188,639.1929321289062,538.4417114257812,"Are the visible jets part of a fully functional whirlpool or jacuzzi system, and are they well-maintained for guest use?","Considering it's a corner tub, is it spacious enough for two people to relax comfortably, or is it primarily intended for a single bather?","Is there a separate standing shower in the bathroom, or does this bathtub also function as the primary shower with an attached sprayer?","How quickly does the tub fill using the visible wall-mounted faucet, and is there ample hot water for a full bath?",What is the general cleanliness and maintenance standard of the tub's surface and the visible grout/caulking around the edges?,Is this a jacuzzi-style tub and are the jets fully functional?,"Given the corner shape, is the tub spacious enough for two people or is it more of a single-person soaker?","Since there isn't a visible shower head, is there a separate walk-in shower in this bathroom?",How deep is the tub? Is it a proper soaking tub or is it on the shallower side?,Is there much ledge space around the edge of the tub for placing toiletries?,Does the bathtub feature working whirlpool jets for a spa-like experience?,Is the corner design spacious enough to comfortably accommodate two people?,"Is this strictly a soaking tub, or does it also come with an overhead shower?",Is there enough ledge space around the rim to place toiletries or a drink?,Do the fixtures and tub surface appear clean and well-maintained?
image_103_jpg.rf.5a2a13dfadaafe7d7ea69a1ef4687768.jpg,bathtub,0.136534184217453,419.10784912109375,305.3020324707031,639.46826171875,642.4279174804688,Is there a shower screen or curtain provided to prevent water from splashing out when using the shower?,"Does this bathtub offer enough depth for a comfortable soak, or is it more of a shower-focused tub?",What is the general condition and cleanliness of the tub and its fixtures?,"Does the tub have any special features like jets for a hydro-massage, or is it a standard model?","Given the counter that extends over the tub, is there still adequate space for a person to sit or stand comfortably inside?","Is there a fixed, overhead shower head, or only the handheld one shown?",How long is the bathtub? Is it a full-size model or more compact?,"Is that a full glass door for the shower, or just a partial splash screen?",How deep is the tub and is it suitable for a deep soak?,Does this bathtub have any whirlpool jets?,Does this bathtub feature whirlpool jets for a spa-like experience?,Is there a handheld shower attachment included for flexible rinsing?,Does the tub appear to be deep enough for a comfortable soak?,Do the bathroom fixtures look modern and well-maintained?,"Is the bathtub positioned tightly against the sink, or is there ample room to move?"
image_113_jpg.rf.919e53f9fab018728c4570c6d9fbd794.jpg,bathtub,0.28642737865448,260.0590209960937,457.9597473144531,592.6517944335938,642.406494140625,"Is this bathtub a standard size that would allow an average adult to comfortably soak, or is it more compact?","Do the bathtub fixtures, like the shower head and knobs, appear to be modern and well-maintained, or are they older?",Does this basic-looking tub offer any extra features like jets for hydrotherapy or a built-in seat?,"How high is the lip of the tub for entry and exit, and are there any grab bars for added safety?","Is the water pressure from the shower head strong and consistent, or does it tend to be weak?","Is this a full-size bathtub for soaking, or is it a more compact, shower-oriented model?","What type of shower head is paired with this tub—is it fixed, or is it a handheld wand?",The space between the toilet and the tub looks tight; is it comfortable to get in and out?,"Are there any safety features, like grab bars or a non-slip surface, inside the tub?","Is this a standard soaking tub, or does it have any luxury features like whirlpool jets?","Does the bathtub look deep enough for a relaxing soak, or is it on the shallow side?","Is this a shower-tub combination with a curtain, or is there a glass enclosure?",Does the bathroom finish and tile work appear modern or slightly dated?,Are there safety features like grab bars visible for assistance getting in and out of the tub?,Is there sufficient counter space on the adjacent vanity for storing personal toiletries?
image_141_jpg.rf.ed46ccd2378f1ef471d027575068e08b.jpg,bathtub,0.1263480931520462,191.52078247070312,505.4380798339844,471.2483215332031,641.3060913085938,"Given the visible grab bar and shower seat, is this a universally accessible tub/shower combination, or are these features standard in all rooms?","Does this bathtub offer enough length and depth for a comfortable adult soak, or is it more of a standard shower-bath combination?","Is the visible handheld shower head the only shower option, and does it offer adjustable spray settings?","Are the brushed metallic fixtures, including the faucet and drain, modern and well-maintained throughout the bathroom?","What is the material of the bathtub itself (e.g., acrylic, cast iron), and is it free from noticeable scratches, chips, or discoloration?","Is this an accessible room, or do all standard rooms come with the grab bar and tub seat?",How deep is the tub? Is it a standard soaking tub or more shallow?,"Is the shower head handheld with an adjustable spray, or is it fixed to the wall?","Does the shower have a curtain as pictured, or do some rooms offer a glass door?","Is this a standard bathtub, or does it have any whirlpool or jet features?",Does the bathtub offer accessibility features like grab bars and a fold-down seat?,Is there a handheld showerhead attachment included for flexibility?,Does the tub appear deep enough for a comfortable soak?,Is the shower enclosed by a curtain or a glass door?,Do the tiles and fixtures look modern and well-maintained?
image_161_jpg.rf.1733468d50607110358e42805a0c0641.jpg,bathtub,0.5775230526924133,443.2611083984375,422.1797180175781,637.4932861328125,637.87158203125,"Is this the only shower in the bathroom, or is there a separate walk-in shower available?","Does this tub offer enough length and depth for a comfortable full-body soak, or is it a more compact size?","Do the tub and fixtures appear to be in excellent condition, clean, and free of any visible wear or mold?",Can guests expect good water pressure and precise temperature control from the shower and faucet?,"Does this bathtub offer any special luxury features like jets, chromotherapy lighting, or a built-in seat?",Is the tub long enough for an average-sized adult to comfortably stretch out in?,How effective is that partial glass screen at preventing water from splashing onto the floor during a shower?,"Is that a handheld shower head, and is the water pressure consistently strong?",The tub appears deep; is it designed as a soaking tub or is it a standard depth?,Are there any safety grab bars inside the tub/shower area for stepping in and out?,Does the bathtub have a glass partition instead of a shower curtain?,Is the shower head adjustable and handheld for flexibility?,Does the bathtub appear deep enough for a comfortable soak?,Is there a safety rail or grab bar installed in the shower area?,"Does the bathroom layout look compact, given the proximity of the toilet paper holder?"
image_75_jpg.rf.80388cd6dc634fd170f4b49f5db2a739.jpg,bathtub,0.1425974667072296,15.679149627685549,492.6260986328125,355.7933044433594,638.5499267578125,"Is this a shower-over-bath setup, and if so, is there a full shower curtain or screen?","Does the bathtub appear to be a standard size for comfortable soaking, or is it a more compact model?","Does this bathtub offer any special features, such as jets or a whirlpool function?",What is the overall condition of the bathtub and its fixtures; does it seem well-maintained without chips or stains?,"Is the grab bar inside the tub a standard feature in all rooms with bathtubs, or only in specific accessible rooms?","Is the shower head handheld, or is there also a fixed, wall-mounted one?","Is this a full-size tub, or is it a more compact, shorter length?",How is the water pressure from that combination tap/shower fixture?,Is the chrome bar inside the tub a safety grab bar for support?,"Is there a built-in shelf for toiletries in the shower area, or just the edge of the tub?",Does the bathtub feature a shower hose attachment for flexible use?,Is there a grab handle installed for safety and easier accessibility?,Does the tub appear deep enough for a comfortable full-body soak?,Do the fixtures and tiles look modern or slightly dated?,Is the bathtub a standard full size or a more compact model?
image_155_jpg.rf.e1f7532cfc45538616d9e76448fb8ab2.jpg,bathtub,0.4180261790752411,21.898298263549805,430.63128662109375,321.84002685546875,639.0975341796875,How sturdy and well-placed is the grab bar for assisting with tub entry and exit?,Is the bathtub deep and long enough for a comfortable adult soak?,"What is the general condition of the tub surface; does it show signs of wear, discoloration, or chips?","Does the bathtub offer any luxury features like jets, or is it a standard, functional design?","Do the shower faucet and head appear modern and well-maintained, or do they seem older/basic?","Is this a full-size tub suitable for an adult to soak in, or is it a more compact size?","Does the shower have a fixed head, or is it a handheld, detachable wand?","Is the grab bar a standard safety feature, or does this room have other accessibility features?","Does the tub have any whirlpool or jet features, or is it just a standard soaking tub?","Since the toilet is so close, is there enough space to comfortably get in and out of the tub?",Is this a standard shower-tub combination suitable for both quick showers and baths?,Are there safety grab bars installed on the wall for added stability?,Does the bathtub appear deep enough for a comfortable soak?,"Is the bathroom layout spacious, or is the toilet positioned tightly against the tub?",Do the fixtures and tub surface appear clean and well-maintained?
image_207_jpg.rf.726375a50f5cd855de3ec88e741a71b9.jpg,bathtub,0.2098099142313003,321.4425964355469,383.5330200195313,643.783447265625,633.10400390625,"Is there a shower curtain or glass enclosure provided, or is this a wet room style with just the handheld shower?","Does this bathtub feel spacious and deep enough for a comfortable soak, or is it on the smaller side?","Are there any built-in luxury features like jets, a whirlpool function, or special lighting in the tub?","How well-maintained are the fixtures and tiling, and do they feel modern or a bit dated in person?",Is there any additional shelf space or a caddy available to hold personal toiletries while bathing or showering?,"Is the area next to the tub a wet-room style shower, or is there a separate shower curtain/door that's not pictured?",How long and deep is the tub? Is it large enough for a tall adult to soak comfortably?,"Does the tub have any luxury features, like whirlpool jets or a water heater to keep the bath warm?",Is there a non-slip surface inside the tub for safely standing while showering?,Can the handheld shower wand be mounted higher on the wall for a hands-free shower experience?,Does the bathtub appear deep enough for a comfortable soaking experience?,"Is the bathroom designed as a ""wet room"" with a floor drain for overflowing water?",Does the tub include a handheld showerhead attachment for flexibility?,Are there grab bars installed near the tub for safety and accessibility?,Do the bathroom finishes and tiling look modern and well-maintained?
image_175_jpg.rf.f6ea66016e19eca6bed70a83cf868b02.jpg,bathtub,0.2741739153861999,102.60725402832033,134.26248168945312,552.703369140625,471.55120849609375,"Is there a separate walk-in shower available in this bathroom, or does this tub serve as the only showering option with a hand-held sprayer?","How deep is this freestanding bathtub, and is it suitable for a full, comfortable soak?",Does this classic-style tub offer any modern amenities like jets or a built-in heater for prolonged soaking?,"Are the visible fixtures (faucet, showerhead) new and high-quality, or are they purely aesthetic vintage reproductions?",Is there sufficient and easily accessible space (like a built-in caddy or shelf) to place bath essentials and toiletries while using the tub?,Is the bathtub long enough for a tall person to stretch out and soak comfortably?,"Does this bathroom also have a separate walk-in shower, or is the handheld sprayer the only shower option?","Is this a standard soaking tub, or does it have any whirlpool or jet functions?",Are the vintage-style faucets in good condition and is it easy to regulate the water temperature?,"Is there any built-in ledge or shelving for toiletries, or only the small tables shown?",Is the freestanding tub large enough to comfortably accommodate two people?,"Does the bathroom have a separate shower stall, or is the handheld attachment the only way to rinse off?","Is there enough shelf space within reach to hold toiletries, or just the small side table shown?",Does the stone floor and wall construction make the bathroom feel cold or drafty?,Is the tub difficult to get in and out of given the high sides and lack of visible grab bars?
image_138_jpg.rf.ac9e503a47e8d80288f85ec27c1c925f.jpg,bathtub,0.1982138752937317,354.518798828125,383.4087524414063,607.3251953125,555.2789916992188,"Does this tub offer a jacuzzi or whirlpool feature, given the visible jets?","Is this a tub-only setup, or is there a shower head above it, possibly hidden from view?",How deep and long is this bathtub; is it comfortable for a full-sized adult to soak in?,"Are the plumbing fixtures modern and well-maintained, or do they show signs of wear?",Is there sufficient ledge space around the tub or on the nearby counter for toiletries and bath products?,"Since there's no visible shower head, is this a soaking tub only or is there a shower as well?","Does this tub have whirlpool jets, or is that just the overflow drain visible on the side?","Given the angled design, is it a full-length tub that an adult can stretch out in?",The tub looks quite deep; are there any grab bars to assist with getting in and out safely?,The wall and floor tiles look different; has the bathroom been fully or only partially renovated?,Does the bathtub have working whirlpool jets for relaxation?,Is the tub deep enough for a full-body soaking experience?,"Is this a standalone tub, or does it also have a shower attachment?",Is the bathtub spacious enough to accommodate two people comfortably?,Are there safety grab bars to assist with entering and exiting the tub?
image_123_jpg.rf.e87d07c04b184177c5c84d27fb5ce202.jpg,bathtub,0.1475981324911117,1.3317489624023438,3.0496788024902344,297.6628723144531,637.932373046875,Does the shower have a handheld option or is it a fixed head only?,"How deep is the bathtub, and is it comfortable for soaking for an adult?","Is there enough storage space in the shower for personal toiletries, beyond the small shelf shown?",What is the water pressure like from both the showerhead and the tub faucet?,"Does the tub have a non-slip surface, or is a mat provided for safety?",How deep is the bathtub? It looks a bit shallow for a good soak.?,Is that vertical pole a safety grab bar or just a caddy for the toiletries?,Does the shower head have good water pressure or multiple spray settings?,Is the tub's surface non-slip?,"Does this tub have any whirlpool or jet features, or is it a standard tub?","Is the showerhead fixed to the wall, or is there a handheld wand option for flexibility?","Does the bathtub appear deep enough for a comfortable soak, or is it a shallow standard tub?",Is there sufficient built-in shelving within the shower to hold personal toiletries?,Are there safety grab bars installed inside the shower area for accessibility?,Do the tiles and fixtures look modern and well-maintained?
image_123_jpg.rf.e87d07c04b184177c5c84d27fb5ce202.jpg,bathtub,0.2876534759998321,2.540864944458008,472.33404541015625,269.9959716796875,640.8323974609375,"Does the shower head offer different spray settings, or is it a basic fixed stream?","Is this a standard-sized tub, or does it offer extra depth for soaking?","What is the overall condition of the bathtub, specifically looking for any signs of wear, chips, or stains?","Does the tub include any luxury features such as jets, an anti-slip bottom, or an advanced drainage system?","Besides the small wall-mounted soap dish, is there any additional space or shelving for toiletries within easy reach while showering or bathing?","Is this a full-size bathtub for soaking, or is it a more compact, shower-focused size?","Is that shower head fixed, or is it a handheld wand with a flexible hose?","Does the tub have any safety features, like a non-slip bottom or any grab bars?","Is this just a standard tub, or does it have any luxury features like whirlpool jets?","Since there's a curtain, is this a shower/tub combo, or is there a separate walk-in shower in the bathroom as well?","Does the bathtub look deep enough for a comfortable soak, or is it fairly shallow?","Is this a shower-tub combination, or is it strictly for taking baths?",Do the tiles and caulking around the tub appear clean and well-maintained?,Is there a built-in soap dish or shelf available to hold toiletries?,Are there any safety grab bars visible for help getting in and out of the tub?
