image,label,score,x1,y1,x2,y2,2_5_flash_question_1,2_5_flash_question_2,2_5_flash_question_3,2_5_flash_question_4,2_5_flash_question_5,2_5_pro_question_1,2_5_pro_question_2,2_5_pro_question_3,2_5_pro_question_4,2_5_pro_question_5,3_pro_preview_question_1,3_pro_preview_question_2,3_pro_preview_question_3,3_pro_preview_question_4,3_pro_preview_question_5
image_2_jpg.rf.8df448081dde58fa8af07a416bdd84b3.jpg,hairdryer,0.1266508996486663,82.90086364746094,68.41072082519531,532.421875,613.5489501953125,"Does the hairdryer have multiple heat and speed settings, or just a basic on/off switch?","Is this hairdryer a full-sized model or a more compact, travel-friendly version?",What is the approximate wattage or power of this KORYO hairdryer; is it powerful enough for quick drying?,"Does the hairdryer come with any styling attachments, such as a concentrator nozzle or diffuser?","How long is the power cord, and will it be long enough to comfortably reach the mirror from a standard outlet?","Given its compact size, is this a low-power travel model or is it strong enough to dry thick hair efficiently?","Does the switch on the handle offer multiple heat and speed settings, or is it just on/off?",Does the hairdryer have a 'cool shot' button to help set a hairstyle?,"Does this model come with any attachments, like a concentrator nozzle for styling or a diffuser?",Is the power cord long enough to comfortably use the dryer in front of the main mirror?,Is this a compact travel dryer or a full-sized model with enough power to dry thick hair quickly?,Is the hairdryer portable so I can use it near a mirror outside the bathroom?,"Does it offer multiple heat and speed settings, or is it just a single on/off switch?",Does it come with any styling attachments like a concentrator nozzle?,Is the cord long enough to reach a convenient power outlet?
image_213_jpg.rf.7f391b31c32428bb89678b1648b2fe93.jpg,hairdryer,0.1107390150427818,9.37875747680664,78.19174194335938,646.2325439453125,518.2324829101562,"What do the ""SET"" and ""TURBO"" options on the hairdryer's slider specifically refer to in terms of heat or speed levels?","Given the ""ionity"" label, does this hairdryer use ionic technology to help reduce frizz and enhance hair shine?","Is this a full-sized hairdryer, or is it a more compact, possibly foldable model that's easy to store or pack?","Does the hairdryer include any styling attachments, such as a concentrator nozzle for precise drying?","How long is the power cord, and does it allow for comfortable use at a vanity mirror or outlet in the room?","I see settings for ""Turbo"" and ""Cold""—does the ""Set"" option provide a different heat or speed level?",What is the wattage of this hairdryer to gauge how powerful and fast it is?,"Does the ""ionity"" branding mean this is a true ionic hairdryer designed to reduce frizz?","Are any attachments, like a concentrator nozzle for styling or a diffuser for curls, included?","Since it's a portable model in a basket, is the power cord long enough to comfortably reach a vanity mirror?","Is the hairdryer portable and stored in a basket, or is it hardwired to the bathroom wall?","Does it offer adjustable heat and speed settings, such as a ""Turbo"" mode or a cool shot?","Is this a compact travel-sized dryer, or does it have the power of a full-sized model?","Does the ""ionity"" label indicate it uses ionic technology to help reduce frizz?","Is it a reliable consumer brand like Panasonic rather than a generic, lower-quality hotel unit?"
image_3_jpg.rf.b0aa366ebbf555c57aa9d25b11c62508.jpg,hairdryer,0.4496848285198211,78.98811340332031,9.918651580810549,591.8076171875,632.7880859375,"Does this hairdryer offer separate controls for heat and speed, or are the 'cool,' 'dry,' 'normal,' and 'turbo' options combined pre-sets?","Does the hairdryer come with any attachments, such as a concentrator nozzle for styling or a diffuser for curly hair?","Is this hairdryer powerful enough for quick drying of thick or long hair, or is it more of a basic model for light drying?","Is this hairdryer lightweight and easy to handle for extended drying, or is it a heavier, more standard hotel model?",Is the power cord long enough to comfortably reach from typical outlet locations to the bathroom mirror?,What is the wattage of this hairdryer?,"I see it has ""Turbo"" and ""Cool"" settings, but are the heat and speed settings independently adjustable?","Since it looks compact, is it powerful enough to dry long or thick hair efficiently?","Does this hairdryer only come with the concentrator nozzle shown, or is a diffuser attachment also available?","Is the power cord a decent length, or is it short and requires you to be right next to the outlet?","Does the dryer feature adjustable settings like ""Turbo"" and ""Cool"" modes?",Is the handle foldable to save space on the bathroom counter?,Does it include a concentrator nozzle attachment for styling?,Is this a handheld unit rather than a low-power wall-mounted version?,Does the cord have a hanging loop for convenient storage?
image_113_jpg.rf.8fe60c21b8e1d39aeac00c7caf2ec323.jpg,hairdryer,0.3518679440021515,366.5673522949219,175.99684143066406,576.7930297851562,643.19140625,Does this Salonia hairdryer offer multiple heat and speed settings for customized styling?,"Is the Salonia brand known for being a high-quality or professional-grade hairdryer, or is it a basic hotel model?","Does this hairdryer include any styling attachments, like a concentrator nozzle or a diffuser?","Is this a full-sized hairdryer, and does the handle fold down for easier storage or packing?","How powerful is this hairdryer, and can it effectively dry long or thick hair in a reasonable amount of time?",How powerful is this hairdryer in terms of wattage?,"Does this model have a dedicated ""cool shot"" setting to help set hairstyles?","Are any attachments, like a diffuser for curly hair or a concentrator nozzle, provided?","Is this a full-size, powerful hairdryer or a more compact, travel-style model?",Does this Salonia dryer have any modern features like ionic technology to reduce frizz?,Is this a standalone handheld unit rather than a weak wall-mounted dryer?,Does the handle appear to fold for compact storage on the vanity?,Is this a recognizable brand name like Salonia known for quality performance?,Are there adjustable heat and speed settings visible on the handle?,Does the dryer have a hanging loop for convenient storage in the bathroom?
image_120_jpg.rf.e4b2ddad1fc0c6291c75e29b800c7cb2.jpg,hairdryer,0.2015177458524704,40.22274017333984,7.414264678955078,557.0294189453125,638.7670288085938,"Does the 1400W power output provide sufficient drying speed for all hair types, especially for longer or thicker hair?",Does the coiled power cord allow enough reach to comfortably dry hair while standing at the mirror or moving around?,"Are there multiple heat and speed settings available on the hairdryer, beyond just an on/off?","Does this hairdryer come with any attachments, like a concentrator nozzle or diffuser, for specific styling needs?","Is the hairdryer easily detachable from its ""Wall hung"" mount for more flexible handling, or is it permanently fixed in place?","Is this a high-power model, or is it a more basic, low-wattage travel-style dryer?","Does the switch on the handle offer multiple heat and speed settings, or is it just on/off?",How far does that coiled cord stretch? Is it long enough to use comfortably at a vanity mirror?,Does this hairdryer come with a concentrator nozzle attachment for styling?,"Is there a cool shot button on this model, or does it only blow hot air?","Is the hairdryer wall-mounted, restricting use to a specific spot in the room?",Does the wattage listed on the handle indicate enough power for drying thick hair?,Does the switch allow for adjustable heat and speed settings?,Is the coiled cord long enough to reach the mirror comfortably?,Is this a basic utility dryer or a higher-quality model for styling?
image_187_jpg.rf.0f544c0522e09095abbde905d8d987e0.jpg,hairdryer,0.1964432150125503,18.78276824951172,53.331031799316406,643.475830078125,636.804931640625,"Considering the 2400W rating visible, is this hairdryer powerful enough for thick or long hair, or is it better suited for lighter styling?","How many distinct heat and speed settings do the visible controls offer, and is the button on the handle a dedicated cool shot?","Does this hairdryer come with any other attachments besides the concentrator nozzle shown, such as a diffuser for curly hair?","Is this a full-sized hairdryer that might be bulky to handle, or is it lightweight enough for comfortable, extended use?","Does the concentrator nozzle provide a strong, focused airflow for precision styling, and does it feel securely attached?","Given the 2400W rating shown, is this a genuinely high-power hairdryer suitable for drying thick hair quickly?",Do the switches on the handle allow for separate adjustments of heat levels and airflow speed?,"Does this hairdryer have a ""cool shot"" button to help set a style with a blast of cold air?",I see the concentrator nozzle is attached; is a diffuser attachment also available for guests with curly hair?,Does this model have modern features like ionic or ceramic technology to help reduce frizz?,Is this a high-power 2400W dryer suitable for quickly drying thick hair?,Does it offer separate adjustable switches for heat and speed control?,Is this a full-sized handheld unit rather than a weak wall-mounted one?,Does it come with the concentrator nozzle attachment for styling?,"Is there a ""cool shot"" button included to help set hairstyles?"
image_208_jpg.rf.7f5f7997086cc940882df9a3c38c9c8e.jpg,hairdryer,0.1264452934265136,43.50858688354492,153.9801025390625,477.8877258300781,638.2564697265625,Are the two visible USB charging ports on the base powerful enough to quickly charge modern smartphones or tablets?,What is the effective extended length of the coiled power cord to comfortably reach a bathroom mirror or vanity?,"Does this hairdryer offer multiple heat and speed settings, or is it a basic on/off model?","Can the hairdryer be easily detached from its wall-mounted holder for more convenient handling, or is it fixed in place?","Does this hairdryer appear to be a high-performance or professional-grade model, or a more standard basic hotel hairdryer?",How powerful is this hairdryer in terms of wattage?,"Does this model offer multiple heat and speed settings, or is it just a single setting?",Are the two USB ports on the wall mount available for charging personal devices like a phone?,"How far does the coiled cord stretch, and is it long enough to comfortably use in front of the bathroom mirror?","Does the silver tip function as a built-in concentrator nozzle, and are any other attachments like a diffuser provided?",Is the hairdryer permanently wall-mounted or can it be moved around the room?,Does the base unit include functional USB ports for charging devices?,Is the coiled cord long enough to use the dryer comfortably in front of the mirror?,Does this compact model provide strong airflow or is it low-wattage?,Does it offer adjustable heat and speed settings?
image_223_jpg.rf.a8468978715313d3034110ecfe3a71be.jpg,hairdryer,0.2926410436630249,104.02711486816406,27.13644027709961,545.8306884765625,638.8361206054688,"Does the ""ION"" feature on this Britania hairdryer provide any noticeable benefits like reduced frizz or improved hair health?","Given its 2000W power, is this hairdryer strong enough for quick drying, especially for thick or long hair?","Since it's wall-mounted with a coiled cord, is the reach long enough to comfortably use it at a bathroom mirror or vanity?","Does this hairdryer offer multiple heat and speed settings, or is it a basic on/off model?","Are there any attachments, like a concentrator nozzle or diffuser, included for specific styling needs?","Since this is a 2000W model, is it powerful enough to dry long or thick hair in a reasonable amount of time?","Does this hairdryer offer multiple heat and speed settings, or does it only have a single setting?","The body is labeled ""ION""; does this mean it has ionic technology to help reduce frizz and static?",How far does that coiled cord stretch? Is it long enough to comfortably reach a mirror?,"Does the hairdryer come with any attachments, like a concentrator nozzle for styling or a diffuser?",Does the 2000W wattage mean it is powerful enough to dry thick or long hair quickly?,"Is the hairdryer permanently wall-mounted, restricting its use to the bathroom area?","Does the ""ION"" feature mentioned on the casing help reduce frizz and static?",Is the coiled cord long enough to reach the mirror comfortably while styling?,Does the handle include adjustable switches for different heat and speed settings?
image_182_jpg.rf.3f7a9330c603e926eb91fc8e48ca1fa6.jpg,hairdryer,0.2220486998558044,7.472438812255859,126.13531494140624,632.6736450195312,581.0186157226562,"Given it's branded 'Pocket dry,' is this hairdryer powerful enough for quick drying and basic use, or does it offer sufficient wattage for more thorough styling?","Does this hairdryer offer adjustable heat and speed settings, or does it only have a simple on/off switch?","Is this a compact, foldable travel hairdryer, or a more standard fixed-handle size that still fits the 'Pocket dry' description?","Are there any styling attachments, like a concentrator nozzle, available to use with this hairdryer?","What is the approximate length of the power cord, and is it long enough to comfortably reach a mirror or vanity from the nearest outlet?","Given that this is a ""Pocket dry"" model, is it powerful enough for long, thick hair or is it a low-wattage travel dryer?","Does this hairdryer have multiple heat and speed settings, or just a simple high/low switch?","Are any attachments, like a concentrator nozzle or a diffuser for curly hair, provided?",How long is the power cord? I need to know if it will reach the mirror comfortably.?,"Does this model include a ""cool shot"" button for setting a hairstyle?","Is this ""Pocket dry"" model powerful enough to dry long or thick hair efficiently?","Does the hairdryer have adjustable heat and speed settings, or is it a single-setting device?","Is the hairdryer portable so I can use it near a mirror, or is it permanently attached to the wall?","Does it come with any styling attachments like a concentrator nozzle, as none are shown?","Is the handle foldable, making it a compact travel-style dryer?"
image_121_jpg.rf.c97725f3cda2e24d214b1299a23e3ba6.jpg,hairdryer,0.35145103931427,78.37478637695312,58.93199920654297,549.39111328125,638.6539916992188,"Given its sleek, minimalist design, does this hairdryer offer powerful, quick-drying performance, or is it a more basic, low-wattage model?","Do the two small buttons on the handle control multiple heat and speed settings, or is it a simpler on/off and single-setting control?","Does this hairdryer come with any specialized attachments, such as a diffuser for curly hair or a specific concentrator for styling?",The power cord appears neatly bundled; is it a generous length when extended to reach comfortably from an outlet to the bathroom mirror or vanity?,"Based on its appearance and handle size, is this a comfortable, full-sized hairdryer for extended use, or a more compact and potentially less ergonomic option?","Looking at the handle, does this hairdryer have multiple heat and speed settings, or is one of those buttons a cool shot feature?","Is this a high-wattage, salon-quality hairdryer or more of a standard, basic model?","Does this hairdryer have any modern features, like ionic technology to help reduce frizz?",Are attachments like a concentrator nozzle or a diffuser provided with the hairdryer?,How long is the power cord? I'm wondering if it's long enough to comfortably reach the mirror from the outlet.?,Is the hairdryer a portable model rather than being fixed to the wall?,Does the dryer include a concentrator nozzle attachment for precise styling?,Are there adjustable settings for both heat and speed on the handle?,Is this a compact travel dryer or a full-power performance model?,Is the power cord long enough to easily reach a mirror while drying?
image_212_jpg.rf.513d3d8d3c589989790f5bd712037b9e.jpg,hairdryer,0.1061221286654472,27.05760955810547,32.38670349121094,628.3426513671875,640.2198486328125,Do the visible buttons on the handle allow for multiple heat and speed settings?,"Does this hairdryer come with any attachments, such as a concentrator nozzle or a diffuser?","Is this a compact and lightweight hairdryer, making it easy to handle and store?",Does this model provide strong airflow for quick and efficient drying?,"Beyond basic drying, does this hairdryer feature advanced functions like a cool shot or ionic technology?",This hairdryer looks like a premium model; is it high-wattage and powerful enough for thick hair?,"Does the hairdryer have multiple heat and speed settings, plus a cool-shot button to set a style?","Are any attachments, like a concentrator nozzle for smoothing or a diffuser for curls, provided with it?",Is the hair straightener/curling iron shown in the picture also included as a standard room amenity?,"Since it's a handheld dryer, is the power cord long enough to be used comfortably at the vanity mirror?",Is a curling iron or styling tool included in the room amenities alongside the hairdryer?,"Does the hairdryer appear to be a modern, high-performance model comparable to premium brands?",Are there adjustable buttons on the handle for controlling heat and speed?,"Is the hairdryer a portable unit, allowing me to plug it in near a mirror of my choice?",Is the design compact and lightweight enough for comfortable styling?
image_212_jpg.rf.513d3d8d3c589989790f5bd712037b9e.jpg,hairdryer,0.2478472739458084,280.10028076171875,103.83689880371094,630.3875732421875,621.4309692382812,"Does this hairdryer have multiple heat and speed settings, or just a simple on/off?","Given its modern design, does this hairdryer feature ionic or ceramic technology for smoother hair?","Can any attachments, like a concentrator nozzle or diffuser, be used with this hairdryer?","Does this appear to be a high-wattage, quick-drying model, or a standard, lower-powered hairdryer?","Is this hairdryer a compact, lightweight model, or a full-sized, possibly heavier one?","Given its modern T-shape design, is this a high-velocity hairdryer for fast drying?","Does the hairdryer come with any attachments, like a concentrator nozzle for styling or a diffuser?","Are there multiple heat and speed settings, or is it just a single setting?","Is this a full-power hairdryer, or is it a more compact, lower-wattage travel model?",Does this model have a cool-shot button to help set hairstyles in place?,"Does this look like a high-quality, modern hairdryer compared to standard old-fashioned wall units?",Is the handle foldable or compact for easier handling and storage?,Does the room provide additional styling tools like the curling iron visible on the left?,Are the control switches on the handle easy to reach for adjusting heat and speed?,Does the cord feature a reinforced hanging loop for convenient accessibility?
image_81_jpg.rf.96b8fcb55da1561f40269a4587f5fad4.jpg,hairdryer,0.1145657300949096,29.6096420288086,82.99999237060547,609.0653076171875,646.8658447265625,"Does this Dolphy hairdryer offer different heat and speed settings, or is it a basic on/off model?","Given the dual-socket design, can the integrated shaver socket be used with different international plug types for electric shavers?","While it's wall-mounted, is the coiled cord long enough to comfortably reach a mirror or preferred styling area in the bathroom?","Does this hairdryer provide strong airflow and heat for efficient drying, especially for guests with longer or thicker hair?","Are there any specific styling attachments, like a concentrator nozzle, included or available with this Dolphy hairdryer?","How powerful is this hairdryer; is it a basic hotel model or closer to a full-sized, high-wattage one?","Does the hairdryer have multiple heat and speed settings, or just a single on/off function?",How long is the coiled cord when fully stretched? Is it long enough to reach a vanity mirror comfortably?,Does the hairdryer come with any attachments like a concentrator nozzle or a diffuser?,"Can the built-in ""Shavers Only"" socket be used to charge other small electronics, or is its use strictly limited?",Is this hairdryer wall-mounted or can I move it around the room?,Is the compact size powerful enough to dry long or thick hair quickly?,Does the unit include a functional shaver socket for charging other devices?,Does the coiled cord stretch far enough to reach the mirror easily?,Does this model require holding a button down continuously to operate?
image_180_jpg.rf.f203059aebd70a3d03b0a78518772eed.jpg,hairdryer,0.1291121244430542,88.29063415527344,219.1285400390625,561.5563354492188,419.0301513671875,"Does this 'LINXA' brand hairdryer offer powerful and efficient drying, or is it a more basic, less robust model?","Is the hairdryer foldable for compact storage, and is it a lightweight design for travel convenience?","Beyond the visible concentrator nozzle, are there any other attachments provided, such as a diffuser?","Does this hairdryer feature multiple heat and speed settings, or is it a single-setting model?","Considering its sleek design and inclusion of a soft pouch, is this a quiet-operation hairdryer, or does it tend to be loud when in use?",This hairdryer looks very modern; does it have advanced features like ionic technology for frizz control?,"Is the handle foldable, making this a compact model, or is it a fixed, full-size hairdryer?","Does the switch on the handle allow for multiple heat and speed settings, or is it just a single setting?","Given its high-end appearance, is this a powerful, salon-grade hairdryer or is it a standard travel-strength model?",I see a concentrator nozzle attached; are other attachments like a diffuser also included in the room?,Does the handle fold down to save space on the bathroom counter?,Does the dryer come with a concentrator nozzle attachment for styling?,Is a storage bag provided to keep the appliance clean and organized?,Does the cord look long enough to reach the mirror comfortably?,"Does this appear to be a modern, high-quality model compared to standard wall-mounted dryers?"
image_24_jpg.rf.32f4a380b1ea6a5e5578cd59b7bcacbf.jpg,hairdryer,0.1013985872268676,346.9708557128906,336.51202392578125,627.1022338867188,640.426025390625,"Does this hairdryer offer multiple heat and speed settings, or is it a single-speed/heat model?","Given its compact appearance, would this hairdryer be powerful enough for drying long or thick hair efficiently?","Is the Clatronic brand of this hairdryer considered a reliable and good quality option for hair drying, or is it a more budget-friendly amenity?","Are there any specific attachments, like a concentrator nozzle for styling, included with this hairdryer that aren't visible in the picture?","Is the power cord for this hairdryer long enough to comfortably reach a mirror, or would I need to bring an extension?","How powerful is this hairdryer in terms of wattage, or is it more of a compact, low-power travel model?","Does this hairdryer offer multiple heat and speed settings for styling, or is it just a simple on/off switch?",Is the grey button on the body a 'cool shot' feature to help set a hairstyle?,"Since the hairdryer is wall-mounted, is the cord long enough to comfortably use it at the vanity mirror?","Does the hairdryer come with any attachments, like a diffuser for curly hair, or only the fixed concentrator nozzle shown?",Is this a compact travel dryer or a full-sized unit?,Does it offer multiple heat and speed settings?,Is the hairdryer hardwired to the wall or can it be moved freely?,Does it come with a concentrator nozzle for styling?,Is the power sufficient for drying thick hair quickly?
image_66_jpg.rf.af050c556c5cd20d9219cdc2b457eca1.jpg,hairdryer,0.1574482172727584,56.8543815612793,41.04860305786133,520.214111328125,635.8487548828125,"Can you tell from the visible switch if this hairdryer offers different heat or speed settings, or is it just an on/off?",Is this TIMCO hairdryer considered powerful enough for drying long or thick hair quickly?,"Given it's a wall-mounted unit, is the coiled cord long enough to comfortably reach a mirror or different angles for styling?","Does this hairdryer come with any attachments, like a concentrator nozzle for precision styling or a diffuser for curly hair?","How clean is the air intake filter on the back of the hairdryer, as it can affect performance and hygiene?",How powerful is this hairdryer; do you know what the wattage is?,"Does this hairdryer have multiple heat and speed settings, or just a single on/off switch?","Since it's wall-mounted, is the coiled cord long enough to comfortably reach the bathroom mirror?","Are any attachments, like a concentrator nozzle or a diffuser, provided with the hairdryer?",Does this model have a 'cool shot' button for setting a hairstyle?,"Is the hairdryer hardwired to the wall, restricting where I can dry my hair?",Is this a compact model that might lack the power needed for thick hair?,Does it feature multiple heat settings or just a single on/off switch?,Is the coiled cord long enough to comfortably reach the mirror?,"Does this appear to be a basic, older model rather than a modern professional dryer?"
image_17_jpg.rf.b673ad741572ab3396f75b58362cdd14.jpg,hairdryer,0.4457606673240661,81.87567138671875,6.897239685058594,591.38134765625,631.85888671875,"Are the 'cool', 'dry', 'normal', and 'turbo' settings for different heat levels, fan speeds, or a combination of both?",Does the 'turbo' setting provide enough power for quick drying of thick or long hair?,"Does this hairdryer include any styling attachments, such as a concentrator nozzle or diffuser?","Is this a full-sized hairdryer, or a compact, travel-sized model?",How long is the power cord for comfortable use at the bathroom mirror?,"I can see settings like ""Turbo"" and ""Cool""—is this a high-power model and does it have a true cool shot button?","Is this a compact/travel-size hairdryer, or is it a full-size model?","Since it comes with a concentrator nozzle, is a diffuser attachment also available upon request for curly hair?","What is the wattage of the hairdryer? I want to know if it's powerful enough to dry long, thick hair quickly.?",Is the power cord long enough to comfortably reach from the outlet to the vanity mirror?,Does it come with a concentrator nozzle attachment for precise styling?,"Does the hairdryer feature a ""Turbo"" setting for faster drying?",Is the handle foldable for compact storage or packing?,Does it offer a cool air option to help set hairstyles?,Is there a built-in loop on the cord for convenient hanging?
image_210_jpg.rf.53404c2712d1be8c2f6dccd8974d4639.jpg,hairdryer,0.1040564477443695,7.405128479003906,320.3544616699219,564.0821533203125,640.6688232421875,"Does this hairdryer have multiple heat and speed settings, or is it just one standard setting?","Is the pink end a simple concentrator nozzle, or are there additional attachments provided, such as a diffuser?","What is the wattage or power level of this Philips hairdryer, as it looks like a compact model?","Does the handle fold down, making this a more compact and travel-friendly hairdryer?",How long is the power cord to ensure it can comfortably reach a mirror or vanity from an outlet?,How powerful is this hairdryer in terms of wattage?,"Does it have multiple heat and speed settings, or just a single on/off function?","Is this a compact, travel-size model or a full-size hairdryer?",I see the pink concentrator nozzle; does it also come with a diffuser attachment?,Does this model include a 'cool shot' button for setting hair?,Is the hairdryer a portable handheld model rather than a weak wall-mounted unit?,"Is this a full-sized dryer powerful enough for thick hair, or a smaller travel version?",Does it come with a concentrator nozzle attachment for styling as shown in the photo?,"Is it a recognizable, reliable brand like Philips or a generic low-quality appliance?",Is the cord long enough to reach from the outlet to the nearest mirror?
image_27_jpg.rf.f8c616f9bad5a0fbc302976a32b6bae8.jpg,hairdryer,0.4043797254562378,71.12432861328125,103.80722045898438,504.8543701171875,636.9561157226562,"Does this hairdryer offer multiple heat and speed settings, or just a single option?","Given its 'Retro' branding and sleek black design, is this considered a higher-end or basic model?","Are any styling attachments, such as a concentrator or diffuser, provided with this hairdryer?","How long is the power cord, and does it allow for comfortable reach to a mirror or outlet?","Is the hairdryer designed to be stored and used with the clear stand, or is it lightweight and easily put away?","Is this a high-power, salon-quality hairdryer or a more basic, compact model?",Does the hairdryer offer multiple heat and speed settings for styling flexibility?,What is the function of that unique honeycomb-style nozzle; does it help with frizz or airflow?,"Is this a full-size hairdryer, or is it a smaller, travel-sized version?",Is the power cord long enough to comfortably use the hairdryer in front of the bathroom mirror?,Is this a high-end luxury brand hairdryer like ReFa?,Is the dryer portable so I can use it outside the bathroom?,Does this compact design still offer powerful drying speed?,Are the controls adjustable for heat and airflow?,Is the unit lightweight and easy to handle?
image_56_jpg.rf.40336d66e18a46f793f1ae1c6dbbd6ca.jpg,hairdryer,0.1232956647872924,43.20644378662109,96.47886657714844,631.7115478515625,478.4485473632813,The visible controls show multiple options; what specific heat and speed settings are available?,"Does this Panasonic model include advanced features like ionic technology, possibly indicated by the small extra opening, for smoother hair?","Is the clear nozzle on the front fixed, or is it a removable concentrator, and are any other styling attachments, like a diffuser, provided?","How compact is this hairdryer, and is it lightweight enough for easy handling or more substantial like a professional model?","Beyond basic heat settings, does this hairdryer offer precise temperature control or a dedicated cool shot function?","Given the ""TURBO/DRY/SET"" switch, is this hairdryer powerful enough to dry long, thick hair efficiently?",This looks like a premium Panasonic model; does it have any advanced hair care features like nanoe™ or ionic technology to reduce frizz?,"What is the purpose of that unique dual-opening nozzle, and does the hairdryer also come with a diffuser attachment for curly hair?",I see several indicator lights on the body; does this mean the hairdryer offers multiple distinct heat and speed settings for styling control?,"Is this a full-size, high-quality hairdryer, or is it a lightweight, compact model designed for travel?",Is this a portable handheld model rather than a fixed wall-mounted unit?,Does the Panasonic brand suggest better quality than a typical hotel hairdryer?,"Does it offer adjustable settings like ""Turbo"" and ""Set"" for controlled styling?",Is the design compact and sleek for comfortable handling?,Does the unique nozzle design indicate advanced features like ionic technology?
image_124_jpg.rf.bc4213e7f09001692f89e708b6f3ae9a.jpg,hairdryer,0.2873489558696747,116.33195495605467,30.33590316772461,427.29400634765625,444.1443481445313,"Since there are no visible buttons, does this hairdryer offer multiple heat and speed settings, or just a single mode?","Given its sleek, modern design, is this a powerful and efficient hairdryer that dries hair quickly, or more of a basic amenity?","Does this hairdryer come with any additional styling attachments, like a diffuser for curly hair or a finer concentrator nozzle, beyond the integrated one shown?","Is this hairdryer lightweight and ergonomically balanced for comfortable handling during use, or does its T-shape make it feel top-heavy?","Does this contemporary-looking hairdryer incorporate any hair-care technology, such as ionic or ceramic features, to reduce frizz and protect hair?","Given the modern T-shape design, is this a high-end, powerful hairdryer or a standard travel model?","Does the hairdryer have multiple heat and speed settings, including a cool shot button for styling?","Since it has a concentrator nozzle, is a diffuser attachment also provided for curly or wavy hair?",Does this hairdryer feature ionic or ceramic technology to help with frizz and drying time?,"Is this a portable, handheld dryer, or is it fixed to a wall-mounted base in the bathroom?","Does this look like a modern, high-performance hairdryer rather than a standard hotel model?",Is the hairdryer a portable handheld unit instead of being mounted to the wall?,Does it come with a concentrator nozzle attachment for precise styling?,Is the device compact and lightweight for easy handling?,Does the presentation with the hairbrush suggest the hotel provides premium bathroom amenities?
image_197_jpg.rf.b010a4e9c4cf7b558546634e17678d6b.jpg,hairdryer,0.2878447473049164,165.26876831054688,100.70387268066406,633.3292236328125,620.8050537109375,"Does the hairdryer have adjustable heat and speed settings, including a 'Turbo' mode and a 'Cold' shot function, as indicated on the handle?",Does the 'ionity' feature on this Panasonic hairdryer mean it uses ionic technology to help reduce frizz and improve hair condition?,"Is the concentrator nozzle permanently attached to the hairdryer, or can it be removed or swapped for other attachments like a diffuser?","Is this a compact or travel-sized hairdryer, or is it a full-sized model providing more powerful performance?","Given it's a Panasonic brand, can guests expect a durable and high-quality build that stands up to regular use?","Is the ""Turbo"" setting on this Panasonic dryer powerful enough to quickly dry long, thick hair?","Does the ""ionity"" feature mean this is an ionic hairdryer that helps reduce frizz?","How many different heat and speed settings does this model have besides the visible ""Turbo"" and ""Cold"" options?",What is the wattage of this hairdryer to gauge if it's a full-size or a compact travel model?,What is the function of that specific clear nozzle; is it a standard concentrator for styling or a quick-dry attachment?,Is this a branded Panasonic model rather than a generic wall-mounted unit?,"Does it feature ""ionity"" technology to help reduce frizz?","Does the dryer offer adjustable settings like ""Turbo"" power and a ""Cold"" shot?",Is the handle foldable for compact use and easier handling?,Does it include a concentrator nozzle attachment for precise styling?
image_127_jpg.rf.86c4f679c51a99dfa01e58959a5439a6.jpg,hairdryer,0.1267069578170776,65.66788482666016,143.0221710205078,333.21539306640625,324.8775634765625,"Given it's a 'GAMA Italy Professional' brand with an 'AC Motor', does this hairdryer offer the powerful and fast drying experience of a salon-quality model?","With the 'Coconut & Almond Active Oil Technology' and 'ceramic ion' features, can I expect this hairdryer to reduce frizz and leave my hair feeling smoother and shinier?","Is this a full-sized hairdryer, or is it a compact model suitable for travel if I wanted to take it with me on day trips?","Does this hairdryer come with a concentrator nozzle for precision styling, and are there any other attachments like a diffuser available?","Given the 2000W power and 220V indicated, how powerful is this hairdryer for thick hair, and is it compatible with standard outlets in this region?","Since the box mentions a professional AC motor and 2000W, is this hairdryer powerful enough to dry long, thick hair quickly?",I see a concentrator nozzle is included; is a diffuser attachment also provided for guests with curly hair?,"What does the ""Coconut & Almond Active Oil Technology"" do? Does it make hair less frizzy?","Does this hairdryer have multiple heat and speed settings, as well as a cool shot button?","The brand is ""GA.MA Italy Professional""—is this a full-size, salon-quality dryer or a smaller, travel-sized version?",Is the hairdryer powerful enough (2000W) to dry thick hair quickly?,Does it feature ceramic ion technology or essential oils to prevent frizz?,Is this a professional-grade unit with an AC motor?,Does it come with a concentrator nozzle attachment for styling?,Is it a full-sized portable dryer rather than a standard wall-mounted one?
image_127_jpg.rf.86c4f679c51a99dfa01e58959a5439a6.jpg,hairdryer,0.1741879880428314,149.13180541992188,343.8333740234375,572.4720458984375,637.5872802734375,"Given it says 2000W on the box, does this hairdryer offer fast drying performance for thick or long hair?","Since the box mentions 'CERAMIC' and the dryer says 'IONIC SET,' does this model offer features that help reduce heat damage or frizz?","Does the black switch on the handle allow for multiple heat and speed settings, or just on/off?","Is this a standard, full-sized hairdryer that would be found in a professional setting, or a more basic, smaller model?","Does this hairdryer come with any styling attachments, like a concentrator nozzle or diffuser, for different hair types?","Given the ""2000W"" and ""Motor AC"" on the box, is this a high-power, salon-quality hairdryer for fast drying?","Does the hairdryer have multiple heat and speed settings, plus a cool shot button for setting styles?","I see ""Coconut & Almond Oil"" and ""Ceramic"" on the packaging; does this mean it's an ionic dryer designed to reduce frizz?","It comes with a concentrator nozzle, but is a diffuser attachment also provided for guests with curly hair?",This looks like a full-size model; is it heavy to hold or fairly lightweight and easy to manage?,Is this a full-size handheld dryer rather than a standard wall-mounted unit?,Does it offer high wattage (2000W) for drying thick hair quickly?,Does it include styling attachments like the concentrator nozzle shown?,Does the dryer feature ceramic or ionic technology to reduce frizz?,Are there separate switches to adjust heat and speed settings?
image_138_jpg.rf.99873109fb946a5a17cd2206ddca1387.jpg,hairdryer,0.2522768974304199,99.31967163085938,-0.3460502624511719,504.43994140625,615.1588134765625,"Does this Panasonic hairdryer offer multiple heat and speed settings, or just one basic mode?","Given its foldable handle, is this hairdryer compact enough to be easily stored or packed if I needed to move it around the room?","Since it's labeled ""Ionity,"" does this hairdryer feature ionic technology for smoother hair, or is that just a branding element?","Does this specific model include any concentrator nozzles or diffuser attachments, as none are visible in the image?","How long is the power cord, and will it be practical for reaching an outlet comfortably from the bathroom mirror?","Is this a full-size, powerful hairdryer, or is it more of a compact, travel-sized model?",Does the switch on the handle provide multiple heat and speed settings?,"Since the brand is ""ionity,"" does this hairdryer have ionic technology to help reduce frizz?",I see a concentrator nozzle is attached; is a diffuser attachment also available for curly hair?,How long is the power cord? I'm wondering if it will comfortably reach the mirror from the nearest outlet.?,"Does the ""ionity"" label mean this dryer has ionic technology for smoother hair?",Is this a portable plug-in model rather than a weak wall-mounted tube dryer?,Is this a high-quality Panasonic model or a generic hotel brand?,Does the handle fold down to make it more compact and save counter space?,Does the slider on the handle allow for adjustable heat and speed settings?
image_134_jpg.rf.1c9e6a38c6483660e2049e24293a3e89.jpg,hairdryer,0.1377188265323639,15.39104461669922,204.56771850585932,562.4326782226562,639.673828125,"Do these hairdryers, especially the blue 'ione' model with its visible controls, offer adjustable heat and speed settings?","Given the 'HUGE' branding on one of the dryers, are these known to be powerful models for fast drying, or are they more basic in performance?","Does the clear plastic attachment on the blue 'ione' hairdryer function as a standard concentrator nozzle, or is it another type of specialized styling attachment?","Are these hairdryers compact and lightweight for easy handling, or are they standard-sized models that might be bulkier?","Since the blue model is branded 'ione Tescom', does it incorporate ionic technology to help reduce frizz and enhance hair shine?","Seeing the ""HUGE"" branding on the cream model, is it a high-airflow hairdryer for faster drying?","Does the blue ""ione"" hairdryer have ionic technology for reducing frizz?","What is the function of that clear, comb-like attachment on the nozzle of the blue hairdryer?","Do these hairdryers have multiple heat and speed settings, or just a single on/off switch?","Are these hairdryers dual-voltage, or will I need a converter if traveling from another country?","Does the blue ""ione"" model feature ionic technology to help prevent frizz?",Does the beige dryer offer high airflow power for quick drying as the label suggests?,Does the blue unit include a concentrator nozzle attachment for precise styling?,Are these portable handheld dryers or are they attached to the drawer?,Do guests have access to both hairdryer models shown to choose which works best?
image_217_jpg.rf.9ff102abfffe891a26c5fc9db2ea8d93.jpg,hairdryer,0.2968415021896362,41.35017395019531,6.170463562011719,632.6305541992188,634.3482666015625,"Does this hairdryer have multiple heat and speed settings, or just one basic setting?","How long is the power cord when fully extended, and will it comfortably reach a mirror or vanity from its wall-mounted position?","What is the approximate wattage of this hairdryer, to give an idea of its drying power and efficiency?","Does the hairdryer come with any attachments, such as a concentrator nozzle or diffuser, for styling?","Is this a newer, quieter model, or an older, potentially louder hairdryer?","Is this a high-power hairdryer, or is it a low-wattage, compact model that might take longer to dry hair?","Does the switch on the handle provide multiple heat and speed settings, or is it just a simple on/off?",Is the coiled power cord long enough to comfortably use the hairdryer while looking in the main bathroom mirror?,"Does this hairdryer include any attachments, like a concentrator nozzle for styling or a diffuser for curly hair?","Does this model feature a ""cool shot"" button to help set a style after drying?",Is this a low-wattage wall unit that might struggle with drying thick hair?,Does the coiled cord stretch far enough to reach a mirror comfortably?,"Does the dryer have adjustable heat settings, or is it just a single on/off switch?",Is the hairdryer permanently tethered to the bathroom wall base?,Does the basic appearance suggest I should pack my own hairdryer for better styling?
image_1_jpg.rf.fc586b3362ea1b4318966a9da87af261.jpg,hairdryer,0.1206367686390876,64.68544006347656,274.299560546875,594.724609375,602.9570922851562,"Does this hairdryer offer multiple heat and speed settings, or is it a more basic, single-setting model?","Is the hairdryer lightweight and comfortable to hold, especially for guests with longer or thicker hair?",Does it come with any styling attachments like a concentrator nozzle or diffuser for different hair types?,"Considering its modern appearance, is this a quiet hairdryer, or does it produce a significant amount of noise during use?","Given the presence of international adapters, does this hairdryer have dual voltage capability, making it truly travel-friendly?","Is this a high-end, high-velocity hairdryer like a Dyson, or just a standard travel model?","Does the hairdryer come with any attachments, like a concentrator nozzle or a diffuser?","What are the heat and speed options on this dryer, and does it have a cool shot button?","Since it comes in a bag, is this a full-power dryer or a less powerful, compact version for travel?",The travel adapters are a nice touch; is the hairdryer itself dual-voltage for international guests?,"Does this appear to be a high-quality, modern hairdryer comparable to premium brands?",Are universal travel adapters provided with the hairdryer for international plugs?,Is the unit portable rather than being fixed to the bathroom wall?,Do the small drawstring bags contain styling attachments or nozzles?,Is the hairdryer compact and lightweight for comfortable use?
image_64_jpg.rf.48a348ac43124b3e109635b3a0e538d6.jpg,hairdryer,0.1128061488270759,20.424461364746094,45.777587890625,540.9917602539062,636.015625,What heat and speed settings does this Salonia hairdryer offer?,"Does the handle fold down for more compact storage, making it suitable for smaller spaces or packing?",Is this Salonia hairdryer generally considered a powerful or high-wattage model for efficient drying?,"Does it come with any styling attachments, such as a concentrator nozzle or diffuser?","How long is the power cord, and is the plug type compatible with standard outlets in the hotel's region?","Is the handle foldable, making it a compact travel model, or is it a fixed full-size hairdryer?",Does this Salonia hairdryer have multiple heat and speed settings for styling control?,What is the wattage or power of this hairdryer; is it strong enough for quick drying?,"Does the hairdryer come with any attachments, like a concentrator nozzle?","Does this model include a ""cool shot"" button for setting hairstyles?","Is this a portable unit I can plug in anywhere, or is it hardwired to the wall?",Does the Salonia branding suggest this is a higher-quality model than a standard hotel dryer?,Does the handle fold down to save space on the vanity counter?,Does the sleek design imply modern features like ionic technology or fast drying?,Is the cord long enough to comfortably reach the mirror while styling?
image_50_jpg.rf.d3f60e1317c3b5d84880ddb7e7012572.jpg,hairdryer,0.2315301597118377,277.6809387207031,98.57292938232422,576.0201416015625,393.3492431640625,"Does the blue switch on the handle offer multiple heat and speed settings, or is it a basic on/off with one setting?","Is this a full-sized hairdryer, or is it a compact/travel model that might be less powerful?","Is the ""Conair 1875"" indicative of 1875 watts, and does it provide strong airflow for efficient drying?",Does the hairdryer come with any styling attachments like a concentrator nozzle or diffuser?,"How long is the power cord, and will it comfortably reach an outlet near the bathroom mirror for use?","Is this a compact travel-size dryer, or does it have the power of a full-size model?","Since it's a Conair 1875, is it powerful enough to dry long or thick hair quickly?","Does this hairdryer offer multiple heat and speed settings, or is it just a basic on/off model?",I see a black ring in the basket; does the hairdryer come with a concentrator nozzle or a diffuser attachment?,Is the power cord long enough to comfortably reach the main bathroom mirror from the outlet?,Is the hairdryer a portable handheld model rather than a fixed wall-mounted unit?,Does the 1875 wattage rating mean it is powerful enough to dry thick hair quickly?,Does the dryer have a folding handle to save space on the bathroom counter?,"Are there any attachments included, such as a concentrator nozzle or diffuser?",Does it offer variable speed and heat settings or just a simple on/off switch?
image_108_jpg.rf.737e2cf438196c741d4a9d69b8496da8.jpg,hairdryer,0.3104321360588074,103.14102172851562,213.99435424804688,423.8611450195313,638.5455322265625,"Does this hairdryer have separate controls for heat (hot, warm, cool) and speed (high, low)?","Is this a standard consumer model (like a Revlon), or is it considered a more powerful, salon-quality hairdryer?",Does the hairdryer include a concentrator nozzle or a diffuser attachment for styling?,"Is this a full-sized hairdryer, or is it a compact model designed for easy travel and storage?",Does the red button visible on the handle function as a cool shot to set hairstyles?,"I can see the heat and speed settings, but does that red button function as a ""cool shot"" to set a hairstyle?","Does this hairdryer come with any attachments, like a concentrator nozzle or a diffuser?","Is this a full-wattage hairdryer suitable for thick hair, or is it a more compact, travel-style model?","Since this isn't wall-mounted, is the power cord long enough to comfortably use it in front of the bathroom mirror?",The body of the hairdryer looks a bit scuffed; is this the typical condition of the appliances or are they newer?,Is the hairdryer a portable handheld model instead of being attached to the wall?,"Does it feature adjustable heat and speed settings like ""High/Low"" and ""Hot/Cool""?",Is it a recognizable brand like Revlon that implies decent quality?,Does the size suggest it is powerful enough to dry thick hair quickly?,Is there a cool air option available for setting styles?
image_145_jpg.rf.26f88d83b1a434eb960e586bf2a9f378.jpg,hairdryer,0.1083201393485069,98.55241394042967,28.812150955200195,504.0646362304688,332.494873046875,"Besides 'DRY' and 'COOL', does it offer other heat levels, and what is the difference between 'TURBO' and 'NORMAL' speed?","Given its compact look and what appears to be a folding handle, how convenient would this hairdryer be for packing in a carry-on?","Does the transparent concentrator nozzle detach easily, and are there any other styling attachments available for this model?","Since it's a Tescom brand, is this model known for being powerful enough for thick or long hair, especially with the 'TURBO' setting?","Is the power cord long enough to comfortably reach from an outlet to a mirror, especially if the outlet isn't right next to the vanity?",How powerful is this hairdryer; is it a low-wattage travel model or closer to a standard one?,"Given the hinge, is this a compact, foldable model?","Does the ""COOL"" setting function as a true ""cool shot"" or is it just a low-heat option?","Is the concentrator nozzle shown the only attachment, or is a diffuser also available?",Is this a dual voltage hairdryer suitable for international travelers?,"Is this a handheld dryer that I can plug in anywhere, rather than a fixed wall-mounted unit?","Does it offer a ""Turbo"" or high-power setting for faster drying?",Is there a cool air option available for setting hairstyles?,Does it come with a concentrator nozzle attachment for precise styling?,Is the handle foldable to keep the bathroom counter less cluttered?
image_29_jpg.rf.a90c20a79c680ed1754cdfa9b9219bd1.jpg,hairdryer,0.105060875415802,3.69649887084961,121.44142150878906,627.5863037109375,635.788818359375,"Does this hairdryer have adjustable heat and speed settings, or is it a single-mode dryer?","Is the power cord long enough to comfortably reach a mirror from an outlet, or is it fairly short?","Are there any attachments included, like a concentrator nozzle or diffuser, for styling?","Given its compact size, is this a powerful hairdryer or more of a basic, lower-wattage model?",I see it has a two-prong EU-style plug; does the hotel provide adapters if I'm traveling from another region?,"This looks like a compact model; is it high-wattage or more of a basic, low-power travel dryer?","Does the hairdryer have multiple heat and speed settings, or just a single on/off function?","Is the handle foldable for more compact storage, or is it fixed in place?","Does it come with any separate attachments, like a diffuser, or just the built-in concentrator nozzle shown?",How long is the power cord when uncoiled? Is it long enough to comfortably reach the main mirror?,"Is this a compact, lightweight model that is easy to hold for long periods?","Is the hairdryer portable with a standard plug, allowing me to use it outside the bathroom?","Does the sleek, modern design indicate it is a high-quality or ionic dryer?",Does the handle feature adjustable switches for different heat and speed settings?,Does the smaller size mean the airflow is weaker than a professional salon dryer?
image_60_jpg.rf.b29966f56913c52432bc50b3f4ae6ed5.jpg,hairdryer,0.1913195848464965,73.69190216064453,202.17459106445312,561.70068359375,571.3823852539062,Does the hotel provide both the concentrator nozzle and the diffuser attachment shown in the picture?,"Is the hairdryer handle foldable, making it compact and easier to store or use in smaller spaces?","Can you tell me if this hairdryer offers multiple heat and speed settings, like a cool shot function?","Given its appearance, is this considered a travel-friendly, basic hotel model, or a more powerful, professional-grade hairdryer?","How long is the power cord on this hairdryer, and does it typically reach comfortably to a mirror or vanity area in the room?","Given the folding handle, is this a compact travel dryer or a more powerful, full-size model?",Does the hairdryer come with both the diffuser for curly hair and the concentrator nozzle as shown?,"Are there separate controls for multiple heat levels and fan speeds, or is it just a single setting?",Does this hairdryer have a 'cool shot' button for setting a style?,Does this model feature ionic technology to help reduce frizz and dry hair faster?,Does the hairdryer actually come with the diffuser attachment for curly hair?,Is this a portable unit that I can use anywhere or is it attached to the wall?,Is this compact dryer powerful enough to dry thick hair quickly?,Does it offer multiple heat and speed settings on the handle?,Is the concentrator nozzle included for precise styling and straightening?
image_194_jpg.rf.abd2c9fe075135aceeb7b815da254d40.jpg,hairdryer,0.2093429118394851,89.38163757324219,129.7724151611328,430.6404418945313,544.27685546875,Is this hairdryer permanently wall-mounted in the holder or is it detachable for more convenient use around the bathroom?,"Does the ""minus ion"" feature on the hairdryer indicate it's an ionic model, which can help reduce frizz and improve hair condition?","Does this hairdryer have adjustable heat and speed settings, or is it a simpler model with just one or two options?","Are there any additional styling attachments provided, such as a diffuser, beyond the concentrator nozzle shown?","Is the power cord a practical length for comfortable styling at a mirror, or is it a shorter cord typically found in some hotel rooms?",How powerful is this hairdryer? I need to know the wattage to see if it's strong enough for my thick hair.?,"The side says ""minus ion""; is this an ionic dryer that helps reduce frizz?","Does this hairdryer offer multiple heat and speed settings, or is it just a single setting?","Are any attachments, like a concentrator nozzle or a diffuser, provided with the hairdryer?","Given its compact appearance, is the handle foldable and is the cord long enough to use comfortably away from the wall socket?",Is the hairdryer portable with a plug rather than being fixed to the wall?,Does the device feature ionic technology to help reduce frizz?,"Is this a compact, foldable model or a full-sized hairdryer?",Does it come with a concentrator nozzle attachment for styling?,Is the cord long enough to use comfortably in front of the mirror?
image_94_jpg.rf.22a14d6573487d9a3d749d33fdfcfefa.jpg,hairdryer,0.1515324562788009,441.1275634765625,92.98326110839844,581.3917236328125,523.5765991210938,"Is this a compact, travel-sized hairdryer, or a more powerful full-sized model?","Does this hairdryer offer multiple heat and speed settings, or is it a single-setting basic model?","What brand is this hairdryer, and does it feature any advanced technology like ionic or ceramic heating?","Are there any attachments included with this hairdryer, such as a concentrator nozzle or diffuser?",Is the power cord on this hairdryer long enough to comfortably reach an outlet from the bathroom mirror?,"Is that a professional salon-quality curling wand, or a basic travel model?","What is the barrel size of the curling wand, for example, 1-inch or 1.5-inch?","Is this a clipless curling wand, or does it have a clamp to hold the hair?",Does the curling wand have adjustable temperature settings?,"Does it come with any accessories, like a heat-protective glove or a mat?",Does the room provide a curling iron in addition to a standard hairdryer?,Is the pink hairdryer a compact travel-sized model or a full-sized unit?,Are the hair styling tools portable plug-in models rather than fixed to the wall?,Do the provided appliances feature adjustable heat settings?,Are the hair amenities from a recognizable brand like Conair?
image_94_jpg.rf.22a14d6573487d9a3d749d33fdfcfefa.jpg,hairdryer,0.1429375559091568,22.00977325439453,88.45386505126953,467.9646606445313,511.60943603515625,Does this Revlon hairdryer offer multiple heat and speed settings for customized styling?,"Since a diffuser is visible, are there any other attachments, like a concentrator nozzle, included with the hairdryer?","Given the compact storage, is the power cord long enough to comfortably reach a mirror or electrical outlet in the bathroom?","Is this a full-sized, powerful hairdryer, or is it more of a compact/travel model?","How often are the hair tools, especially the hairdryer and its filter, cleaned and maintained for guest use?",Is the curling iron pictured next to the hairdryer also provided for guest use?,"Does the hairdryer have multiple heat and speed settings, as well as a cool shot button?",What is the wattage of this Revlon hairdryer to get an idea of its drying power?,Does the hairdryer come with the concentrator nozzle attachment that's shown in the bag?,"Considering the bulky safety plug on the cord, is there a convenient outlet by a mirror?",Is the hairdryer a standalone handheld model rather than being permanently attached to the wall?,Does the room actually provide extra styling tools like the curling iron shown in the drawer?,Does the dryer include a concentrator nozzle attachment for smoother styling?,Is the hairdryer a full-sized unit with enough power to dry thick hair quickly?,Can the appliances be unplugged and moved to a mirror with better lighting?
image_139_jpg.rf.a96316d65f400e9496df26b8b7affe97.jpg,hairdryer,0.1470745652914047,252.66070556640625,317.568603515625,639.5829467773438,642.710693359375,"Given its sleek and modern appearance, does this hairdryer offer the advanced performance and quality expected from a premium device?",How many distinct heat and speed settings are available on this hairdryer?,"Does the hairdryer include any styling attachments, such as a diffuser for curly hair or a concentrator nozzle?","What is the approximate size or weight of this hairdryer, to determine how bulky it is to use and handle?","Is the power cord sufficiently long to allow comfortable use at a vanity mirror, without needing to stand right next to an outlet?","Given its modern design, is this a high-end, professional-quality hairdryer?","Does the hairdryer offer multiple heat and speed settings, and does it have a cool-shot function?",How powerful is this hairdryer? Is it a high-velocity model that dries hair quickly?,"Does this hairdryer come with any attachments, such as a concentrator nozzle for styling or a diffuser?",Does this model have advanced features like ionic technology to help reduce frizz and add shine?,"Is this a premium, high-tech hairdryer like a Dyson?",Does the dryer have adjustable heat and speed settings?,Is the hairdryer portable or is it hardwired to the bathroom wall?,"Does it come with any styling attachments, such as a diffuser or concentrator?",Is this a professional-grade dryer suitable for thick or long hair?
image_199_jpg.rf.9651f094f30b33a7366a8b9e76484d83.jpg,hairdryer,0.1495230048894882,48.340919494628906,93.45343017578124,212.71807861328125,562.1181640625,Does this hairdryer offer multiple heat and speed settings for different hair types?,What is the wattage or power output of this Khind hairdryer? Is it powerful enough for quick drying?,"Does this hairdryer come with any attachments, like a concentrator nozzle or a diffuser, for styling?","How long is the power cord on this hairdryer, and is it long enough to comfortably reach a mirror or vanity area?","Is this a standard full-sized hairdryer, or is it a compact model that might be less powerful?",How powerful is this hairdryer in terms of wattage?,"Does it offer multiple heat and speed settings, including a cool shot button?","Is this a full-sized hairdryer or is it a smaller, compact travel model?","Seeing the cord is bundled, is it long enough to comfortably reach a mirror from the outlet?","I can see a concentrator nozzle is attached, but is a diffuser attachment also available?","Is the hairdryer portable so I can use it near a mirror, or is it wall-mounted?","Is this a compact travel dryer with lower power, or a full-sized model?",Does the handle feature adjustable switches for different heat and speed settings?,Is the power cord long enough to use comfortably in the room?,Does the dryer come with styling attachments like a concentrator nozzle?
image_230_jpg.rf.83ddb0a3e6b12aeb2af1182cbc71fe2c.jpg,hairdryer,0.2286833375692367,2.4332046508789062,327.9578857421875,474.4054565429688,635.5347290039062,"Does the 2200W power of this GAMA hairdryer ensure very fast drying, especially for thick or long hair?","Does the ""Lumina Nano Tourmaline"" feature of this hairdryer offer frizz reduction or improved hair health benefits?","Is this a full-sized hairdryer, or a more compact, potentially less powerful travel model?","Are there any styling attachments, such as a concentrator nozzle or a diffuser, included with this hairdryer?","How long is the hot pink power cord, and does it provide ample reach for comfortable styling at the mirror?","Given it's a 2200W GAMA model, is this a professional-grade hairdryer powerful enough for thick hair?","Does this hairdryer offer multiple heat and speed settings, including a cool shot button?","I see it says ""Nano Tourmaline""—is this an ionic hairdryer designed to help reduce frizz?","Does the hairdryer come with any styling attachments, such as a concentrator nozzle or a diffuser?","Is this a full-size hairdryer, and is that bright pink cord long enough to comfortably reach the bathroom mirror?",Does the accommodation provide extra styling tools like a flat iron in addition to the hairdryer?,Is the hairdryer a professional-grade 2200W model suitable for thick hair?,Is the hairdryer a portable handheld unit rather than a fixed wall-mounted one?,Does the device offer adjustable heat and speed settings on the handle?,Is the power cord long enough to reach a mirror comfortably?
image_200_jpg.rf.e9759f8e0aab5b79dc861d6639fd67d6.jpg,hairdryer,0.2496098130941391,127.1405029296875,124.84022521972656,608.328369140625,568.201416015625,"Does this Salonia hairdryer offer different heat and speed settings, including a cool shot function as indicated by the visible switch?","Is this a compact or travel-sized hairdryer, and does its handle fold for easier storage and packing?","What is the typical power or wattage of this Salonia model, and does it provide sufficient drying power for long or thick hair?","Does the hairdryer come with any attachments, such as a concentrator nozzle or diffuser, for specific styling needs?","How long is the power cord on this hairdryer, and is it long enough to comfortably reach an outlet from the bathroom mirror?","Seeing the ""Turbo,"" ""Set,"" and ""Cool"" options, does this hairdryer offer multiple heat levels as well as different fan speeds?","Since the brand is Salonia, is this considered a high-performance or salon-quality hairdryer?","The hairdryer looks like it folds; is it a compact, travel-sized model or a full-sized one?",What is the wattage of this hairdryer? I need to know if it's powerful enough for thick hair.?,"Are any attachments, like a concentrator nozzle or a diffuser, provided with this hairdryer?",Is this a portable dryer or is it attached to the wall?,Does the handle fold down for compact handling?,Does it have multiple settings like Turbo or Cool?,Is the cord long enough to use comfortably at the vanity?,Is this a high-quality brand model rather than a generic hotel dryer?
image_219_jpg.rf.b7b1c2e5da0f5a0819b9579699b51ec1.jpg,hairdryer,0.1678290069103241,357.4338073730469,229.0345916748047,641.5277709960938,551.4095458984375,"Does this hairdryer offer multiple heat and speed settings, as indicated by the visible red buttons?","Is this a full-sized hairdryer suitable for styling, or is it a more compact, basic travel model?","Besides the concentrator nozzle that appears to be attached, does the hairdryer also include a diffuser attachment?","How long is the power cord, and is it long enough to comfortably reach a mirror or vanity for styling?","Does this hairdryer appear to be a higher-wattage, efficient model for quick drying, or a more standard, lower-power hotel hairdryer?",What is the wattage of this hairdryer?,"Does it have multiple heat and speed settings, plus a cool shot button?","Is a diffuser attachment provided, or only the concentrator nozzle that's pictured?","Is this considered a professional-grade hairdryer or a more basic, standard hotel model?",How long is the power cord?,Is the hairdryer a portable handheld model rather than being permanently mounted to the wall?,"Does the dryer appear to be a full-sized, powerful unit suitable for thick hair?",Do the two separate red switches indicate independent controls for heat and speed?,Is a concentrator nozzle attachment included to help with precise styling?,Does the cord look thick and long enough to easily reach a mirror?
image_123_jpg.rf.76b71486020fecaf299b8d2f5d8a0ebd.jpg,hairdryer,0.1460482776165008,0.6543159484863281,95.80814361572266,429.6221923828125,647.42236328125,"Does this hairdryer offer multiple heat and speed settings, or is it a more basic model with limited options?","Is the concentrator nozzle visible in the photo the only attachment provided, or are there other accessories like a diffuser?","How would you describe the overall power and quality of this ""SWITCH ON"" brand hairdryer compared to standard hotel dryers?","Given its apparent size, is this hairdryer comfortable and lightweight enough for longer styling sessions, or is it quite bulky?","Is the power cord length sufficient to comfortably reach various outlets in the bathroom, especially near the mirror?","How powerful is this hairdryer in terms of wattage, and is it strong enough for thick hair?","Does this model have multiple heat and speed settings, as well as a cool shot button for styling?","Is this a full-size hairdryer or is it a smaller, compact travel model?","I see the concentrator nozzle is attached, but is a diffuser attachment also available in the room?",Does this hairdryer have any modern features like ionic or ceramic technology to help reduce frizz?,"Is this a loose, handheld dryer rather than a fixed wall-mounted unit?",Does it come with the concentrator nozzle attachment for styling?,Does it have multiple switches for different heat and speed settings?,Is it a full-sized model suitable for drying long or thick hair?,Does the appliance appear modern and well-maintained?
image_266_fp_jpg.rf.995760b59cf42bdb91c4af0f2abfdaa8.jpg,hairdryer,0.2412084341049194,96.12332153320312,144.58322143554688,367.6031188964844,556.0972900390625,"Does this hairdryer come with a fixed brush or styling attachment built into the nozzle, as shown, or is it just a basic opening?","Considering the measuring cup visible, does this hairdryer incorporate a steam feature or a way to add moisture during styling?","Is this hairdryer a compact, travel-friendly model that's easy to store and comfortable to hold for an extended period?","Do the buttons visible on the handle provide different heat and speed settings, or perhaps a cool shot function?","Is the power cord of this hairdryer a decent length for flexible use, like if the outlet isn't directly beside the vanity mirror?",This looks more like a garment steamer; can you confirm if this is also meant to function as a hairdryer?,How powerful is the airflow from this device for drying long or thick hair?,Does this have multiple heat and speed settings like a traditional hairdryer?,What is the intended use of the brush attachment on the nozzle?,"Seeing the water cup, does this appliance operate using steam instead of just hot air?","Is this device actually a garment steamer provided for clothes, or is it a hairdryer?",Does the brush attachment shown in the image come included for styling?,Does the water tank base make the unit heavy to hold?,Is the power cord long enough to reach from the outlet to the mirror?,Does the device require water refilling to operate?
image_78_jpg.rf.5be20c1c0d94720f18923e248cb45163.jpg,hairdryer,0.3890794813632965,115.95218658447266,55.83637237548828,517.8583984375,639.1880493164062,"Are the 'TURBO' and 'DRY' settings distinctly different in terms of airflow intensity or heat level, allowing for varied styling needs?","Does this hairdryer include any other styling attachments, such as a diffuser for curly hair, beyond the concentrator nozzle shown?","Is the handle designed to fold for easier storage and portability, or is it a fixed full-size unit?","Given it's a Panasonic, does this model provide reliable and efficient drying performance comparable to a standard home hairdryer, or is it a lower-power hotel-specific unit?","How lightweight and ergonomically comfortable is this hairdryer for extended styling, or does its visible size suggest it might feel bulky?","Is this a high-wattage hairdryer powerful enough for thick hair, or is it a lower-power travel model?","Since the handle folds, is this a compact dryer, or is it a full-sized model that just folds for storage?","Does the ""COLD"" setting provide a true cool shot to set hairstyles, or is it just low-speed, unheated air?",Does this model have modern features like ionic or ceramic technology to help reduce frizz?,"Is the clear part on the end a built-in concentrator nozzle, and are any other attachments like a diffuser provided?",Is this a portable handheld dryer rather than a generic wall-mounted unit?,"Does it offer specific airflow settings like ""Turbo"" and ""Cold"" for styling flexibility?",Does the handle fold up to make it compact and easy to handle?,Is the concentrator nozzle attachment included for precise drying?,Is this a recognized consumer brand model that offers better performance than standard hotel dryers?
image_226_jpg.rf.8911da1981553c0e2a49903631ca3039.jpg,hairdryer,0.10617196559906,382.9989929199219,394.6568298339844,618.3799438476562,641.38427734375,"Can guests adjust the heat and speed settings on this hairdryer, or is it just one standard power level?","Does this hairdryer come with any attachments, like a concentrator nozzle or a diffuser?","Given its compact appearance, is this a powerful hairdryer suitable for drying thick or long hair quickly, or is it more of a basic travel model?",Is the power cord long enough to comfortably use the hairdryer while standing at the bathroom mirror or a vanity?,"Does this hairdryer feel like a higher-quality, durable model, or is it a lightweight, basic plastic unit that might struggle with regular use?",How powerful is this hairdryer; what is its wattage?,"Does this hairdryer have multiple heat and speed settings, or just a single on/off switch?","Is this a compact, travel-sized model, or is it a full-sized hairdryer?",Does it come with any attachments like a concentrator nozzle for styling?,Does this hairdryer have modern features like ionic technology to reduce frizz?,Is this a standalone handheld unit rather than an inconvenient wall-mounted dryer?,"Does the ""Ionic"" feature mentioned on the body help reduce frizz?",Is the handle foldable for saving counter space or easy packing?,Does it have adjustable heat and speed settings or just a single switch?,Is this dryer powerful enough to style thick hair quickly?
image_332_fp_jpg.rf.614c1e37cde8c3bc203ab02453629165.jpg,hairdryer,0.1392052322626114,1.065654754638672,185.4438934326172,60.57197952270508,331.983642578125,Does the hairdryer offer multiple heat and speed settings for different hair types?,"Is this a wall-mounted hairdryer often found in hotels, or a separate handheld model?",What is the power output or wattage of this hairdryer; is it generally strong enough for efficient drying?,"Does the hairdryer come with any attachments, such as a concentrator nozzle or a diffuser?",Is the hairdryer located conveniently near a mirror and an accessible power outlet?,"Since the image shows a small wall-mounted TV, could you confirm if a separate hairdryer is also provided in the room?","Is the hairdryer a compact travel-size model or a full-size, more powerful one?",Does the hairdryer offer multiple heat and speed settings for different hair types?,"Are any attachments, like a concentrator nozzle or a diffuser, included with the hairdryer?","How long is the power cord, and is there an outlet located conveniently next to a mirror?",Is the hairdryer a fixed wall-mounted unit?,Is the device positioned too high on the wall to reach comfortably?,Does the unit appear to be an older or bulky model?,Are the control buttons located on the side of the device?,Is the power cord visible and in good condition?
image_174_jpg.rf.d62ef07b1ea45fa1b6af7b99134260a9.jpg,hairdryer,0.1851749271154403,165.2391815185547,62.82283782958984,497.9510498046875,622.2547607421875,"Beyond the 'Turbo' and 'Dry' settings, does it offer variable heat levels or just these two modes?","Is the clear concentrator nozzle removable for versatility in styling, or is it fixed?","Considering it's a Panasonic, does this model offer salon-level power and quick drying, or is it more of a basic travel-type hairdryer?","Does the handle fold down to make it more compact for storage, and is it lightweight enough for easy handling?","Is the power cord long enough to comfortably reach a mirror or an available outlet, given how it's coiled here?","How powerful is this hairdryer in terms of wattage, and is it strong enough to dry thick hair quickly?",I see it has a foldable handle; is this a compact travel model or does it have the power of a full-size dryer?,Does this Panasonic model have any special features like ionic technology to help reduce frizz?,"Besides the concentrator nozzle shown, is a diffuser attachment for curly hair also available?","I see it has a ""Cold"" setting; is this a true cold shot button for setting styles or just a cool fan?","Is this a portable unit I can plug in anywhere, or is it attached to the wall?","Does it offer a ""Turbo"" mode for high-speed drying?","Is there a ""Cold"" setting available to help set my hairstyle?",Does the hairdryer come with the concentrator nozzle attachment shown?,Is this a compact travel dryer or a full-sized model?
image_130_jpg.rf.e25214f43b1771a689ecd1570f8500ec.jpg,hairdryer,0.2423919588327407,224.2945556640625,62.11997985839844,584.0632934570312,547.9400634765625,"Does this hairdryer offer multiple heat and speed settings, or is it a basic one-setting model?",Is this hairdryer easily detachable from its wall mount for more flexible use around the bathroom?,"Given its appearance, can I expect this hairdryer to be powerful enough for quick drying, especially for thicker or longer hair?","Does this hairdryer come with any styling attachments, such as a concentrator nozzle or a diffuser?","Is the power cord long enough to comfortably reach a mirror or vanity for styling, or is it a shorter, fixed-location cord?","Does this hairdryer have multiple heat and speed settings, or is it just a single setting?","Is the blue button on the handle a ""cool shot"" feature for setting hairstyles?",What is the power/wattage of this hairdryer? Is it strong enough for thick hair?,"Does the hairdryer come with any attachments, like a concentrator nozzle for styling?","How long is the power cord, and is there a mirror conveniently located near the outlet?",Is the hairdryer a portable unit or is it hardwired to the wall?,"Does the blue button indicate a ""cool shot"" feature for styling?",Does it look like a full-power model or a weaker travel-sized dryer?,Is the cord length sufficient to reach a mirror comfortably?,Are there multiple speed and heat settings available on the handle?
image_214_jpg.rf.c04505ebd55fbd7cc0afcc567c87b5d8.jpg,hairdryer,0.1209420189261436,198.68142700195312,23.81021499633789,560.9740600585938,616.8984375,"Are there multiple speed settings in addition to the visible heat/power options (Cool, 1000W, 1200W)?","Does the hairdryer come with any other attachments, like a diffuser, in addition to the concentrator nozzle shown?","Is this a professional-grade hairdryer from a brand like Nobby, or a basic model typically found in hotels?","Is the hairdryer a standard full-size model, or is it a compact, often less powerful, travel version?",Does the power cord offer a good length for comfortable use around a bathroom mirror or vanity?,"Is this ""Nobby"" hairdryer considered a professional, salon-quality tool?","Does the hairdryer have multiple heat and fan speed settings, or just the ""COOL"" and ""1000W"" options shown?","I see it comes with a concentrator nozzle, but is a diffuser attachment also available for curly hair?","Is the hairdryer powerful enough to dry long, thick hair quickly, or is 1000W the maximum output?","Are all three hair tools pictured—the hairdryer, the curling iron, and the straightener—provided in the room?",Does the room provide a full hair styling kit including a straightener and curling iron?,Is the hairdryer a high-quality professional model rather than a standard travel dryer?,Is the hairdryer portable so I can use it anywhere in the room?,Does the dryer come with a concentrator nozzle attachment for styling?,Does the hairdryer offer adjustable settings for heat and power?
image_40_jpg.rf.a199870b57bca59b9c4919c9080fcca3.jpg,hairdryer,0.359081506729126,159.9107666015625,136.679443359375,599.5813598632812,587.5049438476562,"Are there multiple heat and speed settings available, and does it include a cool shot function?","Does the hairdryer come with any other attachments besides the visible concentrator nozzle, like a diffuser?",Is this a full-sized hairdryer or a compact travel model with a folding handle for easier packing?,"Given the Khind brand, does this hairdryer offer sufficient power for quick drying, especially for thicker hair?",Does the power cord provide adequate length for comfortable use when plugged into a typical bathroom outlet?,"Is this a high-wattage model, or a more basic, low-power travel dryer?",How many different heat and speed settings does the switch on the handle offer?,"Does the hairdryer have a ""cool shot"" button for setting a style?","It comes with a concentrator nozzle, but is a diffuser attachment also available for curly hair?",Is the power cord long enough to comfortably use the hairdryer in front of the bathroom mirror?,Is the hairdryer a portable handheld model rather than being fixed to the wall?,Does it come with the concentrator nozzle attachment shown for precision styling?,Does the handle fold up to save space on the bathroom counter?,Are there adjustable heat and speed settings available on the handle?,Is the cord long enough to reach comfortably from the outlet to the mirror?
image_185_jpg.rf.c7d5307dcc20964109d4e5de708d707e.jpg,hairdryer,0.1023743748664856,293.73638916015625,375.756591796875,638.7381591796875,541.43017578125,"Does this hairdryer offer multiple heat and speed settings, or just a basic on/off?","Is this a compact, travel-sized hairdryer, or a full-sized model for more powerful drying?","Given the 'innoliving' brand, is this hairdryer considered a quality model with good performance, or more of a basic amenity?","Does the hairdryer include any attachments, like a concentrator nozzle or diffuser, for styling specific hair types?","Is the power cord long enough to comfortably use the hairdryer while standing at a mirror or vanity, or is it very short?","Given its compact appearance, is this a low-wattage travel dryer or does it have full-size power?","Does the hairdryer offer multiple heat and speed settings, or is it just a single setting?","Since it has a concentrator nozzle, is a diffuser attachment also available for curly hair?","Does this hairdryer model feature a ""cool shot"" button to help set hairstyles?",How powerful is the hairdryer; do you know what the wattage is?,Is this a compact travel dryer or a full-sized professional model?,Is the hairdryer portable rather than being permanently mounted to the wall?,Does it come with a concentrator nozzle attachment for styling?,Does the handle include switches for multiple heat and speed settings?,Is the cord long enough to reach a mirror comfortably?
image_36_jpg.rf.7b981dc888975d8ce34b81d1f5b4d3b7.jpg,hairdryer,0.2227393984794616,92.51323699951172,4.373683929443359,505.71002197265625,586.1268310546875,"Does this Koizumi hairdryer offer multiple heat and speed settings, or is it a single-setting model?","Does it include any additional styling attachments beyond the clear nozzle, such as a diffuser?","What is the wattage of this hairdryer, and is it powerful enough for drying long or thick hair efficiently?","Since it has a folding handle, is this considered a travel-sized hairdryer, and does that impact its overall drying performance compared to a full-sized unit?","Is the power cord long enough for comfortable use around a vanity mirror, and what type of electrical plug does it have?","Is this a compact, travel-sized model with a folding handle?",What is the wattage? I need to know if it's powerful enough for thick hair.?,"Does this hairdryer have multiple heat and speed settings, or just a single one?","I see it has a concentrator nozzle, but is a diffuser attachment also available?",Does this model have a 'cool shot' button for setting a hairstyle?,Is this a compact travel-sized dryer or a full-power unit suitable for thick hair?,"Is the unit portable so I can use it outside the bathroom, or is it hardwired to the wall?",Does the handle fold down to save space on the vanity or in a drawer?,"Is a concentrator nozzle included for smoother, precise styling?",Does the dryer offer variable heat and speed settings on the handle?
image_49_jpg.rf.3ed5c3766fa17dd7f6dbaff18e7ffb48.jpg,hairdryer,0.1160795837640762,245.6227264404297,176.24314880371094,636.7871704101562,561.0863647460938,"Does this hairdryer offer multiple heat and speed settings, or is it a basic on/off model?",Does the handle fold down to make the hairdryer more compact for storage or packing?,"Is this hairdryer powerful enough for effective drying of longer or thicker hair, or is it primarily a travel-sized model?","Are there any attachments included with this hairdryer, like a concentrator nozzle for styling?","What is the approximate length of the power cord, and does it allow for flexible use around a bathroom mirror?","Given its compact appearance, what is the wattage of this hairdryer to know if it's powerful enough for thick hair?","Does this hairdryer offer multiple heat and speed settings, or is it just a single-setting model?","Does this Salonia brand hairdryer include any premium features, like ionic technology for reducing frizz?","Are any attachments provided, such as a concentrator nozzle for styling or a diffuser?",Is the power cord long enough to comfortably use the hairdryer while looking in the main bathroom mirror?,Is the hairdryer a standalone portable unit rather than a wall-mounted fixture?,Does the handle fold down for compact storage?,"Does the sleek, matte design suggest a modern, high-quality appliance?",Is the size of the dryer large enough to indicate powerful airflow?,Does it come with a concentrator nozzle or other styling attachments?
image_49_jpg.rf.3ed5c3766fa17dd7f6dbaff18e7ffb48.jpg,hairdryer,0.3197038471698761,208.73046875,178.76693725585938,636.182861328125,557.486328125,"Does this hairdryer have adjustable heat and speed settings, or is it just one standard power level?","Does the handle fold down, making it compact and easy to store or pack?","Is this Salonia brand hairdryer known for being powerful enough for quick drying, especially for thicker hair?","Are there any styling attachments, such as a concentrator for precise drying or a diffuser, included with this hairdryer?","How long is the power cord when fully extended, and is it suitable for reaching various outlets in the bathroom or room?","Given its compact, stick-like design, does this hairdryer have full-sized power or is it a less powerful travel model?","Since this is a Salonia brand dryer, is it a higher-quality model with features like ionic technology for hair protection?","Does this hairdryer have multiple heat and speed settings, or does it only operate on a single setting?","Does the hairdryer come with a concentrator nozzle attachment for styling, or is it just the wide opening shown?","How long is the power cord when fully extended, and is there a conveniently located outlet near the mirror?","Is this a portable plug-in model allowing me to dry my hair anywhere, or is it fixed to the wall?",Is the hairdryer a compact travel size or a full-power standard unit?,Does the handle fold down to save space on the bathroom counter?,"Does the modern, matte design indicate a higher quality appliance than standard hotel dryers?",Is the power cord long enough to reach the mirror comfortably?
image_222_jpg.rf.55764fe32c20e6b83f1904e6dcf2aec3.jpg,hairdryer,0.2599203884601593,127.4738311767578,125.73402404785156,608.0526123046875,567.7255249023438,"Does the hairdryer offer specific temperature and airflow settings, such as cool, set, and hot, along with different fan speeds?",Can the handle of this hairdryer be folded for more compact storage and ease of use in a potentially small bathroom?,"Given it's a Salonia, does this hairdryer offer powerful airflow for quick drying, or is it more of a basic travel-style dryer?","Are there any styling attachments, such as a concentrator nozzle for precision drying or a diffuser for curly hair, included with this model?",Is the power cord of a sufficient length to comfortably reach from typical bathroom outlets to the vanity mirror?,"Seeing the ""TURBO"", ""SET"", and ""COOL"" options, does this hairdryer have multiple heat and speed settings for styling?","Since this is a ""SALONIA"" brand hairdryer, is it a high-wattage model that dries hair quickly, or is it more of a basic travel dryer?","This looks like a compact, foldable model; is it powerful enough for someone with long, thick hair?",I don't see any attachments; does the hairdryer come with a concentrator nozzle for straightening or a diffuser for curls?,The cord is bundled up; is it long enough to comfortably use the hairdryer in front of the main bathroom mirror?,Is this a portable hairdryer or is it tethered to the wall?,Does the Salonia brand suggest a higher-quality grooming experience?,Does the handle fold down for compact use and storage?,"Does it offer adjustable settings like a ""Turbo"" mode for faster drying?",Is the cord long enough to use comfortably at a mirror?
image_122_jpg.rf.78ac15a066f3e8d9877ed048400e899c.jpg,hairdryer,0.1030352264642715,-1.7636680603027344,0.2002716064453125,326.3492431640625,564.6544799804688,"Given its compact appearance and lack of visible controls, does this hairdryer offer multiple heat and speed settings, or is it a basic single-setting model?","Is the hairdryer powerful enough to efficiently dry thicker or longer hair, or is it a lower wattage model primarily for quick touch-ups?","Does the hairdryer come with any attachments, such as a concentrator nozzle or diffuser, for styling different hair types?","While the coiled cord appears long, does it provide enough flexible reach to comfortably use the hairdryer at a mirror without feeling constrained?","Is the hairdryer consistently well-maintained and clean, as the visible dust in the back vent suggests it might affect airflow or hygiene?","Is this a low-wattage, travel-style dryer, or does it have enough power to dry thick hair quickly?","Does the hairdryer have multiple heat and speed settings, or just a single on/off switch?","Is this hairdryer permanently mounted to the wall, or can I unplug it and use it at a vanity mirror?","Does the hairdryer come with any attachments, like a concentrator nozzle for styling?","Given the coiled cord, how far does it stretch from the base?",Does the coiled cord extend far enough to comfortably reach the mirror?,Is this compact model powerful enough to dry thick or long hair efficiently?,"Does it have variable heat and speed settings, or just a single switch?","Is the unit hardwired to the wall, restricting where I can stand while drying?","Is the quality sufficient for styling, or should I pack my own personal hairdryer?"
image_122_jpg.rf.78ac15a066f3e8d9877ed048400e899c.jpg,hairdryer,0.1072537004947662,98.9803237915039,203.3197021484375,279.6986389160156,453.642333984375,"Given its compact appearance, does this hairdryer offer more than just one basic heat and speed setting?","Is this a standard-sized hairdryer, or is it a compact, travel-style model that might lack power?","What is the wattage or power output of this hairdryer, and is it sufficient for quickly drying longer or thicker hair?","Does this basic-looking hairdryer come with any attachments, like a concentrator nozzle or a diffuser, for styling?","Considering the coiled cord, how long is the power cord when fully extended, and is it long enough to comfortably reach a mirror from the outlet?","Since this looks like a compact travel model, what is its wattage or power level?","Does this hairdryer have multiple heat and speed settings, or is it just a single setting?","Is the hairdryer mounted to the wall with that coiled cord, or is it a portable unit I can use anywhere?",Does this model have a cool shot button for setting a hairstyle?,"Does the hairdryer come with any attachments, like a concentrator nozzle for smoothing or a diffuser for curls?",Is this a compact travel-sized dryer or a full-power model?,Does the coiled cord restrict how far I can stand from the mirror?,Is the hairdryer hardwired to the wall or can it be moved around the room?,Does it offer adjustable heat and speed settings?,Is the airflow strong enough for drying and styling thick hair?
image_10_jpg.rf.6e74427b18cf4da25292eb8dc9f1ad8b.jpg,hairdryer,0.30227792263031,158.9196014404297,134.72030639648438,521.2762451171875,513.7862548828125,"Does this compact 1000W hairdryer have multiple heat and speed settings, or is it a single-setting model?","Is the hairdryer truly lightweight and ergonomic for comfortable use, especially for guests who spend more time styling their hair?","How quickly and effectively does this 1000W compact hairdryer dry hair, particularly for those with longer or thicker hair?","Does the hairdryer come with any attachments, such as a concentrator nozzle for precise styling or a diffuser?",Is the power cord long enough to comfortably reach a mirror or an accessible power outlet in the bathroom?,"Since this is a 1000W ""Compact"" model, is it powerful enough to dry thick hair quickly?","Does this hairdryer have multiple heat and speed settings, or just a single on/off switch?",Is a concentrator nozzle or a diffuser attachment provided with the hairdryer for styling?,Is the power cord long enough to comfortably use the hairdryer in front of the bathroom mirror?,Does the handle on this compact model fold to make it smaller for storage in a drawer?,Is the 1000W power output sufficient for drying thick or long hair efficiently?,Is the hairdryer portable so I can use it near a vanity mirror instead of being fixed to the bathroom wall?,"Does the ""Compact"" size make it difficult to handle for a full styling session?","Does it offer multiple heat and speed settings, or is it a single-setting device?",Does it come with a concentrator nozzle or other attachments for styling?
image_178_jpg.rf.e0e981e0cda2395aa2259c70373dc64e.jpg,hairdryer,0.1151974350214004,144.41786193847656,-2.0322418212890625,419.8778076171875,574.8759155273438,What kind of charging speed do the integrated USB ports offer for devices?,"How far does the coiled cord extend, and can the hairdryer be comfortably used at a mirror or dressing table?","Does this hairdryer have adjustable heat and speed settings, or is it a single-setting model?","Does this hairdryer come with any attachments, like a concentrator nozzle or a diffuser?","Is this a powerful hairdryer with strong airflow, or more of a basic, low-wattage model often found in hotels?",How powerful is this hairdryer? Is it a low-wattage travel model or something more powerful for thick hair?,"Does this hairdryer offer multiple heat and speed settings, or is it just a single on/off switch?",How far does that coiled cord stretch? Is there enough slack to move around in front of the mirror?,Can the built-in USB ports be used to charge devices even when the hairdryer is turned off?,Does this model have a 'cool shot' button for setting a hairstyle with cold air?,"Is the hairdryer wall-mounted, restricting use strictly to the bathroom area?",Does the compact size indicate it might lack the power needed for thick hair?,Are those USB ports on the base station available for charging devices?,Does the coiled cord stretch far enough to stand comfortably in front of the mirror?,Does it offer multiple heat and speed settings or just a single on/off switch?
image_178_jpg.rf.e0e981e0cda2395aa2259c70373dc64e.jpg,hairdryer,0.1044155433773994,144.4790496826172,144.1929473876953,418.4097900390625,572.271728515625,"Are the integrated USB ports on the wall mount functional for charging devices, and what charging speed do they provide?","Is this a powerful hairdryer suitable for quickly drying thick or long hair, or is it a more basic model?","How far does the coiled cord extend, and will it comfortably reach a bathroom mirror or vanity area?","Does the hairdryer offer multiple heat and speed settings, or is it a single, basic setting?","Are there any attachments available with this hairdryer, such as a concentrator nozzle or diffuser?",How powerful is this hairdryer? Is it a high-wattage model or a more basic one for light drying?,"Does the hairdryer offer multiple heat and speed settings, or is it just a single setting?",How far does that coiled cord stretch? Will it comfortably reach the main bathroom mirror?,Are the two USB ports on the wall mount active for charging personal devices like a phone?,"To operate the hairdryer, do you have to hold a button down continuously, or does it have a simple on/off switch?",Is the hairdryer wall-mounted or can it be moved around the room?,Does the base unit include USB ports for charging devices?,Is the coiled cord long enough to comfortably reach a mirror?,Does the compact size suggest it has lower power than a full-sized dryer?,Does this model offer multiple heat and speed settings?
image_317_fp_jpg.rf.b318a363e6c32c1e1b16279b0e94621a.jpg,hairdryer,0.1935255676507949,5.971336364746094,203.288803100586,74.25257873535156,300.2221984863281,Is the hairdryer wall-mounted for convenience or is it a portable model that can be moved easily?,Does the hairdryer offer multiple heat and speed settings for different styling needs?,What is the wattage or power level of the hairdryer; does it seem strong enough for quick drying?,Is the power cord long enough to comfortably reach a mirror or preferred styling area?,Does the hairdryer come with any attachments like a concentrator nozzle or a diffuser?,"Given its boxy, wall-mounted design, is this hairdryer powerful enough for thick hair or is it a low-wattage model?","Is the hairdryer fixed to the wall, or can it be removed from the mount for more flexible use?","With all the wires visible, is the cord long and tangle-free enough to comfortably reach the mirror?","Does the large, flat front panel have a specific function, like an ion-indicator or a digital temperature display?","Does this model come with any attachments like a concentrator nozzle, or is it just the main unit as pictured?",Is the hairdryer wall-mounted rather than a portable handheld unit?,Does the cord look long enough to reach the mirror comfortably?,"Does the unit appear to be a modern model or an older, less efficient type?",Is the device located in the bathroom or the main sleeping area?,Does the hairdryer offer adjustable heat settings or just a simple on/off switch?
image_177_jpg.rf.39ae7f995d68738270115b772015f3a6.jpg,hairdryer,0.3500099182128906,137.6292266845703,65.39167785644531,471.8717956542969,643.1701049804688,"Does this Panasonic nanoe hairdryer provide specialized features like the 'SKIN' or 'SCALP' modes for advanced hair and skin care, or just basic drying?","Does this hairdryer offer a wide range of heat and speed settings (like 'TURBO', 'DRY', 'SET', 'HOT', 'COLD') for versatile styling?","The image shows a concentrator nozzle; is this permanently attached, or can it be removed and are other attachments, like a diffuser, available?","Is this a full-sized, powerful hairdryer suitable for quickly drying thick or long hair, or more of a compact model?","Does the power cord offer ample length and flexibility for comfortable use at different angles in the bathroom, especially if outlets aren't directly next to the mirror?",I see this Panasonic model has settings for 'Scalp' and 'Care'; what do these special modes actually do?,"How powerful is the 'Turbo' setting—is it strong enough to dry long, thick hair in a reasonable amount of time?",Does the 'nanoe' technology feature noticeably help in reducing frizz and preventing hair from drying out?,"Does this hairdryer come with any other attachments, like a diffuser for curly hair, or just the concentrator nozzle shown?","Is the 'Cold' setting a true cold shot to help set a style, or is it just slightly cooler air?","Is this a portable, handheld unit instead of a weak wall-mounted one?",Does it feature advanced settings like scalp care or temperature control?,Is there a turbo mode strong enough to dry thick hair quickly?,Is it a premium brand model that offers ionic or anti-frizz technology?,Does it include a concentrator nozzle for precision styling?
image_114_jpg.rf.39dd9ec812495de8beb34acf6ed1f818.jpg,hairdryer,0.117707759141922,217.19790649414065,161.1937713623047,479.3455200195313,515.2941284179688,"Does this hairdryer offer multiple heat and speed settings, or just a basic on/off function?","Given it's a wall-mounted model, is the power cord long enough to comfortably reach the bathroom mirror or a vanity?","Does the hairdryer come with any additional attachments, such as a diffuser for curly hair, or just the standard nozzle shown?","Is this Black Mambo hairdryer a high-quality model comparable to what someone might use at home, or more of a basic hotel amenity?","Does the hairdryer have a cool shot button for setting hairstyles, which is often found on more premium models?","Given that it's a ""Black Mambo"" model, is this a high-wattage, professional-grade hairdryer?","Does the hairdryer have multiple heat and speed settings, or just the on/off switch shown on the wall mount?",I see it has a concentrator nozzle; is a diffuser attachment also available for curly hair?,"Does this model feature a ""cool shot"" button to help set a hairstyle?","Is the cord long enough to comfortably use the hairdryer at a vanity mirror, or is it fixed right at the wall mount?",Is this a professional-grade dryer suitable for thick or difficult-to-style hair?,Is the cord long enough to reach the mirror comfortably from the wall mount?,Does the dryer allow for different heat and speed settings?,Does the concentrator nozzle come attached for precise styling?,Does the blue light on the wall bracket double as a bathroom night light?
image_16_jpg.rf.01b6932fd21787cf7b2cd99f221efd80.jpg,hairdryer,0.1718403100967407,104.58563232421876,242.48583984375,611.2283325195312,636.1461181640625,"Can I adjust the heat and speed levels on this hairdryer, or is it just one fixed setting?","What is the wattage of this Mondial hairdryer, and how powerful is it for drying hair efficiently?","Does this hairdryer come with any styling attachments, such as a concentrator nozzle or diffuser?","Does this hairdryer feel lightweight and comfortable to hold for extended styling, or is it on the bulkier side?","Is this a basic model hairdryer, or does the 'Black Purple' series indicate a more advanced or feature-rich option?",How many different heat and speed settings does the switch on the handle provide?,"Is this a full-sized, powerful hairdryer or is it a more compact, travel-style model?","Does the hairdryer come with any attachments, like a concentrator nozzle or a diffuser?",What is the wattage of this hairdryer?,"Is there a ""cool shot"" button for setting hairstyles?","Is the hairdryer handheld and portable, or fixed to the bathroom wall?",Does it look robust enough to dry long or thick hair efficiently?,Does it have adjustable settings for heat and speed?,Does it come with a concentrator nozzle for precision styling?,Is the cord long enough to use comfortably in front of a mirror?
image_181_jpg.rf.df1e0eeeed558587920a15b00aa17983.jpg,hairdryer,0.2004801928997039,20.903301239013672,31.825313568115234,569.747314453125,638.9594116210938,"Are there multiple heat and speed settings available, or is it a single on/off function?","How large is this hairdryer; is it a full-sized model or a more compact, travel-friendly design?",Does the hairdryer include a concentrator nozzle or a diffuser attachment for styling?,"Is the power cord of a practical length for comfortable use at a bathroom mirror, or is it a shorter, more basic cord?","Given its sleek design and metallic front grill, does this hairdryer offer strong airflow and quick drying performance?","Given its modern design, is this a high-wattage hairdryer suitable for drying thick hair quickly?","Does this hairdryer have multiple heat and speed settings, or is it a simple on/off device?","Is that a wall-mounted cradle it's sitting in, or is the hairdryer fully portable to be used anywhere in the room?","Does the hairdryer come with any attachments, like a concentrator nozzle for smooth styling?","Is there a ""cool shot"" button on this model to help set a hairstyle in place?",Is this a standalone handheld dryer rather than a fixed wall-mounted unit?,Does the compact size suggest it has sufficient power for drying thick hair?,Are there adjustable heat or speed controls visible on the handle?,Does the modern design indicate a higher quality appliance than standard hotel dryers?,Is the power cord long and flexible enough to reach the mirror comfortably?
image_57_jpg.rf.b9b53095b77f9d1ec136cc7209d8bc5a.jpg,hairdryer,0.2624041438102722,53.40854644775391,184.6813201904297,637.8788452148438,481.1540222167969,"How many heat and speed settings does this hairdryer offer, controlled by the visible red switch?","Does this hairdryer come with any other attachments, like a diffuser, besides the concentrator nozzle already attached?","Given its appearance, is this a powerful model similar to what you'd find in a salon, or a more standard hotel-grade hairdryer?","Is this a full-size hairdryer that offers good performance, or a smaller, less powerful travel-sized unit?",Is the power cord on this hairdryer long enough to comfortably use it at the bathroom mirror?,"Does this hairdryer have multiple heat and speed settings, or just a single high/low switch?","Is this a powerful, high-wattage hairdryer or a more basic, standard-power model?","I see the concentrator nozzle, but is there also a diffuser attachment available for curly hair?","Does this hairdryer have a ""cool shot"" button for setting hairstyles?","Is this a full-size dryer, or is it a more compact, travel-style model?",Is the hairdryer a full-sized model rather than a weak travel version?,Does it include a concentrator nozzle attachment for styling?,Is it a portable unit instead of being permanently mounted to the wall?,Does the handle have adjustable controls for heat and speed?,Is the cord long enough to reach the mirror comfortably?
image_303_fp_jpg.rf.b231aed6f80189437f48fa5e18714b91.jpg,hairdryer,0.1679540276527404,11.79502010345459,302.75372314453125,57.520774841308594,480.1575317382813,"Does this hairdryer offer multiple heat and speed settings, or is it a basic on/off model?","Is this hairdryer fully detachable from its holder for use away from the wall, or is it permanently tethered?","How long is the retractable or coiled cord when fully extended, and is it long enough for comfortable use at a vanity?","Given its compact size, does this hairdryer provide sufficient power and airflow for efficient drying of various hair types?","Are any styling attachments, such as a concentrator nozzle or diffuser, available with this hairdryer?",What's the wattage on this hairdryer? I need to know if it's powerful enough for thick hair.?,"Does this model offer multiple heat and speed settings, or is it just a basic low/high switch?","Is that small black button on the handle a ""cool shot"" feature to help set hairstyles?","Are any attachments, like a concentrator nozzle or a diffuser, provided with the hairdryer?","Since the cord is coiled, how long is it when fully stretched, to make sure it can reach the mirror comfortably?",Is the hairdryer permanently wall-mounted or is it portable for use elsewhere in the room?,Does this appear to be a basic low-wattage model or a more powerful professional dryer?,Are there adjustable settings for heat and speed visible on the handle?,Is the size of the dryer large enough to handle thick or long hair effectively?,Is the attached cord long enough to allow for comfortable styling movement?
image_144_jpg.rf.de961357bc14cbe994dccfa553ce7b68.jpg,hairdryer,0.1904104202985763,223.296630859375,-1.5227699279785156,539.927734375,632.725341796875,Can guests select between different heat and speed settings like 'TURBO' or 'DRY' as indicated on the side?,"Is this a powerful enough hairdryer for quick drying, or is it more of a basic, compact model?","Is the concentrator nozzle, visible at the front, removable for easier styling?","Since this is a Panasonic brand hairdryer, does it offer better performance or durability than a generic hotel hairdryer?","How long is the power cord, especially given the coiled section near the handle, to ensure comfortable use at a mirror?","Since the handle seems to have a hinge, is this a compact, foldable hairdryer?","Does the switch offer multiple settings, like the visible ""TURBO"" and ""COLD"" options?",What is the wattage of this hairdryer to gauge if it's powerful enough for quick drying?,Does it include the concentrator nozzle attachment that appears to be on the end?,How long is the coiled power cord when fully extended?,Is this a standalone handheld dryer rather than a weak wall-mounted unit?,Does the hairdryer have a foldable handle for easier grip and storage?,"Are there multiple speed settings, such as a ""Turbo"" mode, visible on the handle?",Does it include a concentrator nozzle attachment for precise styling?,Is there a cold air setting available to help set hairstyles?
image_95_jpg.rf.390affcd1460fd2839a2c4b2a7e0a0e4.jpg,hairdryer,0.224087506532669,240.84817504882807,83.12300109863281,575.7391357421875,643.17529296875,Does the visible slider control on the handle offer multiple heat and speed settings?,How far can the coiled cord extend comfortably for use at the mirror or vanity?,"Are there any attachments, like a concentrator nozzle or diffuser, included with this hairdryer?",Is this hairdryer powerful enough for someone with thick or long hair to dry it efficiently?,"Given it's wall-mounted, is the hairdryer easy to remove and handle, or does it remain securely attached while in use?",How powerful is this hairdryer; is it a low-wattage model or strong enough for thick hair?,"Looking at the switch on the handle, does this offer multiple heat and speed settings?",Does the coiled cord stretch far enough to comfortably use the dryer at a vanity mirror?,Is there a cool shot function for setting hairstyles?,"Does the hairdryer come with any attachments, like a concentrator nozzle?","Is the hairdryer wall-mounted, restricting its use to just one area of the bathroom?","Does the unit appear to be a compact, low-power model or a full-size dryer suitable for thick hair?",Are there adjustable switches on the handle for different heat and speed settings?,Is the coiled cord long enough to reach the mirror comfortably while styling?,"Does the nozzle allow for styling attachments, or is it a fixed standard opening?"
image_231_jpg.rf.0f4756745fe147571d941aa7626e9721.jpg,hairdryer,0.2613833844661712,193.4703063964844,314.6127014160156,468.0792846679688,508.3946228027344,"Does this hairdryer offer different heat and speed settings, or is it just a single-setting model?","Are there any nozzle attachments, like a concentrator or diffuser, included with this hairdryer?","Given its compact appearance, is this hairdryer powerful enough for quick drying, or is it more of a basic, low-wattage model?","How compact is this hairdryer for easy handling and storage, especially compared to a full-sized dryer?",Is the power cord sufficiently long to comfortably reach a bathroom mirror or vanity outlet without needing an extension?,"Does the hairdryer have multiple heat and speed settings for styling, or just a single on/off function?",What is the wattage of this hairdryer? I need to know if it's powerful enough for thick hair.?,"Does the hairdryer come with any attachments, like a concentrator nozzle or a diffuser for curly hair?","Is this a basic, compact travel-style dryer or a more powerful, full-sized model?",How long is the power cord? I'm trying to figure out if I can use it comfortably at the vanity mirror.?,Is the hairdryer portable so I can use it near a mirror outside the bathroom?,Does it appear to be a full-sized model with enough power to dry thick hair quickly?,Does the dryer come with a concentrator nozzle attachment for precise styling?,Are there separate switches on the handle to control heat and speed independently?,Is the cord length sufficient to move around freely while drying?
image_55_jpg.rf.1d7f2ff3a428e1bf6b38054d934e8d42.jpg,hairdryer,0.205051451921463,1.7598533630371094,51.30840301513672,634.0368041992188,432.2920227050781,Is the diffuser attachment shown in the image included and available for use with the hairdryer?,Does this Remington Ionic hairdryer feature genuine ionic technology to help reduce frizz and static?,Are there multiple heat and speed settings available on this hairdryer for customized styling?,"Is this a full-sized, powerful hairdryer, or is it a compact model often found in hotel rooms?",Does the hairdryer have a cool shot button for setting hairstyles?,Is the diffuser attachment shown in the picture actually provided with the hairdryer in the room?,"Since it's a Remington Ionic model, is it a full-sized, powerful dryer or a more compact travel version?",What is the power rating or wattage of this hairdryer to know how fast it will dry thick hair?,"Does this hairdryer have a ""cool shot"" button for setting hairstyles, in addition to the standard heat and speed settings?","Is the power cord long enough to comfortably reach a vanity mirror, or is it short and attached to a wall unit?",Does the hairdryer include the diffuser attachment shown for styling curly hair?,"Is this a full-size, branded handheld dryer rather than a weak wall-mounted unit?",Does it feature ionic technology to help reduce frizz as the label suggests?,Does the dryer offer adjustable heat and speed settings for different hair types?,Is the concentrator nozzle included for precise straightening and styling?
image_151_jpg.rf.cac66f96279d81e0a7d749f5f550ed1a.jpg,hairdryer,0.224871426820755,96.05335235595705,80.96044921875,463.3908081054688,602.1340942382812,"Does this hairdryer have multiple heat and speed settings, or just one basic setting?","What is the wattage or power output of this Vijodi hairdryer, as I have thick hair that needs a strong dryer?",Are the two USB ports on the wall mount active and suitable for charging common devices like smartphones?,"Given the coiled cord, what is the practical length or reach of the hairdryer when fully extended from its wall mount?","Does this model come with any styling attachments, such as a concentrator nozzle for precision drying or a diffuser?",How powerful is this hairdryer in terms of wattage?,"Does the switch on the handle offer multiple heat and speed settings, or is it just on/off?",How long is the coiled cord when it's fully stretched out?,Are the two USB ports on the wall mount available for charging personal devices?,"Does this model include any attachments, like a concentrator nozzle or a diffuser?",Is this compact wall unit powerful enough to dry thick or long hair quickly?,Is the coiled cord long enough to reach the mirror comfortably?,Does the wall mount station include functional USB ports for charging mobile devices?,"Is the hairdryer hardwired to the wall, preventing me from using it in the main bedroom?",Does the dryer offer multiple heat and speed settings or just a single mode?
image_97_jpg.rf.04cc8df6366859a0b0c658589b08cd9f.jpg,hairdryer,0.1499653309583664,3.9877700805664062,167.74961853027344,604.6979370117188,530.6307373046875,Does the 'BLACK ION' feature on this hairdryer mean it uses ionic technology to help with frizz or shine?,"Can you confirm if this hairdryer offers multiple distinct heat and speed settings, or is it just one or two basic options?","Besides the visible concentrator nozzle, does this hairdryer come with any other attachments, like a diffuser?","How long is the power cord, and is it long enough to comfortably reach a bathroom mirror from an outlet?","What type of electrical plug does this hairdryer have, and is it compatible with the standard outlets in the hotel room?","Does this hairdryer offer multiple heat and speed settings, and does it have a cool shot button?","Is this a powerful, high-wattage model suitable for thick hair, or is it a more basic, low-power dryer?","Since the model name says ""Ion"", can I expect it to have ionic technology to help reduce frizz?","I see it has a concentrator nozzle, but is a diffuser attachment also provided for guests with curly hair?","Is the power cord long enough to be used comfortably at the bathroom vanity, or is it quite short?","Is this a full-sized, powerful hairdryer suitable for drying thick hair quickly?",Does the unit feature ionic technology to help reduce frizz while styling?,"Is the hairdryer portable so I can use it anywhere in the room, or is it tethered to the wall?",Does it come with a concentrator nozzle attachment for precise styling?,Are there adjustable settings for both heat and speed on the handle?
image_154_jpg.rf.98bbae110983b590d1aa1c016ec77dcf.jpg,hairdryer,0.1790794730186462,351.9873352050781,3.882312774658203,619.6611938476562,487.763427734375,"Given its small and lightweight look, is this hairdryer powerful enough for someone with thick or long hair?",Does this hairdryer have at least two heat and two speed settings for better control?,"Are there any styling attachments, like a concentrator nozzle, provided with this specific hairdryer?","Does this hairdryer feel sturdy and durable, or is it a lighter, more basic plastic model often found in budget hotels?","Does this hairdryer incorporate any hair-care technologies like ionic or ceramic heating, or is it a standard hot air blower?","Is this a compact, travel-sized hairdryer, or is it a full-power model?",Does the hairdryer offer multiple heat and speed settings?,Is the handle foldable for easy storage?,Does this hairdryer have a 'cool shot' button for setting a style?,"Does it come with any other attachments, like a diffuser, besides the concentrator nozzle shown?",Is the hairdryer a portable unit rather than being fixed to the wall?,Is this a compact travel model or a full-sized professional dryer?,Does it have a concentrator nozzle attachment for easier styling?,"Does the handle fold up, suggesting it is a smaller, lower-wattage device?",Does it offer multiple heat and speed settings?
image_154_jpg.rf.98bbae110983b590d1aa1c016ec77dcf.jpg,hairdryer,0.1218924447894096,347.5750732421875,6.35711669921875,624.9876708984375,638.760009765625,"Does this hairdryer have adjustable heat and speed settings, or is it a single-setting model?","Is this a compact, travel-sized hairdryer, or a more standard, full-power model?","Does the hairdryer come with any styling attachments, such as a concentrator nozzle or a diffuser?","Based on its appearance, would this hairdryer be considered powerful enough for efficient drying of longer or thicker hair?",Is the power cord long enough to use comfortably at a vanity or bathroom mirror?,"Given its compact size, is this a high-wattage hairdryer or a less powerful travel model?","Does this hairdryer offer multiple heat and speed settings, including a cool shot button?",I see it has a concentrator nozzle; is a diffuser attachment also available upon request?,Is the handle on this hairdryer foldable to make it more compact for storage?,"Is this a standard dryer, or does it have any premium features like ionic or ceramic technology?",Is the hairdryer a portable handheld model or is it attached to the wall?,"Does it appear to be a full-sized unit or a smaller, less powerful travel dryer?",Is there a concentrator nozzle attached for styling purposes?,Does the handle look like it folds up for compactness?,Does the hairdryer appear to be modern and in good condition?
image_154_jpg.rf.98bbae110983b590d1aa1c016ec77dcf.jpg,hairdryer,0.1523343622684478,469.0816040039063,395.1220703125,642.29052734375,639.26806640625,"Given its compact size, does this hairdryer offer multiple heat and speed settings, or just a basic on/off function?",This hairdryer looks quite small; does it have enough power and airflow to efficiently dry long or thick hair?,"Does this model come with any other styling attachments, such as a diffuser, beyond the basic concentrator nozzle visible?","Is the blue coiled cable next to it the power cord, and if so, is it long enough to comfortably use the hairdryer at a mirror or dressing table?","Does the hotel provide a higher-quality or more robust hairdryer upon request, as this appears to be a standard, basic model?","Is this a compact, travel-sized hairdryer, or does it have the power of a full-sized model?",What is the wattage of this hairdryer? I need to know if it's powerful enough for thick hair.?,"Does the hairdryer offer multiple heat and speed settings, or is it just a single on/off function?","Does the hairdryer include a ""cool shot"" button for setting a style?",I see a concentrator nozzle attached; is this standard for all rooms?,Is this a full-sized hairdryer or a compact travel version?,Does the dryer have multiple heat and speed settings?,Is the airflow powerful enough to dry thick hair quickly?,Is the cord long enough to reach a mirror comfortably?,Does it come with styling attachments like a concentrator nozzle?
image_154_jpg.rf.98bbae110983b590d1aa1c016ec77dcf.jpg,hairdryer,0.1018057316541671,14.386639595031738,452.4025268554688,156.16302490234375,640.643310546875,What is the wattage or power output of the hairdryer to ensure it's powerful enough for effective drying?,Does the hairdryer offer multiple heat and speed settings for different hair types and styling preferences?,"Considering the power outlet's location, is the hairdryer's cord long enough to comfortably reach the bathroom mirror or a suitable styling area?","Are there any specific attachments, like a concentrator nozzle for styling or a diffuser for curly hair, included with the hairdryer?","Is this a basic, low-end model or does it feel like a more substantial, higher-quality hairdryer?","Judging by its dated look, is this a low-wattage hairdryer or is it powerful enough for thick hair?","Does this hairdryer have multiple heat and speed settings, or is it a basic on/off model?","Is this a compact unit, or is it a full-sized hairdryer?","Is the hairdryer hard-wired to the wall or is that a standard plug, meaning it can be moved around the room?",Does the hairdryer come with any attachments like a concentrator nozzle or a diffuser?,"Based on the image provided (which displays a landline telephone rather than a hairdryer), here are 5 decision-relevant questions a traveler would ask about the amenity shown:?",Does the phone have direct-dial buttons for hotel services like the front desk?,Is the device a corded model or a wireless handset?,Is a notepad provided nearby for taking messages?,Is the phone conveniently located near a power outlet?
image_154_jpg.rf.98bbae110983b590d1aa1c016ec77dcf.jpg,hairdryer,0.1536539644002914,530.9935913085938,447.1159057617188,612.2196044921875,634.048583984375,"Does this hairdryer have adjustable heat and fan speed settings, or is it just a single-setting model?",Does it come with a diffuser or any other styling attachments besides the clear nozzle seen?,"Based on its size and appearance, is this a relatively powerful hairdryer, or more of a basic, low-wattage option?","Is this a full-sized, robust hairdryer often found in hotels, or one of the smaller, less powerful travel-style options?","Is the power cord a decent length for comfortable use at a vanity mirror, or is it a short cord that might be restrictive?","Is this a compact travel-sized hairdryer or a full-power, full-sized model?",What's the wattage of this hairdryer? I need to know if it's powerful enough for thick hair.?,"Does that switch on the handle offer multiple heat and speed settings, or is it just a simple high/low/off?","I see it has a concentrator nozzle, but is a diffuser attachment also available for guests with curly hair?","Does this model include a ""cool shot"" button for setting a hairstyle?",Is the hairdryer portable or hardwired to the wall?,Is this a compact travel dryer or a full-sized model?,Does the handle fold for compact storage?,Does it come with a concentrator nozzle for styling?,Does it feature multiple heat and speed settings?
image_92_jpg.rf.24c51bd376395b3eab4c7eae3d1711e0.jpg,hairdryer,0.1419826596975326,388.6739807128906,201.6275634765625,544.457275390625,418.8878784179688,"Does this hairdryer have multiple heat and speed settings, or just an on/off switch?","Is this hairdryer powerful enough for quick drying, especially for long or thick hair?",Does the hotel provide any diffuser or concentrator nozzles to go with this hairdryer?,Is the power cord long enough to comfortably reach a mirror and an electrical outlet in the bathroom?,"What type of power plug does this hairdryer use, and are adapters provided for international guests?","How powerful is this hairdryer; is it a high-wattage model or a more basic, travel-sized one?","Does this hairdryer have multiple heat and speed settings, or just a simple on/off switch?",Does this model feature a 'cool shot' button for setting hair styles?,"Are any attachments, like a concentrator nozzle or a diffuser, provided with it?",Is the power cord long enough to be used comfortably at the main bathroom mirror?,"Is this a handheld unit I can move around the room, or is it tethered to the wall?",Does the dryer look powerful enough for styling long or thick hair?,Does it feature adjustable heat and speed settings?,Is the cord long enough to reach a mirror comfortably?,"Is this a full-sized hair dryer or a smaller, less powerful travel model?"
image_12_jpg.rf.db11c3c0c6f97ae964e69031e37edc88.jpg,hairdryer,0.1143407970666885,134.89990234375,333.8924865722656,428.2748718261719,643.1788330078125,"Does this hairdryer offer multiple heat and speed settings, and does it include a cool shot button?","Is this a powerful, full-sized hairdryer suitable for quick drying of thick hair, or a more compact, lower-wattage model?","The image shows a concentrator nozzle; is it securely attached, and are there any other attachments like a diffuser provided?",Does this hairdryer utilize advanced technology such as ionic or ceramic heating for faster drying and reduced frizz?,"Is the power cord long enough to comfortably reach from an outlet to the mirror, and does the handle fold for easier storage?","Given its compact appearance, is this a low-wattage travel dryer or is it powerful enough for thick hair?","Does this hairdryer offer multiple heat and speed settings, or is it a simple on/off model?","Does the handle fold down, suggesting this is a compact travel-style dryer?","Are any attachments provided, like a concentrator nozzle for styling or a diffuser for curly hair?","Does the hairdryer have a ""cool shot"" button to help set a hairstyle?",Is this compact dryer powerful enough to dry thick or long hair quickly?,Is the hairdryer fully portable or is it hardwired to the bathroom wall?,Does the unit include a concentrator nozzle attachment for styling?,Does the handle fold down to save space on the counter?,Does this model offer multiple heat and speed settings?
image_143_jpg.rf.79908e34de4e3d1f50249dcb19bafdba.jpg,hairdryer,0.1736315190792083,26.864891052246094,81.02100372314453,608.7857666015625,579.4706420898438,"Does this hairdryer have multiple heat and speed settings, or just a single option?","Is the concentrator nozzle removable, and are any other styling attachments, like a diffuser, provided?","How long is the power cord, and is it typically long enough for comfortable use at a vanity mirror?","Based on its visible design, does this appear to be a high-wattage hairdryer that dries hair quickly, or a more basic hotel amenity?","Is this a compact, travel-sized hairdryer, or a full-sized model that might occupy significant counter space?","Given that the handle folds, is this a compact, travel-style dryer or a full-power model?",How many different heat and speed settings does the switch on the handle provide?,"Does the hairdryer have a ""cool shot"" button for setting a hairstyle?","Besides the concentrator nozzle that's attached, are any other attachments like a diffuser provided?",Is the power cord long enough to comfortably use the dryer while looking in the bathroom mirror?,Is the hairdryer portable or fixed to the wall?,Is this a compact travel dryer or a full-sized model?,Does the handle fold down for easier storage?,Does it include a concentrator nozzle attachment for styling?,Is the power cord long enough to reach a nearby mirror?
image_77_jpg.rf.55d8d082aae0891edaeb927e6af3e5f5.jpg,hairdryer,0.3312059640884399,15.013103485107422,190.2312469482422,522.8232421875,545.1309204101562,"Do the visible buttons on the handle indicate multiple heat and speed settings, or just on/off controls?","Does this hairdryer utilize advanced technology, like ionic or ceramic, that might be inferred from its modern design?","Besides the concentrator nozzle already attached, does this hairdryer come with a diffuser or other styling attachments?","Given the coiled cord, how long is it when fully extended, and is it long enough to comfortably reach a mirror from an outlet?","Considering its sleek profile, is this hairdryer lightweight and ergonomically designed for comfortable handling during styling?","Is this a high-wattage, professional-style hairdryer or a more basic, low-power model?","Does it have multiple heat and speed settings, as well as a cool shot button for styling?","Since it has a concentrator nozzle, does it also come with a diffuser attachment for curly hair?",How long is the power cord? I'm wondering if it's long enough for comfortable use away from the wall socket.?,"Given its modern look, does this hairdryer have any advanced features like ionic or ceramic technology to reduce frizz?","Is this a handheld, portable dryer rather than a fixed wall-mounted unit?",Does it come with a concentrator nozzle attachment for styling?,Does the dryer look powerful enough to handle thick or long hair effectively?,Are there separate switches for heat and speed adjustment on the handle?,Is the cord length sufficient to move around freely while drying?
image_296_fp_jpg.rf.c84a184a0a2aeb19b11f46734afb89ef.jpg,hairdryer,0.2196239233016967,197.43218994140625,94.78604125976562,232.69796752929688,369.2472534179688,"Does this wall-mounted hairdryer provide sufficient drying power and heat for efficient hair drying, especially for longer or thicker hair?","Is the handheld portion of the hairdryer lightweight and comfortable to maneuver during styling, considering the visible hose connection?","Are there multiple heat and speed settings available on this hairdryer for different styling needs, or is it a single-setting model?","How far does the coiled hose extend from the wall unit, ensuring comfortable reach to a mirror or vanity area?","Does this hairdryer come with any attachments, like a concentrator nozzle, or are there any visible indicators of advanced features like ionic technology?","Is the hairdryer a full-size, powerful model or just a small, compact travel version?","Does the quality of the hairdryer match the other amenities, like the heated towel rack, or is it a more basic model?","Are there multiple heat and fan speed settings, including a cool shot button?","Is the hairdryer's power outlet located conveniently near a mirror, or is it somewhere else in the bathroom?","Does it come with any styling attachments, such as a concentrator nozzle or a diffuser?",Is the wall-mounted unit a heated towel warmer?,Is the lighting fixture bright enough for grooming and styling?,Is the rack large enough to accommodate multiple towels?,Does the bathroom feature high-quality stone tiling?,Is the wall fixture securely mounted and well-positioned?
image_167_jpg.rf.8cbb4a2ce9aab6b9d330194e9213d8c6.jpg,hairdryer,0.1376370042562484,38.21958541870117,235.0541076660156,427.0593872070313,637.9324951171875,"Looking at the switches on the handle, does this hairdryer offer multiple heat and speed settings for styling?",Does this model come with a concentrator nozzle or a diffuser attachment for more specific styling needs?,"How powerful is this hairdryer, or does its size indicate it's more for basic drying rather than quick styling?",Is the power cord long enough to comfortably reach a mirror or an outlet near the vanity without needing an extension?,"Is this Koizumi hairdryer a reliable, good quality model, or is it a more basic option typically found in hotels?",How powerful is this hairdryer in terms of wattage?,Does the switch on the handle offer multiple heat and speed settings?,"Does this model feature a ""cool shot"" button for setting a style?","Is this a full-size hairdryer or a more compact, travel-sized one?","Are any attachments, like a concentrator nozzle or a diffuser, provided with it?",Is the hairdryer a portable handheld model rather than being fixed to the bathroom wall?,"Does the unit appear to be compact and travel-sized, or is it a full-power salon style dryer?",Is a concentrator nozzle attachment included for precision styling?,"Does the hairdryer look like a modern, branded appliance or a generic budget model?",Are there adjustable heat and speed settings on the handle for different hair types?
image_99_jpg.rf.669e834aada7b1091fffe409d9087e07.jpg,hairdryer,0.2609867453575134,26.194477081298828,223.5037841796875,396.44873046875,530.7620849609375,"Does the hairdryer come with both a concentrator nozzle and a diffuser, and are they easy to attach?",Are there multiple heat and speed settings available on this hairdryer for different styling needs?,"Does this appear to be a high-wattage hairdryer suitable for quick drying, or more of a basic travel model?","Based on its appearance, is this hairdryer lightweight and easy to maneuver, or does it feel bulky?",Is the power cord sufficiently long to use the hairdryer comfortably at a vanity or mirror?,How powerful is this hairdryer? I need to know if it's a high-wattage model suitable for drying thick hair quickly.?,"Since both a diffuser for curly hair and a concentrator nozzle are shown, are these attachments guaranteed to be in the room?",Is that small button near the top of the handle a 'cool shot' feature for setting hairstyles?,Does this model have ionic or ceramic technology to help reduce frizz?,Is the power cord long enough to comfortably use the hairdryer in front of the main bathroom mirror?,Does the room include a diffuser attachment for guests with curly hair?,Is this a professional-style handheld dryer or a standard hotel wall unit?,Does the dryer have multiple switches to control heat and airflow separately?,Is the dryer portable so I can use it freely near a mirror?,Does it come with a concentrator nozzle for straightening and smoothing hair?
image_45_jpg.rf.8d02739f9a639aa1487305a3b73f524a.jpg,hairdryer,0.1305576413869857,104.71202850341795,208.40399169921875,507.4542236328125,636.26708984375,"Given the visible brand ""PRITECH"", is this a reasonably powerful hairdryer capable of efficiently drying long or thick hair?","From the visible buttons on the handle, can you confirm if this hairdryer offers multiple heat and speed settings?","Does this hairdryer come with any styling attachments, such as a concentrator nozzle or a diffuser?","Considering the way the cord is coiled, is it long enough to comfortably reach a mirror or vanity area from a power outlet?","Does this appear to be a standard, travel-sized model, or a full-sized hairdryer typically expected in hotel accommodations?","Given its foldable handle, is this a low-power travel dryer or does it have full-size power?",How many heat and speed settings does the switch on the handle offer?,Does this hairdryer have a 'cool shot' button to help set a hairstyle?,"Is the pink ""Studio 9"" hair straightener also provided for guest use?","Does the hairdryer come with any attachments, like a concentrator nozzle for styling?",Does the accommodation provide a hair straightener in addition to the dryer?,Is the hairdryer a compact travel model or a full-sized unit with high power?,Is the hairdryer portable so I can plug it in near a mirror with good lighting?,Does the device feature adjustable heat and speed settings?,Do the appliances appear to be professional-grade quality?
image_148_jpg.rf.e1d80d53ba819db0e7c3988339cb4b56.jpg,hairdryer,0.1324858665466308,33.95051956176758,176.07589721679688,331.3630676269531,579.6301879882812,"Is this hot air brush the primary hairdryer provided, or is there also a conventional blow dryer available in the room for guests who prefer that?",Does this hot air brush offer multiple heat and speed settings to cater to different hair types and styling needs?,"Given that it's a paddle-shaped hot air brush, how effective is it for smoothing and straightening hair compared to a traditional blow dryer or flat iron?","How heavy or bulky is this hot air brush, and is it easy to maneuver for extended styling sessions?","Are these visible hair tools, including the hot air brush and the flat iron, from well-known brands or considered high-quality models for guest use?","Is this a hot air brush that dries wet hair, or is it a styling brush meant for dry hair only?","Looking at the dial on the handle, does this hair dryer brush offer multiple heat and speed settings?",Is this hot air brush powerful enough to effectively dry and style thick or long hair?,"Since the main tool is a styler, is the separate yellow nozzle hairdryer also provided in the room?","Is the brush head on this styler designed for creating volume, or is it better for smoothing and straightening?",Does the room include a full hair styling set with a straightener and hot air brush?,Is the white flat iron full-sized or a mini travel version?,Does the hot air brush have multiple heat and speed settings?,Is the hairdryer professional-grade with high power for thick hair?,Are these premium styling tools standard in every room or only in specific suites?
image_148_jpg.rf.e1d80d53ba819db0e7c3988339cb4b56.jpg,hairdryer,0.1502829790115356,26.02964401245117,171.92926025390625,341.92987060546875,635.14208984375,"Is the black brush-style appliance primarily a hot air styler for smoothing and volume, or does it also function as a powerful hair dryer for wet hair?","Does the yellow handheld hairdryer include any attachments, like a concentrator nozzle or a diffuser, for different styling needs?",What specific heat and speed settings are available on these hair drying tools for customized use?,"Are these hair styling tools considered high-performance or professional-grade, or are they standard hotel amenities?",Is the power cord on these appliances long enough to comfortably reach a mirror from the outlet?,Is that black styling tool a hot air brush that dries and volumizes hair at the same time?,"Do the hair tools, especially the yellow dryer, have multiple heat and speed settings?","Since multiple tools are shown, does the room come with the hot air brush, the standard hairdryer, AND the flat iron?",These look like high-quality tools; are they from a premium brand or are they standard hotel models?,"Does the yellow hairdryer come with attachments, like a concentrator nozzle for smooth styling?",Does the room come with a full styling set including a flat iron and hot air brush?,Is the black tool a volumizing dryer that styles hair while drying?,"Are the hair tools handheld and portable, or are they tethered to the wall?",Is the yellow hairdryer a powerful full-sized model or a compact travel version?,Can I rely on these styling tools being in the room so I don't need to pack my own?
image_162_jpg.rf.4cc12b93c7297affd5d43f7dc1c2ca11.jpg,hairdryer,0.360788345336914,97.7729949951172,87.1683120727539,539.6390380859375,575.9570922851562,Does this hairdryer offer multiple heat and speed settings for different styling needs?,Does the hairdryer come with any attachments like a concentrator nozzle or a diffuser?,What is the approximate size of the hairdryer? Is it compact for travel or a standard full-size model?,"Given its sleek design and ""UNIX"" branding, is this considered a higher-quality or professional-grade hairdryer?","Is the power cord a decent length for comfortable use at a mirror, and is it permanently coiled or flexible?","Given its modern design, is this a high-wattage hairdryer powerful enough for thick hair?","Does the switch on the handle offer multiple heat and speed settings, or is it a simple on/off?",I see it has a concentrator nozzle; is a diffuser attachment also provided for guests with curly hair?,"Is this a compact, lightweight travel model or a heavier, full-sized hairdryer?","Does this hairdryer have any advanced features, like ionic technology to reduce frizz?",Is the handle foldable to save space on the bathroom counter?,Does it come with a concentrator nozzle for more precise styling?,"Is this a modern, high-performance model compared to standard wall-mounted dryers?",Does the compact design make it lightweight and easy to handle?,Does it feature a hanging loop for convenient storage?
image_195_jpg.rf.a65b228ba561bc5716fb2b2e2dd342c9.jpg,hairdryer,0.2715258300304413,95.9365234375,99.44442749023438,509.7498168945313,647.1463012695312,"Does the hairdryer offer multiple heat and speed settings, like the ""TURBO,"" ""SET,"" and ""COOL"" options visible on the handle?","Does it come with any additional attachments, beyond the visible concentrator nozzle, such as a diffuser?","Is this a powerful hairdryer suitable for thicker or longer hair, considering the ""ione TESCOM"" branding?","How long is the power cord, and does it provide enough reach for convenient use at a bathroom mirror?","Is this considered a full-size hairdryer, or is it a more compact model often found in hotel rooms?","The switch has a ""TURBO"" setting; is the airflow powerful enough to dry long or thick hair quickly?","Since the brand is ""ione,"" does this mean it's an ionic hairdryer designed to reduce frizz?","I see it has a concentrator nozzle, but is a diffuser attachment also provided for curly hair?",What is the power wattage of this model?,Is the cord long enough to comfortably reach from the outlet to the bathroom mirror?,"Is this a portable handheld unit, or is it tethered to the wall?","Does the ""ione"" branding indicate it uses ionic technology to reduce frizz?","Does it offer adjustable airflow settings like ""Turbo"" and ""Cool"" for styling control?",Is a concentrator nozzle attachment included for precise drying?,Does the hairdryer appear to be compact or foldable for easy handling?
image_26_jpg.rf.a9c8b20cb01a3bdf9bfec15a5d6e72dd.jpg,hairdryer,0.1465590596199035,162.2990264892578,117.26930236816406,536.39013671875,563.3646240234375,"Looking at the controls, does this hairdryer offer multiple heat and speed settings, including a cool shot function?","Beyond the concentrator nozzle pictured, does this hairdryer also come with a diffuser attachment for styling curly hair?","Is this hairdryer a compact travel model, or is it a full-sized, more powerful unit like you'd typically have at home?","Given it's a Panasonic, does this model provide strong airflow for quick drying, or is it a more basic, lower-wattage hairdryer?","Is the power cord on this hairdryer long enough to comfortably use it at a vanity or mirror, or is it a shorter length?","I see several indicator lights; does this hairdryer have multiple heat and speed settings, including a cool shot function?",What is the wattage of this Panasonic model? Is it powerful enough to dry long or thick hair quickly?,The image shows a concentrator nozzle; is a diffuser attachment also available for guests with curly hair?,"Does this hairdryer feature any advanced technology, like ionic or nanoe functions, to help reduce frizz?",How long is the power cord? I want to make sure it can comfortably reach from an outlet to the mirror.?,Is this a compact travel dryer or a powerful full-sized model?,Does it feature adjustable heat and speed settings?,Is a concentrator nozzle included for precise styling?,Is the power cord long enough to reach the vanity mirror comfortably?,Is the hairdryer portable or tethered to a specific outlet?
image_6_jpg.rf.362de8ab4ed13cb87af7954d0587c12b.jpg,hairdryer,0.5043118596076965,324.2683410644531,212.4330902099609,599.729248046875,495.4708251953125,"Does this hairdryer have multiple heat and speed settings, or just a basic on/off function?","Is this a compact, travel-sized hairdryer or a more powerful, full-sized model?","What is the approximate wattage or power output of this ""Siegen"" hairdryer for efficient drying?","Does the hairdryer include any attachments, such as a concentrator nozzle for styling or a diffuser?","Is the power cord long enough to comfortably use the hairdryer from various points in the bathroom, like a mirror or vanity?","Given its compact size, is this hairdryer powerful enough to dry long or thick hair effectively?","Does the switch on the handle provide multiple heat and speed settings, or is it a basic low/high model?","Does this hairdryer come with any attachments, like a concentrator nozzle for styling?","Is that small button on the top a ""cool shot"" button for setting hairstyles?","Is the handle on this hairdryer foldable, making it easier to store away?",Is this a compact travel dryer or a full-sized model?,Does it offer adjustable heat and airflow settings?,Is it powerful enough to dry thick hair quickly?,Does it come with styling attachments like a concentrator nozzle?,Is the cord long enough to reach a mirror comfortably?
image_74_jpg.rf.31cddcdb0f1fa41c46ab1da41f2b63c5.jpg,hairdryer,0.2181514650583267,117.32444763183594,193.19395446777344,564.9319458007812,550.7449951171875,"Does this hairdryer offer different heat and speed settings, or is it just a single-setting model?","Given its compact appearance, is this a standard-power hairdryer or a more basic, lower-wattage travel version?","Are there any attachments included with the hairdryer, like a concentrator nozzle for styling?",Is the power cord on this hairdryer long enough to comfortably reach from an outlet to the bathroom mirror?,How effective is this hairdryer for quickly drying longer or thicker hair?,"Given its compact size, is this a low-power travel hairdryer or a standard, full-power model?","Does this hairdryer offer multiple heat and speed settings, or does it only have one simple setting?","Are any attachments provided with it, like a concentrator nozzle for styling or a diffuser?","Does this model include a ""cool shot"" button to help set hairstyles?","How long is the power cord, and is it long enough to comfortably reach a mirror?",Is this a full-sized hairdryer or a compact travel version with lower power?,Is the hairdryer a standalone handheld model rather than being wall-mounted?,Does the unit come with any styling attachments like a concentrator nozzle?,Does it offer multiple heat and speed settings or just a single mode?,Is the power cord long enough to reach the nearest mirror comfortably?
image_74_jpg.rf.31cddcdb0f1fa41c46ab1da41f2b63c5.jpg,hairdryer,0.1541745364665985,126.83647918701172,200.59927368164065,346.33819580078125,548.528076171875,Does this hairdryer have multiple heat and speed settings for different hair types?,"Is this a hotel-grade, powerful hairdryer, or a more basic compact model?","Does the hairdryer come with any attachments, such as a concentrator nozzle or diffuser?",Is the power cord long enough to comfortably use at a bathroom mirror or vanity?,Is the hairdryer lightweight and easy to hold for extended styling periods?,"Is this a compact travel-sized hairdryer, or is it a full-size, powerful model?","Does the hairdryer offer multiple heat and speed settings, or is it just a single setting?","Is a concentrator nozzle attachment provided for styling, or is it just the open end as shown?","Does this model include a ""cool shot"" button to help set a hairstyle?","How powerful is this hairdryer, what is its wattage?",Is this a compact travel dryer or a full-sized unit?,Is the hairdryer portable rather than attached to the wall?,Does the dryer appear to be a professional-grade model?,Does it have adjustable heat and speed settings?,Is the cord long enough to reach the mirror comfortably?
image_129_jpg.rf.0b4f5a84a2683477ae527a0a7f42b9ea.jpg,hairdryer,0.1207160949707031,48.352317810058594,107.93220520019533,546.6521606445312,638.5611572265625,"Does this hairdryer offer multiple heat and speed settings, or is it just a single-setting model?","Is the coiled power cord long enough to comfortably reach a mirror or vanity, or will it restrict movement?","Does the hairdryer come with any attachments, like a concentrator nozzle or diffuser, for styling different hair types?",What is the wattage or drying power of this hairdryer; is it efficient for quick drying?,"Is the hairdryer easily detachable from its wall mount for flexible use, or is it permanently fixed?","Is this a high-wattage hairdryer powerful enough for thick hair, or a basic low-power model?","Does this hairdryer offer multiple heat and speed settings, or does it only have one setting?",How far does the coiled cord stretch from the wall mount?,"Does this model include a ""cool shot"" button to help set hairstyles?","Does the hairdryer come with any attachments, such as a diffuser for curly hair?",Is this wall-mounted unit powerful enough to dry thick hair quickly?,Does the coiled cord extend far enough to reach the mirror comfortably?,Do I need to hold the power button down constantly to keep it running?,"Does it have adjustable heat and speed settings, or just one basic mode?","Is the nozzle compatible with styling attachments, or is it a fixed standard opening?"
image_270_fp_jpg.rf.dcb60bfc28653a28e8657743a9284746.jpg,hairdryer,0.1215655133128166,403.7883911132813,38.43639373779297,641.3565063476562,538.14501953125,"With the large rotary dial visible, does this hairdryer offer variable speed and heat settings, or is it more of a simple on/off type?","Does the prominent red color and design indicate a sleek, modern hairdryer, and does the material appear durable for regular use?","Considering its apparent size and robust base, would this hairdryer provide sufficient power for quick drying and styling, especially for thicker hair?","Is this hairdryer designed to be portable and easily stored, or does its stable form factor suggest it's intended for a more stationary or countertop setup?","Does the visible 'Britania' brand on this appliance suggest a basic amenity or a more premium, reliable hairdryer experience for guests?",Can you confirm this is a hairdryer? It looks very similar to a kitchen blender.?,"What is the purpose of the large, clear pitcher with measurement lines on top?",Are those rotating blades at the bottom of the pitcher for styling hair?,"Is this appliance meant for the bathroom, or is it part of a kitchenette setup?","Does the control dial on the base adjust heat and airflow, or does it control blending speeds?",Does the control dial on the front provide multiple speed settings?,Is the transparent pitcher made of glass or plastic?,"Does the ""800"" label indicate the motor's power wattage?",Is the appliance full-sized or a compact model?,Does the unit appear to be clean and well-maintained?
image_171_jpg.rf.fe3eefd411fb92bef4fc810f31154eb0.jpg,hairdryer,0.1423231959342956,75.21180725097656,84.62762451171875,521.9522705078125,609.6060180664062,"What do the 'DRY', 'SET', 'COOL', and 'TURBO' settings mean in terms of heat and speed options?","Does this hairdryer come with any other attachments, like a diffuser, in addition to the concentrator nozzle shown?",Does the 'TURBO' feature on this hairdryer indicate a significant boost in drying power or is it a more subtle increase for efficiency?,"How long is the power cord on this hairdryer, and does it allow for comfortable use at a vanity mirror?","Is the visible two-prong electrical plug compatible with the standard outlets in the hotel's location, or would guests need an adapter?","How powerful is this hairdryer? I see a ""Turbo"" button, but I need to know the wattage to tell if it's strong enough for thick hair.?","Is the ""COOL"" setting a true cool-shot feature that blows unheated air to set a style?","Does this hairdryer come with a diffuser attachment for curly hair, or only the concentrator nozzle pictured?","Is this a full-size hairdryer, or is it a more compact, travel-sized model?",How long is the power cord? I'm wondering if it will comfortably reach the mirror from the nearest outlet.?,Is this a standalone handheld dryer rather than a fixed wall-mounted unit?,"Does the ""Turbo"" feature offer strong airflow for quick drying?","Are there multiple heat settings, including a cool shot option?",Does the handle fold up to make the device more compact?,Is the concentrator nozzle included for precise styling?
image_191_jpg.rf.d5eaee5f1d99025f99c914bbbb77e3e3.jpg,hairdryer,0.2610350251197815,166.80523681640625,57.84219741821289,527.9845581054688,636.2503051757812,Does this model offer a cool shot button or multiple temperature and speed settings beyond basic on/off?,"Given it's a wall-mounted model, is the hairdryer itself lightweight and easy to handle for extended styling?","As it's an ""ALCEDO GERMANY"" model, is this hairdryer considered a professional-grade or salon-quality appliance?","Does the hairdryer come with any additional attachments, such as a diffuser, besides the concentrator nozzle shown?","How long is the usable power cord that extends from the wall-mounted unit, ensuring comfortable reach to a mirror or styling area?",What is the wattage of this hairdryer to get an idea of its power and drying speed?,"Does the hairdryer have multiple heat and speed settings, as well as a cool shot button?","Since the hairdryer is in a wall mount, is the cord long enough to comfortably use it at the vanity mirror?","Besides the concentrator nozzle shown, is a diffuser attachment also provided for curly hair?","Does this ""Black Mambo"" model have any modern features like ionic or ceramic technology for frizz control?","Is the hairdryer tethered to the wall mount, or can I unplug it to use near a different mirror?","Does the ""Black Mambo by Aliseo"" branding indicate professional-grade power for fast drying?",Does the unit come with the concentrator nozzle attachment shown for precise styling?,Does the handle feature adjustable switches for different heat and speed settings?,Does the dryer look substantial and sturdy compared to typical flimsy hotel travel dryers?
image_153_jpg.rf.607fe10e0f34d3f18c5bf50aa6148931.jpg,hairdryer,0.2775490283966064,360.5882568359375,93.80291748046876,619.9378051757812,393.9161987304688,"Does this hairdryer offer adjustable heat and speed settings, or is it just a single-setting model?","Considering the coiled cord, how far can this hairdryer comfortably reach from its wall mount for use at a vanity or mirror?","Is the 3-pin socket integrated into the hairdryer unit a universal outlet for charging other devices, or is it specifically for shavers?",Does this hairdryer come with a concentrator nozzle or a diffuser attachment for specific styling needs?,"From its appearance, would you describe this as a basic, no-frills hotel hairdryer, or does it offer higher performance compared to standard models?","How powerful is this hairdryer in terms of wattage, and does it offer multiple heat and speed settings?","Does the hairdryer come with any attachments, like a concentrator nozzle for styling or a diffuser?",What is the actual length of the coiled power cord when fully stretched out?,"Is there a ""cool shot"" button on this model to help set a hairstyle?","Can the integrated power socket on the wall mount be used for other personal appliances, like a shaver or hair straightener?","Is the hairdryer fixed to the wall, or can it be moved to a more convenient location?","Is this a compact, low-power model, or is it strong enough to dry thick hair quickly?",Does the coiled cord stretch far enough to comfortably reach a mirror?,"Does the unit offer adjustable heat and speed settings, or is it a basic on/off model?",Is the power socket located on the hairdryer's wall mount functional for other devices?
image_101_jpg.rf.b66c79c540c6228f27ca3207e1ea611f.jpg,hairdryer,0.3227131068706512,36.227989196777344,128.40396118164062,620.1455078125,639.0357666015625,Does this hairdryer offer multiple heat and speed settings for different hair types and styling needs?,"Does this hairdryer come with any attachments, such as a diffuser or a separate concentrator nozzle?","Given the 'Monster' branding and sleek design, would this hairdryer be considered high-powered or more of a basic model?","How heavy or lightweight is this hairdryer, as I have long hair and need something comfortable to hold?",Is the power cord of a sufficient length to comfortably reach outlets from the bathroom mirror area?,"Given the ""Monster"" branding, is this a high-wattage hairdryer for quick drying?","Does this model have multiple heat and speed settings, plus a cool shot button for styling?","I see it has a concentrator nozzle, but is a diffuser attachment also provided for curly hair?",Does this hairdryer have any modern features like ionic or ceramic technology to help reduce frizz?,How long is the power cord? Is it long enough to comfortably reach the vanity mirror?,"Is this a powerful, full-sized hairdryer rather than a weak wall-mounted version?","Does the ""Monster"" branding indicate professional-grade airflow for fast drying?",Does it come with the concentrator nozzle attachment shown for precise styling?,Is the handle foldable to save counter space in the bathroom?,Does the unique transparent back design indicate advanced heating or motor technology?
image_110_jpg.rf.c266e05379a7b351ff487f6635b952d6.jpg,hairdryer,0.2818789184093475,50.28087615966797,109.73766326904295,627.51806640625,635.771728515625,"Given it's a 'max travel' model and appears to be 1200W, is it powerful enough to dry long or thick hair efficiently?","Since this is labeled 'max travel', does the handle fold down for easier packing, or is it a fixed compact design?","Looking at the single switch on the handle, does this hairdryer offer multiple heat and speed settings, or just one basic operating mode?","Does this hairdryer come with any attachments, like a concentrator nozzle for styling or a diffuser for curly hair?","Is the power cord a reasonable length for comfortable use when plugged into typical bathroom outlets, allowing easy reach to a mirror?","Given its ""max travel"" size, what is the wattage? I need to know if it's powerful enough for thick hair.?",Does the handle fold up to make it more compact for packing?,"Is that black button on the top a ""cool shot"" feature for setting a style?",How many different heat and speed settings does the switch on the handle provide?,"Does this hairdryer come with a diffuser attachment, or only the fixed concentrator nozzle shown?",Is this a compact travel dryer or a full-sized unit with high power?,"Is the hairdryer portable, or is it tethered to a wall mount?",Does it come with a concentrator nozzle attachment for styling?,Does the handle fold up to save space on the bathroom counter?,"Does it offer multiple heat and speed settings, or just a single switch?"
image_131_jpg.rf.ab10d5f99f91af1372a6e0892ec4a985.jpg,hairdryer,0.1799267679452896,97.4334716796875,42.89020538330078,546.035400390625,633.2619018554688,"I see a 'turbo' button and a slider, but does this hairdryer offer multiple distinct heat and speed settings beyond just on/off and turbo?","Is this 'ione naturam' hairdryer considered a premium or professional-grade model, or is it more of a standard, basic hotel hairdryer?","Does the hotel provide any other styling attachments for this hairdryer, like a diffuser for curly hair, or just the concentrator nozzle shown?","Considering the visible 1200W power rating, how effective is this hairdryer for quickly drying thick or long hair?","Is the concentrator nozzle on this hairdryer fixed, or can it be rotated or removed for different styling techniques?","Since the brand is ""ione"", does this hairdryer have ionic technology to help with frizz and drying time?","I see a ""Turbo"" button, but are there multiple heat and speed settings to choose from?","Is this a powerful, full-sized hairdryer, or is it more of a compact, travel-sized model?","How powerful is it in terms of wattage, and is it suitable for drying thick or long hair efficiently?","The image shows a concentrator nozzle, but is a diffuser attachment also available for guests with curly hair?",Is this a handheld portable dryer or is it hardwired to the wall?,Does it offer multiple heat and speed settings?,Does it come with the concentrator nozzle attachment for precise styling?,"Does the ""ione"" branding indicate ionic technology to reduce frizz?","Is there a ""turbo"" or high-power mode for faster drying?"
image_73_jpg.rf.818dcd65ce3a7db6d2d639cedd7db043.jpg,hairdryer,0.1252127885818481,18.89474868774414,56.49480819702149,594.733154296875,639.7071533203125,Is this a traditional handheld hairdryer or the kind with a flexible hose that stays connected to the wall unit?,"Does this hairdryer offer multiple heat and speed settings, or is it a basic on/off model?",What is the approximate length of the flexible hose/cord for comfortable use at the mirror?,"Are there any styling attachments included, such as a concentrator nozzle or a diffuser?",Does this wall-mounted hairdryer provide sufficient power for efficient drying of different hair types?,"How powerful is this hairdryer? Is it a high-wattage model suitable for thick hair or a more basic, low-power one?","Does the hairdryer have multiple heat and speed settings, or is it just a single on/off function?","Given it's wall-mounted, how long is the coiled power cord when fully stretched out?","Is that a light on the wall-mount base, and does it function as a bathroom nightlight?","Does this hairdryer come with any attachments, such as a concentrator nozzle or a diffuser?","Is the hairdryer permanently wall-mounted, restricting usage to the bathroom area?","Does the compact size indicate lower power, or is it strong enough for thick hair?",Does the coiled cord stretch far enough to reach the mirror comfortably?,"Are there adjustable heat and speed settings, or is it a single-mode unit?",Does this model require holding down a button constantly to keep it running?
image_172_jpg.rf.d10436cde3de3de6ee99a7ae8091e539.jpg,hairdryer,0.3422451913356781,131.316650390625,62.074928283691406,410.8716125488281,634.7986450195312,Does this hairdryer offer multiple heat and speed settings for personalized styling?,"Does this model provide a strong airflow and quick drying time, or is it a lower-power option?","Are there any styling attachments, such as a concentrator nozzle or diffuser, included with the hairdryer?","Is the handle of the hairdryer foldable for more compact storage, or is it a fixed design?","How long is the power cord on this hairdryer, making sure it reaches comfortably to a bathroom mirror?",How powerful is this hairdryer; is it a high-wattage model suitable for thick hair?,"Does the hairdryer have multiple heat and speed settings, or just a single one?","Are there any attachments included in the bag, like a concentrator nozzle or a diffuser?","Is this a full-size hairdryer or is it a smaller, compact travel model?",Does this hairdryer have a cool shot button to help set hairstyles?,"Is the hairdryer a handheld, portable unit rather than being fixed to the bathroom wall?",Does the dryer look substantial enough to dry thick or long hair effectively?,Does the branded fabric bag suggest a higher quality of in-room amenities and cleanliness?,Is the hairdryer compact and lightweight enough for comfortable styling?,Does the unit feature a hanging loop on the cord for convenient storage?
image_172_jpg.rf.d10436cde3de3de6ee99a7ae8091e539.jpg,hairdryer,0.2998474836349487,129.70594787597656,63.6454963684082,410.701904296875,636.6024780273438,Does this hairdryer offer adjustable heat and speed settings for different hair types?,Does the hairdryer come with a concentrator nozzle or a diffuser for styling?,"Is this a powerful, salon-quality hairdryer, or a more basic model typical of hotels?",Is the hairdryer a compact travel-sized model or a full-sized one?,Is the power cord long enough to comfortably reach a mirror or an accessible outlet?,How powerful is this hairdryer? Is it a high-wattage model that would dry thick hair quickly?,"Does the hairdryer have multiple heat and speed settings, plus a cool shot button for styling?","Is this a full-size hairdryer or is it a smaller, compact travel model?","Does it come with any attachments, like a concentrator nozzle for smoothing or a diffuser for curls?","The bag is nicely branded, but what brand is the actual hairdryer? Is it a recognized professional or consumer brand?",Is the hairdryer a handheld portable model rather than a wall-mounted unit?,Does the compact size indicate it is lightweight and easy to handle?,"Does it appear to be a high-quality, powerful dryer suitable for styling thick hair?",Is there a hanging loop on the handle for convenient storage in the bathroom?,Does it offer adjustable heat and speed settings for different hair types?
image_119_jpg.rf.6de66f2558a1c952bbb78940f3a30f27.jpg,hairdryer,0.4286862909793854,135.67991638183594,25.46770095825196,475.700927734375,601.9693603515625,"Are there easily accessible heat and speed settings on this hairdryer, as they aren't visible on the handle?","Does this Salonia hairdryer come with any attachments, such as a concentrator nozzle or diffuser, for specific styling?",How powerful is this Salonia model for drying thick or long hair quickly and efficiently?,How lightweight and comfortable is this hairdryer to hold during longer styling sessions?,Is the power cord long enough for comfortable use around a typical hotel bathroom mirror and counter?,"Is this Salonia hairdryer powerful enough for long, thick hair, or is it a low-wattage travel model?","Does it have multiple heat and speed settings, including a cool shot button for styling?","Given its compact appearance, is the handle foldable to save space?",Does this hairdryer have modern features like ionic technology to reduce frizz?,"Are any attachments, like a concentrator nozzle or a diffuser, provided with it?",Is the hairdryer portable or attached to the wall?,Is this a high-quality brand like Salonia?,Is the handle foldable to save counter space?,Is it a compact travel dryer or a full-sized model?,Does it have adjustable heat and speed settings on the handle?
image_30_jpg.rf.0fc060fe054f272ddc11590f0cfb05e9.jpg,hairdryer,0.1473276764154434,121.79611206054688,15.939769744873049,514.521240234375,626.2380981445312,"Does the 'COLD' setting provide a genuinely cool blast to set a hairstyle, or is it just a reduced heat option?","Does this hairdryer come with any other attachments, specifically a diffuser, besides the concentrator nozzle visible?",Is the handle of this hairdryer foldable for more compact storage or to take up less space on a vanity?,"Given it's a Panasonic, what is the power output (wattage) of this hairdryer, and is it suitable for quick drying?","How long is the power cord for this hairdryer, and is it long enough to comfortably reach a mirror from an available outlet?","I see it has ""Turbo,"" ""Dry,"" and ""Cold""—does this model offer separate heat and fan speed settings?","Is this a compact, foldable travel dryer, or is it a more powerful, full-sized model?",What is the wattage of this hairdryer? I need to know if it's strong enough to dry thick hair quickly.?,"Does it come with any other attachments, like a diffuser for curly hair, or just the nozzle shown in the picture?","Since it looks like a portable unit, is the power cord long enough to comfortably reach the mirror from the outlet?",Is this a standard handheld dryer instead of a weak wall-mounted tube unit?,"Does the ""Turbo"" setting indicate high power for quick drying?",Does it include a cold air option to help set hair styles?,"Is the dryer a reputable brand like Panasonic, ensuring better quality than generic models?","Is this a compact, foldable model that saves counter space?"
image_157_jpg.rf.4799dd619d8175d1e581567ae0fadccb.jpg,hairdryer,0.1825654059648513,54.37824249267578,282.2378234863281,578.9107666015625,635.1874389648438,"How many heat and speed settings does this hairdryer offer, given the visible controls on the handle?","Does the hairdryer come with any other attachments, like a diffuser, besides the concentrator nozzle shown?","Is the 'TAIFF easy' model powerful enough for quick drying and styling, or is it more of a basic, lower-wattage hairdryer?","Does the handle fold for easier storage, or is it a fixed full-size model?","How long is the power cord, and does it swivel, making it comfortable to use at the mirror?",How many different heat and speed settings does this TAIFF hairdryer have?,"Is this a powerful, full-sized hairdryer, or is it a less powerful, compact travel model?",Does the hairdryer have a 'cool shot' button to help set a hairstyle?,I can see the concentrator nozzle; is a diffuser attachment for curly hair also provided?,"Given the ""TAIFF"" brand, is this a professional-grade model with features like ionic technology for reducing frizz?",Is the hairdryer a standard handheld model or is it fixed to the wall?,Does it include a concentrator nozzle attachment for styling?,Does this look like a professional-grade dryer suitable for thick hair?,Are there adjustable switches for different heat and speed settings?,Is the cord long enough to use comfortably in front of the mirror?
image_169_jpg.rf.3fe4ba3cb7f7a5e94ebb20632d5a33bb.jpg,hairdryer,0.1385091692209243,32.04374313354492,155.0518035888672,592.5848388671875,638.2843017578125,"Does this hairdryer offer multiple heat and speed settings, considering the visible buttons on the handle?","Given it has ""Tourmaline Ion Technology"", does it provide anti-frizz benefits or help with faster, healthier drying?","Is the concentrator nozzle the only styling attachment provided, or are there other options like a diffuser available?","What is the wattage of this Mondial Infinity Ion 2500 hairdryer, and is it powerful enough for thick or long hair?","Is this a full-sized hairdryer, or is it a more compact or foldable model suitable for easy packing?","The model says ""Infinity Ion 2500"" — is this a high-wattage hairdryer that's powerful enough for thick hair?","I can see switches on the handle; does it offer multiple heat and speed settings, plus a cool shot button?","It's labeled with ""Tourmaline Ion Technology""—is this an anti-frizz feature for a smoother finish?","The hairdryer has a concentrator nozzle attached, but is a diffuser attachment also available for curly hair?","Is this a standard, full-size hairdryer, or is it a more lightweight, compact travel model?","Is this a portable, full-sized unit rather than a fixed wall-mounted bathroom dryer?","Does the ""2500"" label indicate this is a high-wattage model suitable for drying thick hair quickly?",Does it feature tourmaline ion technology to help reduce frizz and protect hair?,Does the handle have separate switches to customize heat and speed settings?,Does the dryer come with the concentrator nozzle attachment shown for precision styling?
image_221_jpg.rf.23e255a055982864c4c13d38bbdb6896.jpg,hairdryer,0.1768224090337753,71.36015319824219,134.92050170898438,622.6260375976562,588.598388671875,"Given this is a Remington D3010, what specific power (wattage) and drying features does it have, such as ionic or ceramic technology?","Does this specific Remington model (D3010) offer multiple heat and speed settings, or a cool shot function?","Is the power cord of this hairdryer long enough for comfortable use at a bathroom mirror, or is it a shorter, compact travel type?","Are there any attachments, such as a concentrator nozzle or diffuser, provided with this hairdryer for specific styling purposes?","Is this a removable, handheld hairdryer stored in a wall holder, or is it permanently mounted and tethered to the wall, limiting its range?","Is this a full-size, high-power hairdryer or a more compact, travel-style model?","Does the hairdryer have multiple heat and speed settings, plus a cool shot button?",How long is the power cord? Is it long enough to reach a mirror easily?,"Since it looks like a Remington Pro, is it a recent, high-quality model or an older one?","Does it come with any other attachments, like a diffuser, besides the concentrator nozzle shown?","Is this a powerful, full-sized hairdryer capable of drying thick hair quickly?","Is the hairdryer hardwired to the wall rack, or can it be unplugged and moved?",Does it include the concentrator nozzle attachment for precise styling?,Is the cord long enough to reach a mirror comfortably?,Does this appear to be a high-quality brand name model rather than a generic hotel unit?
image_46_jpg.rf.e93d272311fc099941feef6611a7d6d3.jpg,hairdryer,0.1169138923287391,116.8777847290039,364.3359375,519.0567016601562,640.9240112304688,"Does the hairdryer offer separate temperature settings (e.g., cool shot, warm, hot) in addition to the visible HIGH and LOW speed options?","Is the hairdryer removable from its wall-mounted holder, and is the power cord long enough for comfortable use at a vanity or mirror?","Does this model come with any detachable styling accessories, such as a diffuser for curly hair, or is the visible concentrator nozzle fixed?","Assuming the ""W1500"" in the model name indicates 1500 watts, is this sufficient power for efficiently drying thick or long hair?",Does this hairdryer feature any advanced drying technologies like ionic or ceramic heating that help reduce frizz or improve hair health?,"Is the hairdryer tethered to that wall mount, or can I unplug it and use it at a different mirror in the room?",What is the wattage of this hairdryer? I need to know if it's powerful enough to dry long hair quickly.?,"I see the ""High"" and ""Low"" settings, but does this model also have a ""cool shot"" button for styling?",Does this hairdryer have any modern features like ionic or ceramic technology to reduce frizz?,"I see the built-in nozzle, but are any other attachments, like a diffuser for curly hair, provided?",Is the hairdryer portable or tethered to the wall mount?,"Does it offer multiple heat and speed settings like ""High"" and ""Low""?",Is this a standard handheld model or a typical low-wattage hotel unit?,Does it include a concentrator nozzle for precise styling?,Is the dryer powerful enough for drying long or thick hair quickly?
image_179_jpg.rf.dfcab6f34aac37fde9e8914a8d46e717.jpg,hairdryer,0.1517044156789779,2.944202423095703,63.17005157470703,637.6234130859375,636.7832641601562,"Since it's labeled '2400W Professional', does this model have multiple heat and speed settings to accommodate different hair types?","Does this hairdryer come with additional styling attachments, like a diffuser, besides the concentrator nozzle shown?",Is the flat iron seen next to the hairdryer also provided as part of the room's amenities?,"Is this a full-sized, powerful hairdryer, or a more compact model that would be easier to handle for everyday use?",Is the power cord long enough to comfortably reach from an outlet to the bathroom mirror without needing an extension?,"Given it's a ""2400W Professional"" model, is it powerful enough to dry thick hair quickly?","Does the hairdryer have a ""cool shot"" button for setting styles?",I see a concentrator nozzle; is a diffuser attachment for curly hair also provided?,Are both the hairdryer and the hair straightener standard amenities in the room?,"Does the hairdryer offer multiple heat and speed settings, or is it just a single high-power mode?",Does the room include a hair straightener so I don't need to pack my own?,Is the hairdryer a high-power professional model (2400W) suitable for fast drying?,Is the hairdryer a portable handheld unit rather than being attached to the wall?,Does the hairdryer come with a concentrator nozzle attachment for styling?,Are the grooming tools from a recognizable brand like Blaupunkt?
image_198_jpg.rf.29a9fb14446788a27b19b04e220c6e5d.jpg,hairdryer,0.2811053097248077,106.03679656982422,365.51361083984375,445.2978210449219,565.0317993164062,"Does this hairdryer have multiple heat and speed settings, or just a single basic function?","Given the ""1600W"" visible, is it powerful enough for drying thicker or longer hair efficiently?","Does the handle fold down for easier storage or is it a fixed, full-sized model?","Is the power cord a decent length for comfortable use at the bathroom mirror, or is it very short?","Does it come with any additional attachments, like a diffuser, besides the concentrator nozzle already visible?","Is this a powerful, high-wattage hairdryer, or is it a more basic, low-power model?","Does the red button just turn it on, or does the dryer have multiple heat and speed settings?",I see it has a concentrator nozzle attached; is a diffuser attachment also available in the room?,"Is this a full-sized hairdryer, or is it a more compact, travel-sized one?","Does this model have a ""cool shot"" feature to help set hairstyles?",Is this a standalone handheld dryer rather than a fixed wall-mounted unit?,Does it come with a concentrator nozzle attachment for precise styling?,Does it feature adjustable heat and speed settings on the handle?,"Is this a full-size, professional-grade model suitable for thick hair?",Does the cord appear sturdy and long enough to reach a mirror easily?
image_198_jpg.rf.29a9fb14446788a27b19b04e220c6e5d.jpg,hairdryer,0.1383716762065887,107.42448425292967,361.4703063964844,458.18701171875,635.2509155273438,Is the 1800W power of this hairdryer strong enough for efficient drying of thick or long hair?,"Does this hairdryer offer multiple heat and speed settings, or just a basic on/off function?","Besides the visible concentrator nozzle, does the hairdryer come with any other attachments, like a diffuser?","Is the power cord long enough to comfortably reach a mirror from the outlet, even if it's not immediately next to it?","Does this hairdryer feel like a lightweight and easy-to-handle model, or is it a bit bulky for daily use?","How many heat and speed settings does this hairdryer have, based on that red switch?","Is this a powerful, high-wattage model, or is it a basic, low-power travel dryer?","Does it come with any other attachments, like a diffuser for curly hair, or just the concentrator nozzle shown?","Is there a ""cool shot"" button on this hairdryer for setting a style?","Is this a compact, lightweight model or is it a heavier, full-sized one?",Is the hairdryer portable or is it hardwired to the bathroom wall?,"Does this look like a powerful, full-sized dryer rather than a weak compact version?",Does it come with a concentrator nozzle attachment for styling?,Are there adjustable settings for heat and speed on the handle?,Is the cord long enough to use comfortably in front of a mirror?
image_198_jpg.rf.29a9fb14446788a27b19b04e220c6e5d.jpg,hairdryer,0.116882100701332,106.3801727294922,370.712890625,377.4803161621094,563.2390747070312,"Does the hairdryer have multiple heat and speed settings, indicated by the visible red button, or is it a single-setting model?","Is the concentrator nozzle detachable, and are there any other attachments like a diffuser included?","What is the approximate wattage or power of this ""HAIRSCAPE 1000"" model, as its drying speed is important for me?","Is the power cord long enough to comfortably reach from typical bathroom outlets to the mirror, even when coiled like that?","Is this a full-sized hairdryer, or a more compact travel-friendly model, and does it fold for easier packing or storage?","How powerful is this ""Hairscape 1600"" model? Is it strong enough to dry thick hair efficiently?","Does this hairdryer have a cool shot button for setting styles, or just basic heat and speed settings?","Since it's not wall-mounted, is the power cord long enough to reach the bathroom mirror from a convenient outlet?",I see it has a concentrator nozzle attached; is a diffuser attachment also available for curly hair?,"Is this a basic hairdryer, or does it have any modern features like ionic technology to reduce frizz?","Is this a full-sized, salon-style dryer capable of drying long hair quickly?","Is the hairdryer portable so I can use it at a vanity, or is it tethered to the wall?",Does it include a concentrator nozzle attachment for smoother styling?,Are there adjustable heat and speed settings visible on the handle?,Is the cord long enough to reach a mirror comfortably?
image_13_jpg.rf.32bf2d0bc5caa4f74a07ed7554e02a41.jpg,hairdryer,0.1095287576317787,92.52356719970705,71.74986267089844,281.5773010253906,511.6055908203125,What exactly do the 'set' and 'turbo' options on the switch control in terms of heat and speed?,"How long is the coiled hose on this wall-mounted hairdryer, to determine its reach from the base to the mirror?",Does this hairdryer come with any attachments like a concentrator nozzle or diffuser for styling?,"Is this a high-wattage hairdryer that can dry long or thick hair quickly, or is it more of a basic, lower-powered model?",Is the handle of the hairdryer comfortable to grip and lightweight enough for easy maneuvering during use?,How powerful is the 'Turbo' setting; is it strong enough for someone with thick or long hair to dry it quickly?,Does this hairdryer have any advanced features like ionic technology to help reduce frizz?,"Since it is a wall-mounted unit, is the coiled cord long enough to comfortably reach the bathroom mirror for styling?",What is the difference between the 'Set' and 'Turbo' modes in terms of heat and speed?,"Does the hairdryer come with any attachments, such as a concentrator nozzle or a diffuser?","Does the hairdryer have a ""Turbo"" setting for faster drying?",Is there a cold air option available for setting hairstyles?,Is this a handheld portable unit rather than a fixed wall-mounted one?,"Does it offer a gentle ""set"" mode for styling control?",Does the appliance appear to be of higher quality than standard hotel dryers?
image_85_jpg.rf.893c2e91bd918ef63b40e1c64c73c2c9.jpg,hairdryer,0.305697351694107,102.84562683105467,176.4366455078125,432.4527587890625,458.2891845703125,Are there multiple heat and speed settings available on this hairdryer?,"Is this a compact, travel-friendly hairdryer, or a standard full-size model?","Beyond the visible concentrator nozzle, does it come with any other styling attachments, like a diffuser?","Does this Unix hairdryer provide strong airflow and quick drying, or is it a lower-powered basic model?","Is the white power cord long enough for comfortable use at a vanity or mirror, especially given the European plug type?","How many heat and speed settings does this hairdryer have, and is there a cool shot button for setting styles?",What is the wattage of this UNIX hairdryer to know if it's powerful enough for quick drying?,"Since a concentrator nozzle is shown, are other attachments like a diffuser also provided?","Is this considered a full-size hairdryer or is it a more compact, travel-sized model?",How long is the power cord? I need to know if it will comfortably reach the mirror from the outlet.?,Does the room accommodation include the hair straightener shown alongside the dryer?,"Is the hairdryer a portable unit I can use anywhere in the room, rather than being attached to the wall?",Does the dryer come with the concentrator nozzle attachment shown for precise styling?,"Is this a compact, foldable travel dryer or a full-sized model with higher power?",Do the switches on the handle allow for adjustable heat and speed settings?
image_82_jpg.rf.a29dbe798ea3500d618b7f734decaebc.jpg,hairdryer,0.2983596920967102,70.74150085449219,46.873779296875,426.9036254882813,636.6043090820312,This hairdryer shows an 'ion' function; does it also offer multiple heat and speed settings for diverse styling needs?,"Are any styling attachments, such as a concentrator nozzle or a diffuser, provided with this hairdryer?","Considering it's a Grundig 'Selection' model, how does its drying power compare to a typical hotel hairdryer – is it powerful enough for quick drying and styling?","Does this hairdryer feature a foldable handle, making it more compact for storage, or is it a fixed design?","Is the power cord of this hairdryer long enough to comfortably use it at a vanity or mirror, or does it require staying very close to the outlet?",What is the wattage of this hairdryer? I need to know if it's powerful enough to dry long hair quickly.?,"Since ""ION"" is visible on the barrel, can you confirm if this model has ionic technology to reduce frizz?","Does this hairdryer offer multiple heat and speed settings, including the ""Turbo"" function shown?","Is the silver button on the handle a ""cool shot"" feature for setting a hairstyle?","Does it come with any other attachments that aren't pictured, like a diffuser for curly hair?",Is this a portable hairdryer or is it attached to the bathroom wall?,Does the dryer offer high wattage (2000W) for fast drying?,Does it feature ionic technology to prevent frizz?,Is a concentrator nozzle included for precise styling?,Does it have adjustable heat and speed settings on the handle?
image_271_fp_jpg.rf.0e4e62afe686fa0001b7f2d47257705e.jpg,hairdryer,0.1118561252951622,246.4794006347656,26.202449798583984,410.516357421875,618.0846557617188,"Does this hairdryer offer multiple heat and speed settings for different hair types, or is it just a basic one-speed, one-heat option?","What is the wattage of this hairdryer, and does it seem powerful enough for quick drying?","Does it come with any styling attachments, such as a diffuser for curly hair or a concentrator nozzle?",Is the power cord long enough to comfortably reach an outlet from the vanity mirror without needing an extension?,"Is this a standard handheld hairdryer, or a wall-mounted model often found in hotel bathrooms?","Are Nespresso pods provided complimentary, and if so, how many are restocked daily?","Does this machine offer different pour sizes, like an espresso and a lungo?",Is a separate milk frother available for making lattes or cappuccinos?,"What type of pods does the machine use, the OriginalLine or the larger Vertuo pods?","Besides the Nespresso machine, is that a standard electric kettle for boiling water for tea?",Is this a genuine Nespresso machine that uses standard capsules?,Is a kettle also provided alongside the coffee maker?,Does the machine accommodate large mugs or just espresso cups?,Is this a high-end appliance indicative of a luxury room?,"Does the coffee maker appear to be a modern, well-maintained model?"
image_23_jpg.rf.b7395d244b718d2ef69840037e0b8a9f.jpg,hairdryer,0.1105253994464874,99.20223236083984,148.87551879882812,499.75384521484375,631.9067993164062,"Does this GAMA hairdryer offer multiple heat and speed settings for different hair types, or is it a single-setting model?",Is the coiled power cord long enough to comfortably reach the mirror or allow for flexible styling in the bathroom?,"Does this hairdryer include any styling attachments, such as a concentrator nozzle or a diffuser?","Does this GAMA model offer strong airflow and quick drying performance, or is it more of a basic, lower-power unit?","Is this hairdryer relatively quiet during operation, or does it produce a high level of noise?","How powerful is this hairdryer, or is it a low-wattage, basic hotel model?","Does this hairdryer offer multiple heat and speed settings, or just a single on/off switch?",How long is the coiled power cord when stretched out?,"Is there a ""cool shot"" button for setting hair styles?","Does the hairdryer come with any attachments, like a diffuser or a concentrator nozzle?","Is the hairdryer permanently wall-mounted, or can it be moved around the room?",Does the coiled cord stretch far enough to reach the mirror comfortably?,Is the GAMA brand dryer powerful enough to dry thick hair quickly?,"Does it offer multiple heat and speed settings, or just a single mode?","Is this a basic hotel unit, or should I pack my own for better styling results?"
image_126_jpg.rf.351a777844b804d2a48127d84a813661.jpg,hairdryer,0.1363690495491027,224.41896057128903,161.9575653076172,586.0009155273438,644.9175415039062,Are the two USB charging ports on the hairdryer's base functional and powerful enough to quickly charge modern devices?,"What is the wattage of this hairdryer, and does it provide strong enough airflow and heat to efficiently dry longer or thicker hair?","Does this hairdryer offer adjustable heat and speed settings, or is it a basic model with only one setting?","Since it's a wall-mounted model, is the coiled cord long enough to allow for comfortable styling and reach different mirror angles in the bathroom?","Does this hairdryer come with any styling attachments, like a concentrator nozzle, or use ionic/ceramic technology for smoother results?",What is the wattage of this hairdryer to know if it's powerful enough for thick hair?,"Does this hairdryer offer multiple heat and speed settings, or is it just a single setting?",Are the USB ports on the wall mount active for charging phones at all times?,"Does this hairdryer come with any attachments, like a concentrator nozzle for styling?","How long is the coiled cord when fully stretched, to make sure it can reach the mirror easily?","Is this wall-mounted dryer powerful enough for styling, or is it a basic low-power model?",Does the coiled cord stretch far enough to reach the mirror easily?,Are the USB ports on the mounting base functional for charging devices?,Does the dryer require me to hold a button down constantly to keep it running?,"Does it offer adjustable heat and speed settings, or is there only one mode?"
image_39_jpg.rf.1a290a9da392a913afc0080c4df5e187.jpg,hairdryer,0.1686639338731765,5.978355407714844,79.8250961303711,591.9254150390625,637.7501831054688,"Given the 'ion' and 'ceramic' labeling, what specific heat and speed settings does this hairdryer offer?","Does this hairdryer come with any styling attachments like a diffuser, in addition to the visible concentrator nozzle?","Based on the coiled appearance, is the power cord long enough for flexible use around different parts of the bathroom mirror?","Is this a lightweight, compact hairdryer for travel, or a more robust, full-sized model for thorough drying?","Considering it's a Taiff brand with Tourmaline Ceramic Ion technology, does this indicate a higher quality or faster drying performance than a standard hotel hairdryer?","Judging by the ""TAIFF"" brand, is this a high-wattage, professional-quality hairdryer?","Does this hairdryer offer multiple heat and speed settings, and does it include a cool shot button?",Does it come with a concentrator nozzle attachment for styling or a diffuser for curly hair?,"The barrel mentions ""Tourmaline Ion"" technology; is this feature effective at reducing frizz?",How long is the power cord? I want to make sure it can comfortably reach the mirror from the outlet.?,Is this a professional-grade hairdryer capable of drying thick hair quickly?,"Does the unit feature ionic technology to reduce frizz, as indicated on the label?",Is the hairdryer a portable handheld model rather than a fixed wall-mounted unit?,Does the cord have enough length to reach the mirror comfortably?,Does it offer adjustable heat and speed settings for different styling needs?
image_189_jpg.rf.ccdc4f2fa16335dca3133bdb6b2d88cb.jpg,hairdryer,0.1980234384536743,133.7899169921875,108.64849090576172,599.51708984375,635.1093139648438,"Are there multiple heat and speed settings on this hairdryer, and does it include a cool shot button?","Does this hairdryer come with any styling attachments, such as a concentrator nozzle or a diffuser?","Is this considered a powerful, full-size hairdryer suitable for quick drying, or is it a more basic, lower-wattage model?","How long is the power cord for this hairdryer, and is it flexible enough to use comfortably at a distance from the outlet?","Is this Koenic hairdryer a durable, high-quality model, or is it more of a standard, budget-friendly option?","Does this hairdryer have multiple heat and speed settings, plus a cool shot button for styling?",What is the wattage? I need to know if it's powerful enough to dry thick hair quickly.?,"Is this a full-size hairdryer or a more compact, travel-sized model?","Does it come with any attachments, like a concentrator nozzle or a diffuser?",How long is the power cord? I'm wondering if it will reach the mirror comfortably.?,Is this a portable hairdryer that allows me to dry my hair away from the bathroom wall?,Does it look powerful enough to handle thick or long hair efficiently?,Do the switches on the handle offer multiple heat and speed settings?,"Is a concentrator nozzle included for styling, or is the tip just open?",Is this a quality consumer brand model instead of a standard low-power hotel dryer?
image_102_jpg.rf.e3ff3ffec13f854b65223d728912a53d.jpg,hairdryer,0.2146227210760116,125.86744689941406,137.72607421875,631.9878540039062,640.7156982421875,What does the 'CARE' setting on this Panasonic hairdryer specifically do for hair compared to the 'TURBO' setting?,Does this Panasonic hairdryer include a concentrator nozzle or diffuser attachment for styling?,"Considering it's a Panasonic, is this a powerful model designed for efficient, quick drying, or a more basic one for occasional use?",Is the power cord on this hairdryer long enough to comfortably reach outlets positioned away from the mirror area?,"Is this a full-sized hairdryer, or is it a compact/travel-friendly model, and how easily can it be stored in the bathroom?",What is the wattage of this Panasonic hairdryer to know how powerful it is?,"Is this a full-sized hairdryer, or is it a more compact travel model?",Does the 'Care' setting visible on the switch refer to a lower heat or a slower speed compared to 'Turbo'?,"Does the hairdryer come with any additional attachments, such as a diffuser for curly hair?","Is the 'Cold' option a lock-in setting on the switch, or is there also a separate 'cool shot' button for setting styles?",Is this a standalone handheld model rather than a weak wall-mounted unit?,"Does it feature multiple settings like ""Turbo"" for speed or ""Cold"" for styling?",Is it a recognizable brand name like Panasonic known for better quality?,"Does the ""Care"" setting offer a gentler airflow to protect hair from heat damage?",Is the design compact or foldable for easy handling while getting ready?
image_98_jpg.rf.1627fe0d93bfea7199628dcf80dc7e15.jpg,hairdryer,0.3195865750312805,78.9377212524414,174.29244995117188,537.912109375,633.956787109375,Does this hairdryer offer multiple heat and speed settings to choose from?,"Is the concentrator nozzle visible the only attachment provided, or are there others like a diffuser?","Does this hairdryer provide strong airflow for quick drying, or is it more of a basic, lower-powered model?","How long is the power cord, especially for comfortable use if the outlet isn't right next to the mirror?","Does the hairdryer feel sturdy and comfortable to hold, or does it seem like a lightweight, travel-style unit?","Is this a compact travel-sized hairdryer or a more powerful, full-sized model?",What is the wattage? I need to know if it's strong enough to dry thick hair efficiently.?,"Does the hairdryer offer multiple heat and speed settings, or does it just have a single on/off function?","I can see the concentrator nozzle, but is a diffuser attachment for curly hair also provided or available on request?","Given the two-pin plug shown, will I need to bring my own power adapter if traveling from the US or UK?",Is the hairdryer portable rather than fixed to the bathroom wall?,Does it include a concentrator nozzle attachment for styling?,"Is this a powerful, full-sized dryer or a weaker travel version?",Does it offer adjustable heat and speed settings?,Is the cord long enough to reach a mirror comfortably?
image_149_jpg.rf.0a7c59d9295c5ec989dfa13faccc742f.jpg,hairdryer,0.1055843159556388,113.04605102539062,143.56507873535156,581.4356689453125,526.5009765625,"Given the visible switch with three positions, does this hairdryer offer multiple heat and speed settings, or is it just different fan speeds?","With 'TURBODRY 1200' printed on it, does the 1200 indicate sufficient wattage for quick drying, especially for long or thick hair?",Does this model come with any attachments like a concentrator nozzle for styling or a diffuser for curly hair?,"Does this hairdryer have a foldable handle for easier storage, making it compact and convenient for travel?","Is the power cord long enough to comfortably reach a mirror from the nearest outlet, or is it a short travel-style cord?","Is this 1200-watt model powerful enough for thick hair, or is it a more basic, low-power travel dryer?","Looking at the switch, how many heat and speed settings does this hairdryer have, and is there a cool shot button?",Does this hairdryer have a foldable handle to save space in luggage?,"Does this model come with any attachments, like a concentrator nozzle for styling or a diffuser for curly hair?",Is this a dual-voltage hairdryer that would work for an international traveler?,Is the 1200-watt power output sufficient for drying heavy or long hair quickly?,"Does it feature multiple heat settings or just the ""Turbo"" mode shown on the label?",Is the handle designed to fold down to save space on the vanity?,Is this a portable handheld dryer rather than a restrictive wall-mounted one?,"Does it come with a concentrator nozzle for styling, as none is attached in the photo?"
image_149_jpg.rf.0a7c59d9295c5ec989dfa13faccc742f.jpg,hairdryer,0.3996227383613586,5.133323669433594,141.2216339111328,573.4387817382812,534.9378051757812,"Does the 'TURBODRY 1200' model offer multiple heat and speed settings, or just on/off?","Is this hairdryer a compact travel-sized model that folds for storage, or a standard rigid design?","With 'TURBODRY 1200' visible, does 1200 watts provide sufficient power for quick drying, especially for those with long or thick hair?",Does this hairdryer come with any styling attachments like a concentrator nozzle or diffuser?,Is the power cord long enough to comfortably reach a bathroom mirror from a standard outlet?,"Since it's a ""TURBODRY 1200"" model, what is the actual wattage and is it powerful enough for thick hair?","Looking at the small switch on the handle, what are the exact heat and speed settings it offers?",Does this compact-looking hairdryer have a folding handle for easier storage in a small bathroom?,"Are any attachments provided with the hairdryer, such as a concentrator nozzle for styling?",Does this model include any modern features like a cool shot button or ionic technology to reduce frizz?,Is the 1200-watt power output sufficient for drying long or thick hair quickly?,Is this a compact travel dryer or a standard full-sized model?,Does the handle offer adjustable heat and speed settings?,Is the hairdryer portable so I can use it comfortably near a mirror?,Does the foldable design indicate it is easy to store and handle?
image_149_jpg.rf.0a7c59d9295c5ec989dfa13faccc742f.jpg,hairdryer,0.1264064162969589,4.770030975341797,398.2849426269531,499.2876586914063,543.036865234375,"Based on the visible switches, does this hairdryer offer multiple heat and speed settings, or just a basic on/off function?","Does the hairdryer appear to be powerful enough for effective and quick drying, or is it a low-power travel model?","Given its compact appearance and color, is this a full-sized hairdryer suitable for daily styling, or a smaller, more basic travel model?",Does this hairdryer come with any styling attachments like a concentrator nozzle or diffuser?,"Is the power cord long enough to reach the bathroom mirror comfortably, and is the hanging loop practical for storage?","Does the handle fold, making this a compact, travel-sized dryer?",What do the 'SET' and 'TURBO' settings on the switch control—are they for different heat levels or fan speeds?,"How powerful is this hairdryer in terms of wattage, and is it suitable for drying long or thick hair quickly?","Does this hairdryer come with any attachments, such as a concentrator nozzle for styling or a diffuser?","Is the 'COOL' option a continuous cool airflow setting, or is there a separate 'cool shot' button to help set a style?",Is this a compact travel dryer or a full-sized model?,Does the handle fold down to save space on the counter?,"Does it feature multiple heat or ""Turbo"" speed settings?",Is the hairdryer portable or is it permanently hardwired to the wall?,Does it have a hanging loop for convenient storage?
image_135_jpg.rf.2b354ab2ab466592db5d2e93f1c3a082.jpg,hairdryer,0.1754622012376785,17.14202880859375,3.542194366455078,558.8739013671875,639.5858764648438,How many distinct heat and speed settings can be selected using the switches visible on the handle?,"Does this specific model only come with the concentrator nozzle shown, or are other styling attachments like a diffuser also provided?","How practical is the coiled power cord for comfortable movement and reaching an outlet, especially if it's not right next to the mirror?","Is 'BLACK MAMBO by Aised Germany' a recognized brand for high-performance or salon-quality hairdryers, suggesting good drying power and durability?","What is the approximate weight of this hairdryer, and does its design suggest it's comfortable to hold for longer styling sessions?","Is this 'Black Mambo' model a high-wattage, professional-style dryer, or more of a standard, low-power hotel version?","Does the hairdryer have separate controls for multiple heat and speed settings, plus a cool shot button?",I see it has a concentrator nozzle; is a diffuser attachment also provided for curly hair?,"Is the coiled cord long enough to comfortably use the dryer at the vanity, or is it restrictive?","Given the modern look, is this an ionic hairdryer designed to reduce frizz?",Is this a professional-grade dryer powerful enough for thick or long hair?,Does the coiled cord stretch far enough to reach the mirror comfortably?,Does it feature multiple heat and speed settings for controlled styling?,"Is the dryer hard-wired to the bathroom wall, or can it be unplugged and used elsewhere?",Does the concentrator nozzle attachment shown come standard with the room?
image_135_jpg.rf.2b354ab2ab466592db5d2e93f1c3a082.jpg,hairdryer,0.2534880042076111,213.91665649414065,83.8717269897461,552.48876953125,623.047607421875,"Does this hairdryer offer multiple heat and speed settings, or just one basic option?","Since it's a 'BLACK MAMBO by ALISEO GERMANY' model, can I expect it to be a powerful, professional-grade hairdryer rather than a weaker, standard hotel one?","Beyond the visible concentrator nozzle, does this hairdryer come with a diffuser attachment for curly hair?","Is the coiled power cord long enough to reach comfortably from an outlet to the bathroom mirror, or will I be restricted to a very close proximity?","Does the visible hanging loop mean it can be conveniently stored on a hook, keeping the vanity countertop clear, or is it typically left out?",What is the wattage of this hairdryer? I need to know if it's powerful enough to dry thick hair quickly.?,"Does this hairdryer have separate controls for multiple heat and speed settings, or just a single switch?",I see it has a concentrator nozzle; is a diffuser attachment also provided for curly hair?,"Is the coiled cord attached to a wall-mounted base, or is this a portable dryer I can use at the vanity?","Does the silver button on the top of the body function as a ""cool shot"" button for setting a style?",Does the hairdryer have multiple heat and speed settings?,"Is the ""Black Mambo"" model powerful enough to dry thick hair quickly?",Does the coiled cord stretch far enough to reach the mirror comfortably?,Is the concentrator nozzle attachment removable?,Is the hairdryer hardwired to the wall or can it be plugged in anywhere in the room?
image_41_jpg.rf.7dcdacab192420b6c654e2d5c36025ba.jpg,hairdryer,0.1216818541288375,105.23316955566406,16.090354919433594,544.2285766601562,639.9735107421875,"Given its sleek design, does this hairdryer feature advanced technologies like ionic or ceramic heating for less frizz and faster drying?","Is the hairdryer also from the Salonia brand, suggesting a higher quality or professional-grade styling tool?","Does the hairdryer come with any attachments, such as a concentrator nozzle for precision styling or a diffuser?","From its compact appearance, is this hairdryer lightweight and easy to handle for extended styling?",Can guests expect multiple heat and speed settings on this hairdryer for customized drying?,"Since the image shows a full set, are the Salonia hair straightener and curling iron also provided in the room?","Looking at the modern design of the hairdryer, does it have any advanced features like ionic technology for faster drying or frizz reduction?","Does the hairdryer have multiple heat and speed settings, or is it a single-setting model?","For the hair straightener and curling iron, do they have adjustable temperature controls?","Does the hairdryer come with any attachments, such as a concentrator nozzle or a diffuser?",Does the accommodation include the styling iron shown alongside the hairdryer?,Is the hairdryer a high-performance or salon-grade model?,Is the dryer portable so I can use it anywhere in the room?,Does the hairdryer have adjustable heat and speed settings?,Are these specific premium amenities guaranteed in the room type I am booking?
image_67_jpg.rf.25db84bf014ec6d91e485e6854068c88.jpg,hairdryer,0.1469309628009796,2.937335968017578,36.12651824951172,528.996826171875,559.220947265625,"Beyond the visible 'TURBO', 'SET', and 'COOL' settings, does this hairdryer offer multiple heat and speed options for different styling needs?","Is this a full-sized hairdryer, or does the handle fold for more compact storage, making it suitable for smaller spaces?","Does this Tescom 'naturam' model include any advanced features, such as ionic technology for frizz reduction or faster drying?","Are there any attachments provided with the hairdryer, like a concentrator nozzle for precision styling or a diffuser for curly hair?","Is the power cord a practical length for comfortable use at a bathroom mirror, and is the plug compatible with the hotel's standard outlets?","Looking at the switch, does this hairdryer offer multiple heat and speed settings beyond just ""on"" and ""off,"" like a cool shot or turbo mode?","Is this a high-wattage model, or is it a more compact, low-power travel dryer?","Does the hairdryer come with any attachments, like a concentrator nozzle for styling or a diffuser?","Does the ""naturam"" branding indicate any special features, such as ionic technology for reducing frizz?",Is the power cord long enough to comfortably use the hairdryer in front of the main bathroom mirror?,"Is the hairdryer portable so I can move it freely, or is it attached to the wall?",Does it look like a compact travel dryer or a full-sized model with strong airflow?,"Are there multiple settings available, such as a ""cool"" mode or turbo speed?",Is the handle foldable to save space on the bathroom counter?,Does the cord appear long enough to reach the nearest mirror?
image_218_jpg.rf.d0589163d6378b2e47f4136657929466.jpg,hairdryer,0.1814950555562973,198.5040435791016,117.60153198242188,639.9694213867188,485.8409118652344,Do the red buttons on this Remington hairdryer indicate multiple heat and speed settings?,Does this hairdryer come with a diffuser or any other styling attachments besides the visible concentrator nozzle?,"Is this a powerful, quick-drying model suitable for all hair types, or a standard basic hairdryer?","Is this a lightweight, easy-to-handle hairdryer, or is it a heavier, more professional-grade model?",Is the power cord on this hairdryer long enough to comfortably reach a mirror or an ideal styling spot in the bathroom?,"Does this hairdryer offer multiple heat and speed settings, including a cool shot function?","Given it's a Remington, is this a high-wattage model for quick drying or a more basic, standard-power one?",I see the concentrator nozzle is attached; is a diffuser attachment also provided for guests?,"Since this appears to be a full-size dryer, is there a dedicated wall mount for it or does it take up counter space?",Is the power cord long enough to comfortably reach from the outlet to in front of the mirror?,Is the hairdryer a standalone handheld model rather than a fixed wall-mounted unit?,"Is this a recognizable brand-name dryer, like Remington, that implies reliable quality?",Does it have adjustable switches for different heat and speed settings?,Does the dryer come with a concentrator nozzle attachment for precise styling?,Is this a full-sized appliance powerful enough to dry thick hair quickly?
image_218_jpg.rf.d0589163d6378b2e47f4136657929466.jpg,hairdryer,0.1116594225168228,199.14089965820312,120.24555206298828,403.4769287109375,478.240234375,"Do the red switches on the handle indicate multiple heat and speed settings, and if so, how many levels are available?","Does this Remington hairdryer come with any additional attachments, like a diffuser for curly hair, or just the standard concentrator nozzle shown?","What is the approximate wattage or drying power of this hairdryer, or is it considered a high-performance model for quick drying?","Given its apparent size, is this hairdryer lightweight and easy to handle for extended styling, or is it a heavier, more robust model?","Is the power cord long enough to comfortably reach a vanity mirror, or is its use limited to outlets directly next to the sink?",What is the wattage of this Remington hairdryer?,Does this dryer have separate controls for multiple heat and speed settings?,Is this a compact travel-sized dryer or a full-sized model?,"Besides the concentrator nozzle shown, is a diffuser attachment also provided?",Does this model have a 'cool shot' button for setting hairstyles?,Is the hairdryer a portable handheld unit rather than a restrictive wall-mounted one?,Is it a recognizable brand like Remington known for reliable quality?,Does it come with a concentrator nozzle attachment for precise styling?,Does the dryer appear to be full-sized and powerful enough for thick hair?,Are there adjustable switches for different heat and speed settings?
image_218_jpg.rf.d0589163d6378b2e47f4136657929466.jpg,hairdryer,0.1034389585256576,355.7772827148437,211.43638610839844,638.3422241210938,471.1974487304688,How many distinct heat and speed settings are available on those visible red slider switches?,"Is this a full-sized, powerful hairdryer suitable for styling, or more of a compact model for basic drying?","Does it come with any additional attachments beyond the concentrator nozzle visible at the front, such as a diffuser?","What is the approximate length of the power cord, and is it conveniently located near a mirror and power outlet?","Does the hairdryer appear to be a newer model, or an older one that might have reduced performance or cleanliness issues?","How many different heat and speed settings does this hairdryer have, and does it include a cool shot button?",What is the wattage of this hairdryer to know if it's powerful enough for quick drying?,"I see it has a concentrator nozzle, but is a diffuser attachment also provided for curly hair?","Is this a full-size hairdryer or is it a more compact, travel-sized model?",Does this model have modern features like ionic or ceramic technology to help reduce frizz?,Is this a handheld hairdryer rather than a fixed wall-mounted unit?,Does the dryer feature multiple heat and speed settings on the handle?,Is a concentrator nozzle attachment included for precise styling?,"Is this a recognizable consumer brand, such as Remington, indicating professional quality?",Does the hairdryer have a hanging loop for convenient storage?
image_38_jpg.rf.f992f64b13efceca765b8b26fb53fddb.jpg,hairdryer,0.1539533287286758,418.74603271484375,165.33688354492188,580.510009765625,564.1646118164062,Is this hairdryer a wall-mounted model or a standard handheld unit?,Does the hairdryer appear to have multiple heat and speed settings?,How powerful does this hairdryer seem for efficient drying?,Is there an obvious cool shot button visible on the hairdryer for setting styles?,"Does the design suggest it might come with any styling attachments, such as a diffuser or concentrator?","I am sorry, but the image provided is of a bathroom faucet, not a hairdryer. Therefore, I cannot generate relevant questions about a hairdryer based on this specific image.?",Does the hairdryer appear modern and well-maintained?,What features does the hairdryer include?,Is the hairdryer user-friendly?,Would this hairdryer meet your accommodation needs?,Is the hairdryer wall-mounted to save space on the vanity?,Does the shiny chrome finish suggest the appliance is modern and well-maintained?,Is the unit compact enough to leave room for personal toiletries?,Does the design look sturdy and high-quality?,"Is the device easy to operate with simple, visible controls?"
image_38_jpg.rf.f992f64b13efceca765b8b26fb53fddb.jpg,hairdryer,0.3406619429588318,2.6388931274414062,126.49919128417967,378.966064453125,578.755859375,What is the overall quality of the hairdryer?,Does the hairdryer have modern features?,Is the hairdryer area well-maintained?,What amenities are included?,Would this hairdryer meet expectations?,"Is this a full-size, powerful hairdryer or a more compact, travel-style model?","Does the hairdryer have multiple heat and speed settings, including a cool shot button?",What is the wattage of this hairdryer to gauge its drying power?,"Does it come with any attachments, like a concentrator nozzle for styling?","How long is the power cord, and is the outlet located conveniently next to a mirror?",Is the hairdryer portable or hardwired to the bathroom wall?,Is this a full-sized unit or a compact travel dryer?,Does it have adjustable heat and speed settings?,Does it come with a styling nozzle attachment?,Is the cord long enough to use comfortably?
image_93_jpg.rf.1bd27da69fc492fb9605a9b55f013122.jpg,hairdryer,0.3809221982955932,92.32804870605467,6.169700622558594,637.15771484375,637.8587036132812,"Are there separate controls for heat and speed settings, or do the visible '1' and '2' switches combine them?","Given it's a Valera brand, is this a professional-grade or more of a standard hotel hairdryer in terms of power and performance?",Does this hairdryer come with any attachments like a diffuser or concentrator nozzle for styling?,"Is this a full-sized hairdryer, or a more compact travel-style model?","Is the red button visible underneath the barrel a 'cool shot' function, or does it serve another purpose?","Are the '1' and '2' settings on the handle for different speeds, or do they also control the heat level?","Is this hairdryer fixed to a wall mount, or is it a portable model with a cord long enough to reach a vanity mirror?","Given this is a compact Valera model, what is its wattage? Is it powerful enough to dry thick hair quickly?",Is the small red button a 'cool shot' feature for a blast of cold air to set a style?,"Does the hairdryer come with any attachments, specifically a concentrator nozzle for styling?",Is the hairdryer permanently wall-mounted or can I use it elsewhere in the room?,Does it offer adjustable heat and speed settings?,Is this a low-power compact dryer or does it have professional strength?,Do I have to hold down a safety button continuously to keep it running?,Does it come with a nozzle attachment for precise styling?
image_93_jpg.rf.1bd27da69fc492fb9605a9b55f013122.jpg,hairdryer,0.1294015049934387,88.93707275390625,17.19003677368164,638.0111694335938,418.32763671875,"Does the slider indicate two speed settings, or are there also multiple heat options available?","Given it's a Valera hairdryer, does this model provide salon-level power or is it more of a basic hotel type?",What's the purpose of the red button visible on the underside – is it a cool shot function or a safety switch?,"Does this hairdryer come with any attachments, like a concentrator nozzle or a diffuser, for styling?",Does the handle fold for easier storage or is it a fixed-body design?,"Since the switch only shows ""1"" and ""2"", are there separate controls for heat and fan speed?",How powerful is this hairdryer; what is its wattage?,Does this model have a cool shot button to help set a style?,"Is this a compact, travel-sized dryer, or is it a full-sized model?","Does the hairdryer come with any attachments, like a concentrator nozzle or a diffuser?",Is the hairdryer wall-mounted or can I move it freely to a mirror?,Does it offer adjustable heat and speed settings for styling control?,Is this Valera model powerful enough to dry thick hair quickly?,Do I have to hold a safety button down continuously to keep it running?,Is the nozzle shape suitable for precision styling or just general drying?
image_183_jpg.rf.96a2a90576363f3ded7c801f6c561d75.jpg,hairdryer,0.2664172649383545,23.344268798828125,99.41638946533205,563.244384765625,443.5380554199219,"Does this hairdryer have multiple heat and speed settings, or is it a basic single-setting model?","Is this a compact, travel-style hairdryer, or does it offer the power and features of a full-sized model?","From its appearance, is this hairdryer considered a high-power model for efficient drying, or more of a standard, lower-wattage option?","Does the hairdryer come with any styling attachments, such as a concentrator nozzle or a diffuser, since none are visible?","The plug appears to be a European two-pin type; is this hotel located in a region that uses this standard, or will international guests need an adapter?","How powerful is this hairdryer? Is it a basic, low-wattage travel model or is it strong enough for long, thick hair?","Does this hairdryer have multiple heat and speed settings, or just a single on/off function?","I see a UNIX hair straightener in the basket; is a straightener standard in the room, or only the hairdryer?",Are any attachments like a concentrator nozzle or a diffuser provided with this hairdryer?,"Given its compact appearance, is the handle on this hairdryer foldable for easier storage?",Does the room include a hair straightener in addition to the standard hairdryer?,Is the hairdryer portable rather than being fixed to the bathroom wall?,Is this a compact travel dryer or a more powerful full-sized model?,Do the styling tools have long enough cords to reach a mirror easily?,Does the hairdryer offer multiple heat and speed settings?
image_168_jpg.rf.2f6853b97ee45acd179c14020c5262c1.jpg,hairdryer,0.1190390810370445,42.21773147583008,11.080951690673828,634.0413818359375,544.427490234375,"Given the ""Eleganza Plus Ceramic Ion"" branding, does this hairdryer offer specific benefits for hair health, like reducing frizz or adding shine?","How many heat and speed settings does this hairdryer have, as indicated by the switches on the handle?","Is the included concentrator nozzle the only attachment, or are there other styling tools like a diffuser available?","What is the approximate length of the power cord, and is the European two-pin plug compatible with all outlets in the room?","Considering it's a 2100W model, is this a heavy, full-sized hairdryer, or is it lightweight enough for comfortable prolonged use?","Since it's a 2100W model, is it powerful enough to dry long or thick hair quickly?","I see it has a concentrator nozzle, but is a diffuser attachment also provided for curly hair?","The brand suggests good quality; does the hairdryer have a ""cool shot"" button for setting a hairstyle?","Is this a full-sized hairdryer, or is it a smaller, compact travel model?",Is the power cord long enough to reach the mirror comfortably from the outlet?,Is the 2100W wattage powerful enough to dry thick hair quickly?,"Does the ""Ceramic Ion"" feature help reduce frizz compared to standard hotel dryers?","Is this a portable unit that allows me to use it at a vanity, rather than being fixed to the bathroom wall?",Does it include the concentrator nozzle attachment for precise styling?,Does it offer adjustable switches for different heat and speed settings?
image_58_jpg.rf.1d685ca5d4fd289fcd56501c28edd853.jpg,hairdryer,0.1750039905309677,265.1601867675781,147.18121337890625,488.0904846191406,632.9320678710938,"Given it's an ""Easy Dryer"" model, does it offer more than just one heat and speed setting, or is it a basic on/off?","How quickly does this wall-mounted hairdryer typically dry hair, especially for longer or thicker hair types?","How far can the handheld part of this wall-mounted hairdryer comfortably reach from its base, considering the coiled cord?","Does this hairdryer come with any attachments, like a concentrator nozzle or a diffuser, to assist with styling?","The hairdryer says ""ION"" – does this mean it's designed to reduce frizz and static, making it a better choice for hair health compared to standard models?",What is the wattage of this hairdryer? I'm wondering if it's powerful enough for thick hair.?,"Does this hairdryer have separate settings for heat and speed, or is it just a single setting?",The side of the dryer says 'ION' - does it have an ionic feature to help reduce frizz?,Is there a 'cool shot' button for setting a hairstyle?,How long is the coiled cord when fully stretched out?,"Is the hairdryer wall-mounted, limiting where I can stand while drying my hair?","Does the ""ION"" label indicate it has ionic technology to help reduce frizz?",Does the coiled cord extend far enough to reach the mirror comfortably?,"Is this a basic, low-power model or does it offer professional-grade airflow?",Does the handle include adjustable heat and speed settings?
image_141_jpg.rf.17837d546911dbca46ae994d663c4ab8.jpg,hairdryer,0.1425652801990509,281.9812316894531,139.3464813232422,640.4153442382812,470.82220458984375,"Given the visible 0, 1, 2 settings on the handle, does this hairdryer offer multiple heat and speed options, or is it a simple two-setting model?","Considering its compact size, how powerful is this hairdryer for someone with thick or long hair?","Does this hairdryer come with any additional attachments beyond the fixed concentrator nozzle, such as a diffuser for curly hair?","Is the power cord on this hairdryer long enough for comfortable use, especially if the outlet isn't right next to the mirror?","Does this appear to be a standard hotel room hairdryer, or is it a more powerful, professional-grade model suitable for specific styling needs?","How powerful is this dryer? Is it a high-wattage model or a more basic, low-power travel version?","I see a '1' and '2' on the switch; are those for different heat settings, fan speeds, or a combination?","Is this a compact, travel-size model with a foldable handle, or is it a fixed, full-size dryer?","It has a concentrator nozzle attached, but does it also come with a diffuser attachment?",What is the length of the power cord? Is it long enough to reach a mirror from the outlet easily?,Is this a portable handheld unit rather than a wall-mounted fixture?,Does it have adjustable speed and heat settings?,Is this a full-sized dryer or a compact travel model?,Does it include a concentrator nozzle for styling?,Does the cord look robust and long enough to reach a mirror?
image_141_jpg.rf.17837d546911dbca46ae994d663c4ab8.jpg,hairdryer,0.1004054769873619,418.20068359375,160.5181121826172,639.0436401367188,431.2896728515625,"Looking at the visible switch with settings 0, 1, and 2, does this hairdryer offer different heat or speed options?","Is this a standard portable hairdryer that can be moved around the room, or is it fixed to the wall?","What is the wattage of this hairdryer, and is it powerful enough for drying thicker or longer hair quickly?","Does this hairdryer come with any styling attachments, such as a concentrator nozzle or diffuser?","Given its apparent size, is this a full-sized hairdryer or a more compact, travel-style model?","Given the folding handle, is this a compact, low-power travel dryer or is it a full-strength model?",What is the wattage of this hairdryer to know if it's powerful enough for thick hair?,"Does the switch with '0, 1, 2' settings control both heat and speed, and does it include a cool air option?","Is a diffuser attachment available for this hairdryer, or only the standard concentrator nozzle?",Is the power cord long enough to comfortably use the hairdryer in front of the bathroom mirror?,Is this a portable handheld dryer rather than a fixed wall-mounted unit?,"Does it offer adjustable speed and heat settings like the ""1-2"" switch suggests?",Is this a full-sized dryer with strong airflow or a weaker travel-sized version?,Does the hairdryer include a concentrator nozzle for precise styling?,Does the cord look long enough to reach the mirror comfortably?
image_193_jpg.rf.77ef6f19e0fbe41cf2f3e81423561676.jpg,hairdryer,0.1522400975227356,63.23032379150391,76.54499053955078,416.1787414550781,642.5672607421875,"What specific heat and speed settings are available on this hairdryer, based on the visible control switch?",How far does the coiled cord extend for comfortable use around the mirror area?,"Does this compact, wall-mounted hairdryer deliver sufficient power for quick and efficient drying of various hair types?","Are there any styling attachments, like a concentrator nozzle or diffuser, included with this hairdryer?","Does the hairdryer easily detach from its wall holder for more flexible use, or is it fixed in place while operating?","Since this looks like a compact, wall-mounted model, how powerful is it for drying long or thick hair?","Looking at the base, does that switch offer multiple heat and speed settings, or is it just a simple on/off?",How far does that coiled cord stretch? Is it long enough to reach the mirror comfortably without being tethered right to the wall?,"Is that black circle on the base a shaver-only power outlet, or can it be used for other small electronics?","Does this hairdryer come with any attachments, like a concentrator nozzle for styling?","Is the hairdryer wall-mounted, restricting usage to the immediate bathroom area?",Does the base unit appear to offer variable heat or speed settings?,Does the coiled cord look like it stretches enough for comfortable movement?,"Is this a low-wattage ""tube style"" dryer that might struggle with thick hair?","Does the compact nozzle allow for focused styling, or is it just for general drying?"
image_220_jpg.rf.39ef05d4c7b9689a1bd049d7920ac172.jpg,hairdryer,0.1217900142073631,271.05419921875,31.16067886352539,608.060546875,613.1748046875,"Do the two visible slider switches control both heat and fan speed independently, and how many levels does each offer?","Is this hairdryer powerful enough for efficient drying of thick or long hair, or is it a lower-wattage model?","Are any styling attachments, like a concentrator nozzle or diffuser, provided with this hairdryer?","Does this hairdryer have a foldable handle for compact storage, or is it a full-size, fixed design?","Is the power cord adequately long to allow comfortable use at the bathroom mirror, regardless of outlet placement?","Looking at the two switches, does this hairdryer offer separate heat and speed settings?",What is the wattage of this hairdryer to know if it's powerful enough for thick hair?,"Is this a compact, travel-sized model or a full-sized hairdryer?","Does the hairdryer have a ""cool shot"" button for setting hairstyles?","Does it come with any other attachments, like a diffuser, or only the built-in nozzle shown?",Is this a portable hairdryer rather than a weak wall-mounted unit?,Are there separate switches to adjust both heat and air speed?,Does the dryer look powerful enough to handle thick or long hair?,Is a concentrator nozzle included for precise styling?,Does it appear to be a professional-grade model or a standard travel dryer?
image_19_jpg.rf.babd1f0e1aacada4cd3a74b747b6e227.jpg,hairdryer,0.1385682821273803,151.23388671875,103.87855529785156,556.8193359375,638.8477783203125,"Considering it's labeled 1500W, would this hairdryer provide enough power for someone with long or thick hair to dry it efficiently?","Does the hairdryer have multiple heat and speed settings, or is it a single, basic option?","Since it's wall-mounted with a coiled cord, is the cord long enough to comfortably reach the vanity mirror for styling purposes?","Does this 'Panther Elegance' model come with any styling attachments, such as a concentrator nozzle, that aren't visible?","From its appearance, does this hairdryer seem like a robust, good-quality model, or more like a standard, basic hotel unit?","Given that it's a 1500W model, is it powerful enough to dry long, thick hair quickly?","Does the switch on the handle provide multiple heat and speed settings, or is it just a single setting?",How far does that coiled cord comfortably stretch from the wall unit?,"Does this hairdryer include any attachments, like a concentrator nozzle for styling or a diffuser?","Is there a ""cool shot"" button on this model to help set a hairstyle?",Is the 1500W power output strong enough to dry thick hair efficiently?,Does the wall-mounted design restrict where I can stand while drying my hair?,Is the coiled cord long enough to comfortably reach the bathroom mirror?,"Does the handle have multiple heat and speed settings, or just a basic on/off switch?","Is this a standard hotel model, or should I bring my own hairdryer for better styling results?"
image_87_jpg.rf.7c5ffa22fc0b410974c2957fd4044fb6.jpg,hairdryer,0.2087127566337585,334.6060791015625,220.0828857421875,532.1265258789062,641.05517578125,"Does this high-quality hairdryer, with its distinctive design and attachments, offer multiple heat and speed settings?","Are all the specialized attachments shown, including the wide-tooth comb and styling concentrator, available for guests to use?","Is this a full-sized, powerful hairdryer or a more compact, lower-wattage travel model often found in hotels?","Given its premium appearance, does it come with a sufficiently long power cord for comfortable use at different outlets?",How often are these hairdryers and their magnetic attachments cleaned and sanitized for guest hygiene and optimal performance?,"Is this a genuine Dyson Supersonic hairdryer, or a similar high-end model?","Are all the attachments shown, like the wide-tooth comb and styling concentrator, included in the room?","Given its premium look, does this hairdryer have a high-speed motor for fast drying without extreme heat?","Is a diffuser attachment for curly hair also available, either in the room or by request?","Is this specific hairdryer a standard amenity in all rooms, or is it exclusive to suites or upgraded bookings?","Is this a high-end Dyson hairdryer, indicating a premium level of amenities?","Does the room provide the styling attachments shown, such as the wide-tooth comb and concentrator?",Is this a professional-grade appliance suitable for styling thick or difficult hair?,"Is the hairdryer portable, or is it hardwired to the bathroom wall?",Does it offer adjustable heat and speed controls rather than just a simple on/off switch?
image_159_jpg.rf.a001eb0ceb28dfaa42595961d84e7cfb.jpg,hairdryer,0.1231102868914604,8.25998306274414,85.32525634765625,562.1566162109375,638.0233764648438,"Does this hairdryer offer multiple heat and speed settings, or is it just a basic on/off model?","Considering it's wall-mounted, is the coiled handset cord long enough to comfortably reach the mirror or will it restrict movement?","Does this hairdryer provide a strong airflow and sufficient heat to dry hair efficiently, or is it a lower-power model typical for older hotel rooms?","Are there any attachments available, like a concentrator nozzle or a diffuser, for different styling needs?","Given its design, is this hairdryer generally quiet during operation, or is it a louder model that might be disruptive?","Is this a high-wattage hairdryer, or is it a more basic, low-power model typical for hotels?","Does the hairdryer have multiple heat and speed settings, or is it a simple on/off design?",How far does that coiled cord stretch from the wall mount?,"Can the ""SHAVERS ONLY"" outlet on the base be used for charging a phone, or is it strictly for low-power razors?","Are any attachments, like a concentrator nozzle or a diffuser, provided with the hairdryer?",Is this a low-wattage wall unit that might take a long time to dry thick hair?,Does the coiled cord extend far enough to comfortably reach the mirror?,"Is the dryer hardwired to the bathroom wall, or can it be moved to another room?",Does the base unit include a functional outlet for charging shavers or toothbrushes?,"Are there adjustable heat and speed settings, or is it just a single-mode dryer?"
image_140_jpg.rf.ecfafd823b8d966b9403d25acd2f31c7.jpg,hairdryer,0.3122389912605285,34.65919494628906,26.215267181396484,628.5306396484375,548.4949951171875,"How many distinct heat and speed settings does this hairdryer provide, based on the visible switches?","Since it's labeled ""IONIC,"" can I expect this hairdryer to effectively reduce frizz and add shine to my hair?","Does this hairdryer come with any additional attachments, such as a diffuser, besides the concentrator nozzle already shown?","Given its 1900W power rating, is this hairdryer powerful enough for quick drying of long or thick hair?",What is the function of the prominent red button on the handle – is it a cool shot button or something else?,"With 1900W of power, is this a salon-quality dryer that can dry thick hair quickly?","Does this hairdryer offer multiple heat and speed settings, or are the switches for on/off only?","Is that red button on the handle a ""cool shot"" feature to help set a hairstyle?",I see it's an ionic model; does it come with a concentrator nozzle for smooth blowouts?,"Since it's a full-sized dryer, is there a long cord and convenient outlet near the bathroom mirror?",Is this a professional-grade handheld unit rather than a standard wall-mounted hotel dryer?,Does the 1900W power rating mean it dries thick hair quickly?,Does the hairdryer feature ionic technology to reduce frizz?,Is a concentrator nozzle attachment included for precise styling?,Does it have separate controls for heat and speed along with a cool shot button?
image_35_jpg.rf.92d2669cb459a07099d1d344bf7bc0ab.jpg,hairdryer,0.149620920419693,145.04452514648438,34.07611846923828,447.9009704589844,417.3252868652344,"Given it's an 'Easy Home' brand, is this a powerful hairdryer or more of a standard, lower-wattage model?","Does the hairdryer come with any other attachments besides the concentrator nozzle, such as a diffuser?","Are there multiple heat and speed settings available, like a cool shot button, or is it a basic high/low setup?","Is this a lightweight, easy-to-handle hairdryer, or does its size suggest it might be a bit bulky or heavy?",Is the power cord long enough to comfortably reach a mirror and allow for flexible styling in the bathroom?,What is the wattage of this hairdryer to know if it's powerful enough for quick drying?,Does the switch on the handle provide multiple heat and speed settings?,"Is that large silver button a ""cool shot"" feature for setting hairstyles?",I see the concentrator nozzle; is a diffuser attachment for curly hair also available?,How long is the power cord for flexible use around the room?,Is this a handheld model rather than a fixed wall-mounted dryer?,Does the handle fold to make the hairdryer more compact?,Is a concentrator nozzle included for precise styling?,Does it allow for adjustable heat and speed settings?,Is this a travel-sized unit or a full-power hairdryer?
image_35_jpg.rf.92d2669cb459a07099d1d344bf7bc0ab.jpg,hairdryer,0.233511283993721,140.65675354003906,32.77290344238281,471.003173828125,633.990234375,"Based on the visible controls, does this hairdryer offer multiple heat and speed settings for different styling needs?","Given the ""Easy Home"" branding, can I expect this to be a powerful hairdryer, or is it more of a basic, lower-wattage model?","Is the clear attachment a standard concentrator nozzle, and are there any other styling attachments, such as a diffuser, provided with it?","Does the handle fold for more compact storage, or is this a fixed-handle design?","How long is the power cord for comfortable use at a vanity, and is an adapter for a different plug type available if needed?",How many different heat and speed settings does the slider on the handle offer?,"Is the round silver button on the barrel a ""cool shot"" feature for setting hairstyles?","Is this a powerful, high-wattage hairdryer, or is it a more basic, low-power model?","Does the hairdryer also come with a diffuser attachment, or only the concentrator nozzle that's shown?",Is the power cord long enough to comfortably reach the bathroom mirror from the outlet?,Is the hairdryer a portable unit with a standard plug rather than being wall-mounted?,Does the handle fold to make the device more compact?,Is a concentrator nozzle included for precise air direction and styling?,Does the device have adjustable switches for varying heat and speed?,Does it appear to be a smaller travel-sized model or a full-power dryer?
image_111_jpg.rf.fe73dc2005a76add0d0d19bec4d2a5a1.jpg,hairdryer,0.1157067492604255,11.908607482910156,119.41280364990234,616.355224609375,601.4691772460938,How effectively does the 'Glossy Ion' feature on this Elgin hairdryer help with reducing frizz or adding shine?,Are there multiple heat and speed settings on this hairdryer for versatile styling?,"Does this model come with any additional attachments, such as a diffuser, besides the concentrator nozzle shown?","What is the wattage or power output of this hairdryer, and is it powerful enough for drying thick or long hair efficiently?","Is the power cord on this hairdryer long enough to comfortably use it at a distance from the outlet, like at a bathroom mirror?",What is the wattage of this hairdryer to know if it has enough power for thick hair?,"Since the model says ""Glossy Ion,"" does it feature ionic technology to reduce frizz?","Does this hairdryer have multiple heat and speed settings, and does it include a cool shot button?","I can see it has a concentrator nozzle, but is a diffuser attachment also available for guests with curly hair?",Is the power cord long enough to comfortably reach the main mirror from the outlet?,"Is this a portable, handheld model rather than a fixed wall-mounted unit?","Does the ""Glossy Ion"" label indicate it has ionic technology to reduce frizz?","Is this a full-sized dryer with enough power for thick hair, or a compact travel version?",Does it come with the concentrator nozzle attachment shown for precision styling?,Does the handle have adjustable switches for different heat and speed settings?
image_111_jpg.rf.fe73dc2005a76add0d0d19bec4d2a5a1.jpg,hairdryer,0.3853462934494018,18.743896484375,116.13990783691406,613.123779296875,601.2042236328125,"Since it mentions 'Glossy Ion', does this hairdryer have ionic technology to help reduce frizz and add shine?","Does this hairdryer come with a diffuser attachment, in addition to the concentrator nozzle shown?","Are there multiple heat and speed settings on this hairdryer, or just basic on/off options?","Is this a full-sized hairdryer, or is it a compact or travel-friendly model?","What is the wattage or power level of this hairdryer, to give an idea of its drying speed and effectiveness?","Is this a powerful, high-wattage model for quick drying, or a more basic, low-power version?","Does the hairdryer have multiple heat and speed settings, or is it just a single on/off switch?","Since the model is 'Glossy Ion,' does it have ionic technology to help reduce frizz and add shine?","I can see the concentrator nozzle, but is a diffuser attachment also available for guests with curly hair?",Does this hairdryer have a 'cool shot' button for setting a hairstyle in place?,"Is this a portable, handheld dryer instead of a fixed wall-mounted unit?","Does the ""Glossy Ion"" label indicate it uses ionic technology to reduce frizz?",Is the concentrator nozzle attachment included for precise styling?,Is this a full-sized dryer with enough power to handle thick or long hair?,Does the handle feature adjustable switches for different heat and speed settings?
image_33_jpg.rf.2c41d500258045b379b0b052fe2a834a.jpg,hairdryer,0.1916614919900894,16.391677856445312,189.8686981201172,637.6993408203125,588.5521240234375,Do the visible switches on the handle indicate multiple heat and speed settings for customized styling?,"Is the black attachment shown next to the hairdryer a diffuser, and does it also come with a concentrator nozzle?","Given its size and visible features, does this hairdryer offer strong airflow and quick drying performance compared to a basic hotel model?","Since it's a portable model, is the power cord long enough to comfortably reach an outlet from the bathroom mirror?","Is this a full-sized hairdryer that would take up significant counter space, or is there a dedicated storage spot for it when not in use?",Is that large black diffuser attachment included for use with the hairdryer?,How many different heat and speed settings does this hairdryer have?,Does this model have a cool shot button to help set hairstyles?,"Is this a full-size, powerful hairdryer or is it a less powerful, compact travel model?",Is the power cord long enough to comfortably use the hairdryer at the bathroom mirror?,Does this hairdryer come with a diffuser attachment for styling curly hair?,"Is it a portable unit I can plug in anywhere, or is it hardwired to the bathroom?",Is this a full-sized dryer or a smaller travel version with lower power?,Does it have adjustable heat and speed settings on the handle?,Is the cord long enough to use comfortably in front of a mirror?
image_33_jpg.rf.2c41d500258045b379b0b052fe2a834a.jpg,hairdryer,0.1412840783596038,18.616867065429688,191.55734252929688,636.2146606445312,588.804443359375,"Does this hairdryer come with the diffuser attachment shown, and are there any other nozzles included?","Looking at the switches on the handle, does this hairdryer offer multiple heat and speed settings, including a cool shot button?","Given its appearance and visible branding, is this considered a professional-grade hairdryer or a more basic model?","Since it's not wall-mounted, is this a full-sized, portable hairdryer that guests can easily move around the bathroom or room?","Considering its likely use in a bathroom, is the power cord a good length for comfortable styling, especially if the outlet isn't right next to the mirror?","Is this a full-size hairdryer or a more compact, travel-style model?",What is the wattage of this hairdryer to get an idea of its drying power?,"Looking at the handle, does this model offer multiple heat and speed settings?",Does the small button above the main switch provide a 'cool shot' for setting hair?,"Is the large black attachment a diffuser for curly hair, and is a concentrator nozzle also included?",Does the hairdryer come with a diffuser attachment for curly hair?,Is this a portable handheld model rather than a standard wall-mounted unit?,Is the dryer full-sized and powerful enough to dry thick hair quickly?,Does the handle feature adjustable heat and speed settings?,Is there a cool shot button included for setting styles?
image_79_jpg.rf.704f737f667ccd2538cdf47ab692bdd4.jpg,hairdryer,0.155851811170578,226.4446258544922,111.56378936767578,396.6326599121094,372.0462646484375,"Does this hairdryer offer at least two heat and speed settings, or just a basic on/off?","What is the wattage or power output of this hairdryer, so I know if it's strong enough for quick drying?","Does this model come with any attachments, like a concentrator nozzle or diffuser, for styling specific hair types?","How long is the coiled power cord when fully extended, and is it comfortably reachable from the mirror or vanity?","Since it's wall-mounted, can the hairdryer be easily removed from its holder for more flexible use, or is it fixed in place?","Is this a high-wattage hairdryer powerful enough for thick hair, or is it a more basic, low-power model?","Does the hairdryer have multiple heat and speed settings, or just a single on/off switch?","How long is the coiled cord when stretched out, and can it comfortably reach a nearby outlet or vanity mirror?","Does this model include a ""cool shot"" button for setting a hairstyle?","Are there any attachments provided, like a concentrator nozzle for styling or a diffuser for curly hair?",Does this wall-mounted unit have enough power for drying long or thick hair efficiently?,Is the coiled cord long enough to reach the mirror comfortably while styling?,"Does the dryer offer multiple heat and speed settings, or is it a single-mode unit?",Does the handle require holding down a button continuously for the dryer to operate?,Does the basic design suggest I should bring my own hairdryer for professional styling results?
image_79_jpg.rf.704f737f667ccd2538cdf47ab692bdd4.jpg,hairdryer,0.115432322025299,63.47618865966797,228.63446044921875,174.91783142089844,466.927001953125,"Does this wall-mounted hairdryer provide enough power and heat for quick drying, or is it a lower-wattage model?","How long does the coiled cord stretch, and will it reach comfortably to a mirror for styling?","Does the hairdryer have multiple heat and speed settings, or is it a simple on/off type?",Is this hairdryer lightweight and easy to handle for someone with long or thick hair?,Does the hairdryer come with a concentrator nozzle or any other attachments for styling?,"Is this a high-wattage hairdryer powerful enough for thick hair, or is it a standard low-power travel model?","Is the hairdryer removable from the wall-mounted base, or is it fixed in place?","Does this model have multiple heat and speed settings, or just a single on/off function?","Are there any attachments available, like a concentrator nozzle or a diffuser?","Does the hairdryer feature a ""cool shot"" button for setting styles?",Is this a wall-mounted unit that restricts me to standing in the bathroom?,Does this compact model have enough power to dry thick hair efficiently?,Is the cord or hose long enough to use comfortably in front of the mirror?,Does it offer adjustable heat settings or just a single on/off switch?,"Is this the only option, or is a standard portable hairdryer also provided in the room?"
image_51_jpg.rf.703097ccf6bb4b1bcfbe54e8c8eb0ee5.jpg,hairdryer,0.1588080376386642,1.323080062866211,109.21110534667967,248.5211944580078,455.9195556640625,"Does the single visible switch on the handle allow for multiple heat and speed settings, or is it just a basic on/off?","Given it's a wall-mounted model with a coiled cord, how far can the hairdryer comfortably stretch from its base to reach the mirror?","Does this particular model include any styling attachments, such as a concentrator or diffuser?","What is the approximate wattage or drying power of this specific wall-mounted hairdryer, especially for travelers with thick hair?",Does this hairdryer offer a cool shot button or cold air setting for setting a hairstyle?,"Does that sliding switch control multiple heat and speed settings, or is it just a single setting?","What is the wattage? I'm trying to figure out if it's powerful enough for long, thick hair.?",How far does the coiled cord stretch from the wall mount?,"Is this a basic travel dryer, or does it have features like ionic technology to reduce frizz?",Does the hairdryer have a cool shot button for setting styles?,Is this wall-mounted unit powerful enough to dry thick hair quickly?,Does the coiled cord extend far enough to reach the mirror comfortably?,Does the handle switch offer multiple heat and speed settings?,"Is the dryer restricted to the bathroom, or can it be detached to use elsewhere?","Does it have a cool shot button for styling, or only hot air?"
image_51_jpg.rf.703097ccf6bb4b1bcfbe54e8c8eb0ee5.jpg,hairdryer,0.1087404862046241,2.493295669555664,115.4487762451172,258.9288024902344,627.7147216796875,"Does the visible switch on the handle allow for multiple heat or speed settings, or is it just an on/off?","Given the coiled cord, is there enough reach from the wall mount to comfortably dry hair in front of a mirror or vanity?","Does this hairdryer provide sufficient power and airflow for quick drying, especially for thicker hair types, or is it a low-wattage model?","Does this model come with any attachments, like a concentrator nozzle for styling or a diffuser for curly hair, or is it just the basic airflow?","How frequently are these hairdryers serviced or cleaned, particularly the air intake filter, to ensure hygiene and optimal performance?",What is the wattage of this hairdryer? I need to know if it's powerful enough to dry thick hair quickly.?,"Looking at the single switch, does this dryer have multiple heat and speed settings or is it just on/off?",Does this model include a 'cool shot' button for setting hairstyles?,How far does that coiled cord stretch? I want to make sure it can comfortably reach a mirror.?,Are any attachments like a concentrator nozzle or a diffuser provided with this hairdryer?,"Is the hairdryer permanently wall-mounted, limiting where I can dry my hair?",Does the compact size suggest it might lack the power needed for thick or long hair?,Will the coiled cord stretch far enough to reach the bathroom mirror comfortably?,Does the switch on the handle offer multiple heat or speed settings?,"Is this a basic economy model, implying I should pack my own personal hairdryer for better quality?"
image_8_jpg.rf.11601bd883b7e15d2fa4ca71d8b9b389.jpg,hairdryer,0.3003154993057251,0.0628471374511718,-6.873607635498047,636.4122314453125,618.208984375,"Beyond 'COLD', how many distinct heat and speed combinations do the 'TURBO' and 'SET' options provide?",What specific benefits does the 'nanoe' technology offer for hair health or styling results?,"Does this hairdryer come with any attachments, such as a concentrator nozzle or a diffuser?","Is this considered a full-sized hairdryer, or a more compact model suitable for easy handling?",Is the power cord long enough for comfortable use at a typical hotel bathroom mirror?,"How powerful is the 'Turbo' setting? Is it strong enough to dry long, thick hair efficiently?",What does the 'nanoe' technology feature do for your hair? Is it for reducing frizz?,"Does this hairdryer come with any attachments, like a concentrator nozzle or a diffuser?","I see the handle folds down; is this a compact, travel-sized model or a full-sized hairdryer?",Is the 'COLD' option a true cool-shot setting to help set a hairstyle?,"Does the hairdryer have specialized settings like ""Turbo"" for fast drying and a ""Cold"" shot mode?",Is this a standalone handheld unit rather than a restrictive wall-mounted device?,"Does the model feature advanced technology, such as ""nanoe,"" to reduce frizz and protect hair?","Is the handle foldable, making it compact enough to store easily in a drawer or suitcase?","Is this a trusted brand name appliance like Panasonic, ensuring better quality than generic hotel dryers?"
image_4_jpg.rf.fc7ff111c3e09e476590d2486a4bb71c.jpg,hairdryer,0.2597418427467346,96.22720336914062,26.150436401367188,608.5572509765625,616.6747436523438,"Given its compact appearance, is this a standard hotel hairdryer or a smaller, travel-style model?",I don't see any visible buttons; does this hairdryer offer multiple heat and speed settings?,"Does this hairdryer come with any specific attachments, like a concentrator nozzle or a diffuser?","Considering the ""ARLITA"" brand, is this a powerful and efficient hairdryer suitable for all hair types?","How long is the power cord once unwound, and is it long enough for comfortable use at the bathroom mirror?","Given its compact appearance, what is the wattage of this hairdryer to know if it's powerful enough?","Does this hairdryer have multiple heat and speed settings, or is it a basic model with just on/off?","Are any attachments provided, like a concentrator nozzle for styling or a diffuser?","Does this model have a ""cool shot"" button to help set a style with cold air?","How long is the power cord, to know if it can comfortably reach from the outlet to the mirror?",Is this a compact travel dryer or a full-sized model?,"Is the hairdryer portable so I can move around, or is it hardwired to the wall?",Does the cord extend long enough to reach a mirror when unwrapped?,Does this model offer multiple heat and speed settings for styling control?,"Does it come with any nozzle attachments, or is it just the base unit shown?"
image_18_jpg.rf.89ada46cb2fc490b31b604ba0fcfb06b.jpg,hairdryer,0.2360337078571319,91.83073425292967,66.13227844238281,581.5474853515625,637.1676635742188,"Beyond the ""set"" and ""turbo"" options, what specific heat and speed settings are available, and how effective is the ""cold"" shot for finishing a style?","What are the specific benefits of the ""nanocare"" technology for hair and skin, as advertised on this hairdryer?","Is the transparent nozzle a fixed part of the dryer, or does it come with additional styling attachments like a diffuser or a more precise concentrator?","How powerful is this ""National nanocare"" model, and does it provide fast and efficient drying, especially for thicker or longer hair?","Is this a full-sized hairdryer, and is it lightweight enough for comfortable, extended styling at the vanity?","How powerful is the 'Turbo' setting, and are there separate controls for heat and speed?",I see it says 'nanocare'—is this an ionic dryer that helps reduce frizz and prevent heat damage?,"Is this a full-size, high-wattage model, or is it a more compact, travel-style dryer?","Does the hairdryer come with any other attachments, like a diffuser for curly hair, besides the nozzle shown?","Is this a handheld model that I can use anywhere in the room, or is it mounted to the wall?",Is this a standalone handheld dryer rather than a weak wall-mounted unit?,"Does it feature multiple heat and speed settings, including a ""Turbo"" mode?","Does the ""nanocare"" label indicate it uses ionic technology to reduce frizz?",Is the nozzle attachment included for precise styling and straightening?,Is it a full-power model suitable for thick hair or a lower-wattage travel version?
image_100_jpg.rf.e63c16b99068114bc9cf4812d5ad027c.jpg,hairdryer,0.2841864824295044,58.40810775756836,45.19580841064453,635.4083251953125,628.1660766601562,"Beyond the visible 'cool' setting, are there multiple heat settings for different hair types?","Considering its seemingly full size, is this hairdryer lightweight and comfortable for extended use, especially for guests with thick or long hair?","Given the Salonia branding, is this a high-quality, salon-grade hairdryer, or more of a standard consumer model?",Does the hairdryer come with any attachments like a concentrator nozzle or diffuser for styling different hair types?,"Is the power cord long enough to comfortably reach a mirror or vanity for styling, or will I need to be close to the outlet?","I see the settings say TURBO, SET, and COOL; how powerful is the ""TURBO"" setting for someone with thick hair?","Is this SALONIA model a high-quality, salon-grade dryer or more of a standard travel-size model?","Does the handle fold down where the circular line is, making it more compact to store?","Does the hairdryer come with any attachments, like a concentrator nozzle for styling or a diffuser?","How long is the power cord, and is there a hook near the vanity to hang it up by that loop?",Does the handle fold down to save space on the bathroom counter?,Is this a high-quality brand like Salonia rather than a basic wall-mounted unit?,"Does it feature adjustable settings like ""Turbo"" and ""Cool"" for versatile styling?","Does the matte finish suggest a premium, non-slip grip?",Is there a sturdy loop on the cord for hanging it up easily?
image_116_jpg.rf.23cd7a9780ff4f778b911db59317d50a.jpg,hairdryer,0.1235502287745475,101.48771667480467,-3.611621856689453,456.31683349609375,583.6001586914062,"Given it's a 'Mondial max travel' model, does this hairdryer offer sufficient wattage for quick and efficient drying of longer or thicker hair?","Does the visible button on the hairdryer indicate multiple heat and speed settings, or is it a basic 'on/off' functionality?",Is the power cord long enough to comfortably reach a bathroom mirror or vanity from a typical hotel power outlet?,"Does this 'max travel' hairdryer come with any specific styling attachments, such as a concentrator nozzle or a diffuser?","While compact, does this hairdryer feel sturdy and durable enough for daily, extended use throughout a guest's stay?","Given that this is a ""max travel"" model, what is its wattage? Is it powerful enough to dry long, thick hair quickly?","Does the switch on the handle offer multiple heat and speed settings, or is it a simple on/off control?","Does the handle on this hairdryer fold up, confirming it's a compact travel-specific design?",Does this model include a cool shot button for setting hairstyles?,"Does the hairdryer come with any attachments, like a diffuser for curly hair, or only the built-in concentrator nozzle shown?",Is this a compact travel dryer or a full-sized unit?,Is the hairdryer a portable hand-held model rather than wall-mounted?,Is the airflow powerful enough to dry long or thick hair quickly?,Does it come with a styling concentrator nozzle included?,Does it offer adjustable heat and speed settings?
image_161_jpg.rf.08887424ce1e57678e43bc299c2733c1.jpg,hairdryer,0.2258881628513336,15.410003662109377,147.21017456054688,421.5534973144531,451.9329223632813,"Does this ""SPA DRYER"" model offer multiple heat and speed settings for different hair types?",Is the power of this GA.MA hairdryer strong enough to efficiently dry thick or long hair?,"What is the effective length of the coiled cord when extended, allowing comfortable movement while drying hair?","Does the hairdryer include any styling attachments, such as a concentrator nozzle or a diffuser?","While wall-mounted, does the design of the hairdryer make it comfortable and balanced to hold for an extended period?","Given the ""Turbo"" label, is this a high-wattage hairdryer powerful enough for long, thick hair?","Does the hairdryer have multiple heat and speed settings, or is it just a single on/off function?",Does this model have a cool shot button to help set a hairstyle?,"Are there any attachments provided, like a concentrator nozzle for styling or a diffuser for curly hair?","How long is the coiled power cord when fully extended, and is the unit placed conveniently next to a mirror?","Is the hairdryer wall-mounted, limiting where I can style my hair?",Does the coiled cord stretch far enough to reach the mirror comfortably?,"Does the ""Turbo"" label indicate it has enough power for drying thick hair quickly?",Are there separate switches on the handle to adjust heat and speed settings?,"Is this a professional-grade GA.MA model or a standard, lower-power hotel dryer?"
image_161_jpg.rf.08887424ce1e57678e43bc299c2733c1.jpg,hairdryer,0.2141627669334411,17.20041275024414,137.08563232421875,613.0846557617188,640.9417114257812,"Does the ""Turbo"" feature imply a powerful airflow for quick drying, or is it a more basic model?","How far does the coiled cord extend, and is there a mirror or vanity area conveniently located for use?",Does this hairdryer offer multiple heat and speed settings for different hair types?,"Are there any styling attachments available, such as a concentrator nozzle or a diffuser?","Is this a professional-grade hairdryer, as indicated by the ""GAMA PROFESSIONAL"" branding, or a standard hotel model?","Since it says ""Turbo"" on the side, is this a high-wattage model powerful enough to dry thick hair quickly?","Does this GAMA hairdryer have multiple heat and speed settings, including a cool shot button?",How far does that coiled power cord comfortably stretch from the wall?,"Is the hairdryer removable from the wall mount, or is it permanently fixed to the holder?","Are any attachments provided, like a concentrator nozzle for styling or a diffuser for curly hair?","Is the hairdryer permanently wall-mounted, restricting where I can use it in the room?",Does the coiled cord extend far enough to comfortably reach a mirror?,"Does the ""Turbo"" label indicate professional-grade power suitable for thick hair?","Are there adjustable heat and speed settings, or is it a single-setting unit?",Does the dryer come with a concentrator nozzle or other attachments for styling?
image_52_jpg.rf.d734ef5487affd4d01dab8036be3fbbc.jpg,hairdryer,0.3774229884147644,-0.3747177124023437,3.7187576293945312,471.2832336425781,631.9432983398438,"Does this Valera hairdryer offer multiple heat and speed settings, or is it a single-setting model?","Is this a powerful, quick-drying model from Valera, or more of a standard, slower hotel hairdryer?","Since it's wall-mounted, what's the maximum length the hose/cord reaches to ensure comfortable use at a mirror?","Are there any specific attachments included, like a concentrator nozzle for styling or a diffuser?",Is the flexible hose of this wall-mounted unit long and pliable enough for easy styling and comfortable use?,How powerful is this Valera hairdryer; is it strong enough to dry long or thick hair efficiently?,Does the switch on the handle offer multiple heat and speed settings for styling control?,Does this hairdryer have a 'cool shot' button to help set a hairstyle?,"Is the coiled cord long enough to comfortably use the hairdryer at the vanity mirror, or is its reach limited?","Are there any attachments available for this model, such as a concentrator nozzle or a diffuser?","Is the hairdryer hardwired to the wall, limiting where I can stand while using it?",Do I have to constantly hold the button down for the dryer to stay on?,Is this a low-wattage compact model or does it offer professional drying power?,Does it offer adjustable heat and speed settings or just a single on/off mode?,Is the Valera brand known for high-quality performance compared to generic hotel dryers?
image_11_jpg.rf.2276a95bb47a7f6e2d77652016dcf56e.jpg,hairdryer,0.1988391131162643,1.0118865966796875,62.55687713623047,571.0228881835938,561.84765625,"How many heat and speed settings does this hairdryer offer, and does it include a cool shot function?","What is the overall condition of the hairdryer, as it appears to have some minor scuffs and marks on the casing?","Is the concentrator nozzle permanently attached or can it be removed, and are any other styling attachments like a diffuser provided?","Could you explain what the ""Thermoprotect"" feature mentioned on the hairdryer means and how it benefits hair?","Considering it's a corded model, how long is the power cord to ensure comfortable use at the bathroom mirror?",How many different heat and speed settings does this hairdryer have?,"Since the model is ""ThermoProtect,"" does it have a cool shot button for setting a style?","Is this a full-size hairdryer, or is it a more compact, travel-sized model?",I see it says 1600W; is the airflow powerful enough to dry long or thick hair quickly?,"I can see the built-in nozzle, but is a separate diffuser attachment available for guests with curly hair?",Is this a portable handheld dryer rather than a fixed wall-mounted unit?,Does it include a concentrator nozzle attachment for precise styling?,"Does the ""Thermoprotect"" feature offer temperature control to prevent heat damage?",Does the air intake vent appear clean and free of dust build-up?,Is the cord reinforced with a hanging loop for convenient storage?
image_53_jpg.rf.447d57e09746fe768aae85ff375b0b00.jpg,hairdryer,0.2001342177391052,458.99658203125,56.91373825073242,605.771484375,489.7130737304688,Is the 1600-watt power of this hairdryer strong enough for effectively drying thick or long hair?,"Does the hairdryer have multiple heat and speed settings, or is it a basic single-setting model?","Given the coiled cord, is the power cord long enough to comfortably use the hairdryer at a bathroom mirror?","Are there any attachments, like a concentrator nozzle or diffuser, provided with this specific hairdryer?","Is this a standard hotel-grade wall-mounted hairdryer, or does it offer a quieter operation or more advanced styling features?","Is this 1600-watt Conair powerful enough for thick hair, or is it a low-flow model?","Does the hairdryer have separate settings for heat and speed, or just a single on/off function?",How long is the coiled cord when stretched out from the wall mount?,"Does this model include a ""cool shot"" button for setting hairstyles?","Are there any attachments available, such as a concentrator nozzle or a diffuser?","Is the hairdryer wall-mounted, restricting usage to just the bathroom area?",Does the 1600-watt power indicated on the label provide enough strength for drying thick hair quickly?,Does the coiled cord appear to have enough stretch to allow for comfortable movement while styling?,"Is this a basic standard model, suggesting I should pack my own dryer for professional results?",Does the dryer come with any visible attachments like a concentrator nozzle or diffuser?
image_9_jpg.rf.d4ffcb300c5f1ee63829325fd954420b.jpg,hairdryer,0.3307494223117828,95.6967315673828,71.6220703125,630.555419921875,572.3212280273438,"Does this hairdryer have multiple heat and speed settings, or is it just one setting?","Does this hairdryer come with any attachments, like a concentrator nozzle or a diffuser, for styling?","Does this hairdryer offer decent drying power for quick drying, or is it a slower, lower-wattage model?","Is the power cord long enough to comfortably reach a mirror from the outlet, or will I need to be right next to the wall?","How lightweight and compact is this hairdryer for easy handling, especially compared to bulkier hotel models?","Given its compact size, is this a low-wattage travel-style dryer or does it have enough power for thick hair?","Does this hairdryer offer multiple heat and speed settings, or does it just have a single on/off switch?","Does the hairdryer come with any attachments, like a concentrator nozzle for styling?","Is this a dual-voltage model, or is it only compatible with the European-style plug shown?",How long is the power cord when it's fully unwrapped?,Is this a compact travel model or a full-sized dryer with strong airflow?,Does it offer adjustable heat and speed settings for different hair types?,Is it a handheld unit that plugs in anywhere rather than being bolted to the bathroom wall?,Does it include any styling attachments like a concentrator nozzle or diffuser?,Is the cord length sufficient to reach a mirror with good lighting comfortably?
image_34_jpg.rf.1424f6048e5aea069644073ed4439227.jpg,hairdryer,0.2662351131439209,141.82237243652344,55.748329162597656,546.512451171875,516.854736328125,Does this hairdryer offer multiple heat and speed settings for different hair types?,"Is this a powerful hairdryer suitable for quickly drying thick hair, or is it a more basic model?","Are there any attachments included, like a diffuser for curly hair or a concentrator nozzle for styling?",Is the power cord long enough to comfortably reach a mirror or an accessible outlet in the bathroom?,"Given its appearance, would this hairdryer be considered a compact, travel-friendly model, or a standard full-sized unit?","How powerful is this hairdryer; is it a high-wattage model suitable for thick hair or more of a basic, low-power version?","Does this hairdryer have multiple heat and speed settings, or is it a simple on/off model?","Is that a removable concentrator nozzle, and are any other attachments like a diffuser provided?","Is this a full-size hairdryer, or is it a more compact, travel-sized dryer?",How long is the power cord and is it long enough to comfortably use in front of the bathroom mirror?,Is the hairdryer portable or is it hardwired to the wall?,Does it offer adjustable heat and speed settings?,Is this a full-power dryer or a weaker travel-sized model?,Does it come with a styling nozzle or concentrator attachment?,Is the cord long enough to reach a mirror easily?
image_158_jpg.rf.62dcc7e585e05b449daee3ada5b0dabf.jpg,hairdryer,0.4067293405532837,189.6986694335937,144.88035583496094,482.801025390625,489.72955322265625,"Does this hairdryer offer enough power and heat for efficient drying, especially for guests with thick or long hair?","Is this hairdryer comfortably lightweight and easy to hold for extended periods, or does its design make it feel clunky?","Does the hairdryer's plastic construction and finish feel sturdy and well-made, suggesting durability for hotel use?","Is the power cord sufficiently long to reach a mirror outlet comfortably, and does it easily uncoil for use?","Are there any visible attachments like a concentrator nozzle, or clear controls for adjusting heat and speed settings on this hairdryer?","This appliance is labeled ""Access Steam Light""—is it a clothes steamer instead of a hairdryer?","If it is a steamer, how powerful is the steam output for getting wrinkles out of different fabrics?",What is the capacity of the water tank? I'm wondering how many garments I can steam before needing a refill.?,Is the power cord long enough to comfortably reach clothes hanging in the closet?,"Since this appears to be a garment steamer, is a separate, traditional hairdryer also available in the room?",Is this T-fal device actually a clothes steamer rather than a hair dryer?,Is the power cord long enough to reach from the outlet to where I need to use it?,"Is the ""Access Steam Light"" model lightweight and comfortable to hold?",Does the device have a stable base to sit safely on the vanity?,Is this a high-quality brand appliance compared to generic hotel options?
image_69_jpg.rf.6316a43511d8420c8fdb12bb58493a49.jpg,hairdryer,0.1486733257770538,107.05875396728516,37.94912338256836,502.38861083984375,518.9766845703125,"Does this hairdryer offer multiple heat and speed settings, or is it a single-setting model?","Are there any attachments included, such as a concentrator nozzle or a diffuser, for styling?","Are the two USB ports on the wall-mounted base functional for charging personal devices, and are they fast-charging capable?","Given the coiled cord, how far can the hairdryer comfortably reach from its base, especially when used in front of a mirror?","What is the wattage or power level of this hairdryer, to determine if it's strong enough for efficient drying?","How powerful is this hairdryer; is it strong enough for thick, long hair?","Does the hairdryer have multiple heat and speed settings, or is it a simple on/off model?",Are those USB ports on the wall mount functional for charging devices like a phone?,How long is the coiled power cord when it's fully stretched out?,"Does this hairdryer come with any attachments, like a concentrator nozzle for focused drying?",Is the airflow powerful enough to dry thick hair effectively?,Does the wall mount include functional USB ports for charging devices?,Is the coiled cord long enough to reach the mirror comfortably?,Do I have to hold the button down constantly to keep it running?,Does it have adjustable heat and speed settings?
image_105_jpg.rf.64f144f4633e51e97c7a2e11265a3221.jpg,hairdryer,0.2135851234197616,303.2206420898437,229.0469665527344,606.2333374023438,555.4157104492188,How many heat and speed settings are available on this hairdryer?,"What is the wattage of this hairdryer, and is it powerful enough for drying long or thick hair efficiently?",Does this hairdryer come with a diffuser attachment in addition to the visible concentrator nozzle?,Does the handle of this hairdryer fold down to make it more compact for storage?,Does this hairdryer offer any special features like ionic or ceramic technology for improved hair health?,How powerful is this hairdryer in terms of wattage?,"Does this model feature multiple heat and speed settings, or just a single on/off switch?","Since it has a concentrator nozzle, is a diffuser attachment also provided for guests with curly hair?","Is this a compact travel-sized hairdryer or a more powerful, full-sized model?","Is the power cord long enough to comfortably reach the bathroom mirror, or is it quite short?",Is the hairdryer in safe working condition given the tape visible around the nozzle?,Is this a full-power household model or a compact travel dryer?,Does it offer multiple heat and speed settings for different hair types?,Is it a handheld unit that allows me to dry my hair outside the bathroom?,Does it come with a concentrator attachment for precise styling?
image_75_jpg.rf.6050895ab28d5a8e09bdbb147312f659.jpg,hairdryer,0.1860056817531585,154.6398162841797,202.294677734375,605.9076538085938,643.5875244140625,Does the 'Bioprogramming 4D Plus' technology offer specific benefits for hair health or styling performance?,Is this hairdryer lightweight and ergonomically designed for comfortable handling during use?,Does it come with any additional styling attachments besides the concentrator nozzle shown?,"Are there multiple heat and speed settings available, and does it include a cool shot button?",Is the power cord long enough to comfortably reach an outlet from the vanity mirror?,"Since this is a ""Repronizer 4D Plus"" model, is it considered a high-end, professional-quality hairdryer with advanced features?","Does this hairdryer offer multiple heat and speed settings, as well as a cool shot button for styling?",I see it has a concentrator nozzle attached; is a diffuser attachment for curly hair also provided?,"How powerful is this hairdryer in terms of wattage, and is it effective for drying long or thick hair quickly?","The manual mentions ""Bioprogramming""—what specific hair benefits or technology does this feature provide?","Is this a high-end, professional-grade hairdryer?",Is the hairdryer a standalone unit rather than being mounted to the wall?,Does it come with a concentrator nozzle for precision styling?,Does the hairdryer offer adjustable heat and speed settings?,Is this a specialized device designed to minimize hair damage?
image_142_jpg.rf.e0ca69bf431a958c5bb1e87682fde56b.jpg,hairdryer,0.1574438959360122,126.61444091796876,167.15457153320312,639.8699951171875,623.518798828125,Are those two rectangular slots on the wall mount actual working USB charging ports for devices?,"Does this hairdryer offer multiple heat and speed settings, or is it just a single-setting model?",How powerful is this hairdryer; would it be effective for drying long or thick hair quickly?,"Does the hairdryer come with any attachments, like a concentrator nozzle or a diffuser, for styling?","Given it's wall-mounted, is the cord long enough to comfortably reach a mirror or preferred styling area?","How powerful is this hairdryer, or is it a standard low-wattage hotel model?","Does the hairdryer have multiple heat and speed settings, including a cool shot button?",Can the two USB ports on the wall mount be used for charging devices like a phone?,"How far does the coiled cord stretch, is it long enough to comfortably use away from the wall?","Does the hairdryer come with any attachments, like a concentrator nozzle or a diffuser?",Is this compact wall-mounted unit powerful enough to dry thick hair effectively?,Does the mounting base feature usable USB ports for charging devices?,Is the coiled cord long enough to reach a mirror comfortably?,Does the dryer offer multiple heat and speed settings?,Is the wall outlet below the dryer available for use with my own styling tools?
image_203_jpg.rf.0396ec617c8c6164aea7cb1ca39e669a.jpg,hairdryer,0.3733591735363006,53.12387466430664,62.96272277832031,596.9890747070312,621.8074951171875,"Beyond the visible 'Turbo', 'Care', and 'Cold' temperature settings, does this hairdryer also offer multiple *airflow speed* options?","Does the hairdryer come with any additional styling attachments, such as a concentrator nozzle for sleek hair or a diffuser for curls?","Is this Panasonic model considered a high-wattage hairdryer that dries hair quickly, or is it more of a standard-power device?","Is the power cord a generous length for convenient use around a bathroom mirror, and is the visible two-prong plug compatible with most outlets?","Considering its size, is this hairdryer fairly lightweight and easy to handle for extended styling, or is it a heavier, bulkier model?",How powerful is this hairdryer; is it strong enough to dry long or thick hair efficiently?,"What exactly does the ""CARE"" setting do—is it a lower heat option to prevent damage?","Does this hairdryer come with any attachments, like a concentrator nozzle for styling?","Is this a compact, travel-sized model, or is it a more powerful full-sized one?","Given the plug, is this a dual-voltage hairdryer that would work for international travelers?",Is the hairdryer a recognizable brand like Panasonic rather than a generic model?,"Does it offer specific settings like ""Turbo"" for fast drying and ""Cold"" for setting styles?","Is it a portable unit with a plug, or is it permanently attached to the bathroom wall?","Does the dryer feature a ""Care"" mode to help prevent heat damage?",Is the design compact and lightweight for comfortable handling?
image_112_jpg.rf.8740df40d78625b733c1e007dc8a3726.jpg,hairdryer,0.3409570753574371,-1.0118293762207031,47.82621383666992,626.5921630859375,637.557861328125,"Do the visible buttons on the handle provide multiple heat and speed settings, and is there a cool shot option?","Does the ""JINRI PROFESSIONAL"" branding indicate a higher wattage or salon-grade performance compared to standard hotel hairdryers?","Is the front nozzle removable, and are any styling attachments like a concentrator or diffuser provided with it?","What is the length of the power cord, and does it have a swivel feature for ease of movement?","How clean and well-maintained is the hairdryer, particularly the air intake area at the back?","Given the ""Professional"" branding, is this a high-wattage hairdryer powerful enough to dry thick hair quickly?","Does this hairdryer offer multiple heat and speed settings, plus a separate cool shot button?","Is this a full-size, heavy-duty model or is it more of a compact, lightweight travel dryer?","Does the hairdryer come with any attachments, specifically a concentrator nozzle or a diffuser?",Is the power cord long enough to comfortably reach a mirror if the outlet is in an awkward spot?,Is this a professional-grade dryer that provides strong airflow?,Is the hairdryer a standalone unit rather than being attached to the wall?,Does it feature adjustable buttons for different heat and speed settings?,Is this a full-sized appliance or a compact travel model?,Does it come with a concentrator nozzle or diffuser attachment for styling?
image_107_jpg.rf.c3a5ee791b360e0e11b5be86d3a89454.jpg,hairdryer,0.136814072728157,266.7422180175781,159.068115234375,518.2055053710938,449.2001037597656,Does the 2000W rating visible on one of the hairdryers mean it's powerful enough for quick and efficient drying?,"Are attachments like the concentrator nozzle seen included for both hairdryers, and is a diffuser available?","Are these standard-sized handheld hairdryers, or are they more compact travel models that might fold for storage?","Are two hairdryers provided in the room, as it appears there are two in the drawer?","Since they are stored in a drawer, is the power cord length sufficient to comfortably reach a mirror from an outlet?","Since one hairdryer is labeled 2000W, is it powerful enough to dry long or thick hair efficiently?","Does the hairdryer offer multiple heat and speed settings, or does it only have a basic on/off function?","Is this a full-sized hairdryer, or is it a more compact, foldable travel model?",I see a concentrator nozzle is attached; is a diffuser attachment for curly hair also available?,Does the hairdryer have any modern features like ionic technology to help reduce frizz?,Does the hairdryer offer high wattage (2000W) for quick and efficient drying?,"Are extra styling tools, like the brushes shown, provided for guest use?",Is the device a portable handheld model instead of a restrictive wall-mounted one?,Does the hairdryer feature a foldable handle for easier handling?,Is a concentrator nozzle included for precise airflow and styling?
image_147_jpg.rf.16cf5d1edca6fa44012042e61e9eb918.jpg,hairdryer,0.1055303961038589,230.16751098632807,151.3944854736328,515.9920043945312,553.3311767578125,"Given it says 'Styling Professional' and 'BOMANN', does this hairdryer offer powerful airflow and heat for efficient drying, especially for thicker hair?",How many distinct heat and speed settings are available on the visible switches for customized styling?,"Does this hairdryer come with a concentrator nozzle or a diffuser attachment, which aren't visible in the image?","Is the power cord a standard length, or is it long enough to comfortably reach a distant outlet or allow free movement around the mirror?","While it appears to be a standard size, is the hairdryer particularly lightweight or does it have a foldable handle for easier packing or storage in the room?","How powerful is this hairdryer; is it a high-wattage model or more of a basic, low-power travel dryer?",Does the switch on the handle offer multiple heat and speed settings for different hair types?,Is that small button above the main switch a 'cool shot' button to help set a hairstyle?,"Since none are pictured, does this hairdryer come with any attachments like a concentrator nozzle or a diffuser?","Judging by its size, is this a compact, foldable hairdryer, or a standard full-size model?",Is the hairdryer portable or hardwired to the bathroom wall?,"Does the ""Styling"" label imply professional-grade performance?",Is it a compact travel model or a full-power dryer?,Are there variable speed and heat settings on the handle?,"Does it feature a ""cool shot"" button for finishing styles?"
image_150_jpg.rf.d799d44a5640cf3a4920ddda0c8659ce.jpg,hairdryer,0.3473914563655853,16.720600128173828,5.888462066650391,637.270263671875,631.8885498046875,"The image shows controls for 'DRY COOL OFF' and 'TURBO NORMAL'; does this mean it has multiple heat and speed settings, including a cool shot?","Does this hairdryer come with any styling attachments, such as a concentrator nozzle, that can be added to the front?","Is this a full-sized hairdryer, or is it a more compact model often found in hotel rooms?","Based on its design, would this hairdryer provide quick and powerful drying, or is it a more basic hotel amenity?","How long is the power cord, and will it comfortably reach from the outlet to the vanity mirror area?",What is the wattage of this hairdryer to gauge its drying power?,"Is this a compact, travel-sized dryer or a more powerful, full-sized model?","Does the 'Cool' setting provide a true cool shot for styling, or is it just a low-heat option?",Does it come with the clear concentrator nozzle that is shown in the picture?,"Given the ""Turbo/Normal"" and ""Dry/Cool"" switches, are the speed and heat settings controlled independently?",Is the handle foldable to make the dryer more compact for storage?,"Does it offer adjustable heat and speed settings, such as a ""Turbo"" mode or ""Cool"" shot?",Is this a portable handheld unit rather than a wall-mounted bathroom fixture?,Does it include a concentrator nozzle attachment for more precise styling?,Is this a travel-sized model or a full-sized dryer suitable for thick hair?
image_76_jpg.rf.9c63266dc6ff469fbc1a1f2cca4c26f8.jpg,hairdryer,0.2886694669723511,117.48405456542967,201.30886840820312,636.7801513671875,641.099365234375,"Does this hairdryer offer separate controls for heat and speed, or are the 'TURBO', 'DRY', and 'COLD' settings pre-set combinations?","Since the handle appears to fold, how compact is this hairdryer for storage or if I wanted to pack it?","Does it come with any styling attachments, such as a concentrator nozzle or diffuser, for different hair types?","Given the coiled power cord, is it long enough to comfortably reach a mirror or an outlet far from the counter?","Would this Panasonic model be considered powerful enough for drying thicker or longer hair efficiently, or is it more of a basic travel-grade hairdryer?","I can see the ""Turbo"" setting, but is this a high-wattage hairdryer powerful enough for thick hair, or is it a lower-power travel model?","Does the hairdryer have separate controls for heat and fan speed, or just the single switch with ""Turbo/Dry/Cold"" options?","Since the cord is coiled, is the hairdryer wall-mounted or is it a loose unit that can be plugged in anywhere in the room?","Does this hairdryer have any modern features like ionic technology to reduce frizz, or is it a basic model?","The nozzle looks fixed; does the hotel provide any other attachments for it, like a concentrator or a diffuser?","Does this model offer variable airflow settings like ""Turbo"" and a ""Cold"" shot for styling?","Is this a handheld, portable unit rather than a restrictive wall-mounted device?",Is this a recognizable brand like Panasonic that I can trust for consistent performance?,Does the dryer come with a concentrator nozzle attachment for more precise drying?,Is the unit compact enough to handle easily while still being powerful enough to dry hair quickly?
image_164_jpg.rf.892e6fbb89a1c512237fcada49ce1106.jpg,hairdryer,0.2308322340250015,52.248783111572266,0.7785415649414062,592.6016235351562,636.454345703125,"Given the visible 'nanoe', 'SKIN', and 'SCALP CARE' labels, does this hairdryer offer specific benefits for hair and scalp health, or are these just marketing terms?","How many distinct heat and speed settings are available on the 'TURBO', 'DRY', 'SET' switch, and is there a cool shot button?","Besides the concentrator nozzle clearly shown, does the hairdryer come with any other styling attachments like a diffuser?",Is this a full-size hairdryer or a compact travel model that folds for easier storage?,"As it's a Panasonic nanoe model, can I expect this to be a powerful and efficient hairdryer suitable for quick drying of long or thick hair?","How powerful is this hairdryer; is it a high-wattage model suitable for drying long, thick hair quickly?","What do the special modes like ""nanoe"" and ""Scalp Care"" actually do?","Besides the visible ""Turbo/Dry/Set"" switch, are there separate controls for heat settings?","Is the round button on the barrel a ""cool shot"" button for setting a hairstyle?","Does it come with a diffuser attachment for curly hair, in addition to the concentrator nozzle shown?",Is this a high-quality brand name hairdryer like Panasonic?,Does it feature advanced settings like scalp or skin care modes?,Does it have a turbo setting for high-speed drying?,Is this a handheld model rather than a fixed wall-mounted unit?,Does it include a concentrator nozzle for precise styling?
image_59_jpg.rf.8760fdb5f09295c2898f59e286ac9d68.jpg,hairdryer,0.1121139749884605,16.55792236328125,143.7783966064453,545.2744140625,636.257568359375,Are there multiple heat and speed settings available on this Black Mango hairdryer?,"Is this hairdryer easily detachable from its wall mount for flexible use, or is it permanently fixed?","Given it's a 'Black Mango by Aliseo Germany' model, can I expect professional-grade performance and durability?","Beyond the attached concentrator nozzle, are there any other styling attachments, like a diffuser, available for this hairdryer?","How long is the coiled power cord when extended, and will it reach comfortably to a vanity mirror?",What is the wattage of this hairdryer? I'm trying to decide if it's powerful enough to dry my thick hair quickly.?,"Does this hairdryer have separate controls for multiple heat and speed settings, plus a cool shot button for styling?",I see it has a concentrator nozzle; is a diffuser attachment also available for guests with curly hair?,"Given the ""Aliseo"" brand, does this model feature ionic or ceramic technology to help reduce frizz?","Is the coiled cord long enough to comfortably reach the mirror, or is its use restricted to right next to the wall mount?","Does this appear to be a full-size, powerful dryer suitable for thick hair?","Is the unit hardwired to the wall, restricting use to the bathroom area?",Does it include a concentrator nozzle attachment for smoother styling?,Are there multiple heat and speed settings visible on the handle?,Is the coiled cord long enough to reach the mirror comfortably?
image_84_jpg.rf.96f0515b63327c2378fa154388ec7757.jpg,hairdryer,0.131527841091156,4.406881332397461,83.53477478027344,273.37091064453125,558.1096801757812,Does the hairdryer offer multiple heat and speed settings for different styling needs?,"Is this a full-sized hairdryer, or is it a more compact, travel-friendly model?","Does the hairdryer come with any additional styling attachments, like a diffuser, besides the concentrator nozzle shown?",Is the power cord long enough to comfortably use the hairdryer from a vanity or mirror?,"Is this a basic hairdryer model, or does it feature technology like ionic or ceramic heating elements for better hair health?","Is this a full-sized hairdryer, or is it a more compact, travel-style model?",Does the hairdryer have multiple heat and speed settings for different hair types?,What is the wattage of this hairdryer to know if it's powerful enough for thick hair?,I see the concentrator nozzle; is a diffuser attachment for curly hair also available?,Does the hairdryer have a 'cool shot' button to help set a hairstyle?,"Is the hairdryer a handheld model that I can move around, or is it attached to the wall?",Does it include the concentrator nozzle attachment shown for precise styling?,Is this a full-sized dryer with good power or a compact travel version?,Is there an electrical outlet conveniently located right next to the grooming area?,"Does the hairdryer appear to be a modern, high-quality appliance?"
image_68_jpg.rf.60c152712150c6b1209b3176d488f7d9.jpg,hairdryer,0.2084429115056991,90.891357421875,119.52033996582033,635.7992553710938,600.3553466796875,"The controls show 'TURBO', 'DRY', and 'COLD'. Does 'DRY' imply a medium heat setting, and are there any other heat or speed adjustments besides these?","Does the hairdryer come with any additional nozzles or attachments, like a diffuser, or is the clear concentrator shown the only option?","Is this a full-sized hairdryer, or is it a compact, lightweight model?","Does this Panasonic hairdryer provide strong airflow for efficient drying, or is it more of a lower-powered model?","Does the power cord offer enough length and flexibility to comfortably use the hairdryer in the bathroom, especially around mirrors or outlets?","I see it has ""Turbo,"" ""Dry,"" and ""Cold"" settings; what is the wattage to know if it's powerful enough for thick hair?","Does the handle fold up, or is this a fixed, compact model?","Does the hairdryer come with any other attachments, like a diffuser, or only the concentrator nozzle shown?","Is the 'Cold' setting a true cool shot for setting hairstyles, or is it just a fan-only mode?",How long is the power cord? I want to make sure it can easily reach the mirror from the nearest outlet.?,Is this a portable model that allows me to dry my hair away from the bathroom wall?,"Does it feature adjustable settings like a ""cool"" mode or turbo speed?",Is this a reliable name-brand appliance rather than a generic hotel dryer?,Is the size compact enough to handle easily while styling?,Does it include a concentrator nozzle for more precise drying?
image_192_jpg.rf.1058835cc67b80c43f85fcc1fb546c47.jpg,hairdryer,0.1108139157295227,94.05111694335938,88.14469909667969,464.9876403808594,575.3182373046875,"How long is the coiled power cord, and does it allow comfortable movement for styling at a mirror?",Are the two ports visible on the wall mount functional USB charging ports for personal devices?,"Does this hairdryer offer multiple heat and speed settings, or is it a single on/off function?","Does the hairdryer come with any attachments, such as a concentrator nozzle or diffuser?","What is the wattage or power of this ""Excelaye's"" hairdryer; is it powerful enough for drying long or thick hair efficiently?",How powerful is this hairdryer? Is it a high-wattage model suitable for drying thick hair quickly?,"Does the hairdryer have different heat and speed settings, or is it just a single on/off setting?",What is the charging speed of the USB ports on the wall-mounted base?,Does this model include a concentrator nozzle attachment for styling or just the open end shown?,How long is the coiled cord when fully stretched out from the wall mount?,Does the wall mount include functional USB ports for charging devices?,"Is the hairdryer fixed to the wall, restricting where I can use it?",Does the coiled cord stretch far enough to stand comfortably at the mirror?,Is this a powerful enough model for drying thick or long hair quickly?,Does it offer multiple heat settings or just a single on/off switch?
image_176_jpg.rf.f8960b4ca25cfbf5369ba3ec570f7d75.jpg,hairdryer,0.1070845499634742,41.82239532470703,-3.1496620178222656,587.1399536132812,349.1221618652344,"Is this Dyson Supersonic hairdryer provided in all rooms, or is it a premium amenity in certain room types?","Does the hairdryer come with different styling attachments, such as a diffuser or various concentrator nozzles, in addition to the one shown?","Is the hairdryer designed to be kept out on the vanity counter on its stand, or can it be easily stored away to save space?","Does this model of Dyson hairdryer offer multiple heat and speed settings, including a cool shot function?",Is the power cord for the hairdryer long enough to comfortably reach from typical outlet positions to the bathroom mirror?,"Since this is a high-end Dyson, is this hairdryer standard in all rooms or only available in specific suites?",I can see a concentrator nozzle attached; are other attachments like a diffuser for curly hair also provided in the room?,"Does this model have the multiple heat and speed settings, including a cool shot button, that Dyson is known for?","Is this the Supersonic model, which is designed to be less damaging to hair than typical hairdryers?","How long is the power cord, and is there a conveniently located outlet near the mirror?",Is this a high-end Dyson hairdryer provided for guests?,Does it come with styling attachments like a concentrator or diffuser?,Is the hairdryer portable rather than being wall-mounted?,Does it offer multiple heat and speed settings?,Is there a dedicated stand to hold the dryer and its accessories?
image_261_fp_jpg.rf.11b12123acd5b5d8b3bc6b5794108202.jpg,hairdryer,0.1306657642126083,72.29953002929688,89.66079711914062,215.95138549804688,522.9041748046875,"With the numerous control buttons visible on the base, does this hairdryer offer precise temperature and airflow adjustments?","Is this a standard-sized hairdryer that could be easily moved to the bathroom, or is it a larger, more stationary model intended for the vanity?","Does the 'Black+Decker' branding on this hairdryer indicate a durable and reliable appliance, or a more basic hotel offering?","Can we expect this hairdryer to come with any attachments, like a diffuser or a concentrator nozzle, for different styling needs?","Considering its upright, countertop design, is this hairdryer comfortable to handle and direct for various hair lengths and styles?","Seeing the multiple buttons on the base, what are the different heat and speed settings available?","Is the clear pitcher-shaped top a type of large diffuser attachment, or is it for storing the hairdryer?",What is the function of the large handle on the side; does it improve the ergonomics for drying hair?,"Given its size and placement on a kitchen counter, is this a particularly powerful or professional-grade model?","Does the top part detach from the base for handheld use, or must it remain on the counter while operating?",Is the blender pitcher large enough to make drinks for multiple people?,Does the appliance have multiple speed settings for different ingredients?,Is the jar made of heavy-duty glass or plastic?,Is it a reliable name brand like Black & Decker?,Does the unit look powerful enough to crush ice for frozen cocktails?
image_146_jpg.rf.43c5e0d59a4572f3479caecbcac1b0f2.jpg,hairdryer,0.2829293310642242,145.4371337890625,200.6748809814453,531.9716796875,528.2418823242188,"Beyond the visible 'TURBO' setting, what other heat and speed options does this hairdryer offer?","Does this hairdryer come with any attachments, like a concentrator nozzle or a diffuser, for styling?","Is this a compact, travel-friendly hairdryer, and does the handle fold for easier storage?","What does the 'ionity' feature on this Panasonic hairdryer do for hair care, and how does it compare to standard hotel hairdryers?","How powerful is this hairdryer, particularly the 'TURBO' setting, and is it sufficient for quickly drying longer or thicker hair?",What is the wattage of this hairdryer to know if it's powerful enough for thick hair?,"Since it appears to be a foldable Panasonic model, is this a compact travel dryer or a full-sized one?","The dryer says ""ionity""—does that mean it has an ionic feature to help reduce frizz?","Beyond the visible ""Turbo"" and ""Cool"" settings, are there separate controls for multiple heat and speed levels?","Does the hairdryer come with any attachments, like a concentrator nozzle for styling?",Is this a portable unit rather than a low-power wall-mounted dryer?,Does it feature ionic technology to help reduce frizz?,Is the design compact and foldable for easier handling?,Does it offer adjustable settings like a turbo mode and a cool air option?,Is it a reliable name-brand model like Panasonic?
image_298_fp_jpg.rf.8678c69e970e972a7531b6cd5bba3241.jpg,hairdryer,0.1145211979746818,208.23941040039065,153.13357543945312,244.00570678710932,231.16151428222656,"Is this hairdryer permanently wall-mounted, or can it be detached for more flexible use?",Does this hairdryer offer multiple heat and speed settings for different hair types?,What is the power of this hairdryer; does it provide quick drying or is it a basic model?,"Does this hairdryer come with any styling attachments, such as a concentrator or diffuser?",Is the cord long enough to comfortably reach the vanity area from its wall placement?,"This object is a handheld showerhead, not a hairdryer. To help you evaluate the bathroom amenities accurately, here are 5 relevant questions about the item shown:?",Can the height of the handheld showerhead be adjusted on that vertical bar?,"Does the showerhead have multiple spray settings, like massage or mist?",Is this a high-pressure showerhead?,"Is this the only showerhead, or is there also a fixed, overhead rain shower?",Is the height of the unit adjustable on the wall rail?,Can the head be detached from the holder for handheld use?,Does the hose length allow for flexible movement?,Does the chrome finish appear to be high quality and well-maintained?,Does the head design suggest it has adjustable settings?
image_173_jpg.rf.f90197d9090deb101a4ffd03623afda7.jpg,hairdryer,0.1130422949790954,418.1742858886719,172.552001953125,641.1770629882812,460.2360534667969,"Does this compact hairdryer offer different heat and speed settings, or just a single temperature/power level?","Given its small size, is this hairdryer powerful enough for thick or long hair, or is it more suited for quick touch-ups?","Does the concentrator nozzle detach for more versatile styling, or is it a fixed part of the dryer?","How long is the power cord, and is it sufficient to comfortably use the hairdryer at a bathroom mirror or vanity?","With the visible European-style plug, will an adapter be needed for guests from other regions, or is one provided by the hotel?","Since this looks like a compact travel hairdryer, is it powerful enough to dry thick or long hair quickly?","Does the switch on the handle offer multiple heat and speed settings, or is it a single setting?","Is this a dual-voltage hairdryer suitable for international travelers, or is it fixed to the local voltage?","Does this hairdryer have a ""cool shot"" button for setting hairstyles?","I can see the concentrator nozzle, but is a diffuser attachment for curly hair also available?",Is this a compact travel dryer or a powerful full-sized model?,"Is the unit portable so I can use it outside the bathroom, or is it wall-mounted?",Does the handle fold down to save counter space?,Does it come with a concentrator nozzle for easier styling?,Are there adjustable heat and speed settings on the handle?
image_83_jpg.rf.d24bff3c3bd670731ccee032c13177ff.jpg,hairdryer,0.2512450218200683,60.42699813842773,87.85844421386719,581.0765991210938,527.0678100585938,"The hairdryer has visible switches for 'TURBO', 'NORMAL', 'COOL', and 'DRY'. Can guests expect multiple heat and speed settings for personalized styling?","Does the hairdryer come with any attachments, such as a concentrator nozzle or diffuser, or is the clear front piece a fixed part of the unit?","Given its compact appearance, is this hairdryer lightweight and ergonomically designed for comfortable and easy handling during use?","How long is the power cord, and is it sufficient to comfortably reach a bathroom mirror from a typical wall outlet?","Does the 'TURBO' setting provide powerful airflow for quick drying, especially for guests with thick or long hair?",I see settings like 'Turbo' and 'Cool' on the switch; how many distinct heat and speed settings does this hairdryer have?,"Given its foldable and compact appearance, is this dryer powerful enough to dry long, thick hair in a reasonable amount of time?",Does this model have any advanced features like ionic or ceramic technology to help reduce frizz?,"Besides the concentrator nozzle that seems to be attached, does it also come with a diffuser for curly hair?",Is the power cord long enough to comfortably use the hairdryer while looking in the main bathroom mirror?,Is this a compact travel dryer or a powerful full-sized model?,"Does it have adjustable settings like ""turbo"" or a ""cool"" mode?",Does it come with a concentrator nozzle attachment for styling?,Is the handle foldable for easy storage?,"Is the dryer portable with a standard plug, or is it hardwired to the wall?"
image_65_jpg.rf.0d17d8f391a497e6ddb0a3d7b2575297.jpg,hairdryer,0.1406081914901733,1.8190574645996087,5.550079345703125,290.5351867675781,409.7248840332031,"Does this hairdryer offer multiple heat and speed settings, or is it a single-setting basic model?","How far does the coiled cord stretch for comfortable use, especially when trying to reach the mirror?","Does this hairdryer come with any attachments, such as a concentrator nozzle or a diffuser?","Is this a high-wattage hairdryer suitable for quickly drying thick or long hair, or is it a lower-powered model?","Given its wall-mounted design, is the hairdryer easy to maneuver and hold without feeling awkward or restricted?",How powerful is the hairdryer; what is its wattage?,"Does this model offer multiple heat and speed settings, or is it just on/off?","Is there a ""cool shot"" button for setting hair styles?",How far does that coiled cord stretch? I'm wondering if it will reach the mirror comfortably.?,"Does it come with any attachments, like a concentrator nozzle for straightening or a diffuser?",Is the hairdryer permanently wall-mounted or can it be moved around the room?,Does the coiled cord stretch far enough to reach a mirror comfortably?,Is this a high-power dryer or a standard low-wattage hotel model?,Does it have adjustable heat and speed settings?,Do I need to hold down a button continuously to keep it running?
image_71_jpg.rf.2b6006fb3c2cba2156fcf7c8bcc1887c.jpg,hairdryer,0.237386405467987,57.63507843017578,9.14438247680664,544.0677490234375,492.4137878417969,Does this hairdryer offer multiple heat and speed settings for different hair types?,"Beyond the visible concentrator nozzle, does it come with any other styling attachments, such as a diffuser?",Is the power cord long enough to comfortably reach from an outlet to the bathroom mirror or vanity?,"Given it's a Beurer brand, is this considered a high-quality, powerful model for efficient drying?",Does the hairdryer have a lightweight and ergonomic design for comfortable extended use?,How powerful is this Beurer hairdryer in terms of wattage?,"Does the hairdryer have multiple heat and speed settings, plus a cool shot button?","Since it has a concentrator nozzle, is a diffuser attachment for curly hair also included?","Is this a full-sized hairdryer or is it a more compact, travel-style model?",Does this model feature ionic or ceramic technology to help reduce frizz?,Is this a handheld hairdryer rather than a fixed wall-mounted unit?,Does it come with a concentrator nozzle attachment for styling?,"Does the device appear to be a high-quality, modern brand?",Are there adjustable switches for controlling heat and speed?,Is the hairdryer compact and easy to hold?
image_215_jpg.rf.2aa99ea7df6af247a429573d1ee192d4.jpg,hairdryer,0.1358388513326645,86.11221313476562,203.79376220703125,527.0784301757812,533.9284057617188,"Given the 'HIGH' and 'LOW' visible on the switch, does this hairdryer offer different heat or speed settings, or both?","The hairdryer says 'Conair 1875'; does the '1875' refer to its wattage, and is it considered powerful enough for quick and effective drying?","Does the hairdryer include the concentrator nozzle attachment visible, and are there any other attachments provided like a diffuser?","Is this hairdryer a compact model that would be easy to handle and store, or is it a larger, full-sized unit?","How long is the power cord for this hairdryer, and is there an easily accessible outlet near the mirror for comfortable use?",How powerful is this 1875-watt hairdryer—is it strong enough for thick hair or more of a basic travel model?,"Does the hairdryer have a ""cool shot"" button for setting a style, in addition to the visible high/low settings?","Are any attachments provided, such as a concentrator nozzle for styling or a diffuser for curly hair?",What is the length of the power cord? Is it long enough to comfortably use away from the outlet?,"Is this a compact, lightweight model, or is it a full-sized, heavier hairdryer?",Is this a handheld hairdryer or is it tethered to the wall?,Does it offer multiple heat and speed settings for different hair types?,Is the wattage high enough to dry thick hair quickly?,"Does it include a ""cool shot"" button to help set styles?",Are there any concentrator or diffuser attachments included?
image_137_jpg.rf.86d1a8dd70d1f62edfe88741b8d185e3.jpg,hairdryer,0.238068088889122,122.16228485107422,182.8601226806641,447.3320007324219,602.8070068359375,"Does this hairdryer offer multiple heat and speed settings, as suggested by the slider on the handle?","Is the 'Supreme' brand hairdryer a high-wattage or professional-quality model, or more of a basic option?","Does the hairdryer include any additional attachments, like a diffuser for curly hair or a specific concentrator nozzle?","Is this a standard, full-sized hairdryer or a smaller, compact travel version?","How long is the power cord for this hairdryer, and is it suitable for reaching outlets that might not be right next to the mirror?",I can see a switch on the handle; does that control multiple heat and speed settings?,What is the wattage of this hairdryer? I need to know if it's powerful enough for thick hair.?,"It comes with a concentrator nozzle, but is a diffuser attachment also provided for curly hair?","Is this a full-size hairdryer or is it a more compact, travel-sized model?","Does the hairdryer have a ""cool shot"" button to help set a style?","Is this a full-sized, handheld dryer rather than a low-power wall-mounted unit?",Does it include a concentrator nozzle attachment for easier styling?,Are there variable settings for heat and speed control visible on the handle?,Is the cord flexible and long enough to use comfortably away from the sink?,Is this a recognizable brand model that implies reliable drying power?
image_137_jpg.rf.86d1a8dd70d1f62edfe88741b8d185e3.jpg,hairdryer,0.1190143823623657,122.48687744140624,188.14938354492188,308.0621643066406,601.567138671875,"Based on the visible switches on the handle, does this hairdryer offer multiple heat and speed settings for precise styling?","Given it's a Conair ""Supreme"" model, can guests expect this hairdryer to be powerful enough for efficient drying of thick or long hair?","Is the black nozzle visible at the end a removable concentrator for styling, and are any other attachments like a diffuser provided?","Does this hairdryer appear to be a comfortable, full-sized model rather than a compact travel version that might be less powerful?","Does this model include any specific features like ionic technology or a 'cool shot' button, which are often found in higher-end hairdryers?","Looking at the slider on the handle, does this hairdryer offer multiple heat and speed settings?",What is the wattage of this Conair model? I need to know if it's powerful enough for thick hair.?,"Does the hairdryer come with a diffuser attachment, or only the concentrator nozzle that's pictured?","Is there a ""cool shot"" button on this model to help set a hairstyle?","Is the handle on this hairdryer foldable, or is it a fixed, full-size model?",Is this a full-sized hairdryer with enough power to dry thick hair quickly?,Does the unit come with the concentrator nozzle attachment shown for styling?,"Is this a portable handheld model that allows me to move around, rather than being mounted to the wall?",Does it feature adjustable heat and speed settings on the handle?,"Is this a standard consumer-quality brand rather than a generic, low-power hotel dryer?"
image_25_jpg.rf.5a9dc64c208ef3f8fa3c385bfff8302d.jpg,hairdryer,0.1183196455240249,63.633975982666016,4.0802001953125,540.7372436523438,624.5347900390625,"Does this hairdryer offer multiple heat and speed settings, including a ""TURBO"" option and a dedicated ""COOL HOT"" button, as seen on the controls?","Is the clear nozzle visible a concentrator attachment for styling, and are any other attachments like a diffuser also provided?","Is this a portable, handheld hairdryer with a standard plug, or is it a more compact, fixed-to-the-wall model?",What is the power output or wattage of this Koizumi model to determine its drying strength?,"How long is the power cord for this hairdryer, to ensure comfortable use at a vanity or mirror?","Seeing the ""Turbo,"" ""High,"" and ""Low"" settings, does the hairdryer have separate controls for heat and fan speed?","What is the purpose of that large, clear nozzle attachment; is it a standard concentrator or for a special function like adding volume?","Considering this looks like a full-size ""Koizumi Monster"" model, is it a high-wattage hairdryer powerful enough for thick hair?",Does this hairdryer have any modern features like ionic or ceramic technology to reduce frizz?,Is the cord long enough to comfortably use the hairdryer in front of the bathroom mirror?,"Is this a portable, handheld unit rather than a low-power wall-mounted dryer?","Does the hairdryer feature multiple speed or heat settings like ""High"" and ""Turbo""?","Is there a ""cool shot"" button available for setting hairstyles?",Does the dryer include a concentrator nozzle attachment for more precise styling?,"Does the appliance appear to be a higher-quality, name-brand model compared to standard hotel basics?"
