image,label,score,x1,y1,x2,y2,gemini_3_single_q1,gemini_3_single_q2,gemini_3_single_q3,gemini_3_couple_q1,gemini_3_couple_q2,gemini_3_couple_q3,gemini_3_group_q1,gemini_3_group_q2,gemini_3_group_q3
image_43_jpg.rf.d86619e766120e5aaf0f8d07c9dd2cda.jpg,electric kettle,0.1628613322973251,362.04241943359375,210.689697265625,597.9957275390625,578.5204467773438,Is the stainless steel interior well-maintained and clean enough for me to trust boiling water for my instant noodles?,Does this kettle have a quick-boil feature or auto-shutoff so I can make a fast cup of tea while rushing to get ready?,"Since the body is metal, does the handle stay cool enough to pour a?","Does the kettle hold enough water to fill two large travel mugs at once, or will we need to boil it twice?",Is the boiling noise quiet enough that one of us can make early morning coffee without waking the other up?,Is that spout design precise enough to pour into narrow water bottles without spilling hot water on the counter?,Is the capacity large enough to prepare hot water for instant oatmeal or hot chocolate for the whole family in one go?,"Since the exterior looks like uninsulated stainless steel, does it get too hot to leave on the counter near curious kids?",Does the lid open wide enough to easily refill it from the tap when we need to boil multiple batches for a group breakfast?
image_32_jpg.rf.72892be5071cc65196cb5bbb38bc4512.jpg,electric kettle,0.1044237539172172,214.4636688232422,245.83740234375,356.82733154296875,448.1514892578125,Is that stainless steel kettle quick to boil just enough water for a?,Can I easily reach everything I need while bathing alone?,Is the tub slip-resistant for safety when showering solo?,Does the kettle hold enough water to fill two large travel mugs at once before we head out for the day?,Is the kettle quiet when boiling so one of us can make tea early without waking the other?,"Since there's a coffee machine next to it, is the kettle fast enough so we can enjoy our different hot drinks together?","Does that metal exterior get very hot to the touch, which might be a safety concern for our children?",Is the capacity large enough (looks like 1.5 liters) to make instant oatmeal or cup noodles for the whole family?,"Does the kettle feel sturdy on its base, or is it flimsy given how frequently our group will be using it?"
image_75_jpg.rf.45f7e828d7f28c0f0b9ba53230fa6605.jpg,electric kettle,0.2158689498901367,538.365478515625,347.4501953125,589.0572509765625,423.8499450683594,"Since it has two small side handles instead of one large grip, is it awkward for one person to lift and pour safely?","Is that distressed white texture a deliberate design choice, or does the kettle look worn out and unclean in person?",It looks quite tall and heavy; is it overkill if I just want to boil a small amount of water for a?,"Does this rustic ceramic style add to the room's charm, or does it feel dated and grimier than a standard appliance?",Is the capacity large enough for us to make two large mugs of tea at once without refilling?,"Are the handles insulated, or do we need to worry about burning our hands when making our morning drinks?","Since it looks like breakable ceramic, is it sturdy enough to be safe in a room with energetic children?","Does the exterior get dangerously hot to the touch, which could be a hazard for the kids?",Is the internal volume sufficient to prepare quick breakfasts like oatmeal for the whole family in one go?
image_22_jpg.rf.4497b908c343c60f1d27b666dd8d5af4.jpg,electric kettle,0.1014977246522903,403.80670166015625,217.53114318847656,633.5526123046875,416.93353271484375,I see the water gauge has cup markings; is the minimum fill low enough to just boil one quick cup without wasting water?,Is this Philips kettle clean and efficient enough for a solo traveler relying on it for instant oatmeal or cup noodles in the room?,Does the kettle boil fast so I can make a quick coffee and head out for my meetings or sightseeing?,Does the kettle look well-maintained and free of limescale so we can enjoy a nice cup of tea together in the morning?,Is the water level window clear enough for us to easily measure out exactly two large mugs worth of water?,"Since it is a plastic model, does it impart any plastic taste to the water that might ruin our morning coffee?","With that ""MAX 1.7L"" line clearly visible, is the capacity large enough to make hot drinks or instant soups for the whole family in one go?",Is the handle sturdy and comfortable to hold when the kettle is filled to the absolute maximum for a group breakfast?,Does the lid open wide enough to make it easy to refill frequently from the tap when making multiple rounds of drinks?
image_82_jpg.rf.d68900600c60c929f312d4a9fa54a87c.jpg,electric kettle,0.1382399648427963,203.17559814453125,27.667598724365234,430.8992004394531,522.4929809570312,Does this glass kettle boil water quickly enough for a rushed morning coffee before I head out?,"Since the body is clear glass, is it easy to see if the interior has been kept clean and free of residue?",Is that blue LED light disturbing if I want to boil water late at night in a studio-style room?,Does the kettle hold enough water to fill two large travel mugs simultaneously without needing a refill?,Is the boiling noise quiet enough that I can make tea without waking my partner up?,It looks like a nice Oster model; does it feel sturdy and high-quality for our weekend stay?,Is the capacity large enough (around 1.7 liters) to make instant oatmeal and hot cocoa for a family of four at once?,"Since the body is glass and gets hot, is the cord short enough to keep it safely out of reach of children?",Does it take a long time to heat up when filled to the max line for a whole group's breakfast?
image_82_jpg.rf.d68900600c60c929f312d4a9fa54a87c.jpg,electric kettle,0.1549088209867477,204.4579315185547,194.17105102539065,426.37841796875,522.8888549804688,"Since the body is glass, is the kettle kept clean of hard water stains or residue?","Does the blue LED light stay on all night, or does it turn off when the water is done boiling?",Is it possible to boil just a small amount of water quickly for a?,Is the kettle quiet enough to use in the morning without waking up my partner?,Is the capacity large enough to fill two large travel mugs with hot water at once?,Does the modern glass and stainless steel look feel premium and hygienic?,Is this a full-sized 1.7L kettle that can handle making oatmeal or cocoa for the whole family at once?,"Since the exterior is glass rather than insulated plastic, does it get too hot for children to be around?",Does the kettle boil fast enough to handle back-to-back rounds of hot drinks for a larger group?
image_79_jpg.rf.49ac0f635481617ccf8fb1ce9e5b47cf.jpg,electric kettle,0.1293592900037765,98.72699737548828,309.6196594238281,141.0452423095703,353.04010009765625,Is the stainless steel interior clean and well-maintained so I can trust making my morning coffee in it?,Does the kettle boil water quickly enough for a fast convenient drink before I head out for the day?,"Is that the only mug provided on the tray, or are there extras in case I need a clean one later?",Does this kettle hold enough water to fill two large mugs at once so we can enjoy our tea together?,Is the appliance quiet enough that one of us can make a hot drink without waking the other up?,"Are there ample tea and coffee supplies provided on that tray for two people, or should we bring our own?",Is the capacity large enough to prepare instant oatmeal or noodles for the kids without boiling water multiple times?,"Since the exterior is metal, does it get too hot to the touch, which might be a safety concern for children?",Is the wooden tray sturdy and movable so we can relocate the tea station to a higher shelf away from little hands?
image_79_jpg.rf.49ac0f635481617ccf8fb1ce9e5b47cf.jpg,electric kettle,0.1297444701194763,327.4657897949219,316.5482177734375,369.1244812011719,362.0984497070313,Is this stainless steel vessel too bulky to handle easily if I just want to boil a?,Can I easily reach everything I need while bathing alone?,Is the tub slip-resistant for safety when showering solo?,Is this pot large enough to boil water for two cups of tea and a pair of instant noodle bowls for a late-night snack?,Does the glass lid fit tightly to keep water hot if one of us wakes up later than the other?,Is the appliance quiet when heating so I don't disturb my partner while making early morning coffee?,That looks like a high-capacity vessel; can it boil enough water for a family of four to have oatmeal and hot chocolate at once?,Do the side handles stay cool to the touch so I can safely move it when it's full of boiling water near the kids?,Is the stainless steel construction sturdy enough to handle constant use for heating baby bottles or sanitizing pacifiers?
image_156_jpg.rf.1f68aef6ecbd2f53e450539c587dd81d.jpg,electric kettle,0.3474845588207245,180.56149291992188,178.00119018554688,430.6932373046875,495.90277099609375,"Since the kettle looks quite substantial, does it boil water quickly if I just need a quick cup of coffee before a meeting?",Is that removable metal lid easy to take off and secure properly when I'm filling it up by myself?,"Does the kettle take up a lot of space on the counter, or is there still room to set up a laptop or organize my things?",The image shows two mugs ready to go—does the kettle hold enough water to fill both of those large cups completely without needing a refill?,"Since the kettle sits on a separate base, is the body cordless so we can easily carry it to the table for a relaxed breakfast?",Is this model quiet enough that making an early morning tea won't wake up my partner sleeping in the same room?,Does that wide dome shape mean it has a large enough capacity to make oatmeal or hot chocolate for the whole family at once?,"With that metal exterior finish, does the outside get dangerously hot to the touch, which might be a worry with kids around?",Is the spout designed well enough to pour large amounts of hot water safely without splashing or dripping?
image_156_jpg.rf.1f68aef6ecbd2f53e450539c587dd81d.jpg,electric kettle,0.1294550746679306,485.4238586425781,238.0951232910156,640.5028686523438,488.7852783203125,Is this a compact 2-slice model that is quick and easy for making a simple solo breakfast?,Does the retro-style browning dial allow for precise control so I don't burn my food?,"Is the appliance clean and well-maintained, as suggested by the pristine white finish?",Are the slots wide enough to accommodate bagels or thick bread for a romantic breakfast in bed?,Does the stylish design of this toaster suggest the rest of the room's amenities are equally high-quality?,"Since it only has two slots, does it toast fast enough for us to both eat warm food at the same time?","With only two slots visible, will preparing breakfast for the whole family create a bottleneck in the morning?","Does the metal exterior get hot to the touch, which might be a safety concern for small children?","Is this the only cooking appliance provided, or is the kitchenette fully stocked for preparing family meals?"
image_78_jpg.rf.6930a43de7b882b45d1e5e7c181ab9f6.jpg,electric kettle,0.1281013935804367,375.9591979980469,303.52984619140625,410.6649475097656,359.3446655273437,Is that black kettle compact enough to leave plenty of workspace on the desk for my laptop?,Does it boil water quickly for a fast?,Is the tub slip-resistant for safety when showering solo?,Does that kettle hold enough water to fill two large mugs of tea at the same time?,Is the appliance quiet enough to use early in the morning without waking my partner?,Can you see the water level clearly through the side window to measure out exactly two cups?,Is the capacity large enough to prepare hot oatmeal or cocoa for the whole family in one go?,Does the exterior of the kettle stay cool to the touch to prevent burns if children are in the room?,Is the lid easy to open and refill quickly if we need to boil multiple batches for a larger group?
image_33_jpg.rf.429431291699ba82cbc7b251fb4304de.jpg,electric kettle,0.1484925746917724,32.646141052246094,194.68170166015625,335.5867004394531,464.0319213867188,Is this compact kettle quick to boil for a fast cup of tea or instant oatmeal before I head out for the day?,"Since I only see coffee pods on the machine, are tea bags and a mug provided to use with the kettle?","Is the kettle cordless for easy pouring, or do I need to keep it tethered to the base near the crowded counter?","Does the black kettle hold enough water to fill two large mugs at once, or will we need to boil it twice for our morning tea?",My partner prefers Nespresso but I drink tea; is there enough counter space to use the kettle and coffee machine simultaneously?,Is the kettle quiet when boiling so I can make a hot drink early in the morning without waking my partner?,That kettle looks like a smaller capacity model; will we have to refill and boil it multiple times to make hot chocolate for the whole family?,Is the exterior of the kettle plastic or insulated so it stays cool to the touch if the kids accidentally bump it?,Does the clear water gauge on the side make it easy to measure precise amounts for preparing baby formula or instant noodles?
image_33_jpg.rf.429431291699ba82cbc7b251fb4304de.jpg,electric kettle,0.1413696706295013,300.4420471191406,234.843017578125,542.5904541015625,440.1684265136719,Is the water level window clear enough to measure out just one cup so I don't waste time boiling extra water?,Does this kettle boil water quickly so I can make a fast coffee before heading out for the day?,Is the interior of the kettle kept clean and free of limescale for a hygienic personal use?,Does the kettle have enough capacity to fill two large mugs at once so we can enjoy breakfast together?,Is the appliance quiet when boiling so one of us can make tea without waking the other up?,Is the kettle placed near enough to outlets to easily make hot drinks for a relaxing evening in the room?,Is the capacity large enough to boil water for everyone's instant noodles or oatmeal in a?,Can I easily reach everything I need while bathing alone?,Is the tub slip-resistant for safety when showering solo?
image_179_jpg.rf.654b67499684d5cefe708675eb6447f3.jpg,electric kettle,0.1353015899658203,54.10069274902344,184.53782653808597,280.4744873046875,593.8416748046875,Is the minimum fill line on that water window low enough so I can just boil a?,Can I easily reach everything I need while bathing alone?,Is the tub slip-resistant for safety when showering solo?,Does the kettle hold enough water to fill two large travel mugs at once for our day out?,Is the switch at the bottom automatic so we can get ready while the water boils without watching it?,"Since it looks like a plastic body, is it quiet enough to use early in the morning without waking my partner?","Looking at the height of the kettle, is the capacity large enough to make hot cocoa for the whole family in one round?",Is the exterior cool-to-the-touch so we don't have to worry about the kids burning themselves if they brush against it?,Does that narrow water gauge make it difficult to see when the kettle is filled to the maximum for a large group breakfast?
image_165_jpg.rf.1ba2b7d2c1a716cc04f4dd73b2d4acfe.jpg,electric kettle,0.2397447079420089,299.9971008300781,254.98741149902344,574.3958740234375,594.6470947265625,Is this Tiger brand kettle fast enough to get my morning coffee ready quickly before I rush out for business?,Does the compact size mean it boils water faster for just a?,Is the tub slip-resistant for safety when showering solo?,"Judging by the mug next to it, does this kettle hold enough water for both of us to have tea at the same time without refilling?",Is the boiling mechanism quiet enough that I won't wake my partner if I decide to make a late-night drink?,Does the appliance look well-maintained and hygienic enough for us to feel comfortable using it on our romantic getaway?,Is the kettle's exterior cool to the touch to ensure safety if our children are playing near the table?,Is the water capacity sufficient to prepare instant oatmeal or noodles for the kids in one go?,Does the lid lock securely to prevent hot water spills if the room gets crowded and the table gets bumped?
image_41_jpg.rf.f79f0591e5855fd995c5cf81df964999.jpg,electric kettle,0.1806690543889999,306.75115966796875,193.19903564453125,507.7462158203125,490.31787109375,Is the water level window clear enough to measure out just a?,Can I easily reach everything I need while bathing alone?,Is the tub slip-resistant for safety when showering solo?,"Looking at the markings on the gauge, is the maximum capacity enough to fill two large mugs of tea at once?",Does the kettle detach easily from the grey base so one of us can bring it over to the bed or table?,Is the spout designed well enough to pour water into our travel bottles without spilling?,Is that an 'iQ Terra' model with at least a 1.5-liter capacity to make oatmeal or noodles for the kids?,"Since it looks like a plastic body, does the exterior stay cool enough to be safe around children?",Does the handle look sturdy enough to lift safely when the kettle is filled to the top for a family breakfast?
image_2_jpg.rf.e26af757e17a18f0b550d0cbfc158781.jpg,electric kettle,0.2005095332860946,466.2268371582031,244.66232299804688,613.5298461914062,539.8743896484375,Is the water level window clear enough to easily measure out just one cup so I don't waste time boiling extra water?,Does this Tefal model boil quickly enough for me to grab a fast instant coffee before heading out for the day?,Is the kettle compact enough on the counter to leave space for my laptop if I need to work in the room?,Does the capacity shown on the gauge look sufficient to fill two large travel mugs at once without needing a refill?,Is the boiling noise quiet enough that I can make early morning tea without waking my partner?,"Does the black finish look well-maintained and clean, or does it show signs of limescale and wear?",Is the maximum capacity large enough (it looks like 1.5L) to make hot chocolate for the whole family in a?,Can I easily reach everything I need while bathing alone?,Is the tub slip-resistant for safety when showering solo?
image_2_jpg.rf.e26af757e17a18f0b550d0cbfc158781.jpg,electric kettle,0.12696573138237,302.96490478515625,265.88800048828125,458.9004821777344,498.8813781738281,Is the water level window on the side clear enough to see exactly how much water I'm boiling for a?,Can I easily reach everything I need while bathing alone?,Is the tub slip-resistant for safety when showering solo?,Does the kettle have a large enough capacity to fill two large travel mugs at once for our morning outing?,Is the appliance quiet enough to use early in the morning without waking up my partner?,"Since it's a plastic model, does it pour cleanly without spilling hot water when we're making breakfast in the room?",Does that kettle hold at least 1.5 liters so we can make hot drinks for the whole family in one go?,"Is the exterior of the kettle safe to touch, or does it get very hot, which might be a concern with kids around?",Does the lid open wide enough to easily refill it from the bathroom tap if we need to make multiple batches for cup noodles?
image_44_jpg.rf.047f8f42d60a321cc7f538abbfc72b2e.jpg,electric kettle,0.1748170107603073,35.41462707519531,170.12071228027344,284.9894714355469,518.1829223632812,"Are the coffee pods shown on the tray complimentary, or is there an extra charge to use the machine?",Is the Krups machine intuitive and quick to operate for a fast morning coffee before I head out?,Does the machine accommodate a tall travel mug so I can take my drink to go?,"Since there are only three pods visible, are enough supplies provided for two people to have coffee every morning?",Is the water tank on the back large enough to brew two full cups back-to-back without refilling?,Does the hotel provide a variety of pod flavors so we can each have the drink we prefer?,Is the white kettle on the right large enough to boil water for everyone's instant noodles or oatmeal?,Since the Krups machine is?,Is the tub slip-resistant for safety when showering solo?
image_7_jpg.rf.ba04507255db8bb2db0db5a3e17faca9.jpg,electric kettle,0.3385947644710541,367.1246337890625,255.85044860839844,555.0057373046875,593.4680786132812,Is that Russell Hobbs kettle a rapid-boil model so I can make a quick coffee before heading out?,Does the water level window clearly show a minimum fill line so I don't waste energy boiling a full pot just for myself?,"Since it's sitting right next to a coffee maker, is there enough plug space to use the kettle easily without moving things around?",Does the kettle hold enough water to fill two large travel mugs at once for our morning tea?,Is the operation quiet enough that making a hot drink won't wake my partner up?,"It looks like a quality brand, but does it have an auto-shutoff feature so we don't have to watch it while getting ready together?",Is the maximum capacity shown on the window at least 1.7 liters so we can make hot chocolate for the whole family in one go?,Does the kettle boil a full pot fast enough to handle making instant noodles or oatmeal for a group breakfast?,"Does the exterior get extremely hot to the touch, or is it insulated enough to be safe around children?"
image_114_jpg.rf.e61efb0d5ed4ced191aed05238eba165.jpg,electric kettle,0.1723459810018539,170.54574584960938,329.27606201171875,315.2222595214844,574.8109130859375,Is this high-end SMEG kettle actually included in the room for guests to use?,Does it boil water quickly if I just need a quick cup of coffee before heading out?,Is the kettle well-maintained and clean inside for hygienic personal use?,Is the kettle large enough to boil water for two large mugs of tea at the same time?,Does the room provide enough coffee pods or tea bags to go with this nice setup?,Is the kettle quiet when boiling so I don't wake my partner up in the morning?,Does this kettle have a large enough capacity to make oatmeal or noodles for the whole family at once?,"Since the exterior is metal and chrome, does it get too hot to the touch for young children?",Is the handle sturdy and easy to pour when the kettle is filled to the top for multiple people?
image_148_jpg.rf.709b26c2f071689cb275b3c0257c01fd.jpg,electric kettle,0.1414461880922317,54.59732055664063,31.171741485595703,595.1718139648438,504.6199035644531,"Is this ""Universal"" brand kettle reliable and fast enough for a quick morning coffee before meetings?",Does the stainless steel interior look clean and scale-free for a hygienic?,Is the tub slip-resistant for safety when showering solo?,Does this kettle have enough capacity to fill two large mugs at once so we can enjoy breakfast together?,"Since the body is metal, does the outside get too hot to touch if we need to pass it to each other?",Is the boiling mechanism quiet enough that I won't wake my partner up if I make an early morning drink?,Is the kettle large enough to boil water for instant noodles or oatmeal for the whole family in one go?,"Does the exterior have any insulation, or is the shiny stainless steel dangerous for curious kids to touch?",Does the lid lock securely to prevent hot water spills if the room is crowded?
image_64_jpg.rf.f8bc4971bb730ff0f71b7cc14e1c881d.jpg,electric kettle,0.1119606047868728,139.5150146484375,29.73832130432129,552.4150390625,339.4471740722656,Is the kettle quick enough to boil water for a fast coffee while I'm rushing to get ready in the morning?,"Is the interior made of stainless steel like the rim appears to be, or is it plastic which might affect the taste of my drink?",Does the kettle have an automatic shut-off feature so I don't have to watch it while I'm packing my bag?,"Does the kettle hold enough water to fill two large mugs at the same time, or just the small cups shown in the foreground?",Is the boiling mechanism quiet enough that I can make tea early without waking up my partner?,Does the hospitality tray come stocked with enough coffee and sugar packets for two people to enjoy a drink together?,Is the capacity large enough to boil water for multiple bowls of instant oatmeal or noodles for the kids?,Does the black exterior stay cool to the touch while boiling so it is safe to have around children?,Is the lid secure and the base stable enough to prevent accidental spills in a busy family room?
image_20_jpg.rf.2274a45eef6b3f1236184378e2f39a64.jpg,electric kettle,0.1570322811603546,457.57818603515625,238.04806518554688,608.31396484375,480.39654541015625,Is this Breville kettle quick to boil so I can grab a coffee before rushing out for the day?,"Can I boil just enough water for one cup, or is there a high minimum fill level that wastes time?",Is the kettle straightforward to use with a clear water gauge so I don't have to fiddle with it?,Is the capacity large enough to brew two large mugs of tea at the same time so we can enjoy breakfast together?,"Since this is a branded Breville appliance, does it indicate the room has higher-quality amenities overall?",Is the kettle quiet enough while boiling that it won't wake my partner up if I make an early morning drink?,Is this a full-sized 1.7L kettle that can handle making hot drinks for the whole family in a?,Can I easily reach everything I need while bathing alone?,Is the tub slip-resistant for safety when showering solo?
image_129_jpg.rf.55ce5d51f42738e11c626822f848ded6.jpg,electric kettle,0.2755242884159088,163.37554931640625,301.5595092773437,408.4136352539063,579.3123779296875,"Since the kettle looks quite compact, does it boil water quickly enough for a fast cup of coffee before I head out?",Is the cord length on that plug long enough to reach an outlet easily without me having to rearrange the desk area?,Does the plastic interior look clean and well-maintained so I can trust it for a hygienic morning tea?,"Is the capacity of this small kettle sufficient to fill two large mugs at once, or will we have to boil it twice?",Does the kettle make a lot of noise while boiling that might wake my partner up if I make an early drink?,"Seeing the plug sitting loose on the table, is there actually a convenient socket nearby so we can use it right there?","Judging by its size next to the large water bottles, is this kettle too small to make hot drinks for the whole family in one go?","Does the black plastic exterior get very hot to the touch, or is it safe to have on the counter around children?",Is the lid mechanism durable and easy to refill repeatedly if we need to boil multiple rounds of water for everyone?
image_166_jpg.rf.98d93bc440c352c8afb095bd1a1d76f4.jpg,electric kettle,0.1982767283916473,272.9568786621094,49.88492965698242,572.260986328125,513.0523681640625,Is the Creade kettle fast enough to boil a?,Can I easily reach everything I need while bathing alone?,Is the tub slip-resistant for safety when showering solo?,Does the kettle have enough capacity to fill two large mugs simultaneously so we can drink coffee together?,Is the boiling process quiet enough to not wake my partner if I make tea early in the morning?,I only see one mug and spoon on the tray; are there additional accessories stored nearby for a second person?,Is the kettle large enough to boil water for multiple servings of instant oatmeal or noodles for the kids?,Does the exterior of this plastic-style kettle stay cool to the touch to prevent burns if children bump into the table?,Is the lid mechanism secure enough to prevent hot water spills in a busy family room environment?
image_40_jpg.rf.9fea74b79bf27581c3d1f1878d476a52.jpg,electric kettle,0.1418376117944717,468.0189208984375,184.23204040527344,636.0755004882812,446.03515625,"Since the exterior is stainless steel, is the interior also metal to ensure my morning coffee tastes fresh and clean?",Is there a water level indicator hidden behind that handle so I can boil just enough for a?,Is the tub slip-resistant for safety when showering solo?,Does that standard jug size hold enough water to fill two large mugs of tea simultaneously for our morning routine?,"Since it's sitting right next to the toaster, is the cord long enough to move it if we need more space to prep breakfast together?","Does the stainless steel finish look well-maintained and free of limescale, ensuring a pleasant amenity for our stay?",Is this a full-capacity 1.7-liter model that can handle making oatmeal or hot chocolate for the whole family at once?,"Because the body is metal rather than plastic, does the outside get dangerously hot to the touch, which might be a concern with kids around?","Does that sturdy-looking handle offer a good grip for safely pouring a heavy, full pot of boiling water for multiple people?"
image_40_jpg.rf.9fea74b79bf27581c3d1f1878d476a52.jpg,electric kettle,0.1492875814437866,213.9324188232422,176.07083129882812,450.9382629394531,457.4732971191406,Does the integrated warming rack allow me to quickly heat up a pastry to go with my morning coffee?,Is this compact stainless steel appliance easy to operate for a quick breakfast before I head out?,Do the browning controls look precise enough so I don't have to worry about burning my?,"With two slots, can we both toast our breakfast simultaneously so we can eat together?",Does the modern stainless steel finish suggest a clean and well-maintained kitchenette?,Is the warming rack large enough to keep a second round of bagels warm while we enjoy the first?,Is the 2-slice capacity too small to handle the breakfast rush for the whole family efficiently?,Can the rack on top be used to warm up multiple muffins or rolls for the kids at once?,Is the appliance sturdy and safe enough to be placed on a counter within reach of children?
image_25_jpg.rf.718cd369c1d4ad3bba04300a3388a1d6.jpg,electric kettle,0.1130060330033302,51.26123046875,470.4093933105469,187.7935028076172,566.1530151367188,"Is that cup large enough for a proper morning coffee, or is it just a small espresso size?","Does the room provide actual metal spoons like the one shown, or will I need to ask for silverware?",Is the ceramic thick enough to keep my tea hot while I'm working or getting ready?,I see two setups here; are both cups in good condition and matching for a coffee together in the morning?,Is the tray spacious enough to hold both our drinks and maybe a snack without feeling cluttered?,"Do these dark ceramic cups feel high-quality and clean, or do they look worn out?",There are only two cups visible on the tray; can we request extra sets for the rest of the family?,Are these heavy ceramic mugs safe to leave out if we have active toddlers running around the room?,"Is the serving tray large enough to organize drinks for a whole group, or is it strictly for two?"
image_25_jpg.rf.718cd369c1d4ad3bba04300a3388a1d6.jpg,electric kettle,0.1236170008778572,205.56857299804688,467.411865234375,327.7088623046875,555.945556640625,"Is that dark ceramic cup a standard mug size for a full morning coffee, or is it smaller like a teacup?",I see a spoon provided on the tray; are sugar and creamer packets also stocked right there for convenience?,Is the cup placed upside down on the saucer to ensure the rim stays clean and dust-free before I use it?,I can see the handle of a second cup on the left—does the room definitely come with a matching set for both of us?,Are these ceramic cups thick and high-quality enough to keep our tea hot while we relax together?,"Does the coffee station include two spoons, or will we need to share the one shown in the image?","We are a family of four; are there extra matching cups available in the room, or only the two visible here?","Are these mugs sturdy enough to be safe around children, or are they delicate and easily broken?",Is the cup wide enough to double as a small bowl for making instant oatmeal or soup for the kids?
image_91_jpg.rf.e5c3e5c2983531ed7031a4864493bed2.jpg,electric kettle,0.1430579423904419,386.361328125,237.0598602294922,641.7845458984375,528.846435546875,Is this Croma kettle fast enough to boil a?,Can I easily reach everything I need while bathing alone?,Is the tub slip-resistant for safety when showering solo?,Does the kettle have enough capacity to fill both of those large mugs with hot water at the same time?,Is the boiling noise quiet enough that I won't wake my partner if I make tea early in the morning?,Does the red indicator light clearly show when it's finished so we can enjoy our drinks together immediately?,Is the kettle large enough to boil water for instant noodles or baby formula for the family?,"Since the body is stainless steel, does the exterior get too hot for children to be near safely?",Is the lid easy to open and refill quickly if we need to do multiple rounds of boiling for everyone?
image_76_jpg.rf.16d2cc4de6297f3f3ea2ca3ad05e276c.jpg,electric kettle,0.1256877183914184,127.0853271484375,194.78126525878903,344.672607421875,410.9772033691406,Is the electric kettle quick to boil if I just need one cup of coffee before a morning meeting?,Does the kettle have a visible water gauge like the one shown so I don't waste time boiling more water than I need?,Is the tea station compact enough to not clutter the desk if I need to use the workspace?,Does the room actually include that green ceramic teapot so we can brew a full pot to share together?,Is the electric kettle quiet enough to use in the morning without waking up my partner?,Does the kettle hold enough water to fill both of those large mugs for a simultaneous tea break?,Is the silver kettle's capacity large enough to make hot drinks for the whole family in one go?,Is the kettle placed on a stable surface out of reach of small children's hands?,Does the kettle heat up fast enough to handle multiple rounds of hot chocolate for a group?
image_76_jpg.rf.16d2cc4de6297f3f3ea2ca3ad05e276c.jpg,electric kettle,0.2261143177747726,328.74432373046875,112.63500213623048,514.7053833007812,359.9737854003906,Is the water level window clear enough to see if I'm filling just the right amount for a?,Can I easily reach everything I need while bathing alone?,Is the tub slip-resistant for safety when showering solo?,Does the kettle have enough capacity to fill both of those floral mugs at the same time without needing a refill?,Is the boiling process quiet enough that I can make early morning tea without waking my partner?,Is the cord long enough to move the kettle to a convenient spot for us to share a hot drink in bed?,"Looking at the size, is the total capacity sufficient to make hot chocolate or instant oatmeal for a whole family in one go?","Since the body is stainless steel, does the exterior get dangerously hot to the touch, which might be a safety concern for children?",Is the button on the lid easy to operate for quick and frequent refilling when serving multiple people?
image_173_jpg.rf.aaa74a72ac5c6e152f5b22bec15750f7.jpg,electric kettle,0.2089781761169433,157.31735229492188,157.13925170898438,365.279296875,440.2561950683594,Can I clearly see the minimum fill line in that window to boil just enough water for one cup quickly?,Is the cord attached to the base long enough to move the kettle to a desk if I want to work while making coffee?,"Does the plastic body imply a ""cheap"" build that might leave a plastic taste in the water?","looking at the water gauge, does the max capacity hold enough to fill both mugs simultaneously so we can drink together?",Is the kettle quiet enough while boiling to avoid waking my partner up if I'm up early?,"Since the provided mugs look small, does the kettle reheat fast enough for us to have a second round immediately?",Is the maximum capacity shown on the side sufficient to make instant oatmeal or cup noodles for a family of four?,"Does the plastic exterior get dangerously hot to the touch while boiling, which could be a safety risk for children?",Is the lid opening wide enough to easily fill water bottles or sanitize the interior before using it for baby formula?
image_74_jpg.rf.c0d5374c30df1c70674b4abcf36147a7.jpg,electric kettle,0.1782242357730865,446.6960144042969,268.33935546875,626.6739501953125,556.5845947265625,"Since the kettle looks quite compact with that slender body, is it lightweight enough to easily lift and pour a quick cup for one without feeling heavy?",Does that simple toggle switch at the bottom have an auto-shutoff feature so I don't have to watch it while I get ready?,Is the precision gooseneck spout actually helpful for making a?,Judging by the?,Can I easily reach everything I need while bathing alone?,Is the tub slip-resistant for safety when showering solo?,That spout looks very narrow; will it take too long to pour out enough hot water for instant oatmeal or noodles for the whole family?,"Is the capacity of this kettle too limited for a group, requiring multiple refills to get everyone a hot drink?",Does the lid secure tightly enough to prevent spills if kids bump into the table where the kettle is sitting?
image_184_jpg.rf.857ca1b439853e0713b85a45a8e53be5.jpg,electric kettle,0.1275054365396499,212.7569732666016,350.6333923339844,357.3863220214844,557.2833251953125,Is the kettle efficient enough to quickly boil one of those water bottles for a fast morning coffee?,Is the workspace on the tray large enough to use the kettle safely without knocking over the AC remote?,Does the kettle work well with the provided Nescafe 3-in-1 packets for a decent quick fix?,Does the kettle hold enough water to fill both the blue and green IKEA mugs simultaneously so we can drink together?,"Are there enough coffee sachets provided for two people, or will we need to buy more to use with the kettle?",Is the provided bottled water sufficient to fill the kettle for a round of tea or coffee for both of us?,"Since only two mugs are visible, is the kettle large enough to boil water for a family if we request extra cups?",Is the kettle rapid enough to handle multiple boiling cycles for a group since the tray is set up for two?,"Is the kettle cord short or long, allowing us to move it away from this crowded tray for safety around children?"
image_136_jpg.rf.ee4042e8b71673c6526499e8558d81a4.jpg,electric kettle,0.1918310970067978,36.36938095092773,96.0098114013672,599.510986328125,606.5072631835938,"Since the gauge shows a minimum of 0.3L, can I quickly boil just enough water for a?",Can I easily reach everything I need while bathing alone?,Is the tub slip-resistant for safety when showering solo?,I see the 1L marker; does this provide enough hot water to fill two large travel mugs simultaneously before we head out for the day?,"Does the ""Justine +"" model heat the full 1.2L capacity quickly so we can both have breakfast at the same time?","Is the glossy black finish kept clean and smudge-free, making it pleasant to use for a coffee break in the room together?","With the maximum capacity visibly limited to 1.2L, will we need to boil water multiple times to make instant noodles for the whole family?","Does the black plastic exterior remain cool to the touch while boiling, or is it a safety hazard for children in the room?","Is the lid mechanism sturdy and easy to refill repeatedly, since the smaller 1.2L size means we will likely be using it frequently?"
image_107_jpg.rf.f689ac9657de913811956d99af2fd195.jpg,electric kettle,0.2894724905490875,64.86384582519531,225.0279541015625,321.0108947753906,465.5421752929688,Does the built-in temperature gauge on the front actually work so I can make my tea at the perfect heat?,Is this stainless steel kettle quick to boil for a fast morning coffee before I head out for the day?,"Is the ""Larry House"" kettle quiet enough that I won't feel like I'm making too much noise in a small room?",Does the kettle hold enough water to fill two large mugs at once so we can enjoy our morning drinks together?,Is the large black handle sturdy and cool to the touch when pouring out multiple cups of hot water?,"The retro design looks stylish, but does the appliance actually function well for a romantic in-room breakfast?","Since the body is made of stainless steel, does the outside get dangerously hot for children running around the kitchenette?",Is the base wide enough to suggest a large capacity for making hot chocolate for the whole family in one go?,Is the lid easy to open and refill quickly if we need to boil back-to-back pots for a larger group?
image_151_jpg.rf.0695fa0fe6757ccf1304a5bd3357ce1a.jpg,electric kettle,0.3602304756641388,338.876953125,144.75186157226562,512.4205322265625,438.61083984375,Is this HÄGEN kettle quick to boil if I just need a?,Can I easily reach everything I need while bathing alone?,Is the tub slip-resistant for safety when showering solo?,"Is the capacity large enough to fill two of those tall ""Latte"" mugs without needing to refill?",Is the boiling mechanism quiet enough that I won't wake my partner up in the morning?,Does the kettle keep water hot for a while so we can enjoy a second cup together later?,Is the water capacity sufficient to make oatmeal or hot chocolate for a family of four at once?,Does the exterior stay cool to the touch to ensure it is safe around children?,Is the lid opening wide enough to make refilling easy when serving multiple rounds of drinks?
image_177_jpg.rf.24ad16eaee5666c15169e926e4a84506.jpg,electric kettle,0.1079193949699401,168.61000061035156,0.6976699829101562,474.0959167480469,628.8382568359375,"Since I only need hot water for one cup of coffee, is there a clear minimum fill line visible through that water window?",The kettle looks a bit spotted in the photo; is the interior regularly descaled and clean for personal use?,Is this T-fal model quiet and quick enough for an early morning boil without waking up neighbors?,Does this kettle hold enough water to fill two large travel mugs at once so we can both have our morning tea together?,"Since the body looks like plastic, does the exterior stay cool to the touch to avoid accidental burns in a cramped room?",Is the handle sturdy and comfortable to pour from when the kettle is filled to capacity for two people?,"Is the maximum capacity of this ""Justine+"" model sufficient to make instant oatmeal or noodles for a family of four in one go?",Does the lid have a secure locking mechanism to prevent dangerous spills if children bump into the table?,How quickly does it recover to boil a second pot if we need hot water for a larger group quickly?
image_133_jpg.rf.37b1a7ff850e3cb7b3592d9ed7368422.jpg,electric kettle,0.2938935458660126,424.8533630371094,77.91029357910156,638.1511840820312,447.7772521972656,"Does the hotel provide the specific capsules required for this machine, or do I need to bring my own?",Is the drip tray adjustable or removable to fit a taller travel mug for coffee on the go?,How quickly does this machine heat up for a fast?,Is the water tank large enough to brew two full cups back-to-back without needing a refill?,Is the machine quiet enough to operate early in the morning without waking my partner?,"Since a stainless steel kettle is also visible, is there enough counter space to make tea and coffee simultaneously?",Is the bathtub deep enough for a relaxing solo soak?,Can I easily reach everything I need while bathing alone?,Is the tub slip-resistant for safety when showering solo?
image_133_jpg.rf.37b1a7ff850e3cb7b3592d9ed7368422.jpg,electric kettle,0.2676694691181183,278.4018249511719,193.2015686035156,441.6945190429688,378.0088806152344,Is this kettle quick to boil small amounts of water so I can make a fast cup of tea or instant noodles before heading out?,"Does the stainless steel interior look well-maintained and clean, or is there visible limescale build-up inside?","Since there is an indicator light, does the kettle have an automatic shut-off feature for safety while I'm getting ready?",Is the capacity large enough to boil water for two full mugs of coffee or tea at the same time without needing a refill?,"Does the metal exterior get extremely hot to the touch, or is the black handle sufficient to pour two cups safely?",Is the kettle quiet enough while boiling that it won't disturb my partner if I wake up early to make a hot drink?,"Does this kettle hold at least 1.5 liters, so we can prepare hot water for everyone's oatmeal or instant soups simultaneously?",Is the base stable and the lid secure to prevent accidental tipping or spills with children in the room?,"If we fill it to the maximum level for the whole family, does it take a long time to reach a full boil?"
image_11_jpg.rf.0b79554ba97e3bfef75f188883f66b50.jpg,electric kettle,0.113024041056633,162.5753173828125,243.1048583984375,256.6117553710937,443.3738708496094,Is the minimum fill level low enough so I can just boil water for one cup without wasting time and energy?,Does the plastic interior look well-maintained and clean enough for a hygienic solo coffee in the morning?,Is the kettle simple to operate and quick to boil so I can grab a drink before rushing out for the day?,Does the water level window indicate enough capacity to fill two large mugs at once so we can enjoy tea together?,Is the kettle quiet during operation so one of us can make early morning coffee without waking the other?,Is there enough counter space to use the kettle and the toaster at the same time for our breakfast routine?,Is the maximum capacity large enough to prepare instant noodles or oatmeal for the kids along with our drinks in a?,Can I easily reach everything I need while bathing alone?,Is the tub slip-resistant for safety when showering solo?
image_11_jpg.rf.0b79554ba97e3bfef75f188883f66b50.jpg,electric kettle,0.1202646419405937,352.90380859375,212.7589569091797,505.5157470703125,584.7550048828125,"Is it easy to brew a small amount for just one person, or does the machine require a minimum water level to function properly?","Since the carafe is thermal stainless steel, will it keep my?",Is the tub slip-resistant for safety when showering solo?,Does the stainless steel jug hold enough liquid for two people to have a?,Can I easily reach everything I need while bathing alone?,Is the tub slip-resistant for safety when showering solo?,exactly how many cups does the full pot hold to ensure we can serve the whole family at breakfast?,"Is the carafe made of unbreakable metal rather than glass, making it safer to use around children?",Is the brewing cycle fast enough to produce a full pot quickly when we are trying to get a large group out the door?
image_16_jpg.rf.aaf9fbb58174face5bcbd2f405d0a91d.jpg,electric kettle,0.1585527211427688,418.635986328125,239.72171020507807,639.2125854492188,543.0343017578125,Is the stainless steel interior kept free of limescale and clean enough for a quick morning coffee?,Does this specific model have an automatic shut-off feature so I don't have to worry about it while getting ready?,Is the cord long enough to pull the kettle out from that tight corner next to the microwave for easier pouring?,"Does the stainless steel exterior stay cool to the touch, or does it get hot enough to burn us if we accidentally brush against it?",Is the capacity large enough to fill two large travel mugs with hot water in a?,Is the tub slip-resistant for safety when showering solo?,What is the maximum liter capacity of this kettle—is it big enough to make tea for four people at once?,Is the spout precise enough to safely pour hot water into instant noodle cups for the kids without spilling?,Does the lid open widely enough to easily refill it under a tap when making multiple rounds of hot drinks?
image_130_jpg.rf.d60ec236f66eb671f1cabc068af6af55.jpg,electric kettle,0.2883776426315307,227.584716796875,105.87848663330078,560.5613403320312,454.926025390625,I see the minimum mark is 0.7L; does that mean I have to boil nearly a liter of water just for a?,Can I easily reach everything I need while bathing alone?,Is the tub slip-resistant for safety when showering solo?,"With the water gauge showing 1.5L and above, is there enough capacity to fill two large travel flasks before we head out for the day?",Does the metal exterior keep the water warm for a while so my partner can have a cup a few minutes after I pour mine?,Is that large arched handle comfortable and balanced enough to pour two heavy mugs of water without spilling?,"I see a ""1.8L MAX"" line—is that capacity large enough to make hot drinks for four people in a?",Can I easily reach everything I need while bathing alone?,Is the tub slip-resistant for safety when showering solo?
image_87_jpg.rf.4a7caf9aff87dd7c9733d14a5055deb6.jpg,electric kettle,0.1000765413045883,360.5513916015625,73.26463317871094,556.279052734375,458.189453125,Is the interior of this AUX kettle made of stainless steel for a clean and sanitary boiling experience?,Does this compact kettle boil water quickly enough for a fast cup of coffee before an early meeting?,Is the handle designed to stay cool and provide a secure grip when pouring a?,Does this kettle hold enough water to fill two standard mugs simultaneously so we can enjoy tea together?,Is the boiling process quiet enough to use in the morning without waking my partner sleeping nearby?,Does the double-layer design keep the exterior cool to the touch to prevent accidental burns in a shared space?,Is the water capacity sufficient to prepare instant oatmeal or cup noodles for children?,How many refill cycles would it take to make hot drinks for a family of four given its slender size?,Does the lid have a safety locking mechanism to prevent hot water spills with kids moving around the room?
image_24_jpg.rf.cba2257d11e0061f80d8b8640ee4d2e1.jpg,electric kettle,0.147485077381134,508.177490234375,266.50537109375,641.3973999023438,618.8695068359375,Does this Hyundai stainless steel kettle boil water quickly enough for a fast cup of tea before I head out for the day?,Is the interior clean and free of limescale so I can trust using it for my morning oatmeal?,Is the handle comfortable and the lid easy to operate with one hand while I'm multitasking?,Does the water level window show enough capacity to fill two large travel mugs at the same time?,Is the kettle quiet while boiling so I don't wake my partner up early in the morning?,"Since there is a coffee machine next to it, is there enough counter space to use the kettle easily without moving things around?",Is the kettle's capacity large enough to make hot drinks for 3-4 people without having to boil it twice?,"Does the stainless steel exterior get extremely hot to the touch, or is it safe to have around curious children?",Is the pouring spout precise so we don't risk spills when rushing to get the whole family ready?
image_155_jpg.rf.d259740b20784d4f68ff151b143bff0c.jpg,electric kettle,0.1942588090896606,407.255126953125,164.31637573242188,614.6328125,430.9276123046875,I see the sticker claims it boils 1 cup in 50 seconds—is it actually that fast if I need a quick coffee before rushing out?,"Does the ""perfect pour"" feature mentioned on the label actually prevent splashing when I'm pouring just a?",Is the tub slip-resistant for safety when showering solo?,Is the kettle's capacity large enough to fill two large travel mugs simultaneously so we can start our day together?,"Seeing the matching red toaster next to it, does this imply a well-stocked kitchenette suitable for a romantic breakfast in the room?",Is this Russell Hobbs model quiet enough to use early in the morning without waking up my partner?,"Can this kettle boil enough water for a round of hot chocolate for a family of four, or will I have to boil it twice?","Since the red exterior looks like metal, does the outside get too hot for children to be around safely?",Is the lid easy to open and refill quickly if we need a large volume of hot water for instant noodles for the whole group?
image_116_jpg.rf.3824c4676c4ca0d81447819eb5e9edb3.jpg,electric kettle,0.2511092722415924,256.1664123535156,0.5131912231445312,584.0438232421875,446.7887878417969,Is this kettle fast enough to boil water quickly for a rush-hour morning coffee?,Does the interior look clean and well-maintained for a hygienic?,Is the tub slip-resistant for safety when showering solo?,Does the kettle hold enough water to fill both of those mugs to the top without refilling?,Is the boiling mechanism quiet enough that I won't wake my partner up early in the morning?,Are the tea packets on the tray sufficient for two people to enjoy a relaxing evening drink?,Is the capacity large enough to prepare hot water for instant noodles or drinks for the whole family?,Does the plastic exterior remain cool to the touch to ensure it's safe around children?,Is the lid locking mechanism secure to prevent dangerous spills when the room is busy?
image_116_jpg.rf.3824c4676c4ca0d81447819eb5e9edb3.jpg,electric kettle,0.1560322344303131,256.5194396972656,-4.162483215332031,581.8319091796875,444.2297973632813,Is this kettle quick to boil enough water for a?,Can I easily reach everything I need while bathing alone?,Is the tub slip-resistant for safety when showering solo?,Does the kettle hold enough water to fill both of the provided mugs at the same time without needing a refill?,Is the boiling mechanism quiet enough that I can make morning tea without waking up my partner?,"Since the exterior looks like plastic, is the interior stainless steel to ensure our drinks don't taste artificial?","Is the kettle's capacity large enough to prepare hot drinks or instant noodles for a whole family, or will we need to boil multiple batches?","Does the kettle have a ""cool-touch"" exterior surface to ensure it's safe if children accidentally bump into it on the low table?",Is the base stable on the provided tray to prevent dangerous hot water spills when the room is crowded?
image_71_jpg.rf.f66574d91704f3b374b7ff0fb1dcb46d.jpg,electric kettle,0.1915050595998764,95.66700744628906,222.20672607421875,320.8752746582031,419.4762573242188,Is the kettle quick enough to boil a small amount of water for a fast coffee using those provided Nescafé packets before I head out?,Does the stainless steel interior look well-maintained and free of limescale for a hygienic?,Is the tub slip-resistant for safety when showering solo?,Is the capacity sufficient to fill both of those patterned teacups and the hanging mugs without needing to re-boil water?,Does the stainless steel body retain heat well enough for us to enjoy a second round of hot drinks together?,Is the boiling mechanism quiet so one of us can make early morning tea without waking the other?,Does the kettle have a large enough capacity (1.5L+) to make oatmeal or instant noodles for the kids in addition to our coffee?,"Since the body is stainless steel, does the exterior get dangerously hot to the touch, posing a risk to children?",Is the setup on the tray stable enough to handle frequent refilling and pouring for multiple family members safely?
image_119_jpg.rf.d5bcb156cc6965dee818d840fdb00114.jpg,electric kettle,0.1351972967386245,179.66397094726562,-2.272987365722656,524.2610473632812,574.1846313476562,Is this Tiger brand kettle fast enough to boil a quick cup of water for my morning coffee before I rush out?,"Since the provided cup is sealed in plastic for hygiene, is the interior of the kettle also kept spotless and free of limescale?","Does this specific model have a ""keep warm"" feature so I can have a second cup of tea while working without re-boiling?",I only see one wrapped cup in the photo; are there actually two provided so my partner and I can have our drinks together?,"Is the kettle's capacity large enough to fill two standard mugs at once, or will we have to boil water twice?",Is this appliance quiet when operating so one of us can make early morning tea without waking the other up?,Does the lid on top have a safety lock mechanism to prevent hot water scalds if the children accidentally knock it over?,"Is the reservoir big enough to prepare instant cup noodles for a family of four, or is it too small for group meals?",Is the base stable enough to handle frequent use by multiple people throughout the day without tipping?
image_161_jpg.rf.4b8e1d5ec0e0748ff61b08b7b28719e4.jpg,electric kettle,0.2528598010540008,5.784492492675781,33.605499267578125,403.5733642578125,624.42578125,Is this Black+Decker model fast enough to boil water quickly for my morning coffee before I rush out?,"Does the stainless steel exterior stay cool to the touch, or will I burn my hand if I grab it while working?",Is the cord long enough to plug in near the desk so I can make tea while I get some work done?,Does this kettle hold enough water to fill two large travel mugs so we can both have a drink before heading out?,Is the boiling mechanism quiet enough that I won't wake my partner if I make an early morning tea?,"Since it's a reputable brand like Black+Decker, is the appliance well-maintained and free of limescale?",Is the capacity large enough to prepare instant oatmeal or noodles for the whole family at once?,"Because the body is metal, does it get too hot for children to be around safely?",Does the spout filter look clean enough to trust using this for preparing baby formula or drinks for the kids?
image_145_jpg.rf.77a5039ceb6ca5b405ea470d46ea5fe4.jpg,electric kettle,0.1720124632120132,311.5878601074219,293.5068359375,451.4795227050781,459.854736328125,"Since that's a gooseneck spout, is this setup designed for making high-quality pour-over coffee for one person?",Is the kettle cordless and easy to lift off the base for a quick cup of tea while working at the desk?,Does the smaller size mean it boils water faster so I can get my morning caffeine fix immediately?,"Does the kettle hold enough water to fill two large mugs at once, or will we have to boil it twice for our morning coffee together?","That matte black finish looks premium—does the appliance quality match a romantic, upscale room vibe?",Is the kettle quiet enough that one of us can make tea without waking the other person up?,That kettle looks quite slim; will I end up constantly refilling and boiling it to make hot chocolate for the whole family?,"Is the long, thin spout sturdy enough to handle heavy use, or does it feel too delicate for a room with kids?",Does the exterior stay cool to the touch to prevent burns if the children accidentally bump into the table?
image_21_jpg.rf.da6badc647118421bf89673dc4c553cb.jpg,electric kettle,0.1045553833246231,119.3037109375,76.68415069580078,327.05926513671875,513.1197509765625,Is it easy to brew just a small amount in the glass carafe for a quick morning cup?,Does the machine look clean and well-maintained enough for me to trust using it immediately?,Is the appliance compact enough to leave me counter space for my other personal items?,Does the carafe hold enough water for both of us to have two cups without brewing a second batch?,Is the machine quiet during brewing so I don't wake my partner up early?,Is there a hot plate function to keep the coffee warm if we want to enjoy a slow breakfast together?,"Is the capacity of the pot sufficient to serve the whole family at once, or will we be waiting on refills?",Is the glass carafe sturdy and placed safely back from the edge so children won't accidentally knock it over?,Is the machine fast enough to handle high demand during a busy family breakfast rush?
image_21_jpg.rf.da6badc647118421bf89673dc4c553cb.jpg,electric kettle,0.1356049478054046,300.38946533203125,183.1392517089844,526.6669921875,494.5181884765625,"Since the kettle is positioned tightly between the coffee maker and the outlet tower, is it easy to lift off the base without knocking anything over?",Does the water level window show a low minimum fill line so I can quickly boil just one cup without wasting water?,The exterior looks like stainless steel; does the handle stay cool enough to pour my morning coffee safely if I'm in a rush?,Does the capacity shown on the gauge hold enough water to fill two large travel mugs simultaneously before we head out?,Is the kettle quiet enough when boiling that I can make early morning tea without waking my partner in the same room?,Does the stainless steel finish imply it's a higher quality appliance that won't leave a plastic taste in our evening drinks?,Is the maximum capacity (it looks like perhaps 1.7 liters) sufficient to make instant oatmeal or noodles for the kids all at once?,"Since it's plugged into that crowded power strip, does it boil water fast enough to handle back-to-back rounds of tea for the whole family?","With the induction cooktop visible right below it, is the kettle's base stable enough to ensure it won't tip over if children bump the counter?"
image_4_jpg.rf.6a722994d4a530c2854a79a144cb67a7.jpg,electric kettle,0.2173782140016555,217.5696563720703,162.85926818847656,387.1517333984375,421.0091552734375,"Since I just need a quick start to my morning, does this WMF kettle boil water rapidly for a?",Can I easily reach everything I need while bathing alone?,Is the tub slip-resistant for safety when showering solo?,Is the capacity large enough to boil water for two large mugs of tea simultaneously so we can enjoy breakfast together?,Is the kettle quiet during operation so one of us can make a hot drink without waking the other up?,Does the button on the handle make the lid pop up easily for quick refills if we want a second round of coffee?,Does this kettle hold enough water to prepare instant oatmeal or cup noodles for the whole family in one go?,Is the base stable and the lid secure enough to be safe in a room where children might be moving around?,"Since we will use it frequently, does the stainless steel build feel sturdy and durable compared to plastic hotel kettles?"
image_42_jpg.rf.ae7f09b1e207cdfa0294fdb53d13b6b5.jpg,electric kettle,0.1044996082782745,383.132080078125,281.89013671875,582.2559204101562,554.6613159179688,Is the water level window clear enough so I can easily measure just one cup for a quick morning coffee?,The stainless steel exterior looks a bit smudged; is the inside kept clean and free of scale for a hygienic solo brew?,Is this G3FERRARI model fast-boiling so I don't have to wait long for tea before heading out for the day?,Does this kettle hold enough water to fill two large mugs simultaneously so we can enjoy our morning tea together?,Is the plastic handle sturdy and cool to the touch so it's safe to pour consecutive cups without burning our hands?,Does the kettle operate quietly enough that one of us can make coffee early without waking the other person up?,Is the capacity large enough to boil water for everyone's instant noodles or oatmeal in one go?,"Since this is a metal body, does the exterior get dangerously hot to the touch, which might be a safety concern for children in the room?",Does the lid open wide enough to easily refill it from the tap for multiple rounds of hot drinks for the whole family?
image_139_jpg.rf.a09778def93501859e4c00dae029bb19.jpg,electric kettle,0.3593125939369201,141.1004638671875,329.301025390625,341.4001159667969,539.1835327148438,Is this kettle fast enough to boil just a small amount of water for a quick morning coffee before I head out?,Does the plastic interior impart any plastic taste to the water when making a?,Is the tub slip-resistant for safety when showering solo?,Does the water level indicator show enough capacity to fill two large travel mugs at the same time?,Is the boiling noise quiet enough that I can make a hot drink early in the morning without waking my partner?,Is the appliance clean and well-maintained enough for us to enjoy a romantic in-room breakfast together?,Is the maximum capacity sufficient to make hot chocolate or tea for a family of four without having to boil water twice?,"Does the black exterior surface get dangerously hot to the touch, or is it safe to have on the counter near children?",Does the lid lock securely to prevent spills if we are moving around a crowded kitchenette area?
image_140_jpg.rf.f0b1c1ad13b549e3618222ae0dd138b1.jpg,electric kettle,0.1440409421920776,65.85751342773438,213.74880981445312,236.33628845214844,582.3582763671875,Is this stainless steel kettle clean and free of limescale for a hygienic morning coffee?,Does it boil water quickly so I can make a hot drink before rushing out for the day?,Is the kettle compact enough to use easily for just a?,Does the kettle have enough water capacity to fill two large mugs so we can enjoy tea together?,Is the appliance quiet enough to use early in the morning without waking my partner?,Does the sleek metal design reflect a modern and well-maintained room standard?,Is the capacity large enough to prepare hot water for instant oatmeal or cup noodles for the whole family?,"Since the body is metal, does the exterior get dangerously hot for children to touch?",Does it boil a full pot rapidly so we aren't waiting in line for hot water during breakfast?
image_202_jpg.rf.0f5ce9806defae0fe008d6b3c2f1bea8.jpg,electric kettle,0.2232137322425842,152.39535522460938,111.40281677246094,333.17364501953125,443.5275268554688,The outside of the kettle looks a bit smudged in the photo; is the interior usually kept clean and free of limescale for a fresh cup of tea?,Is that a fast-boil kettle so I can quickly make a coffee before rushing out for my morning meetings?,"Since I see only tea bags in the tray, is instant coffee also provided for a solo traveler who needs a caffeine fix?",Does the kettle hold enough water to fill both of those tall white mugs to the top simultaneously without needing a second boil?,"Are those mugs thick ceramic that keeps heat well, so we can enjoy a slow morning tea in bed together?","I see lemon tea packets, but is there a variety of options stocked so my partner and I can have different drinks?",Is the kettle's capacity large enough (over 1.5 liters) to prepare instant oatmeal or cup noodles for the kids in one go?,"Since the finish looks metallic or dark plastic, does the exterior get very hot to the touch, or is it safe to have on a low table near children?","Are there extra cups available in the room, or would a family of four need to take turns using just the two mugs shown?"
image_187_jpg.rf.4a021028265b8d018637b2ac2bdb2973.jpg,electric kettle,0.1406561881303787,125.89893341064452,144.0391845703125,537.2890625,446.47564697265625,Is this T-fal kettle fast enough to boil a small amount of water for a quick morning coffee before I head out?,Does the kettle have an auto-shutoff feature on that handle switch so I don't have to worry about it while getting ready?,Is the interior easy to rinse out if I want to use it for late-night noodles or tea in my room?,Does the water level window on the side show enough capacity to boil water for two full mugs of tea at the same time?,Is the kettle quiet enough when boiling that I can make a drink without waking up my partner?,Does the spout pour cleanly without splashing so we don't make a mess on the hotel furniture?,"Is the ""Justine+"" model large enough to prepare instant oatmeal or soup for the whole family without boiling multiple batches?",Does the dark plastic exterior stay cool to the touch while boiling so it's safe to have around kids?,Is the handle sturdy enough to carry safely when the kettle is filled to maximum capacity for a group breakfast?
image_80_jpg.rf.68106058e94ffd6bb295445e46cb8471.jpg,electric kettle,0.1069989055395126,351.73663330078125,365.8694458007813,371.36334228515625,398.110107421875,Is the inside of the kettle clean and free of limescale for a hygienic morning coffee?,Does that black kettle boil water quickly so I can make instant noodles or tea without a long wait?,Is the cord long enough to use the kettle comfortably on the desk or nightstand?,Is the capacity of the kettle large enough to fill two mugs at once so we can enjoy breakfast together?,"Looking at the tray, are there enough tea and coffee sachets provided for two people?",Is the kettle quiet when boiling so I don't wake my partner up early in the morning?,"Is this a full-sized kettle or a mini one, as we need a lot of hot water for oatmeal and baby bottles?","Does the exterior of the black plastic get dangerously hot, or is it safe to have around children?",Is the lid easy to open for frequent refilling since multiple people will be using it?
image_80_jpg.rf.68106058e94ffd6bb295445e46cb8471.jpg,electric kettle,0.1414999514818191,500.597412109375,398.7585754394531,543.7247924804688,435.1559143066406,Is the kettle efficient enough to boil water quickly for a fast coffee before I start my work day?,"Since the tray is sitting on the desk, does it leave enough workspace for me to set up my laptop alongside it?","Is the appliance clean and modern, or does it look like an older model that might be tricky to use?",Does that kettle hold enough water to fill two mugs at once so we can enjoy our morning tea together?,"I see glasses on the tray, but are there also ceramic mugs provided for hot beverages?",Is the kettle quiet while boiling so one of us can make coffee without waking the other up?,Is the capacity of that small kettle sufficient to make instant oatmeal or cup noodles for the kids?,Does the tray sit securely on the table surface so it won't be a safety hazard if the children bump into the desk?,Will we need to refill and boil that unit multiple times just to get a round of hot drinks for the whole family?
image_51_jpg.rf.34d9525227193f9c9907f2941ec639d2.jpg,electric kettle,0.1618870794773101,-0.3773880004882812,307.736572265625,157.0329132080078,505.34368896484375,Is this machine fast enough to brew a quick cup before I head out for morning meetings?,Does the compact size of the machine leave enough space on the desk for my laptop and work documents?,Is the quality of the coffee good enough that I can skip finding a local cafe for my morning caffeine fix?,Is the water tank large enough to brew two full cups back-to-back without needing to stop and refill it?,Does the bowl of capsules include enough variety for two people with different taste preferences?,Since it's a?,"Can this machine dispense plain hot water for tea or instant oatmeal, or is it strictly for the coffee pods?",Is the brewing process quiet enough that using it early in the morning won't wake up the kids sleeping in the same room?,Is the drip tray adjustable or removable to fit taller travel mugs for when we are rushing out for a day trip?
image_51_jpg.rf.34d9525227193f9c9907f2941ec639d2.jpg,electric kettle,0.1990634500980377,268.50701904296875,298.2139587402344,387.50238037109375,458.28515625,Is this compact kettle fast enough to boil water for a quick cup of coffee before I head out for the day?,Does the stainless steel interior appear clean and well-maintained for a hygienic?,Is the tub slip-resistant for safety when showering solo?,"Does the capacity look sufficient to fill two standard mugs at once, or would we need to boil water twice?",Is the kettle quiet during operation so one of us can make tea without waking the other?,"Since there is no visible water level window, is it easy to gauge how much water is inside for just two cups?","Is this kettle too small for a family, or can it handle boiling enough water for multiple bowls of instant oatmeal?","Does the metal exterior get dangerously hot to the touch, which might be a safety concern for children in the room?",Is the lid mechanism durable enough to handle frequent refilling if we need to make hot drinks for the whole group?
image_97_jpg.rf.a14d376b0413c9fd3e45449f275bf48f.jpg,electric kettle,0.214659497141838,429.8327026367188,226.6681671142578,639.560546875,533.5083618164062,"Since the minimum mark shows 0.5L, is it possible to boil just a?",Can I easily reach everything I need while bathing alone?,Is the tub slip-resistant for safety when showering solo?,Is the water gauge clear enough to easily measure out exactly 1.0L so we can make two large mugs of tea simultaneously?,Does the kettle boil quietly enough that one of us can make a hot drink early in the morning without waking the other person up?,"Does the cream-colored finish and metal trim feel premium and clean, or does the unit feel like cheap plastic?",I see the MAX limit is 1.7L—is that enough hot water to prepare instant cup noodles for a family of four in a?,Can I easily reach everything I need while bathing alone?,Is the tub slip-resistant for safety when showering solo?
image_57_jpg.rf.fe2b7d2244fe5de0759eb67cedc96c7c.jpg,electric kettle,0.1114822179079055,282.8826599121094,165.68077087402344,469.7082214355469,502.024169921875,Is the minimum water level mark low enough so I don't have to waste time boiling a huge amount of water just for my?,Can I easily reach everything I need while bathing alone?,Is the tub slip-resistant for safety when showering solo?,Is the 1.7L capacity shown on the window enough for us to brew two large travel mugs of tea at the same time?,Does the kettle boil quietly so one of us can make early morning coffee without waking the other person up?,"Since we want to enjoy breakfast together, does this model heat the water quickly or will we be waiting a while?",Is the 1.7L maximum fill line sufficient to make instant oatmeal or hot chocolate for the whole family in one round?,Does the white plastic exterior stay cool to the touch so it's safe to have on the counter around children?,Can the kettle be lifted completely off the base so we can easily carry it to the table to serve everyone?
image_181_jpg.rf.6f95f66da88f2312dfe6cdf23be72f0d.jpg,electric kettle,0.2246826291084289,16.846961975097656,113.16409301757812,220.3806304931641,432.6492919921875,"Since it's a DeLonghi brand kettle, does it boil water faster than the cheap plastic ones usually found in hotel rooms?",Is that small window near the handle clear enough to see if I'm filling just the right amount for a?,Is the tub slip-resistant for safety when showering solo?,Is the kettle's capacity large enough to fill both of those grey ribbed mugs at the same time so we can drink together?,Does this appliance operate quietly enough that I can make an early tea without waking my partner?,"The bright pink color looks stylish, but is the kettle actually clean and well-maintained for a romantic breakfast in bed?","Is the main body of the kettle metal or plastic—specifically, does the outside get too hot for kids to touch safely?","Will we need to boil water multiple times to make hot chocolate for the whole family, or is the tank big enough for 3-4 servings?",Is the lid easy to open and refill quickly if we're trying to make instant noodles for a group lunch?
image_72_jpg.rf.77005b1fb60d8ef0f86b497d62893a0c.jpg,electric kettle,0.155223399400711,332.90191650390625,203.947998046875,472.88427734375,435.4338989257813,Is this compact kettle fast enough to boil a quick cup of coffee before I rush out in the morning?,Does the plastic material leave any strange taste in the water for a?,Is the tub slip-resistant for safety when showering solo?,Does the kettle have enough water capacity to fill both of those large patterned mugs in a?,Can I easily reach everything I need while bathing alone?,Is the tub slip-resistant for safety when showering solo?,"Since the kettle looks quite small, will we have to boil water multiple times to serve hot drinks to the whole family?","Does the plastic exterior get dangerously hot to the touch, which might be a safety concern for children?",Is the kettle durable enough to handle back-to-back use for a group without overheating?
image_146_jpg.rf.ee623fab3ac5bfa1b02eb9d405e79727.jpg,electric kettle,0.3993892073631286,251.59555053710935,41.84616088867188,579.9630737304688,617.6709594726562,"Is the lever on the whistling spout easy to flip open with one hand for a quick, hassle-free morning coffee?",Does the stainless steel interior look clean and well-maintained so I can trust the water quality for my solo tea?,"Since it sits on the stovetop, does it boil a small amount of water quickly enough for me to get out the door fast?",Is the kettle's capacity large enough to fill two large travel mugs simultaneously without needing to boil a second batch?,"Does the whistling cap make a pleasant sound to signal it's ready, or is it loud enough to wake my partner who is sleeping in?",Is the black handle insulated well enough to stay cool so we can safely pour hot water for our breakfast together?,Does this kettle hold enough water to handle instant oatmeal or noodles for the whole family in one go?,"Since the body is metal, does the exterior get extremely hot to the touch, which might be a safety concern for small children?",Is the construction sturdy enough to handle frequent boiling cycles when everyone in the group wants tea at different times?
image_154_jpg.rf.c84fdea7af8cff400b41d1de8af25b43.jpg,electric kettle,0.3321258723735809,390.0263671875,232.9483795166016,641.2816162109375,585.4785766601562,Is that a precision gooseneck spout specifically for making pour-over coffee in the room?,Does the kettle boil water quickly enough for a fast cup of tea before I head out for the day?,Is the kettle compact and easy to handle for just one person without taking up the whole desk space?,"Does the kettle have a large enough capacity to fill two standard mugs at once, or will we have to boil it twice?",Is the boiling mechanism quiet so I can make morning coffee without waking up my partner?,"That matte black finish looks premium, but does the appliance actually work as well as it looks for a romantic in-room breakfast?","Since gooseneck kettles are often smaller, will this be too small to make hot drinks for a family of four efficiently?",Does the exterior of the kettle stay cool to the touch to ensure it's safe around children?,Is the slender spout sturdy enough to handle frequent refills if we are making instant noodles or cocoa for the whole group?
image_189_jpg.rf.4f49035169627999b89f537bbdf9973a.jpg,electric kettle,0.1523408442735672,345.4794311523437,172.59432983398438,519.20654296875,457.997802734375,Is this Le Cuisson kettle fast enough to boil water quickly for a?,Can I easily reach everything I need while bathing alone?,Is the tub slip-resistant for safety when showering solo?,Does this kettle have enough capacity to fill two large mugs simultaneously so we can enjoy our morning coffee together?,"Does the matte black finish indicate it's a ""cool-touch"" double-wall kettle, ensuring we won't accidentally burn ourselves in a shared space?",Is the boiling mechanism quiet enough that I can make tea early in the morning without waking my partner?,Is the capacity large enough (around 1.5 to 1.7 liters) to prepare instant noodles or hot chocolate for the whole family at once?,Does the lid have a secure locking mechanism to prevent hot water spills if children are moving around the room?,"Since we'll be using those Nescafe packets for several people, can this kettle handle boiling back-to-back full pots without overheating?"
image_197_jpg.rf.481933d357dbe73315c0fe232ec8ff13.jpg,electric kettle,0.2962910234928131,459.68548583984375,191.02713012695312,580.4425659179688,374.9128723144531,Is that side water window clear enough to measure out just one cup so I don't waste time boiling extra water?,"Is this a compact ""travel size"" kettle perfect for a quick solo coffee, or a full-sized unit?","Since it looks like a plastic model, does it leave any residual taste in the water for my morning tea?",Does the kettle hold enough water to fill two large mugs simultaneously so we can enjoy our morning drinks together?,"Is the kettle cordless, making it easy to lift and pour for two people without being tethered to the wall?","Does the appliance look modern and well-maintained, or does the black plastic show signs of heavy wear?",Is the maximum capacity shown on the gauge sufficient to prepare instant oatmeal or hot cocoa for a whole family at once?,Does the plastic exterior stay cool to the touch after boiling to ensure it is safe to have around children?,Is the lid easy to open for frequent refilling if we need to boil multiple batches for a larger group?
image_169_jpg.rf.b4fc429a6f6fa32474e0aad70912fcaa.jpg,electric kettle,0.348954975605011,93.8608627319336,163.63961791992188,325.65350341796875,356.0037841796875,Is this compact stainless steel kettle quick enough to boil a?,Can I easily reach everything I need while bathing alone?,Is the tub slip-resistant for safety when showering solo?,Does that smaller-looking kettle hold enough water to fill two large mugs simultaneously so we can enjoy our morning drinks together?,We see a coffee machine right next to it; does the room actuallly stock tea bags as well so we can both have what we prefer?,Is this metal model quiet when boiling so one of us can make tea without waking the other up?,That kettle appears to be a smaller 1-liter model; will we need to boil it multiple times to make hot drinks for the whole family?,"Since the body is stainless steel, does the exterior get dangerously hot to the touch for young children?",Is the lid opening wide enough to easily fill it up for making instant oatmeal or noodles for the kids?
image_77_jpg.rf.599267a9de23e5b616db2a6e232d6cfa.jpg,electric kettle,0.1682311743497848,177.13150024414062,65.21437072753906,452.5892333984375,523.1381225585938,"That DeLonghi goose-neck design looks premium, but is it actually intuitive to use for a quick morning coffee while I'm working?",Does this specific model boil water faster than standard hotel kettles so I'm not waiting around before my meetings?,"It looks stylish but small—is the capacity sufficient to fill a large personal travel thermos, or just those small provided mugs?","Does the kettle hold enough water to fill both of those black mugs completely in one boil, or will we have to wait to refill it?","Since there are two mugs provided, is this model quiet enough to use early in the morning without waking my partner?","The matte finish looks high-quality, but does the exterior stay cool to the touch so we can easily pass it between us?",That thin spout looks designed for coffee—is it frustratingly slow if we're trying to fill multiple cups of instant noodles for the kids?,It looks like a compact 1-liter model; will that be too small for a family of four needing hot water at the same time?,Is the base wide and stable enough to prevent tipping if we have energetic children in the room?
image_77_jpg.rf.599267a9de23e5b616db2a6e232d6cfa.jpg,electric kettle,0.1144369542598724,74.16695404052734,376.2322387695313,190.20098876953125,552.570068359375,"Are these mugs large enough for a full-sized morning coffee, or are they smaller espresso-style cups?",Does the wooden tray stand take up much surface area on the desk if I need space to work?,"Since the cups are stored upside down, are they checked for dust and cleanliness before I arrive?",Does the room consistently provide a set of two matching mugs so we can enjoy our morning tea together?,Is the wooden base portable so we can easily carry the hot drinks back to bed?,"Do the matte black ceramic mugs hold heat well for a slow, relaxing morning coffee?",The stand only holds two mugs; can we easily request extra matching ones for the children?,Are these heavy ceramic mugs that might break if kids accidentally knock over the stand?,"Is the wooden holder secured to the surface, or can we move the whole set out of reach of toddlers?"
image_23_fp_jpg.rf.6f0c02ec19e72f4abaa5cf6e212da590.jpg,electric kettle,0.4006016850471496,260.2069702148437,261.9830627441406,334.3629455566406,371.6781311035156,Is that compact machine fast enough to brew a quick cup before I rush out for the day?,"Does the glass carafe look clean and hygienic, or does it show signs of limescale and residue?","Is the capacity large enough to fill a proper travel mug, or does it only make enough for a tiny tea cup?","Does the carafe hold enough water for two people to enjoy a full cup together, or will we have to brew back-to-back pots?",Is the machine quiet enough to operate early in the morning without waking up my partner?,Are the coffee and condiment packets next to the machine replenished daily for two people?,"Since this looks like a small 4-cup model, is it too small to serve a whole family breakfast efficiently?",Can we run plain water through this to make hot water for the kids' instant oatmeal or noodles?,"Is the glass pot sturdy and placed safely back on the counter, or is it fragile and easily knocked over by children?"
image_36_jpg.rf.6b4aeb20520b861ebe23572f9044c1d7.jpg,electric kettle,0.1516593843698501,414.1531372070313,207.8209686279297,645.0379028320312,403.6044616699219,"Since the body is clear glass, is the kettle usually kept free of limescale build-up so I can feel good about my morning coffee?",Does the kettle work efficiently if I only fill it to the minimum line for a?,Is the tub slip-resistant for safety when showering solo?,Is the kettle quiet enough to use early in the morning without waking my partner sleeping nearby?,"Since the lid and handle are plastic, does the boiled water have any plastic aftertaste, or does the glass body keep the flavor pure for our evening drinks?",Is the capacity sufficient to fill two large travel mugs at once without having to re-boil water?,"I see a ""MAX 1.7L"" marking on the glass; is that accurate and enough to make instant oatmeal or noodles for a family of four?","Because the exterior is glass rather than insulated plastic, does it get dangerously hot to the touch for children?",How long does it take to boil a fully filled pot if we need to make hot chocolate for the whole group at once?
image_186_jpg.rf.8975235a6d3b382e70b1a7c7684a6b1c.jpg,electric kettle,0.1194602847099304,175.97215270996094,149.00064086914062,479.8806762695313,560.389404296875,Is this kettle quick to boil a small amount of water for just a?,Can I easily reach everything I need while bathing alone?,Is the tub slip-resistant for safety when showering solo?,Does the water level window indicate enough capacity to boil two full mugs of tea at the same time?,Is the kettle quiet enough to use in the morning without waking up my partner?,Is the spout designed well to pour into two cups without dripping or spilling hot water?,Is the maximum capacity shown on the gauge large enough to make hot drinks for a family of four in one go?,Does the plastic exterior remain cool to the touch while boiling to ensure it's safe around children?,Is the lid opening at the top wide enough to easily refill it from the tap multiple times a day?
image_5_jpg.rf.92f09e6c09159f47a8ea6dd5d42e1bfc.jpg,electric kettle,0.162145584821701,270.5203857421875,414.5376281738281,383.0181884765625,513.8627319335938,"Is the black cup shown here a standard mug size for a long morning coffee, or is it smaller like an espresso cup?","Since the spoon is resting directly on the cup, can I assume the station is fully stocked with tea and coffee supplies for my arrival?","Is the kettle that accompanies this stylish ceramic set easy to operate for a quick, hassle-free drink when I'm alone in the room?","Since I see two matching cups prepared, does the room's kettle hold enough water to fill both of them simultaneously so we can enjoy breakfast together?","The black ceramic design looks elegant, but are the cups thick enough to keep our tea warm while we relax in the room?",Are the saucers stable enough for us to easily carry hot drinks from this shelf back to the bed without spilling?,I only see two cups provided on the shelf; will housekeeping automatically add more sets if we book the room for a family of three or four?,These items look like breakable ceramic sitting on a low open shelf; is this placement safe for a family traveling with active toddlers?,"Given the cup size, is the accompanying kettle a small travel unit, or is it large enough to make hot chocolate for the whole group at once?"
image_5_jpg.rf.92f09e6c09159f47a8ea6dd5d42e1bfc.jpg,electric kettle,0.2012760192155838,370.3236389160156,438.410888671875,459.1828918457031,547.822265625,Is this compact black kettle fast enough to boil water for a quick morning coffee before I head out?,Does the sleek design take up much space on the desk if I need to work while having tea?,Is the kettle easy to operate for a?,Does the kettle hold enough water to fill two cups at once so we can enjoy our morning tea together?,Is the operation quiet enough that making coffee won't wake my partner up?,Are the matching cups shown in the image included with the kettle amenities?,"Given the small appearance in the photo, is the capacity sufficient to make hot drinks for a family of four?",Is the exterior cool to the touch to ensure it is safe around young children?,Is the lid secure to prevent hot water spills when trying to pour for multiple people quickly?
image_53_jpg.rf.d4845c172e9e95d199fb5a1119e1820f.jpg,electric kettle,0.3070191740989685,252.3985595703125,248.6060791015625,521.8897705078125,526.75634765625,Is the kettle fast enough to boil just a?,Can I easily reach everything I need while bathing alone?,Is the tub slip-resistant for safety when showering solo?,Does the water level window indicate enough capacity to fill two large travel mugs at once?,Is the kettle quiet enough to use early in the morning without waking up my partner?,Is there enough counter space to easily use it without bumping into that blender next to it?,"Does the exterior get very hot to the touch while boiling, which might be a safety concern for children?",Is the capacity large enough to make hot water for instant noodles or oatmeal for a whole family in one go?,Does the lid open wide enough to make it easy to clean and refill frequently for multiple people?
image_113_jpg.rf.faa92a37eb3a6d1f5f7fe5ee9c1d7571.jpg,electric kettle,0.1216088235378265,434.0841064453125,202.66099548339844,555.0067749023438,265.5606689453125,"Since the kettle body looks like stainless steel, is the interior plastic-free to ensure my coffee tastes fresh?",Is the power cord visible in the back long enough to reach the desk so I can work while making tea?,Does this model have a quick-boil feature for when I need just one cup in a hurry?,"Is the capacity large enough to boil water for two full mugs of tea at once, or will we have to refill it?","Since the exterior is metal, does it get extremely hot to the touch, or is the handle well-insulated?",How loud is the boiling mechanism—will it wake my partner if I make an early morning drink?,Does the kettle hold enough water (at least 1.5 liters) to make instant oatmeal or cup noodles for the whole family?,Does the lid latch securely to prevent accidental spills with kids running around the room?,Is the heating element robust enough to handle boiling multiple full batches of water in a row for a group breakfast?
image_113_jpg.rf.faa92a37eb3a6d1f5f7fe5ee9c1d7571.jpg,electric kettle,0.4108418226242065,299.9211120605469,219.9351348876953,498.80126953125,425.0953674316406,Is this stainless steel kettle efficient enough to boil just one cup of water quickly for my early morning coffee?,Does the kettle have an automatic shut-off feature so I can focus on getting ready for my day without watching it?,Is the interior of this metal kettle kept clean and free of limescale for a hygienic personal tea break?,Does the kettle hold enough water to fill two large mugs simultaneously so my partner and I can enjoy breakfast together?,Is the boiling mechanism quiet enough that I can make tea early without waking my partner in the same room?,Is the kettle located near enough to outlets and the tea supplies (like the canister shown) to be convenient for two people moving around?,"Is the capacity of this kettle large enough to prepare instant oatmeal or hot cocoa for the whole family at once, or will we need multiple batches?","Since the body is stainless steel, does the exterior get dangerously hot to the touch, which might be a safety concern for our children?",Is the lid easy to open for frequent refilling if we need to boil large amounts of water for a group meal?
image_58_jpg.rf.647f326b08af200be4991c6601e81507.jpg,electric kettle,0.2875854074954986,366.01654052734375,256.91278076171875,463.5074462890625,379.16119384765625,Is the kettle clean and limescale-free inside so I can make a quick coffee while working at the desk?,Does this model have an auto-shutoff feature for safety if I get distracted watching TV?,Is it a rapid-boil kettle so I can quickly prepare a hot drink before rushing out in the morning?,"Judging by its size next to the water bottle, does it hold enough water to make two large mugs of tea at once?","Is the power cord long enough to move the kettle to a more convenient spot, or is it tethered right next to the remotes?","Does the stainless steel finish look well-maintained, ensuring it's hygienic enough for us to use comfortably?",Is the capacity large enough to boil water for everyone's instant noodles or oatmeal in one go?,"Since it has a metal body, does the exterior get dangerously hot, which might be a risk for young children in the room?",Does the lid open widely enough to easily fill it up from the bathroom tap if we need to make multiple batches?
image_164_jpg.rf.8e04bd1ebbbc315af6407e22390fecf8.jpg,electric kettle,0.1419630944728851,8.7762451171875,323.43280029296875,299.8841857910156,597.4712524414062,"Since I only need a quick cup in the morning, does this kettle boil water rapidly or will I be waiting a while?","The exterior looks like shiny plastic; does the boiled water have any plastic taste, or is the interior metal?",Is that lid easy to pop open and fill quickly if I'm rushing to get out the door?,"Does this kettle hold enough water to fill two large mugs at once, or will we have to boil it twice for our morning tea?",We see it's placed right next to a coffee maker; does the room actually come stocked with both tea bags and coffee pods for us to share?,"Since the room looks intimate, is the kettle quiet enough to use early in the morning without waking my partner?",Is the capacity large enough (at least 1.5 liters) to make hot drinks or oatmeal for a whole family in one go?,"With that textured black finish, does the outside of the kettle get dangerously hot to the touch, which might be a concern with kids around?",Is the handle sturdy and comfortable to grip when the kettle is completely full of water for a group serving?
image_47_jpg.rf.fb09ef287f1c65115b4c7a0591074a78.jpg,electric kettle,0.1619820594787597,232.072509765625,130.63446044921875,413.6805725097656,418.2445983886719,Is this Philips kettle fast enough to boil a?,Can I easily reach everything I need while bathing alone?,Is the tub slip-resistant for safety when showering solo?,Does this kettle have a large enough capacity to fill two large mugs of tea at the same time without refilling?,Is this metal kettle quiet when boiling so I don't wake my partner up early in the morning?,"It looks like a quality brand, but is the pour spout precise enough to make pour-over coffee for two without spilling?",Is the capacity sufficient to boil enough water for everyone's instant noodles or oatmeal breakfast at once?,"Does the stainless steel exterior get extremely hot to the touch, or is it safe to have on the counter with children around?","Since it's sitting next to a coffee maker, is there enough counter space to use both appliances if we are making different drinks for the family?"
image_141_jpg.rf.4a0fd64cb72290e3d752b5ace770e8e1.jpg,electric kettle,0.2728262841701507,79.40250396728516,195.28741455078125,238.27288818359372,462.0510864257813,Is this stainless steel kettle quick to boil just enough water for a?,Can I easily reach everything I need while bathing alone?,Is the tub slip-resistant for safety when showering solo?,Does the kettle hold enough water to fill two large mugs simultaneously so we can enjoy our morning tea together?,Is the boiling mechanism quiet enough that I can make a hot drink early without waking my partner up?,"Is the stainless steel exterior insulated, or does it get hot, which might be tricky if we are moving around in a smaller room space?",Is the capacity large enough to boil water for multiple cups of instant noodles or oatmeal for the kids at once?,"Does the metal exterior get dangerous to touch when boiling, which would be a safety concern with children in the room?",Is the lid easy to open and refill quickly if we need to do multiple rounds of boiling for the whole family?
image_175_jpg.rf.0d608cf149ade358c8fd697d3bf025a6.jpg,electric kettle,0.2065102905035019,294.9866943359375,202.49122619628903,470.07080078125,471.21826171875,"Is the interior made of stainless steel for a clean taste, or is there plastic inside?",Is the matte black exterior insulated so I don't burn my hand if I'm rushing in the morning?,Is it fast enough to boil a?,Is the capacity large enough to fill two large mugs at once so we can have coffee together?,Does the kettle run quietly so I don't wake my partner up if I make early morning tea?,"The kettle looks modern, but are there actually two mugs provided in the room for us to use it?",Is this a full-sized kettle capable of making enough hot water for instant noodles or oatmeal for the kids?,Does the lid lock securely to prevent accidents if children bump into the table?,Can it handle boiling multiple full pots back-to-back for a large group without overheating?
image_84_jpg.rf.881f50b705397c4d8a3185927199f857.jpg,electric kettle,0.2443058341741562,276.32794189453125,337.71124267578125,574.768798828125,516.3652954101562,Is that a gooseneck spout suitable for making my own pour-over coffee in the morning?,Does this kettle boil water quickly enough for a fast cup of tea before I head out for the day?,"Is the interior stainless steel or plastic, as I prefer a higher quality material for my drinking water?",Does the kettle hold enough water to fill two large mugs at once so we can enjoy breakfast together?,Is the operation quiet so one of us can make coffee early without waking the other up?,Does the base have temperature settings so we can brew different types of tea properly?,"Is the capacity large enough to make oatmeal or hot chocolate for the whole family, or will I have to boil it multiple times?",Does the exterior of the kettle stay cool to the touch to ensure it's safe around children?,Is the flow from the narrow spout too slow for filling multiple bowls of instant noodles quickly?
image_162_jpg.rf.7093050655df9d72781af92725ddb6ea.jpg,electric kettle,0.3256864547729492,165.57247924804688,122.03825378417967,395.2459411621094,412.3936462402344,Does that French press sitting next to the kettle come with the room so I can easily make fresh coffee for myself?,Is the kettle fast enough to boil a small amount of water quickly for a?,Is the tub slip-resistant for safety when showering solo?,Does the kettle hold enough water to fill two large mugs simultaneously so we can enjoy our morning drinks together without waiting?,Is the kettle quiet while boiling so I can make early morning tea without waking my partner?,"Looking at the French press next to it, is it large enough to brew coffee for two people at once, or is it?",Is this a full-sized family kettle (around 1.5 liters) capable of making hot chocolate or oatmeal for everyone at once?,Does the exterior of the red casing stay cool to the touch to prevent accidental burns if kids are nearby?,Does the kettle have a reliable automatic shut-off feature for safety when we are busy getting the whole group ready?
image_67_jpg.rf.7182ad496167e102c378718347aaaea9.jpg,electric kettle,0.1040235385298729,13.03992748260498,212.03762817382807,172.08843994140625,488.5396118164063,Does that Grundig kettle boil water quickly so I can make my morning coffee before heading out?,"Is the inside free of limescale and rust, or does it look like it needs a good scrub?","Is the cord long enough to pull it away from the wall, or is it tethered tight to the socket?",Is the kettle quiet while boiling so I don't wake my partner up early in the morning?,Can we easily see the water level through that window to make sure there's enough for two large mugs?,"Does the red metallic finish look clean and modern, or is it scratched up and dated?","Does the metal exterior get dangerously hot to the touch, or is it safe around children?",Is the capacity large enough (it looks like maybe 1.7 liters) to make hot drinks for everyone at once?,Does the auto-shutoff switch at the bottom work reliably so we don't have to worry about safety?
image_76_jpg.rf.37dd7ae6f456d97093938717edfa770e.jpg,electric kettle,0.1145415604114532,317.10711669921875,309.8944396972656,381.49462890625,365.4044189453125,"Is there a minimum fill line visible in that water window, or can I quickly boil just enough for a?",Can I easily reach everything I need while bathing alone?,Is the tub slip-resistant for safety when showering solo?,Does the water level indicator show enough capacity to brew two large mugs of tea simultaneously so we can enjoy breakfast together?,"Does the kettle sit loosely on a 360-degree base, making it easy for either of us to grab it from different sides of the table?","Is this a plastic model that might be quieter, or a metal one that could be noisy enough to wake my partner up early?",Does the kettle appear to be a full-size 1.5L model capable of boiling enough water for instant noodles for the kids?,Does the exterior look like insulated plastic or?,Is the tub slip-resistant for safety when showering solo?
image_39_jpg.rf.d1d1361a26558a83e4867b94ae7d9602.jpg,electric kettle,0.1988651305437088,123.66769409179688,286.36041259765625,272.6277770996094,537.2955932617188,Does this Ovente glass kettle boil water quickly enough for a fast cup of coffee before I head out for the day?,"Since the body is clear glass, is it typically kept clean and free of visible mineral buildup?",Is there a low minimum fill line so I can boil just enough water for one cup of tea without wasting time?,Is the capacity sufficient to fill two large travel mugs simultaneously so we can both get our morning drinks at the same time?,Is the kettle quiet enough when boiling that I can make tea early in the morning without waking my partner?,It looks like a modern appliance; does it have an auto-shutoff safety feature so we don't have to worry about it while getting ready?,Is the kettle large enough to provide hot water for instant oatmeal or hot chocolate for a family of four in a?,Can I easily reach everything I need while bathing alone?,Is the tub slip-resistant for safety when showering solo?
image_10_jpg.rf.1b801ed2d6a165f8e0f02613808d0f04.jpg,electric kettle,0.1270114034414291,168.6837615966797,260.35919189453125,359.6773681640625,629.564208984375,Does the reusable gold-mesh filter mean I don't need to worry about buying or bringing paper filters for my morning coffee?,Is the stainless steel carafe insulated well enough to keep my coffee hot while I shower and get ready?,Is the machine simple and fast to operate for a quick caffeine fix before I head out for the day?,Does the thermal carafe hold enough volume for two people to enjoy large mugs of coffee at the same time?,"Since it uses a metal jug instead of a glass pot on a heater, will it keep our coffee fresh for a lazy morning in bed without tasting burnt?",Is the brewing process quiet enough that I can make the coffee early without waking my partner up?,"Is the stainless steel pitcher shatter-proof and durable, making it safer to use in a room with active children?",Is the filter basket easy to remove and rinse so we can quickly brew multiple batches for the whole family?,What is the total cup capacity of the carafe—is it large enough to serve a group of four at breakfast?
image_10_jpg.rf.1b801ed2d6a165f8e0f02613808d0f04.jpg,electric kettle,0.1205975040793418,353.1119079589844,237.96145629882807,532.1610717773438,530.424560546875,Is this a smaller rapid-boil kettle that's quick enough for just a?,Can I easily reach everything I need while bathing alone?,Is the tub slip-resistant for safety when showering solo?,"Looking at the water level markings, is the capacity sufficient to fill two large travel mugs at the same time?","Does the plastic build affect the taste of the water, or will our morning coffees still taste fresh?",Does that switch at the bottom have an automatic shut-off so we don't have to watch it while getting ready?,That kettle looks small next to the coffee maker; will we have to boil it multiple times to make oatmeal for the whole family?,Is the white plastic exterior cool-to-touch to ensure it's safe if the kids grab the handle?,"With the hinged lid opening that way, is it easy to refill frequently from the tap without making a mess on the counter?"
image_8_jpg.rf.e540b62196d36027d57abe6d69415abd.jpg,electric kettle,0.2018289417028427,296.6996765136719,252.9632568359375,427.1372985839844,433.1643676757813,Is this Brentwood glass kettle fast enough to boil a?,Can I easily reach everything I need while bathing alone?,Is the tub slip-resistant for safety when showering solo?,Is the capacity shown large enough to fill two standard travel mugs so we can both have hot drinks before heading out?,"Does the kettle light up when boiling, and is it quiet enough to use without waking my partner?","Is the glass body sturdy and clean, ensuring the water tastes fresh for our shared evening tea?",Does this kettle hold enough water (looks like 1.5 - 1.7 liters) to prepare instant oatmeal for the whole family at once?,"Since the exterior is glass and gets hot, is the cord long enough to push it safely back against the wall away from kids?",Is the lid easy to open for quick refills if we need to boil multiple batches for a large group?
image_62_jpg.rf.b2aab2e77d0a962c35d9e7ebf0a3eb72.jpg,electric kettle,0.1527049094438552,397.036865234375,300.989501953125,628.6744384765625,556.9569091796875,Does the water level window show a minimum fill line that allows me to boil just enough for one quick cup of coffee?,"Since I see a European-style plug on the cord, will I need a specific adapter to use this for my morning routine?",Is the stainless steel interior kept clean and scale-free so I can trust it for a hygienic solo traveler breakfast?,Is the kettle's capacity large enough to boil water for two big mugs of tea at the same time without needing a refill?,"Because the body is metal, does the exterior get too hot to touch, or is the black handle insulated enough for safe pouring?",Is the boil cycle quiet enough that I won't wake my partner up if I make an early morning drink?,Does the maximum fill line allow for enough volume to prepare instant oatmeal or noodles for the kids in one go?,"Is the power cord long enough to keep the boiling water pushed back against the red tiles, safely out of reach of children?",Is the lid mechanism durable and easy to open for rapid refilling if we need to boil multiple batches for the whole family?
image_199_jpg.rf.6a8fb9a9bd553642172544f9f4716156.jpg,electric kettle,0.4006960690021515,3.2709884643554688,123.493408203125,398.0077819824219,469.1294860839844,Is the interior of this plastic Arzum kettle kept clean and free of limescale for my morning coffee?,Does it work efficiently if I only fill it with a small amount of water for a quick?,Is the tub slip-resistant for safety when showering solo?,Is the capacity large enough to boil water for two big travel mugs of tea simultaneously without refilling?,Are the water level icons on the side easy to read so we don't overfill it while rushing to get ready?,Does the kettle have a reliable auto shut-off feature so we don't have to watch it while packing for the day?,"Judging by the size next to the water bottle, is the capacity sufficient to make instant oatmeal or noodles for a whole family?",Does the kettle boil a full tank of water quickly enough to serve hot drinks to a group of four at once?,Is the plastic exterior safe and cool to the touch to prevent accidents with children reaching for snacks on the counter?
image_46_jpg.rf.f427f42f5b12f5d4a2a89b20f0f665a4.jpg,electric kettle,0.1225484237074852,173.00765991210938,270.9339904785156,375.9603576660156,517.0360717773438,Does the drip tray at the bottom remove so I can fit a taller travel mug under the spout?,"Are the coffee pods on the side tray restocked daily, or is that the starter kit for my whole stay?",How quickly does this model brew a?,Is the water reservoir on the left large enough to brew two full cups of coffee without needing a refill?,Is the machine quiet enough to operate early in the morning without waking my partner sleeping nearby?,Does the machine have a lag time to reheat the water between brewing the first and second cup?,"Can this machine dispense just hot water for making oatmeal, instant noodles, or baby formula?",Since the tank looks geared toward?,Is the tub slip-resistant for safety when showering solo?
image_46_jpg.rf.f427f42f5b12f5d4a2a89b20f0f665a4.jpg,electric kettle,0.2698641419410705,418.3069458007813,326.47003173828125,579.4775390625,497.00628662109375,Is the water level indicator on the side clear enough to measure out just a?,Can I easily reach everything I need while bathing alone?,Is the tub slip-resistant for safety when showering solo?,"Looking at the size, does this kettle hold enough water to fill two large travel mugs at once before we head out for the day?",Is the kettle quiet during the boiling process so I can make tea early in the morning without waking my partner?,Does the black plastic body leave any funny taste in the water that might ruin a romantic evening tea?,"Judging by the size of the water window, will I need to boil this multiple times to make instant oatmeal or noodles for the whole family?","Does the exterior of the kettle get very hot to the touch, or is it insulated enough to be safe around children?",Is the lid easy to open and refill quickly if we need a large volume of hot water for a group breakfast?
image_157_jpg.rf.5b6bd40d55505cebfd9ccfbad8e67331.jpg,electric kettle,0.2574320137500763,106.56239318847656,148.59022521972656,408.7852783203125,570.5620727539062,Is the water level indicator behind the handle clear enough to measure out just a?,Can I easily reach everything I need while bathing alone?,Is the tub slip-resistant for safety when showering solo?,Does this sleek kMix model hold enough water to fill two large travel mugs at once for our morning outing?,Is the grey handle comfortable to grip and pour from when serving breakfast in bed for two?,"Does the premium chrome and white finish match the vibe of a more upscale, romantic room?",Is the metal body insulated or cool-touch to keep it safe if the kids accidentally bump into it?,Can this kettle boil a full pot rapidly enough to make oatmeal or hot cocoa for the whole family at once?,Is the lid opening large enough to easily refill it under the tap when making back-to-back rounds of tea?
image_63_jpg.rf.c94359b23cdf70dce0cba53d625d820e.jpg,electric kettle,0.1028218418359756,139.5620574951172,284.6067810058594,274.5897827148437,441.3887939453125,Is the induction cooktop fast enough to boil a small amount of water quickly for my morning coffee before I head out?,Is the stainless steel pot light and easy to pour for just one person without making a mess?,Does the cookware look well-maintained and clean enough for hygienic individual use?,Is the capacity of that pot large enough to boil water for two mugs of tea simultaneously?,"Does the kitchenette setup feel high-quality and modern enough for a comfortable, upscale stay?",Is the stove silent during operation so boiling water late at night won't disturb my partner?,Is the pot big enough to prepare hot water for instant oatmeal or soup for a whole family at once?,"Does the long metal handle get hot during boiling, which might be a safety concern with children around?",Is the cooktop efficient enough to heat multiple batches of water quickly if we all need breakfast at the same time?
image_172_jpg.rf.ff73fb16ef720adfcbfddbaf5b3194c5.jpg,electric kettle,0.368217408657074,77.34829711914062,105.87222290039062,276.7865600585937,379.1974487304688,Is the cord long enough to pull the kettle out from that tight corner to fill it easily in the sink?,Does this Swan kettle boil water quickly so I can grab a fast coffee before my morning meetings?,"Since it looks like stainless steel, is the inside clean and free of limescale for a good tasting tea?","Since there are two mugs provided, does the kettle hold enough water to fill both of them to the top at once?",Is the kettle quiet enough to use early in the morning without waking my partner in a small hotel room?,"Is the Swan brand reliable and high-quality, or does the appliance feel flimsy to use?","Does the stainless steel exterior get dangerously hot to the touch, which might be a risk with children running around?",Is the capacity large enough to make hot chocolate for a family of four without having to boil water twice?,Is the wooden shelf sturdy and spacious enough to manage making drinks for a whole group without knocking things over?
image_12_jpg.rf.94a1f88e888e6f326734e3defea7bdeb.jpg,electric kettle,0.2143837213516235,426.0394592285156,236.04519653320312,569.3788452148438,435.3067321777344,Does this kettle boil a small amount of water quickly so I can grab a coffee before heading out?,Is the stainless steel interior well-maintained and free of limescale for a hygienic?,Is the tub slip-resistant for safety when showering solo?,Does this Emberton model hold enough water to fill two large mugs simultaneously so we can enjoy breakfast together?,Is the kettle quiet enough to boil water without waking my partner sleeping in the same room?,Does the spout design allow for precise pouring so we don't spill hot water when serving each other?,Is the capacity sufficient to make hot drinks or instant noodles for a family of four in one go?,"Since the body is stainless steel, does the exterior get dangerously hot to the touch for children?",Is the handle sturdy enough to safely carry the kettle when it's filled to the max line for multiple people?
image_203_jpg.rf.d743f73abcb382b8705213ba5a5b0847.jpg,electric kettle,0.2164056003093719,95.4005355834961,154.81314086914062,277.2255249023437,414.168212890625,Is the minimum fill line on that water window low enough so I can just boil a?,Can I easily reach everything I need while bathing alone?,Is the tub slip-resistant for safety when showering solo?,Does the capacity shown in the viewing window hold enough water to fill two large mugs at the same time?,"Since the room looks open, is the kettle quiet enough to not wake my partner if I make tea early in the morning?",Is there an auto-shutoff feature to ensure safety if we get distracted getting ready for our day?,What is the maximum volume on the indicator—is it large enough (over 1.5L) to make oatmeal or cocoa for the whole family in one go?,"Is the exterior cool-to-touch plastic, which would be safer if we have kids moving around the room?","Does the heating element work fast enough when filled to the ""Max"" line to prepare quick instant noodles for a group?"
image_80_jpg.rf.41ced14c092916d2ef6e32364e538811.jpg,electric kettle,0.3013826310634613,98.01454162597656,76.39625549316406,612.3858642578125,558.1495361328125,The stainless steel exterior looks a bit smudged in the photo; is the inside generally kept clean and free of limescale for a quick morning coffee?,That power cord looks quite short; is there an outlet close enough to the desk or bed to use it comfortably?,Is this a fast-boiling model so I can make a quick cup of noodles or tea before heading out for the day?,"Does this Ozoopu kettle have enough capacity to fill two large mugs at once, or will we have to boil it twice?",Is the appliance quiet enough that one of us can make tea early in the morning without waking the other person up?,"Since the condition looks a bit used, does the automatic shut-off feature still work reliably for safety?","Since the body is stainless steel, does the exterior get dangerously hot to the touch for children in the room?",Is the capacity large enough (at least 1-1.5 liters) to prepare instant oatmeal or soup for multiple family members at the same time?,Does the red indicator light on the base clearly show when it's active so we can keep track of it in a busy room?
image_123_jpg.rf.d86c5cbc829c096c170405250453ede3.jpg,electric kettle,0.1202313154935836,19.609355926513672,65.90498352050781,315.4711303710937,412.3136901855469,Is that small glass teapot the perfect size for brewing just one large mug of tea while I relax in the room?,"Since there is a metal infuser shown, does the hotel provide loose leaf tea or just the Lipton tea bags?",Is the white appliance in the background a quick-boil kettle efficient enough for making a speedy drink before I head out?,Does the glass teapot hold enough water for two full cups so we can enjoy our morning tea together without brewing twice?,Is the mesh filter inside the pot easy to clean so we can switch between different tea flavors during our stay?,Is the setup sturdy enough to carry on a tray so we can have tea in bed?,That glass teapot looks quite delicate; is it safe to use in a room where active children might be running around?,Is the capacity of that small pot too limited to make hot drinks for a whole family of four at breakfast?,Is the white boiling appliance in the background large enough to prepare water for everyone's cup noodles or hot chocolate at once?
image_6_jpg.rf.926346efe5fd2065f911d7a5444eb662.jpg,electric kettle,0.10763581097126,-1.7859315872192385,257.4432067871094,128.23426818847656,460.5623168945313,"Since I'm just making a quick cup of coffee for myself, does this kettle boil water rapidly?",Does the stainless steel exterior stay cool enough to handle easily when pouring a?,Is the tub slip-resistant for safety when showering solo?,Is the capacity large enough to boil water for two full mugs of tea at the same time?,Does the kettle operate quietly so I won't wake my partner if I make an early morning drink?,Is the metal finish clean and well-maintained so we can feel comfortable using it for our evening drinks?,Can this kettle hold enough water to prepare instant oatmeal or noodles for the whole family at once?,"Since the body looks like stainless steel, does it get too hot to the touch for children in the room?",Is the base sturdy enough to handle frequent boiling for multiple people throughout the day?
image_6_jpg.rf.926346efe5fd2065f911d7a5444eb662.jpg,electric kettle,0.1985110789537429,107.81945037841795,323.2341003417969,270.7832336425781,477.7592468261719,Is the stainless steel interior clean and free of rust or limescale for a hygienic morning cup of tea?,Does the kettle boil water quickly enough for a fast instant oatmeal or noodle meal before heading out?,"Since the body is metal, does the black handle stay cool enough to pour safely without needing a towel?",Is the capacity sufficient to fill two large travel mugs at once so we can leave for our tour on time?,Does the kettle operate quietly so I don't wake my partner up while making early morning coffee?,Does the unit turn off automatically once boiled so we don't have to watch it while getting dressed?,Does the kettle hold enough water to make hot chocolate or tea for a family of four without boiling twice?,Is the exterior of the shiny metal body dangerous for small children to touch while it's heating?,"Given how crowded the counter is with the blender and coffee maker, is the cord long enough to move the kettle to a safer spot?"
image_66_jpg.rf.ad1aa6bfd7a81d5ce4f8e9c3fee1afa3.jpg,electric kettle,0.2816936671733856,305.57330322265625,160.5543212890625,619.1704711914062,380.56146240234375,"Since the kettle looks quite compact, does it boil water quickly enough for a rushed morning coffee?",Is the interior of this stainless steel kettle kept clean and free of limescale build-up?,Is the kettle easy to lift and pour for just one person without spilling onto the small tray?,"Does the kettle hold enough water to fill two mugs simultaneously, or do we have to boil it twice?",Is the appliance quiet enough to use for early morning tea without waking my partner?,"considering the size of the provided water bottle, will we need to buy more water to use the kettle for both of us?",Is this kettle too small to make hot drinks for a family of four without running multiple cycles?,"Does the metal exterior get dangerously hot to the touch, which might be a safety concern for children?",Is the lid opening wide enough to easily fill the kettle for other needs like baby bottles or instant oatmeal cups?
image_100_jpg.rf.38dcc8a16afd17d0443eda4dea186e74.jpg,electric kettle,0.1210879385471344,102.86611938476562,124.46788787841795,607.015380859375,564.1473999023438,Is this small dretec kettle quick enough to boil water for a?,Can I easily reach everything I need while bathing alone?,Is the tub slip-resistant for safety when showering solo?,"Does this kettle hold enough water to fill two standard mugs at once, or will one of us have to wait for a second boil?",Is the boiling mechanism quiet enough that I won't wake my partner up if I decide to make tea early in the morning?,"Since the exterior looks glossy, does the handle stay cool and provide a good grip when pouring hot water for two people?",Is the capacity of this kettle sufficient to prepare instant oatmeal or cup noodles for the kids without boiling multiple times?,Does the lid lock securely to prevent dangerous hot water spills if a child accidentally bumps the table?,"Since it looks like a compact model, does it recover and re-boil quickly when we need to make a round of drinks for the whole family?"
image_73_jpg.rf.98dab831b26f047e29b9540b72c890c1.jpg,electric kettle,0.1508209407329559,335.2331848144531,480.051513671875,380.8079223632813,563.201416015625,"Since this looks like a large dispenser type, does it take a long time to heat up if I just need a quick cup of coffee in the morning?","Is the interface with those buttons easy to figure out, or is it complicated to use just for boiling water?",It looks like an older plastic model; does it seem clean and well-maintained without giving the water a plastic taste?,"Does this machine have a ""keep warm"" function so we can both grab hot water at different times without waiting for it to re-boil?","Looking at the control panel, are there temperature settings so we can make different drinks like green tea and coffee correctly?","Is this appliance quiet while running, or does it make a humming noise that might be annoying in a shared room?",That unit looks bulky; is the water capacity large enough to prepare instant noodles or hot cocoa for the whole family at once?,"Since it sits on a lower shelf, does the dispensing button have a safety lock to prevent children from accidentally pouring hot water?","It looks like a heavy-duty boiler; if we empty the tank, how long does it take to heat a full batch of water again?"
image_158_jpg.rf.4917f333783bfa91365f21acd7e711ba.jpg,electric kettle,0.2172536700963974,201.1547698974609,146.31314086914062,433.2659301757813,580.2885131835938,Is this stainless steel kettle kept clean and free of limescale so I can trust it for my morning coffee?,Does the A5 Living model boil water quickly enough for me to make a speedy instant meal before heading out?,Is the kettle simple to operate with an auto shut-off so I don't have to worry about it while I'm packing?,Does this kettle have enough capacity to fill two large mugs at once so we can enjoy our tea together?,Is the appliance quiet when boiling so one of us can make a drink without waking the other up?,"The metallic finish looks nice, but is the handle sturdy and cool to the touch for safe pouring?",Is the kettle large enough to boil water for the whole family's oatmeal or cocoa without needing to refill it multiple times?,"Since the body is made of stainless steel, does the exterior get dangerously hot, which might be a safety concern for our children?",Is the base sturdy and the lid secure enough to handle frequent use by multiple people throughout our stay?
image_75_jpg.rf.2de08cb68e4353ea9fd694c0fa981049.jpg,electric kettle,0.1994715183973312,197.78990173339844,74.067138671875,539.4509887695312,589.2403564453125,"Since the water window shows a minimum of 0.5L, does that mean I have to boil more water than I actually need for just one cup of coffee?","Is this compact ""N simple"" model fast enough to boil a quick cup of tea before I rush out for a morning meeting?",Does the black plastic interior seem easy to rinse out if I want to make a quick cup of instant soup for dinner in the room?,Is the 1.2L maximum capacity sufficient to fill two large travel mugs for both of us before we head out sightseeing?,Does the water level indicator clearly show how much is left so we don't accidentally boil an empty kettle while chatting?,Is the handle sturdy and comfortable enough to pour two heavy mugs of hot water without shaking or spilling?,"With the maximum fill line at only 1.2L, will we need to run the kettle multiple times to make oatmeal and cocoa for a family of four?",Does the plastic exterior stay cool to the touch after boiling so it's safe to have on a table near children?,Is the lid mechanism secure enough to prevent splashes if the room is crowded and someone bumps the table?
image_81_jpg.rf.14754056de21519593f71e0151b064f2.jpg,electric kettle,0.1974856108427047,454.9358825683594,244.0826416015625,606.5775146484375,529.8653564453125,Is the water level gauge clear enough to measure just a?,Can I easily reach everything I need while bathing alone?,Is the tub slip-resistant for safety when showering solo?,Does the water window indicate enough capacity to fill two large travel mugs at the same time before we head out?,"Since it is a Philips model, is it quiet enough to boil morning tea without waking my partner?",Does the kettle lift off the base cord-free so I can easily bring it over to the table to pour for both of us?,Is the max capacity large enough to prepare instant noodles or oatmeal for the whole family in one go?,"Since the exterior looks like glossy plastic, does it get too hot to the touch to be safe around children?",Is the lid wide enough to make it easy to refill rapidly from the tap when making multiple rounds of hot drinks?
image_196_jpg.rf.29f032d18d771662dfb75df4e374093c.jpg,electric kettle,0.1060512885451316,261.8910827636719,258.7805480957031,373.1068420410156,493.07415771484375,"Since the kettle on the right appears to have a glass body, does it look clean and free of mineral buildup for a hygienic cup of tea?","Is the kettle a cordless model that lifts off the base, making it easy for me to fill at the bathroom sink?","Is there a spare outlet available, or will I have to unplug that toaster every time I want to boil water?",Does the kettle look like it has a standard 1.7L capacity so we can make two large travel coffees at once without refilling?,Is there enough counter space to use the kettle and the toaster simultaneously for a quick breakfast together?,"Does the appliance set look modern and well-maintained, suggesting a higher quality room experience for our stay?","Is that a full-sized family kettle on the right, or a smaller hotel unit that won't make enough hot chocolate for the kids in one go?",Is the kettle positioned safely on the counter so it won't be easily knocked over in a busy room with multiple people?,Can we run both the kettle and the toaster at the same time to speed up the morning rush for the whole group?
image_104_jpg.rf.1e43a3301d40de88fb1a5911da99b7d8.jpg,electric kettle,0.4189593195915222,52.72221374511719,278.51885986328125,327.3934936523437,537.4853515625,"Is the stainless steel exterior clean and well-maintained, or does it look smudged and in need of a wash before I use it for my morning coffee?",Does the small red indicator light on the base clearly turn on so I know my water is actually heating up?,Is this Hyundai kettle a compact size that's easy to handle for a quick?,Is the capacity large enough to boil water for two full-sized mugs of tea at the same time without needing a refill?,"Since the body is metal, does the exterior get dangerously hot to the touch, or is the black plastic handle safe and cool to grip?","Is the power cord attached to the base long enough for us to set it on a bedside table, or does it have to stay right next to the wall outlet?","Can this kettle hold enough water to prepare instant noodles or oatmeal for a small family in one go, or is it too small?",Does it bring a full pot of water to a boil quickly so we aren't all waiting around for breakfast?,Is the lid mechanism sturdy and secure to prevent hot water spills when pouring for multiple people?
image_127_jpg.rf.8e22c1ec7ed943cfa58679e8bd99d3bc.jpg,electric kettle,0.1589623093605041,80.52458953857422,255.3334045410156,341.1729736328125,510.752197265625,Does the stainless steel interior look well-maintained and free of limescale for a hygienic quick cup of tea?,"Is the switch with the red light automatic, so it shuts off on its own while I'm busy unpacking or working?",Is the kettle light enough to easily lift and fill in a small bathroom sink if the cord is short?,Does the kettle hold enough water to fill two large mugs at once so we can enjoy our morning coffee together?,"Since the body is metal, does the exterior get too hot to touch, or is the plastic handle safe for passing it between us?",Is the heating element quiet enough that it won't wake my partner up if I make tea early in the morning?,Is the capacity large enough to prepare instant oatmeal bowls for the kids and coffee for the adults in a?,Can I easily reach everything I need while bathing alone?,Is the tub slip-resistant for safety when showering solo?
image_77_jpg.rf.7532ef596c8ced4c82c88e41e4992b6b.jpg,electric kettle,0.2267171740531921,205.38780212402344,411.3554382324219,243.63487243652344,460.0997314453125,"Since I just need a quick cup of coffee before heading out, does this kettle boil water rapidly?","Looking at the metal finish, is the interior well-maintained and free of rust or limescale for a hygienic?",Is the tub slip-resistant for safety when showering solo?,Does the kettle have enough water capacity to fill two large mugs at once so we can enjoy our morning tea together?,Is the boiling mechanism quiet enough that I can use it early in the morning without waking my partner?,Does the stainless steel body keep the water hot for a while in case one of us wants a second cup later?,"With that metal exterior, does the outside get dangerously hot to the touch, which might be a safety concern for children?","Is the capacity large enough to prepare hot water for the whole family's needs, like instant oatmeal or baby formula, in one go?","Is the lid opening wide enough to easily refill and clean it frequently, since we will be using it multiple times a day?"
image_201_jpg.rf.eaeb028335c91c51ad9083aa42752b13.jpg,electric kettle,0.4126774966716766,374.3796081542969,51.37950134277344,543.8638916015625,319.1387939453125,Is this stainless steel kettle fast enough to boil water for a quick coffee before I rush out in the morning?,Does the kettle have an automatic shut-off feature so I don't have to worry about safety while getting ready?,Is the interior free of limescale or rust to ensure a clean taste for my?,"Since I see two mugs on the tray, does the kettle hold enough water to fill both of them to the top at once?",Is the boiling mechanism quiet enough that I can make tea without waking my partner?,"Is the wooden ""Holuxe"" tray removable and sturdy so we can carry our drinks back to bed?",What is the liter capacity of this CVS Burgaz kettle—is it large enough to make instant noodles or oatmeal for the kids?,"Does the metal exterior get extremely hot to the touch, or is it insulated enough to be safe around children?","Since there are only two mugs visible, are there extra cups available in the room for the rest of the family?"
image_17_jpg.rf.20cefce0f8e58a53ced82c833b0c6eb5.jpg,electric kettle,0.215928703546524,186.15675354003903,129.80227661132812,338.1588134765625,449.2529296875,Is that stainless steel kettle quick to boil just a small amount of water for my morning cup of tea?,"Does the kettle look clean and well-maintained on the inside, or does it have build-up?",Is the cord long enough to use comfortably without getting in the way of the coffee machine next to it?,Does the kettle hold enough water to fill two large mugs so we can enjoy our drinks together without refilling?,"Is the stainless steel exterior insulated, or does it get hot to the touch when boiling water?",Does the appliance look high-quality and reliable for making our evening tea in the room?,Is the capacity of that tall kettle large enough to prepare instant noodles or oatmeal for the whole family at once?,"Is the base stable enough to prevent tipping, especially since the kettle looks quite tall and slender?",Does the water level window clearly show how much is left so we know when to refill for the next person?
image_117_jpg.rf.4b80e8d7de663e180833bbaa811683cc.jpg,electric kettle,0.5206172466278076,433.3583068847656,303.9442138671875,626.522705078125,570.2863159179688,"Is this kettle clean and well-maintained on the inside, or does the plastic body leave an odd taste in the water?",Does it boil water quickly enough for me to make a quick coffee before rushing out for the day?,Can I easily boil a small amount of water just for a?,Is the capacity sufficient to fill two large mugs of tea or coffee at once so we can enjoy breakfast together?,Does the red indicator light clearly switch off when done so we know exactly when the water is ready?,Is the kettle quiet enough during boiling that I won't wake up my partner if I make an early morning drink?,Is the kettle large enough to boil water for multiple family members' oatmeal or hot chocolates in a?,Can I easily reach everything I need while bathing alone?,Is the tub slip-resistant for safety when showering solo?
image_117_jpg.rf.4b80e8d7de663e180833bbaa811683cc.jpg,electric kettle,0.2515788376331329,304.74688720703125,344.1786499023437,435.5344848632813,528.984619140625,Is the white electric kettle on the right clean and maintained well enough for a hygienic morning coffee?,Does the kettle have a rapid-boil feature so I can quickly make tea before rushing out for the day?,Is the power cord long enough to reach the outlet on the wall without having to move the utensil holder?,Does the kettle have a large enough capacity to boil water for two full mugs of tea at the same time?,Is there enough counter space to pour from the kettle safely without bumping into the juicer sitting next to it?,Is the appliance quiet when boiling so I don't wake up my partner if I'm up early?,Is the kettle large enough (at least 1.5 liters) to make instant oatmeal or noodles for the kids in one go?,Does the plastic exterior of the kettle stay cool to the touch to prevent accidental burns with children around?,Is the lid easy to open and refill for making multiple rounds of hot chocolate for the whole family?
image_117_jpg.rf.4b80e8d7de663e180833bbaa811683cc.jpg,electric kettle,0.1161413863301277,41.87531280517578,294.9153137207031,209.19696044921875,469.84075927734375,Does the browning control dial on the front allow for precise adjustments to get my toast exactly how I like it?,"Are the slots wide enough to accommodate a thick bagel for a quick, convenient solo breakfast?",Do those three buttons include a defrost setting so I can easily use frozen bread for a?,"Is this a standard 2-slice model, and is it fast enough for both of us to have hot toast together?",Does the appliance have a reheat function among those buttons in case our breakfast gets cold while we are getting ready?,Is the toaster compact enough to leave space on the counter for us to prepare coffee at the same time?,"With only two slots visible, will it take too long to prepare breakfast for the whole family?",Does the white exterior stay cool to the touch to ensure it is safe for children to operate?,Is the appliance durable and powerful enough to handle back-to-back cycles for a large group breakfast?
image_131_jpg.rf.2f904da0957a67baf021048cf75592c7.jpg,electric kettle,0.216783732175827,401.4140319824219,73.01387786865234,638.5792236328125,486.1105346679688,Does the Tornado kettle boil water quickly so I can make a fast cup of tea before my morning meetings?,Is the stainless steel interior well-maintained and free of limescale for a hygienic?,Is the tub slip-resistant for safety when showering solo?,Does the kettle have enough capacity to fill two large mugs at once so we can enjoy our morning coffee together?,Is the boiling mechanism quiet enough that I can make tea without waking my partner?,"Does the metal body get extremely hot, or is it insulated enough to be safe in a shared space?",Is this a full-sized kettle capable of boiling enough water for family oatmeal or instant noodles?,Is the handle sturdy and secure when lifting the kettle fully loaded with water for multiple people?,"Does the lid lock firmly to prevent accidental spills, which is a concern with kids in the room?"
image_27_jpg.rf.b57066889be95cdd40163f55da56d942.jpg,electric kettle,0.1069351583719253,103.33827209472656,221.10699462890625,265.8676147460937,417.34967041015625,"I notice a ""1-cup"" button on the base; is this machine quick enough for me to grab a?",Can I easily reach everything I need while bathing alone?,Is the tub slip-resistant for safety when showering solo?,"I see a button with a ""2-cup"" icon on the right; can we actually brew two cups simultaneously so we can enjoy our morning coffee together?",Is the water tank large enough to brew two full-sized mugs back-to-back without needing a refill?,"The drip tray looks a bit narrow; will it fit two standard mugs side-by-side, or do we need to brew one at a time?",This looks like a?,Can I easily reach everything I need while bathing alone?,Is the tub slip-resistant for safety when showering solo?
image_27_jpg.rf.b57066889be95cdd40163f55da56d942.jpg,electric kettle,0.1875080466270446,267.7647399902344,238.78366088867188,423.104248046875,385.79583740234375,"Is this Tristar kettle the compact ""travel size"" type that boils water quickly for a?",Can I easily reach everything I need while bathing alone?,Is the tub slip-resistant for safety when showering solo?,"Does the kettle hold enough water to fill two large mugs at once, or will we have to boil it twice for our morning tea?",Is the kettle quiet when boiling so one of us can make coffee early without waking the other up?,"Since there isn't much counter space shown, does the base detach easily so we can pour drinks elsewhere in the room?","Judging by its size next to the paper towel roll, is this kettle too small to prepare hot drinks for a family of four efficiently?",Does the black plastic exterior stay cool to the touch to prevent burns if my children accidentally brush against it?,Is the lid mechanism sturdy and secure to prevent spills when pouring hot water for multiple people in a busy kitchenette?
image_38_jpg.rf.34082f8ba7efc4cef7641646119044ec.jpg,electric kettle,0.1909330040216446,62.35499572753906,155.9052734375,265.270751953125,372.0415649414063,Is the red kettle quick to boil water for a fast cup of tea before heading out?,Does the kettle have a minimum fill line that allows me to boil just one cup to save time?,Is there enough counter space to easily fill and pour the kettle without hitting the coffee machine next to it?,Does the red kettle hold enough water to fill two large mugs at the same time?,Is the kettle cordless so one of us can easily bring it over to the bedside table?,Is the operation quiet enough that making morning tea won't wake my partner?,What is the total liter capacity of the red kettle—is it big enough to make drinks for the whole family in one go?,Does the exterior of the kettle stay cool to the touch to ensure safety around children?,Is the lid wide enough to easily refill the kettle multiple times for things like instant oatmeal or baby formula?
image_38_jpg.rf.34082f8ba7efc4cef7641646119044ec.jpg,electric kettle,0.1299140155315399,269.2471008300781,175.95462036132812,510.60345458984375,343.9598083496094,Is the minimum fill level low enough that I can quickly boil just one cup of water without wasting energy?,Does the kettle have an automatic shut-off feature so I can get ready while it boils without worrying about safety?,Is the interior well-maintained and free of limescale so I can trust it for a hygienic quick coffee?,Does this red kettle hold enough water to fill two large travel mugs simultaneously for our morning tea?,Is the operation quiet enough that I can boil water early in the morning without waking my partner?,Is the handle comfortable and sturdy enough for safe pouring when we are rushing to get out for the day?,"Judging by its size next to the coffee machine, is the capacity large enough to make hot chocolate for 3-4 people at once?",Does the water boil rapidly so we don't have to wait long between rounds if we are making instant noodles for the whole family?,Is the exterior insulated or cool to the touch to ensure safety if children are moving around the kitchenette area?
image_23_jpg.rf.80437770932b49e8ea83b331e54f7756.jpg,electric kettle,0.1346696466207504,366.25091552734375,231.8885803222656,572.52197265625,517.4744262695312,"Is the stainless steel interior clean and free of scale for making a quick, hygienic cup of coffee in the morning?",Does this Aroma model boil water fast enough for a quick meal like instant oatmeal before I head out?,"Is the kettle cordless when lifted from the base, making it easy to pour a?",Is the capacity large enough to fill two full-sized travel mugs of tea at once so we can leave together?,The exterior looks a bit smudged; is the appliance actually in good condition and reliable for our daily use?,Is the boiling process quiet enough that one of us can make tea early without waking the other person up?,Will we need to boil this kettle multiple times to get enough hot water for a family of four's breakfast?,"Since the body is metal, does the exterior get too hot to touch, which might be a safety concern for our kids?",Is the lid opening wide enough to quickly refill it at the sink for back-to-back rounds of hot chocolate?
image_60_jpg.rf.e6e4cb899cf2c1bb4e38cec621e1714d.jpg,electric kettle,0.1074156686663627,222.626953125,212.0854949951172,389.237548828125,368.1241455078125,Is this small white kettle clean and well-maintained on the inside for making my morning coffee?,Does the kettle boil water quickly so I can make a fast cup of tea before heading out?,"Since it's made of plastic, does the water taste neutral, or is there a lingering plastic aftertaste?",Does this kettle have enough capacity to fill two large mugs at once without needing a refill?,Is the kettle cordless and easy to lift off the base so we can pour drinks at the table?,Is it quiet enough to boil water early in the morning without waking up my partner?,It looks quite small next to the air fryer; will we need to boil water multiple times to serve everyone?,Is the white plastic exterior cool to the touch after boiling to ensure it's safe around children?,Is the lid easy to open for frequent refilling when making breakfast for the whole family?
image_31_jpg.rf.2bc111f45fe372bf163931f88b5dcf1f.jpg,electric kettle,0.1776956170797348,354.92822265625,167.714111328125,555.53466796875,536.965087890625,Is this Russell Hobbs kettle quick to boil water for a?,Can I easily reach everything I need while bathing alone?,Is the tub slip-resistant for safety when showering solo?,Does this kettle have a large enough capacity to fill two large mugs simultaneously so we can have breakfast together?,Is the operation quiet enough that making a hot drink early in the morning won't wake my partner sleeping in the same room?,"Since I see a toaster nearby, are there enough outlets to use both the kettle and toaster at the same time for our morning routine?","Looking at the water gauge, is this a full-size 1.7L kettle that can boil enough water for the whole family's instant noodles or cocoa at once?",Does the black plastic exterior stay relatively cool to the touch to ensure safety with children moving around the kitchenette?,Is the build quality sturdy enough to handle being boiled multiple times in a row for a large group's breakfast needs?
image_143_jpg.rf.04b44b275501cf724662c09070ba4b5e.jpg,electric kettle,0.3885649740695953,265.0800170898437,177.0876922607422,592.0279541015625,543.2166137695312,Does this kettle boil water quickly if I just need to make a quick cup of tea before heading out?,Is the plastic handle sturdy and cool to the touch so I can pour easily without worrying about burns?,"The stainless steel finish looks nice, but is the interior clean and free of rust for hygienic personal use?",Does the kettle have enough capacity to fill two large mugs at once so we can enjoy our morning coffee together?,I see the red light on the base; does it clearly indicate when the water is boiling so we don't have to hover over it?,Is the spout designed well to pour smoothly into two cups without spilling or splashing hot water everywhere?,"Since the exterior is metal, does the body get dangerously hot to the touch, which might be a safety issue with kids in the room?",Is the capacity large enough to prepare hot water for instant noodles or oatmeal for the whole family in one go?,Does the lid open wide enough to make it easy to quickly refill the kettle if we need multiple batches for a group?
image_18_jpg.rf.ea5a9df50159ad70e93c3a8e1a9b614c.jpg,electric kettle,0.1092790067195892,34.94312286376953,6.430530548095703,245.98028564453125,447.3663940429688,Does the stainless steel thermal carafe keep a?,Can I easily reach everything I need while bathing alone?,Is the tub slip-resistant for safety when showering solo?,Does the pot hold enough volume to brew two large mugs of coffee simultaneously?,"Since the jug appears to be thermal, will the coffee stay warm if one of us wakes up later than the other?",Is the brewing process quiet enough that it won't wake my partner if I make an early cup?,What is the maximum cup capacity of the water tank for serving a whole family at breakfast?,"Is the carafe made of metal instead of glass, making it safer to use around active children?",Is the filter section easy to access and fill if we need to brew multiple pots in a row?
image_15_jpg.rf.adab6437c4b73458c2ba67ff1872ee4a.jpg,electric kettle,0.2662857174873352,201.0572662353516,245.0269775390625,402.9667663574219,505.0723571777344,"Is that a high-quality brand like WMF, implying the kettle will be fast and reliable for my quick morning coffee before heading out?",Does the kettle look compact enough to boil a?,Is the tub slip-resistant for safety when showering solo?,Does the kettle have enough capacity to fill two large mugs simultaneously so we can enjoy our morning tea together?,Is the cord length sufficient to reach that wall socket safely without getting in the way of the toaster next to it?,"Since it's a stainless steel model, is it quiet enough to use early in the morning without waking my partner sleeping in the same room?",Does the main body look large enough (at least 1.5 liters) to prepare hot drinks for the whole family in a?,Can I easily reach everything I need while bathing alone?,Is the tub slip-resistant for safety when showering solo?
image_15_jpg.rf.adab6437c4b73458c2ba67ff1872ee4a.jpg,electric kettle,0.147139087319374,406.669677734375,279.5638732910156,634.0325317382812,511.8385009765625,"Since I just need a quick cup of coffee before heading out, does this WMF kettle boil water rapidly?",Is the kettle compact and easy to handle for a solo traveler making a?,Is the tub slip-resistant for safety when showering solo?,Does the kettle hold enough water to fill two large mugs simultaneously so we can enjoy our morning tea together?,Is this high-quality WMF model quiet while boiling so one of us can make coffee without waking the other?,"Given the matching stainless steel set, does the kettle feel premium and reliable enough for a romantic breakfast in the room?","Is the capacity sufficient to make hot chocolate and coffee for a family of four, or will we need to boil it multiple times?","Since the body is stainless steel, does the exterior stay cool enough to be safe on the counter around active children?",Does the kettle fill and pour easily enough to handle the high volume of water needed for a group's instant oatmeal and drinks?
image_70_fp_jpg.rf.0e874910d5aef08d9194172be6f27a3b.jpg,electric kettle,0.1518679857254028,478.8805541992188,283.2095031738281,534.5291748046875,391.5149230957031,Is it possible to brew just a?,Can I easily reach everything I need while bathing alone?,Is the tub slip-resistant for safety when showering solo?,Is the glass carafe large enough to hold at least two large mugs of coffee so we can enjoy breakfast together?,Does the machine have a warming plate to keep the coffee hot if one of us wakes up later than the other?,"Does the machine take up too much counter space, or will we still have room to set out snacks and drinks for two?",Does that tall water reservoir on the side hold enough volume to brew a full batch for everyone without needing constant refills?,"Is the glass carafe sturdy and durable, or does it feel fragile in a busy room with kids running around?",How quickly does this machine brew a full pot so the whole group isn't waiting in line for their morning caffeine?
image_171_jpg.rf.fec26ce83e64fc5ba0e55b170a33ba2c.jpg,electric kettle,0.3129036724567413,380.1037902832031,102.30243682861328,624.6984252929688,426.3392333984375,Is the minimum 0.3L fill level low enough that I can quickly boil just one cup without wasting water?,Does this smaller 0.8L kettle boil water faster than a standard size one for a quick morning coffee?,Is the plastic body insulated well enough so I don't burn my hand if I accidentally brush against it in a small space?,"Since the maximum capacity is 0.8L, is that actually enough water to fill both of those stacked mugs to the top at the same time?",Does the kettle boil quietly so I can make tea early in the morning without waking my partner?,"Are the two blue mugs provided large enough for a proper drink, or are they espresso-sized cups that look bigger in the photo?","With a maximum limit of only 0.8L, will we have to boil water in multiple batches to get hot drinks for everyone in the family?","Are there more mugs stored elsewhere in the room, or are we limited to just the two shown here?","Does the lid lock securely to prevent spills, which is a major safety concern if we have kids running around the room?"
image_121_jpg.rf.6e92683316e27fa7bb0d64763ed29dec.jpg,electric kettle,0.3425949513912201,1.9036102294921875,149.71304321289062,175.6010284423828,463.6909484863281,Is that button on the handle easy to operate one-handed for a quick pour when I'm rushing in the morning?,Does this kettle boil small amounts of water quickly if I just need a?,Is the tub slip-resistant for safety when showering solo?,Does the kettle hold enough water to fill two large mugs like the one shown without needing to refill and re-boil?,Is the boiling noise quiet enough that I can make an early morning tea without waking my partner?,"Does the appliance feel sturdy and high-quality to add a nice touch to our room, or is the metallic look just for show?",Is this a full-sized unit capable of boiling enough water for 3 or 4 people to have hot cocoa or oatmeal at the same time?,"Since the body is metal, does the exterior get dangerously hot to the touch, which might be a safety concern with kids in the room?",Is the lid opening large enough to easily refill it from the bathroom tap repeatedly for a whole family's needs?
image_159_jpg.rf.1012299c7c783a3f1e55c8e926293803.jpg,electric kettle,0.3588641285896301,287.3748474121094,232.46832275390625,555.9613037109375,513.7421875,"Since there are only disposable paper cups visible, should I plan on bringing my own travel mug for my morning coffee?",Is the power cord wrapped around the base long enough to easily reach an outlet while I'm working at the desk?,"Does the stainless steel interior look well-maintained and clean enough for a quick, hygienic drink on the go?",Is the kettle's capacity large enough to boil water for two full cups of tea at once so we can enjoy breakfast together?,Does the kettle have an auto shut-off feature so we don't have to worry about it while getting ready?,"Are there enough coffee and tea sachets provided on that tray for two people, or should we bring our own supplies?",Is the kettle large enough to boil a significant amount of water for preparing instant oatmeal or noodles for the kids?,"Since the body is metal, does the exterior get too hot to touch, which might be a safety concern for small children?","I see a stack of cups, but is the kettle durable enough to handle multiple back-to-back boils for a whole family's morning routine?"
image_170_jpg.rf.7253b6d1d7a8cd6069a084067e8a4ac6.jpg,electric kettle,0.3223425149917602,422.6196899414063,274.4591064453125,598.194091796875,537.1705932617188,"Is that bottom switch automatic, so I can turn it on and continue getting ready without worrying about it boiling over?",Does this kettle boil water quickly enough for a rush-out-the-door morning coffee?,"The matte black finish looks sleek, but is the inside actually kept clean and scale-free for a decent tasting tea?","Does the kettle hold enough water to fill two large cups at once, or will we have to boil it twice to enjoy our morning drinks together?","Seeing the stacked paper cups, are there actual ceramic mugs available to use with this kettle for a nicer in-room date night?",Is the appliance quiet enough that one of us can make a late-night tea without waking the other person up?,"Is the capacity large enough to prepare hot chocolate for the kids and coffee for the adults, or is it a small travel-sized unit?",Does the exterior of the kettle stay cool to the touch to ensure it's safe to have around active children?,Is the lid opening wide enough to easily refill it from the bathroom sink for making multiple rounds of instant noodles?
image_29_jpg.rf.42d3d038a6b1c786e5b0f0b0fb813255.jpg,electric kettle,0.1525126844644546,291.1727294921875,250.39520263671875,453.7655029296875,532.9251708984375,Is the silver kettle on the right well-maintained and free of limescale so I can trust the water quality for my morning tea?,Does it boil water quickly enough for me to make a fast hot drink before rushing out for the day?,Is the kettle light enough to easily lift and pour with one hand?,Does the kettle hold enough water to fill two large mugs at once so we can enjoy our morning drinks together?,Is there enough counter space and outlet capacity to use the kettle and the coffee machine at the same time?,Is the kettle quiet during boiling so I won't wake my partner up if I make a late-night or early-morning drink?,Is the stainless steel kettle large enough to boil water for multiple servings of instant oatmeal or noodles for the kids?,"Does the metal exterior get dangerously hot to the touch, which might be a safety concern for children in the room?",Is the lid easy to open and the opening wide enough for frequent refilling if we need to boil multiple batches?
image_29_jpg.rf.42d3d038a6b1c786e5b0f0b0fb813255.jpg,electric kettle,0.178958386182785,442.18505859375,324.7572326660156,610.8643188476562,598.8888549804688,Is this stainless steel kettle kept clean and free of limescale so I can trust it for a hygienic morning coffee?,Does the kettle boil water quickly enough for me to grab a fast cup of tea before heading out for business meetings?,"Since the cord looks a bit short, is there an accessible outlet right next to it on the desk for easy use?","Does this kettle hold enough water to fill two full-sized mugs at once, or will we have to boil it twice to drink together?",Is the boiling mechanism quiet so one of us can make an early morning drink without waking the other person up?,"Does the metal exterior get extremely hot to the touch, which might be a concern in the limited counter space we're sharing?","Is the capacity of this kettle too small for a family, making it difficult to prepare instant noodles or hot chocolate for everyone?",Does the black lid open wide enough to easily refill it from the tap multiple times in a row for a group?,Is the base sturdy and stable so it won't easily tip over if kids bump the table while we're all in the room?
image_14_jpg.rf.605d4f9f2e637e5ed3a3040985d4a443.jpg,electric kettle,0.1080438643693924,389.1648864746094,133.65130615234375,637.545166015625,432.497802734375,Is that a specialized gooseneck kettle designed for making high-quality pour-over coffee right in the room?,"Since the kettle looks quite compact, does it boil water faster than standard pots for a quick?",Is the tub slip-resistant for safety when showering solo?,Is the kettle's capacity large enough to brew two full cups of coffee at once so we can enjoy our morning together?,"Does this modern, stylish appliance set add a touch of luxury to the room compared to standard plastic hotel kettles?",Is the precision spout easy to control so we don't accidentally spill hot water while making late-night drinks?,Is this kettle too small to prepare hot drinks or oatmeal for a family of four at the same time?,"With that narrow spout, will it take too long to fill up multiple large bowls of instant noodles for the kids?",Does the exterior of the black metal kettle stay cool to the touch to ensure it is safe around small children?
image_14_jpg.rf.605d4f9f2e637e5ed3a3040985d4a443.jpg,electric kettle,0.2010165750980377,292.7022705078125,140.19488525390625,431.4757690429688,449.5867614746094,Is that specialized gooseneck spout easy to use for making a quick drip coffee in the morning?,"Since the kettle looks quite compact, does it boil water fast enough for a?",Is the tub slip-resistant for safety when showering solo?,"Does this kettle hold enough water to fill two large mugs at once, or will we have to boil it twice?",Is the appliance quiet enough that I can make a hot drink without waking my partner up?,That matte black design looks high-end; does the quality of the in-room amenities match the luxury look of this kettle?,This kettle looks very small; will it be a hassle to boil enough water for instant noodles for the whole family?,"Is the exterior of that metal body safe to touch, or does it get dangerous if kids are running around the room?","Since that thin spout is designed for slow pouring, is it frustratingly slow when trying to fill up multiple bowls of oatmeal or baby bottles?"
image_98_jpg.rf.5e4799871544fb39daafe5df6b87695e.jpg,electric kettle,0.1354509443044662,327.3383178710937,77.28107452392578,480.1931762695313,367.189697265625,"Since the minimum fill line looks to be around 0.5L, can I easily boil just enough water for one quick cup without wasting time?","Does the black plastic material impart any plastic taste to the water, or is the interior high quality?",Is there an auto-shutoff feature so I can safely multitask while getting ready in the morning?,Does the kettle reach a boil quickly enough so we can both enjoy our morning coffee together without a long wait?,Is the capacity sufficient to fill both of those large grey mugs to the brim in a?,Is the tub slip-resistant for safety when showering solo?,I see the water gauge goes up to a high MAX level; is that 1.7L capacity enough to make hot drinks for a family of four at once?,"Does the exterior of the black plastic housing get very hot, or is it insulated enough to be safe around children?","Since we'll likely need multiple rounds, how long does the kettle take to reset and boil a full jug again?"
image_115_jpg.rf.a2d67fb30bb6d59d0f05965a6cbbbcb2.jpg,electric kettle,0.139916256070137,92.90058135986328,300.54180908203125,283.2719421386719,539.962890625,Is the appliance compact enough to brew a quick?,Can I easily reach everything I need while bathing alone?,Is the tub slip-resistant for safety when showering solo?,"Looking at the water level markings on the carafe, is the capacity sufficient for two large mugs at once?",Does the machine have a heated plate to keep the beverage warm if we wake up at different times?,Is the unit easy to operate so we can enjoy a hassle-free coffee break together in the room?,Is the glass carafe large enough to serve hot beverages to the whole family in a?,Can I easily reach everything I need while bathing alone?,Is the tub slip-resistant for safety when showering solo?
image_115_jpg.rf.a2d67fb30bb6d59d0f05965a6cbbbcb2.jpg,electric kettle,0.252267837524414,323.4907531738281,360.5447998046875,543.8540649414062,565.019775390625,Is the stainless steel interior clean and free of limescale for a hygienic morning coffee?,Does the water window show a low minimum fill line so I can boil just one cup quickly without wasting time?,"Is that an auto-shutoff switch on the handle, ensuring safety if I get distracted while packing?",Does the capacity shown in the viewing window hold enough water to fill two large mugs of tea at once?,"Is the cord long enough to pull the kettle out from under the cabinet, or is it tethered tight to the wall socket?","Does the stainless steel exterior get very hot to the touch, or is it insulated to prevent accidental burns?",Is the maximum capacity large enough to prepare instant oatmeal or noodles for the whole family in one go?,Is the base stable and heavy enough that it won't easily tip over if kids bump the counter?,How quickly does this model recover and boil a second pot if we need back-to-back rounds of hot water?
image_78_jpg.rf.694e178401e781a713c7523c43347a49.jpg,electric kettle,0.2941782772541046,412.4547119140625,87.1225357055664,554.4638671875,358.6102600097656,Can I boil just a small amount of water quickly for my morning cup of noodles without waiting for a full tank?,Is the inside of the kettle kept clean and free of limescale so I can use it right away?,Is that box of green tea next to the kettle complimentary for guests to use?,Does the kettle hold enough water to fill two large mugs so we can enjoy our coffee together at the same time?,Is the appliance in good condition and reliable enough for our daily morning routine during the stay?,Is the cord long enough to move the kettle to a table so we don't have to stand at the counter?,Is this a full-sized 1.7-liter kettle that can handle making oatmeal or hot chocolate for the whole family at once?,Does the exterior of the white casing stay cool to the touch so it's safe to have around children?,Is the spout filter clean and sturdy enough to handle frequent use for a large group?
image_195_jpg.rf.6c500825ee531365670565af74619f2a.jpg,electric kettle,0.1602154821157455,27.58477783203125,303.16680908203125,178.20265197753906,424.1130981445313,"Is that a removable tea infuser inside the glass body, allowing me to brew loose-leaf tea just for myself?","Since the kettle is made of glass, is it easy to see if it's perfectly clean before I boil water for my morning coffee?",Does this kettle boil water quickly enough for a traveler on a tight schedule?,Does the kettle have a large enough capacity to fill two large travel mugs at once so we can both enjoy a hot drink?,Is the handle sturdy and cool to the touch so we can safely pour hot water for each other?,"Since there is condensation visible inside, is the kettle cleaned and dried thoroughly between guest stays?",Is the glass carafe large enough to boil water for instant oatmeal or noodles for a whole family breakfast?,"Does the exterior glass get extremely hot to the touch, or is it safe to have on the counter with children around?",Is the lid opening wide enough to easily refill the kettle from the tap when making multiple rounds of hot drinks for a group?
image_152_jpg.rf.b5e81f3d667c88653ec0e3daed2b065b.jpg,electric kettle,0.1619197279214859,278.25128173828125,243.3788299560547,382.3673095703125,432.8927001953125,"Is the inside of this stainless steel kettle well-maintained and free of limescale for a quick, hygienic cup of tea?",Is the cord reaching the outlet behind it long enough to pour easily without having to move the toaster?,Does this Jata model boil water quickly so I can make instant oatmeal before rushing out?,Does this kettle hold enough water to fill two large travel mugs simultaneously so we can leave together?,"Since the kettle is squeezed between the toaster and coffee machine, is there enough space to use it comfortably?","Does the handle provide a good grip for pouring, or does the metal body make it too hot to handle easily?",Is the capacity large enough (appears to be 1.5-1.7L) to make hot chocolates for the whole family in one round?,"Does the exterior of the stainless steel body get dangerously hot, which might be a safety concern for small children?",Is the lid opening wide enough to easily fill the kettle from the tap when preparing instant meals for a group?
image_106_jpg.rf.8ae484dc31c83d07d9e0b5fcd45383bc.jpg,electric kettle,0.2695539593696594,249.58111572265625,17.14193344116211,519.4027099609375,457.2677001953125,"Is the minimum water level low enough to quickly boil just one cup, or do I have to heat up more water than I need?","Does the stainless steel exterior get hot to the touch, or is it insulated enough to handle safely in a small space?",Is the cord length sufficient to pull the kettle out from under the shelf for easy pouring while I'm working?,Does the 1000ml capacity shown on the gauge hold enough water to fill both of those tall mugs simultaneously without needing a refill?,Is the kettle quiet enough to boil water for early morning coffee without waking up my partner sleeping nearby?,"Since there are only two spoons and mugs provided, does the kettle maintain the temperature well if we want a second cup later?","Is the 1-liter maximum capacity sufficient for a family, or will we need to run multiple boil cycles to make hot chocolate for everyone?","Is the metal body safe around children, or does the surface get dangerously hot during the boiling process?",Is the lid opening wide enough to easily fill the kettle from a tap if we need hot water for instant oatmeal or baby formula?
image_132_jpg.rf.ae811e2dbe0f9102447d1c31c7b9fad1.jpg,electric kettle,0.1060711815953254,330.3038330078125,159.5314178466797,465.7513122558594,394.3739318847656,Does that Finlux kettle heat up water quickly enough for a fast morning coffee before I head out for the day?,Is the cord wrapped around the base long enough to reach a convenient outlet if I want to use it while working at the desk?,"Since I'm making drinks just for myself, is the minimum fill line low enough so I don't have to boil unnecessary water?",Is the water capacity visible in that window large enough to fill two big mugs of tea at the same time?,Does this specific black plastic model leave any lingering taste or smell that might ruin a romantic morning coffee?,The kettle looks a bit used; is the inside free of limescale so we can feel comfortable using it during our stay?,Can we see the max fill level on the side to know if it holds enough water for everyone's instant oatmeal or cup noodles at once?,"Does the exterior get dangerously hot to the touch while boiling, which might be a safety worry with kids running around?",Is this kettle sturdy and fast enough to handle multiple rounds of boiling water for a group breakfast?
image_30_jpg.rf.e4a22899d47d07f0c9a7222a32af2d76.jpg,electric kettle,0.3631047904491424,333.608642578125,368.888916015625,532.13134765625,551.26025390625,"Is the cord attached directly to the kettle, or does it detach from a base to make pouring a?",Can I easily reach everything I need while bathing alone?,Is the tub slip-resistant for safety when showering solo?,Does the kettle hold enough water to fill two large travel mugs at once before we head out?,Is the boiling process quiet enough that I can make tea without waking up my partner?,Is the water level window under the handle clear enough to measure out exactly two cups?,"Does the metal exterior get extremely hot to the touch, which might be a safety concern for children?",Is the capacity large enough (looks like 1.5 liters) to make instant oatmeal or soup for the whole family in one go?,Is the lid opening wide enough to quickly refill the kettle for multiple rounds of hot drinks?
image_73_jpg.rf.f02d0d4438123907c5880a0bb96456be.jpg,electric kettle,0.1051802188158035,57.13929748535156,210.7601623535156,176.99691772460938,416.9969177246094,"Since the body is clear glass, is it easy to inspect the inside for cleanliness before I make my morning coffee?",Is this a rapid-boil model so I can quickly prepare a tea before heading out for my solo itinerary?,Does the kettle have an auto-shutoff feature for safety while I'm busy getting ready in the room?,Does the capacity look sufficient to fill two large travel mugs simultaneously so we can start our day together?,"The stainless steel and glass finish looks modern, but does it operate quietly enough not to wake my partner?",Is the handle ergonomic and easy to pour for two people without spilling hot water on the granite counter?,Does this kettle hold enough water (it looks like a standard 1.7L) to make instant oatmeal or noodles for the whole family at once?,"Since the exterior is glass rather than insulated plastic, does it get too hot to the touch for a room with young children?",Is the lid opening wide enough to quickly refill it from the tap when we need to boil multiple batches for a large group?
image_73_jpg.rf.f02d0d4438123907c5880a0bb96456be.jpg,electric kettle,0.1331707090139389,318.44708251953125,238.95606994628903,435.4803771972656,400.0363159179688,Can I operate just one side of the 4-slice toaster to save energy when making a quick breakfast for myself?,Does the appliance look clean and well-maintained enough for me to trust using it for my morning toast?,"Since this is a larger unit, does it take up too much counter space for one person's toiletries or items?",Does the toaster have separate controls for each side so we can both brown our toast to different preferences at the same time?,Are the slots wide enough to accommodate bagels or thicker breads for a nice brunch together?,Can we prepare breakfast simultaneously using the dual slots so neither of us has to wait to eat?,"With the 4-slice capacity, is this toaster fast enough to handle the morning breakfast rush for the whole family?","Does the toaster look sturdy enough to handle heavy, repeated use by multiple people throughout our stay?",Is the toaster placed in a convenient spot next to the coffee maker to create an efficient breakfast station for a group?
image_204_jpg.rf.d5d2fb6d90f3679b18f2d1c33adcc155.jpg,electric kettle,0.1921766698360443,323.2084655761719,198.94769287109372,493.5193481445313,507.44818115234375,Is the water level window clear enough to measure out just a?,Can I easily reach everything I need while bathing alone?,Is the tub slip-resistant for safety when showering solo?,Is the capacity large enough for us to make two large mugs of tea at the same time?,Does the kettle operate quietly so I won't wake my partner if I make an early morning brew?,Is the handle sturdy and comfortable to grip when the kettle is full of water for two?,Does this look like a standard 1.7-liter size so we can make instant oatmeal for the kids all at once?,Does the black plastic exterior stay cool enough to the touch to be safe around children?,"Is the cord long enough to move the kettle back on the counter, away from curious little hands?"
image_204_jpg.rf.d5d2fb6d90f3679b18f2d1c33adcc155.jpg,electric kettle,0.178118348121643,181.9151153564453,297.3431091308594,372.33892822265625,526.235595703125,Is the black kettle small and efficient enough for boiling just one cup of water quickly for my morning coffee?,Does the water level window on the side make it easy to measure exactly how much water I need so I don't waste time?,Is the kettle's cord long enough to reach the outlet easily without cluttering the small counter space?,Is the kettle's capacity large enough to boil water for two large mugs of tea simultaneously without needing a refill?,Does the kettle operate quietly so one of us can make early morning coffee without waking the other?,"Is the base cordless, allowing us to easily bring the kettle to the table to pour drinks for both of us?",Does the kettle hold enough water (it looks like a standard liter size) to prepare oatmeal or hot cocoa for a family of four in one go?,Is the plastic exterior of the kettle cool-to-the-touch to ensure it's safe if children are reaching for snacks on the counter?,Is the heating element fast enough to boil back-to-back pots if we need hot water for multiple people and instant noodles?
image_37_jpg.rf.40ee267b92d8d039ae269000fb2455cd.jpg,electric kettle,0.1252722889184951,300.7015991210937,185.9355316162109,604.936767578125,417.0712890625,Is this compact Tefal kettle quick enough to boil water for a?,Can I easily reach everything I need while bathing alone?,Is the tub slip-resistant for safety when showering solo?,Does this white kettle have enough water capacity to fill two large mugs at once so we can enjoy our morning tea together?,Is this plastic model quiet when boiling so I don't wake my partner up while making an early drink?,"Since it's placed right next to the coffee maker, is there enough counter space for both of us to prepare our drinks simultaneously?","Is this kettle large enough to prepare oatmeal or hot chocolate for the whole family, or will we need to boil it multiple times?",Does the plastic exterior stay cool to the touch to ensure it's safe if the kids accidentally bump into it on the table?,Is the lid opening wide enough to easily refill it for multiple rounds of hot water for everyone's cup noodles?
image_1_jpg.rf.094eabec7942b0598e2a8f71f1053872.jpg,electric kettle,0.2326167821884155,440.0079345703125,174.00930786132812,639.6027221679688,584.6725463867188,"That cup clearance looks quite low—will my tall travel mug fit under the spout, or is it strictly for small espresso cups?",Does the room come with a generous daily supply of the specific coffee capsules shown in the tray on the left?,"Is this a quick ""one-touch"" machine so I can grab a caffeine fix rapidly before heading out for the day?",Since it only has a?,Can I easily reach everything I need while bathing alone?,Is the tub slip-resistant for safety when showering solo?,"Does the water tank on the back hold enough capacity to make drinks for everyone, or will we be constantly refilling it?","Can this machine dispense plain hot water for things like tea, instant noodles, or baby formula, or does it only work with the coffee pods?",Is the machine simple and sturdy enough for different family members to use without jamming the capsule mechanism?
image_89_jpg.rf.094b1485038cb2925250f6ca2fb3ad81.jpg,electric kettle,0.3028506338596344,58.55987548828125,278.630859375,234.7471923828125,575.6946411132812,"Is the kettle clean and free of limescale on the inside for a quick, hygienic cup of tea in the morning?",Does the small red indicator light clearly show when the water is finished boiling so I don't have to watch it?,Is this a fast-boiling model so I can make instant coffee quickly before heading out for the day?,Is the capacity large enough to fill two standard mugs at once so we can enjoy breakfast together?,"Since the body is stainless steel, does the handle stay cool enough to pour safely for my partner?",Is the kettle quiet during operation so one of us can make tea without waking the other up?,Is this a full 1.7-liter capacity kettle that can boil enough water for instant oatmeal for the whole family?,"Does the exterior get dangerously hot to the touch, or is it safe to have on the counter with children around?",Does the kettle re-boil quickly if we need to make multiple rounds of hot drinks for a larger group?
image_67_fp_jpg.rf.80e3d79195635b66051f7042c69fb2ea.jpg,electric kettle,0.3690236806869507,138.11441040039062,282.0248413085937,161.95730590820312,346.48980712890625,Is the stainless steel interior kept clean and free of rust so I can safely make my morning coffee?,Is the kettle small enough to boil a?,Is the tub slip-resistant for safety when showering solo?,Does this kettle hold enough water to fill two large mugs at once so we can have tea together?,Is the kettle quiet enough that one of us can boil water early without waking the other person up?,"Since the body is metal, does the handle stay cool enough to pour safely if we need to make back-to-back drinks?",Is the capacity large enough (at least 1.5 liters) to make hot oatmeal or cocoa for the whole family in one round?,Is the base stable and the cord long enough so we can move it to a spot that's out of reach of small children?,Does it boil a full pot quickly so we aren't waiting too long during the morning rush to get everyone ready?
image_67_fp_jpg.rf.80e3d79195635b66051f7042c69fb2ea.jpg,electric kettle,0.1247627064585685,586.9600219726562,278.1204528808594,640.1589965820312,392.2155456542969,Does the machine heat up quickly enough for me to grab a fast cup of coffee before heading out for the day?,"Is that white mug included in the room, and is it the right size for a standard serving from this machine?","Since I'm traveling alone, are the capsules in that rack complimentary so I don't have to buy a whole box?",Is the water tank large enough to brew two full mugs back-to-back without us having to stop and refill it?,Is the machine quiet enough to operate early in the morning without waking my partner up?,Does the rack include different pod varieties so my partner and I can both choose the flavor we prefer?,"Since the machine only brews one cup at a time, is the cycle fast enough to serve a whole family during breakfast?","With such a large capsule holder shown, is it fully stocked for a group stay, or is it just a small starter kit?",Can this machine also dispense plain hot water for things like tea or instant oatmeal for the kids?
image_60_fp_jpg.rf.d039f4ad6f11d0738786e78774867ad4.jpg,electric kettle,0.1442395150661468,372.8081970214844,326.13427734375,440.7077331542969,378.1897583007813,Is this a compact 4-cup coffee maker that's perfect for brewing a quick?,Can I easily reach everything I need while bathing alone?,Is the tub slip-resistant for safety when showering solo?,Does the carafe hold enough water to brew two full-sized mugs of coffee at once so we can enjoy breakfast together?,Is there enough counter space near the sink to easily prepare our drinks side-by-side?,Does the machine brew quietly so one of us can make coffee without waking the other up?,Is this coffee maker too small to serve a whole family without having to brew multiple pots back-to-back?,Does the machine heat water fast enough to make quick hot chocolate or oatmeal for the kids in the morning?,Is the glass pot positioned safely back on the counter so it's out of reach of small children?
image_19_jpg.rf.b206ed1b4983b354ef422a8dc7dcb3cb.jpg,electric kettle,0.1900933235883712,23.70943069458008,291.04412841796875,304.8434143066406,512.835693359375,Is the machine intuitive enough to operate quickly for a fast caffeine fix before I head out for the day?,Does the compact size of this Bosch model leave enough room on the counter if I need to set up my laptop nearby?,"Are the provided pods usually restocked daily, or should I bring my own if I'm a heavy coffee drinker?","Looking at the side water tank, is there enough capacity to fill both of those black mugs without having to refill it in between our cups?",Is the machine quiet when brewing so I don't wake my partner up while making the first morning coffee?,"Since we might want different drinks, how easy is it to switch between the pods visible on the tray without flavor crossover?","Is this pod machine practical for boiling plain water for a family's instant oatmeal, or is it strictly for coffee?","With a group of us, will the brewing process be too slow compared to a standard kettle when trying to serve everyone at once?",Is the unit heavy and stable enough on that wooden board so it won't tip over if children bump into the table?
image_19_jpg.rf.b206ed1b4983b354ef422a8dc7dcb3cb.jpg,electric kettle,0.1562236994504928,442.0212097167969,316.9946594238281,567.5317993164062,427.344970703125,Is that compact kettle fast enough to boil water for a quick morning coffee before I head out?,The kettle looks fairly small next to that mug; is it lightweight enough for me to easily fill in the bathroom sink?,Is the interior clean and free of limescale so I can trust using it for my personal tea?,"Does that kettle hold enough water to fill two large mugs like the one shown, or will we have to boil it twice?","It looks like a decent brand (Moulinex), but does it operate quietly so one of us can sleep while the other makes tea?","Since it sits on a wooden tray, is the cord long enough to move it to a more convenient spot for our morning routine?","Is that small kettle going to be sufficient for a family breakfast, or is the capacity too low for multiple servings of oatmeal and hot chocolate?","Does the exterior get very hot to the touch, or is it insulated enough to be safe around our kids?",Does the lid open wide enough to easily fill it up if we need to make several rounds of instant noodles?
image_182_jpg.rf.a0ca123d0f3940f03b7c7e84423de3ce.jpg,electric kettle,0.1502289772033691,379.743408203125,85.06851196289062,621.3231811523438,458.9471740722656,Is the 0.5L minimum fill line low enough that I can quickly boil water for just one cup of coffee without wasting time?,"Does the plastic interior affect the taste of the water at all, or is it high enough quality for a decent morning tea?",Is that hospitality tray compact enough to leave me room to use my laptop on the desk while the kettle boils?,Does the water level window indicate enough capacity (looks like maybe 1 liter) to fill two large mugs at once?,Is the kettle cordless so one of us can easily bring it over to the bedside table to pour morning drinks?,"Since the tray includes Clipper coffee sticks, are there enough supplies provided for two people, or should we bring extras?","Since the kettle looks a bit small (under 1.5L), will we have to boil it multiple times to make hot chocolate for the whole family?",Is the plastic exterior insulated enough to stay cool to the touch so it's safe around the kids?,Is the lid opening wide enough to easily refill it from a bathroom tap when we're in a rush to get everyone ready?
image_99_jpg.rf.084ad879ae7fda057d344679b867c49d.jpg,electric kettle,0.3389678299427032,139.15513610839844,203.471923828125,433.6785888671875,575.9403076171875,Is that gooseneck-style spout precise enough for making my own pour-over coffee in the morning?,Does this De'Longhi model boil water quickly for a?,Is the tub slip-resistant for safety when showering solo?,Does this kettle hold enough water to fill two large mugs at once so we don't have to boil it twice?,"Since it’s a premium brand, is the operation quiet enough to use without waking my partner?","Does the stylish matte finish and retro design give the room a more upscale, romantic feel?",Is the capacity of this kettle too small to make hot drinks for a family of four in a?,Can I easily reach everything I need while bathing alone?,Is the tub slip-resistant for safety when showering solo?
image_112_jpg.rf.b2b482597b93a91a11cafa0511c4950f.jpg,electric kettle,0.316059410572052,304.3492431640625,236.9092559814453,632.5713500976562,588.6577758789062,Is that retro-style handle easy to grip and pour from when making just a quick?,Can I easily reach everything I need while bathing alone?,Is the tub slip-resistant for safety when showering solo?,Does this kettle hold enough water to fill two large travel mugs simultaneously so we can leave together?,Is the appliance quiet enough that boiling water early won't wake my partner sleeping in the same room?,"Does the ""KHG"" brand feel sturdy and reliable for daily use during our stay?",Is the internal capacity large enough to prepare oatmeal or hot chocolate for the whole family without needing to boil water twice?,"Does the metal exterior get dangerously hot to the touch, which might be a safety concern with kids around?",Is that removable lid easy to take off for quick refilling when we are making rounds of hot drinks for everyone?
image_54_jpg.rf.4cee5277a45913f68aee80f248037a26.jpg,electric kettle,0.2107873857021331,124.76898193359376,163.96514892578125,642.6062622070312,538.6248779296875,Is the 0.6L minimum fill line practical if I just want to boil a?,Can I easily reach everything I need while bathing alone?,Is the tub slip-resistant for safety when showering solo?,Is the 1.2L maximum capacity enough to make two large teas or coffees at once without refilling?,Does the kettle sit stably on the base so we don't worry about spills on the wooden furniture?,Is the kettle quiet enough to boil water early in the morning without waking my partner?,Will the 1.2L limit require us to boil water multiple times to make instant noodles for the whole family?,Does the plastic exterior stay cool to the touch to ensure it's safe around children?,How quickly does it heat up a full tank when we are trying to get a group ready in the morning?
image_193_jpg.rf.6d9fa1cc65f42c78218a26cdd576973a.jpg,electric kettle,0.212132841348648,443.9953918457031,116.01402282714844,605.2640991210938,433.9332275390625,"Since it's a full-sized Russell Hobbs model, does it have a rapid boil zone or minimum fill line so I can quickly make just one cup without wasting time?",Is the stainless steel interior kept free of limescale build-up so I can trust the water quality for my morning coffee?,Does the kettle have an auto shut-off feature so I don't have to watch over it while I'm getting ready?,Is the capacity sufficient to fill two large travel mugs simultaneously so we can both grab our coffee and go?,Is this model quiet enough to boil water early in the morning without waking my partner who is still sleeping?,"Does the spout pour cleanly without splashing, so we don't make a mess on the counter when making our evening tea?","Is the stainless steel exterior insulated, or does it get very hot to the touch, which might be a safety concern for our children?",Does it hold the standard 1.7 liters of water so we can make hot drinks for the whole family in a?,Is the tub slip-resistant for safety when showering solo?
image_102_jpg.rf.c3f41f328b1023a6b005362c42de90b5.jpg,electric kettle,0.227335125207901,33.5154914855957,199.20050048828125,278.74591064453125,571.4906005859375,Is the stainless steel interior well-maintained and free of limescale for a clean cup of morning tea?,Does the button on the handle allow for easy one-handed operation if I'm holding a cup in the other hand?,"Since I don't see a water window, is it easy to tell how much water is inside so I don't overfill it for just one person?",Is the capacity large enough to boil water for two large mugs of coffee or tea simultaneously?,Is the kettle quiet enough that using it early won't wake my partner up?,"Given the metal exterior, does the outside get too hot to touch, which might be tricky in that tight shelf space?",Is the kettle large enough to prepare instant oatmeal or hot chocolate for a family of four in a?,Can I easily reach everything I need while bathing alone?,Is the tub slip-resistant for safety when showering solo?
image_205_jpg.rf.20fe8d7fc56c7b283950cd560c315350.jpg,electric kettle,0.3266882002353668,344.36444091796875,179.989013671875,641.441650390625,403.5505981445313,Does the water level window show a low minimum fill line so I can boil just enough for one quick cup without wasting time?,Is the stainless steel interior well-maintained and clean enough for me to trust making my morning coffee in the room?,Is this KION model fast enough to quickly boil water for an instant noodle snack if I arrive late at night?,Is the kettle's capacity large enough to fill two mugs simultaneously so we can enjoy our morning tea together?,"Since the provided cups are paper, does the spout pour precisely to avoid splashing hot water when we're serving each other?",Does this electric kettle operate quietly so one of us can make coffee without waking the other person up?,"Looking at the size of the tank, can this hold enough water to make hot chocolate for a family of four in a?",Can I easily reach everything I need while bathing alone?,Is the tub slip-resistant for safety when showering solo?
image_108_jpg.rf.d71d96551b693dc1b21bf05385934591.jpg,electric kettle,0.1621463149785995,1.0878562927246094,243.0353546142578,386.60009765625,639.0955810546875,Does the water level window clearly show the minimum fill line so I can quickly boil just enough for one cup of coffee?,"Is the interior well-maintained and free of lime scale, given that the plastic exterior looks a bit basic?",Is the cord shown in the background long enough to reach a desk or bedside table for convenient solo use?,Does the kettle have enough capacity to fill two large travel mugs simultaneously before we head out for the day?,"Is that black rubber mat provided to protect the surface, ensuring we don't damage the table while making our morning tea?",Does the plastic body provide enough insulation to keep the water hot for a second cup if my partner wakes up later than me?,Is the total volume large enough (approx 1.5 - 1.7 liters) to prepare instant noodles or oatmeal for a whole family at once?,Does the lid mechanism lock securely to prevent accidental spills if children are moving around the room?,Does the kettle boil a full pot quickly so we aren't waiting in shifts to get hot water for a group breakfast?
image_48_jpg.rf.72102d6e4c3dfa9db9227fcd23467ff6.jpg,electric kettle,0.1657453179359436,340.1466369628906,305.6451416015625,524.9926147460938,489.88226318359375,Is the kettle quick to boil a small amount of water so I can grab a fast coffee before heading out?,Does the plastic interior impart any strange tastes or odors to the water that might ruin my morning tea?,Is the cord long enough to easily move the kettle to the sink for filling without unplugging it?,Does this kettle hold enough water to fill two large mugs simultaneously so we can enjoy breakfast together?,Is the boiling mechanism quiet enough that I won't wake my partner if I make an early morning drink?,"Since it looks like a budget model, is it reliable and clean enough for a romantic weekend stay?",Is the capacity large enough to prepare instant noodles or oatmeal for the kids in one go?,Does the white plastic exterior stay cool to the touch to ensure safety if children are nearby?,"If we need to boil multiple batches for the whole family, does it cool down quickly enough to be refilled safely?"
image_96_jpg.rf.ca49ebf15945f24216c614e2bdcc549f.jpg,electric kettle,0.2075603902339935,336.6566467285156,102.74532318115234,622.3495483398438,533.47119140625,"Since I rely on a quick start, does this kettle boil water fast enough for a speedy cup of tea before my morning meetings?","Is the interior well-maintained and free of limescale, given that the exterior looks like standard white plastic?","Is the kettle light and easy to pour into a small cup without splashing, or is it cumbersome for just one person?","Judging by the size next to the water bottle, does it hold enough water to fill two large mugs simultaneously so we can drink together?",Is the boiling mechanism quiet enough that I can make a surprise morning coffee without waking my partner up?,Does the kettle have an auto-shutoff feature so we don't have to worry about it while we're getting ready for dinner?,"Is the exterior ""cool-touch"" or insulated so my kids won't get burned if they accidentally brush against it on the low table?",Is the capacity large enough to prepare instant oatmeal or hot chocolate for a whole family of four in one round?,Does the lid lock securely to prevent dangerous hot water spills if the tray gets bumped by active children?
image_45_jpg.rf.9a804259c51976cfba320cb2f92e883e.jpg,electric kettle,0.2023934870958328,363.1384887695313,276.3053283691406,584.4862060546875,490.1203918457031,Is this compact black kettle fast enough to boil a quick cup of tea before I head out for the day?,"Does the kettle look clean and well-maintained inside, matching the shiny exterior?",Is the handle comfortable and sturdy for pouring a?,Does this kettle hold enough water to fill two large coffee mugs at the same time?,Is the appliance quiet enough to use in the morning without waking up my partner?,Does the spout design allow for precise pouring so we don't spill hot water while relaxing in the room?,"Is the capacity of this kettle sufficient to make hot drinks or oatmeal for a family of four, or is it too small?",Does the exterior of the kettle stay cool to the touch to ensure safety for children moving around the room?,Is the lid secure enough to prevent spills if we need to move the kettle from the shelf to a table?
image_188_jpg.rf.7ec982546b12fa510af6bfc40c6b45d8.jpg,electric kettle,0.1378539800643921,197.57249450683597,398.1264953613281,305.9827575683594,585.2327880859375,"Is the kettle clean and free of limescale inside, ensuring a hygienic cup of tea for a solo traveler?",Does it boil a small amount of water quickly so I can have my morning coffee without a long wait?,"Is the appliance simple to operate with a clear indicator light, or is it complicated to figure out alone?",Does the water level window show enough capacity to brew two large mugs of coffee at once?,Is the boiling cycle quiet enough that it won't wake my partner if I get up early to make tea?,Is there an automatic shut-off feature for safety so we can relax without worrying about leaving it on?,Does this look like a full-size 1.7-liter kettle capable of making hot cocoa or oatmeal for the whole family in one go?,Does the base allow for quick reheating if we need multiple rounds of hot water for a larger group breakfast?,Is the exterior cool to the touch or insulated to keep it safe around children in a busy kitchenette?
image_120_jpg.rf.61cbeae87522aed96091fdf0845ef3a9.jpg,electric kettle,0.2681083083152771,106.52037048339844,148.41616821289062,409.1419982910156,570.983154296875,Is the water level gauge behind the handle easy to read so I don't waste time boiling more than one cup?,Does this high-end kMix model boil faster than the standard cheap plastic kettles I usually find in hotel rooms?,Is the handle grip comfortable and non-slip for pouring a quick coffee while I'm getting ready for work?,Does this kettle hold enough water to fill two large travel mugs at once before we head out for the day?,"Since this looks like a premium metal kettle, does it operate quietly enough that I won't wake my partner up making early morning tea?",We appreciate the stylish De'Longhi branding; does the appliance condition match the luxury feel of the room?,Is the capacity large enough (around 1.7 liters) to make hot chocolate for the whole family in one go without refilling?,"Since the body is made of metal, does the exterior get dangerously hot to the touch for small children?",Does the lid open wide enough to fill it quickly from the tap when we are rushing to make instant oatmeal for everyone?
image_192_jpg.rf.a6ae9a87bbb4334e1dc2e4af454a630a.jpg,electric kettle,0.2293018400669098,351.93475341796875,205.49224853515625,520.9154663085938,357.305419921875,Is this small kettle quick to boil for a?,Can I easily reach everything I need while bathing alone?,Is the tub slip-resistant for safety when showering solo?,Does this compact kettle actually hold enough water to fill two large mugs of tea at the same time?,Is the boiling process quiet enough that making an early drink won't wake my partner?,Does the switch on the handle include an auto-shutoff feature so we don't have to watch it while getting ready?,This looks like a mini-model; will we have to boil it multiple times to make oatmeal or drinks for the whole family?,Does the exterior of the kettle stay cool to the touch so it's safe to have on the counter near children?,Is the lid opening wide enough to easily fill it up quickly when we are in a rush?
