image,label,score,x1,y1,x2,y2,gemini_3_single_q1,gemini_3_single_q2,gemini_3_single_q3,gemini_3_couple_q1,gemini_3_couple_q2,gemini_3_couple_q3,gemini_3_group_q1,gemini_3_group_q2,gemini_3_group_q3
image_246_jpg.rf.bf654f9bea58522d45bd35f379a46590.jpg,mirror,0.1534326672554016,265.7020874023437,-5.431108474731445,367.9784851074219,268.67578125,,,,,,,,,
image_246_jpg.rf.bf654f9bea58522d45bd35f379a46590.jpg,mirror,0.3064223229885101,257.3832397460937,-7.736349105834961,371.8577880859375,272.3477783203125,Is that small magnifying mirror attached to the side lighted well enough for detailed grooming like shaving or applying makeup?,"Since the main mirror looks quite tall and narrow, does it work effectively as a full-length mirror for checking my outfit?","Do the two wall sconces flanking the mirror provide bright, even lighting, or is the area a bit dim for getting ready?","Is the mirror wide enough for two people to check their appearance side-by-side, or will we have to take turns?",Can the adjustable round mirror be positioned so one person can use it while the other uses the main mirror?,"Does the warm lighting from the side fixtures create a nice ambiance, or is it purely functional for the bathroom?","Given how narrow the mirror and vanity area are, is there enough shelf space around the bottom for a whole family's toiletries?",Is the bottom of the mirror low enough for children to see themselves while brushing their teeth?,Does the narrow design of the mirror make the bathroom feel tight if multiple people are trying to get ready in the morning?
image_246_jpg.rf.bf654f9bea58522d45bd35f379a46590.jpg,mirror,0.1355854570865631,251.8075714111328,129.08319091796875,377.7918090820313,274.500244140625,Is the lighted magnifying mirror attached to the wall adjustable so I can easily use it for detailed grooming or makeup?,"Do the wall sconces on the sides provide bright enough task lighting, or is the area a bit dim for getting ready?","Is that small ledge under the mirror the only spot to put my toiletries kit, or is there more counter space available?",Is the main mirror wide enough for two people to stand side-by-side and brush their teeth at the same time?,Does the warm lighting from the side fixtures create a nice ambiance without being too harsh in the morning?,"Since the shelf looks small, is there enough room around the sink for both of our toiletry bags?","Is the mirror mounted low enough for children to see themselves, or will they need a step stool?",Is the magnifying mirror sturdy and high enough to be out of reach of small children who might pull on it?,Is the vanity area spacious enough for one person to use the mirror without blocking the hallway area visible in the reflection?
image_246_jpg.rf.bf654f9bea58522d45bd35f379a46590.jpg,mirror,0.1317487806081771,285.87664794921875,141.9791259765625,352.1664428710937,276.3892822265625,Does the circular magnifying mirror on the left offer enough light for detailed grooming like shaving or applying makeup?,Is the main rectangular mirror tall enough to check my full outfit before I head out for business or sightseeing?,"Is the overhead lighting bright enough for getting ready early in the morning, or is it more dim and atmospheric?",Is the vanity width sufficient for two people to brush their teeth or get ready for dinner side-by-side without bumping elbows?,Can one person use the extending magnifying mirror while the other still has a clear view in the main mirror?,"Does the shelf space at the bottom hold enough room for two separate washbags, or will things get cluttered?","Since the mirror appears quite narrow, will this bathroom cause a bottleneck when the whole family is trying to get ready at once?","Is the attached magnifying mirror sturdy and out of the way, or is it likely to get damaged by energetic kids?",Is the shelf ledge visible at the bottom wide enough to line up toothbrushes and toiletries for multiple people?
image_246_jpg.rf.bf654f9bea58522d45bd35f379a46590.jpg,mirror,0.1164821684360504,250.03265380859372,145.36737060546875,282.47808837890625,252.7610626220703,,,,,,,,,
image_246_jpg.rf.bf654f9bea58522d45bd35f379a46590.jpg,mirror,0.3518171906471252,250.8736267089844,197.89993286132807,282.3146667480469,253.6740875244141,Is the LED ring light bright enough for detailed makeup application or precise shaving if the room is dim?,Does the extendable arm reach far enough out so I don't have to lean awkwardly over the sink to use it?,"Is this a magnifying mirror, and is the glass high-quality enough to provide a distortion-free reflection?",Is the mirror positioned far enough from the main sink that I can use it while my partner uses the primary vanity mirror?,"Does the light have a dimmer, or is it soft enough to use as a nightlight without disturbing my partner?",Does the arm swing back flush against the wall easily so we aren't bumping into it when two people are moving around?,Does the mirror fold completely flat against the wall to keep the bathroom safe and spacious for children?,Is the wall mount sturdy enough to handle frequent adjustments by multiple family members throughout the day?,Can the vertical angle be adjusted significantly so that family members of different heights can all use it comfortably?
image_6_jpg.rf.5928fc1c05757811bf00692239e4d68d.jpg,mirror,0.1016763672232627,121.57991027832033,137.81704711914062,170.01971435546875,326.57330322265625,"Does the vanity light fixture above the mirror provide bright, even illumination for detailed tasks like shaving or applying makeup?",Is the mirror positioned at a comfortable height to easily see my reflection while using the sink?,I see towels stacked to the left; are they within easy reach while I'm standing in front of the mirror?,Is the mirror wide enough for two people to stand side-by-side and brush their teeth at the same time?,Does the overhead lighting create a flattering atmosphere for getting ready for a dinner date?,"Looking at the reflection, is there enough counter space in front of the mirror for both of our toiletry bags?",Is the mirror large enough for a parent to help a child get ready while still seeing their own reflection?,Is the frame around the mirror sturdy and safe for a high-traffic bathroom used by energetic kids?,Does the lighting illuminate the whole bathroom area well enough to organize everyone's morning routine efficiently?
image_6_jpg.rf.5928fc1c05757811bf00692239e4d68d.jpg,mirror,0.1690462082624435,567.1752319335938,42.52641677856445,618.02880859375,332.6397705078125,Does the adjustable slide bar allow me to easily set the showerhead to the perfect height for myself?,Is the grab bar sturdy and positioned well to help me safely step in and out of the tub alone?,Does the handheld wand have a long enough hose to use comfortably while maneuvering around the shower?,"Is the shower rod sturdy and the curtain high-quality, or does it cling and make the space feel cramped?",Can we easily and quickly adjust the showerhead height between users without the mechanism sticking?,Do the stainless steel fixtures look clean and modern enough for a pleasant vacation stay?,Can the showerhead be slid down low enough on the bar to easily wash small children?,Is the safety grab bar secure and accessible for elderly family members who need extra stability?,Is the handheld sprayer durable enough to handle frequent adjustments by multiple family members?
image_179_jpg.rf.2046e017069821bdb6bfbb1423ec8b18.jpg,mirror,0.2579627931118011,283.46636962890625,50.85685729980469,457.1495361328125,347.1708374023437,Is the lighting reflected in the mirror bright enough for detailed grooming like shaving or applying makeup?,I see a power outlet to the right; is it positioned close enough to easily use a hair dryer or shaver while looking in the mirror?,"Is the mirror tall enough to provide a decent view of my upper body outfit, or is it strictly for face-level use?",Is the mirror wide enough for two people to stand side-by-side and brush their teeth simultaneously?,"Does the mirror fog up significantly when the shower next to it is in use, making it hard for the second person to get ready?",Is the mirror mounted at a height that accommodates a significant height difference between partners comfortably?,"Since the vanity is small, is there a shelf or ledge near the mirror to hold toiletries for multiple people?",Is the mirror sturdy and mounted securely enough to handle the wear and tear of a family trip?,"With the shower located right next to the vanity, does the mirror tend to get splashed frequently when the bathroom is busy?"
image_179_jpg.rf.2046e017069821bdb6bfbb1423ec8b18.jpg,mirror,0.2093560248613357,292.48248291015625,140.8264923095703,349.3544311523437,335.77764892578125,"Is the mirror tall enough to check my upper-body appearance before heading out, or is it just a small face mirror?",Is the overhead lighting bright enough on this mirror for detailed grooming tasks like shaving or applying makeup?,Is the mirror positioned comfortably above the faucet so I don't splash it while washing up?,"Since the shower is reflected directly in the glass, does the mirror fog up immediately if one person is showering while the other uses the sink?",Is the mirror wide enough for two people to stand side-by-side and brush their teeth at the same time?,Does the reflection of the shower door in the mirror compromise privacy if one person is using the sink while the other is showering?,Does the mirror start low enough on the wall for children to see themselves while they wash their hands?,Is the mirror large enough for a parent to stand behind a child to help with hair or teeth while both can still see the reflection?,"Since the mirror appears to be frameless, are the edges dull and safe for a space used by active kids?"
image_13_jpg.rf.43c588bd000b72d6d9552f97c2f42db5.jpg,mirror,0.1210607066750526,570.6953735351562,192.3630523681641,640.2444458007812,339.6026306152344,"Is the glass quality high enough to provide a clear, distortion-free reflection for my morning grooming?",Is this mirror tall enough to serve as a full-length check for my outfit before I head out?,Does the lighting near this mirror make it functional for detailed tasks like shaving or applying makeup?,Is the mirror wide enough for both of us to stand side-by-side and get ready for dinner simultaneously?,Does the ornate gold frame add a nice touch of luxury and romance to the room's atmosphere?,Is the mirror positioned at a comfortable height for two people of different heights to use easily?,Is the mirror large enough to help speed up the morning routine when the whole family is trying to get ready?,Is the mirror mounted securely to the wall so we don't have to worry about safety with active kids in the room?,"Is the mirror placed low enough for children to use it, or will they need a step stool to see themselves?"
image_114_jpg.rf.518343caea84887259cea3d8eee11a21.jpg,mirror,0.1690925359725952,466.424560546875,78.92762756347656,625.5933837890625,573.0670166015625,Does the overhead light fixture provide enough illumination on the mirror for detailed grooming like shaving or applying makeup?,Is the electrical outlet located on the mirror's backsplash convenient for plugging in a short-corded hair dryer or shaver?,"Is that small built-in marble shelf wide enough to actually hold my toiletry bag, or is it mostly decorative?",Is the mirror wide enough for two people to stand side-by-side and do a final outfit check before heading out?,Does the tall arched shape provide a full enough reflection for partners of significantly different heights to use it comfortably?,"Is there enough room on the bottom ledge to separate our toiletries, or will we need to use the surrounding counter space?",Is the mirror large enough for a parent to stand behind a child and supervise tooth brushing?,Is the narrow design too restrictive if multiple family members are trying to use the bathroom mirror at the same time?,Is the mirror mounted securely and made of durable glass to withstand high traffic from a busy family?
image_114_jpg.rf.518343caea84887259cea3d8eee11a21.jpg,mirror,0.1421850174665451,476.362548828125,86.36112213134766,595.6199951171875,429.0895080566406,Is the overhead gold light fixture bright enough for precise tasks like shaving or applying makeup?,Is the electrical outlet positioned close enough to easily use a hair dryer or straightener while looking in the mirror?,"does the tall, arched shape allow me to see enough of my outfit, or is it strictly for face-level grooming?",Is the mirror wide enough for both of us to do a quick check before heading out for dinner?,Is the vertical length sufficient to comfortably accommodate the height difference between me and my partner?,Can both partners see clearly without crowding?,Is the mirror mounted low enough for children to see themselves while washing their hands?,Is the thick metal frame securely attached and durable enough for a high-traffic family bathroom?,Does the mirror tend to fog up heavily when multiple family members are taking showers back-to-back?
image_218_jpg.rf.6558100503069405cca71993550d65eb.jpg,mirror,0.1249207779765129,271.41680908203125,16.571640014648438,339.849609375,99.45392608642578,"Is this small, convex mirror adjustable so I can actually use it for shaving or applying makeup?",Does the green tint or curved shape distort the reflection when I'm trying to get ready quickly?,"Is this the only mirror in the bathroom, or is there a standard flat mirror for general use?",Is there a larger vanity mirror available so we aren't fighting over this small magnifying attachment?,Does the arm extend far enough for one of us to use it comfortably while the other uses the sink?,Is the magnification quality clear enough for detailed grooming before a night out?,Is this fixture attached securely enough that children won't accidentally pull it off the wall?,"Is the material shatterproof or glass, which might be a safety concern for active families?","Given its small size and specific shape, is this practical for a family's needs or mostly just decorative?"
image_218_jpg.rf.6558100503069405cca71993550d65eb.jpg,mirror,0.1426301747560501,217.0636749267578,62.95185089111328,271.21490478515625,312.7487487792969,Is the mirror positioned at a comfortable height for detailed grooming tasks like shaving or applying makeup without having to hunch over?,"Since it looks like a standard vertical rectangle, is the surface area large enough to check my appearance from the waist up before heading out?","Does the frameless design allow for a clear, distortion-free reflection, or does it feel older and worn out?","Is the mirror wide enough for two people to stand side-by-side and brush their teeth, or will we have to take turns?","Given the towel hook is right next to the mirror, is there enough elbow room for both of us to get ready simultaneously?",Does the bathroom have good ventilation to keep this mirror from fogging up so the second person doesn't have to wipe it down after a shower?,"Is the mirror mounted low enough for children to see themselves while washing their hands, or will they need to be lifted up?","Since this is a frameless mirror held by clips, is it securely mounted and safe for a busy family bathroom environment?","Judging by the reflection of the door behind the viewer, is the bathroom spacious enough for multiple people to move around, or is it a tight squeeze?"
image_218_jpg.rf.6558100503069405cca71993550d65eb.jpg,mirror,0.1724185198545456,217.30984497070312,37.17213439941406,382.8876037597656,317.97869873046875,Is the mirror large enough for full outfit checks?,Can I see myself clearly for detailed makeup or shaving?,Is there good lighting for solo grooming tasks?,Is the mirror wide enough for two people to stand side-by-side and brush their teeth at the same time without bumping elbows?,"Does the central light fixture provide even illumination for both of us, or will one person be standing in a shadow?",Is the reflection area large enough for us to do a quick outfit check together before heading out for dinner?,"Since the mirror is frameless and held by clips, is it securely mounted and sturdy enough to handle a busy bathroom with kids?","Is the mirror mounted low enough for children to see themselves while washing their hands, or is it positioned too high on the wall?","Judging by the reflection of the towel rack behind the viewer, is there enough space for someone to walk past while another person is using the mirror?"
image_218_jpg.rf.6558100503069405cca71993550d65eb.jpg,mirror,0.1779795587062835,-2.01467514038086,30.053396224975582,378.3670043945313,327.70904541015625,Is the mirror large enough for full outfit checks?,Can I see myself clearly for detailed makeup or shaving?,Is there good lighting for solo grooming tasks?,Is the mirror wide enough for two people to stand side-by-side and brush their teeth at the same time?,Does the mirror offer enough vertical height to comfortably accommodate partners who might have a significant height difference?,"Since the light is positioned on just one side, does it provide even illumination for both people if we are getting ready together?","Is the mirror mounted securely with those metal clips, ensuring it's safe if energetic children are using the sink area?","Is the mirror large enough to allow multiple family members to do a quick ""final check"" before we all head out for the day?",Does the reflection provide a good view of the bathroom door behind me so I can keep an eye on kids coming and going while I'm at the sink?
image_218_jpg.rf.6558100503069405cca71993550d65eb.jpg,mirror,0.1102330610156059,-4.486427307128906,0.6944656372070312,386.67486572265625,476.7276306152344,Is the mirror large enough for full outfit checks?,Can I see myself clearly for detailed makeup or shaving?,Is there good lighting for solo grooming tasks?,Is the mirror wide enough for two people to stand side-by-side to brush teeth or wash up at the same time?,Does the bathroom have good ventilation to keep the mirror from steaming up completely while my partner takes a shower?,Is there enough elbow room in front of the mirror for one person to dry their hair while the other uses the sink?,"Is the mirror mounted at a height where children can easily see themselves, or will they need a step stool?","Given that there is only one mirror and sink, is the vanity area spacious enough to handle the morning rush for a whole family?","Does the mirror provide a good view of the rest of the bathroom, helping us keep track of where towels and amenities are placed?"
image_218_jpg.rf.6558100503069405cca71993550d65eb.jpg,mirror,0.1526782810688018,179.107421875,78.9797592163086,380.605224609375,323.0902404785156,Is the mirror large enough for full outfit checks?,Can I see myself clearly for detailed makeup or shaving?,Is there good lighting for solo grooming tasks?,Is the mirror wide enough for two people to stand side-by-side to brush their teeth at the same time?,Is there enough counter space visible below the mirror to hold toiletry bags for two people?,Does the bathroom layout allow enough elbow room for us to get ready together without crowding the sink area?,Is the bottom edge of the mirror low enough for children to see themselves while washing their hands?,"Are the metal clips holding the mirror secure and safe, or are there sharp edges we should worry about with kids?",Is the area reflected in the mirror spacious enough for a parent to stand behind a child to help them get ready?
image_218_jpg.rf.6558100503069405cca71993550d65eb.jpg,mirror,0.2608979046344757,252.08970642089844,64.32516479492188,381.3815002441406,316.3556213378906,Is the mirror large enough for full outfit checks?,Can I see myself clearly for detailed makeup or shaving?,Is there good lighting for solo grooming tasks?,Is the mirror wide enough for two people to stand side-by-side and brush their teeth simultaneously?,"Since the mirror is fixed to the wall with clips, is it mounted at a height that accommodates partners with different heights?",Does the overhead lighting cast shadows that make it difficult for us to get ready for an evening out?,"With multiple people showering back-to-back, does this mirror tend to fog up quickly and stay foggy?","Are the edges of the frameless glass smooth and safely mounted, so we don't have to worry about children bumping into it?",Is the mirror large enough for a parent to supervise a child washing their hands while standing next to them?
image_218_jpg.rf.6558100503069405cca71993550d65eb.jpg,mirror,0.1083611398935318,0.5775785446166992,401.0393676757813,69.22547149658203,600.7857666015625,Is the dual-flush button easy to operate without getting stuck?,"Is the toilet paper provided of a high-quality, soft texture?",Does housekeeping consistently fold the toilet paper to indicate a fresh clean?,Is the flush mechanism quiet enough to not disturb my partner at night?,Is the bathroom sanitation maintained to a spotless standard for a romantic stay?,Is the supply of toilet paper generous enough for two people?,Does the toilet tank refill quickly enough for back-to-back use by a family?,Is the top-mounted flush button easy for small children to reach and press?,Are the tiled surfaces and ceramic fixtures easy to keep hygienic with multiple users?
image_10_jpg.rf.bbc7a29849eff29343a718a01f749d57.jpg,mirror,0.3236032724380493,376.799560546875,40.61836242675781,473.7797546386719,358.0353088378906,Is the three-bulb lighting fixture above the mirror bright enough for detailed grooming and applying makeup without casting shadows?,"Does the tall, vertical shape of the mirror allow me to check my outfit, or is it strictly for viewing from the waist up?","Since the hair dryer is visible in the reflection, is the cord long enough to reach comfortably while standing in front of the mirror?",The mirror looks quite narrow; is there actually enough width for two people to brush their teeth side-by-side?,"Is the sink area spacious enough to hold two toiletry bags, or does the mirror frame take up mostly wall space?","Does the mirror tend to fog up completely during a hot shower, making it hard for the second person to get ready immediately after?","Is the bottom of the mirror mounted low enough for children to see themselves, or will they need a step stool?","Is this the only mirror in the bathroom, or is there another one available so our group isn't fighting over this?",Are there additional mirrors in the room for convenience?
image_10_jpg.rf.bbc7a29849eff29343a718a01f749d57.jpg,mirror,0.1304259896278381,404.577880859375,88.74566650390625,462.9011535644531,234.49288940429688,Is the three-bulb lighting fixture above the mirror bright enough for detailed grooming tasks like shaving or applying makeup?,"Since the mirror is vertically oriented, is it tall enough to check my full outfit, or is it only visible from the waist up?","Is the wall-mounted hairdryer next to the mirror powerful enough for styling, or should I pack my own travel dryer?","Given that the frame is quite narrow, is there enough room for two people to stand in front of it and brush their teeth simultaneously?",Is the mirror mounted at a height that accommodates both a tall and a short partner comfortably without one having to crouch or stretch?,"Does the dark wood frame match a high-end, romantic room aesthetic, or does it feel dated?","Is the bottom edge of the mirror low enough for children to see themselves while washing up, or will they need a step stool?","Does the thick wooden frame feel securely attached to the wall, ensuring it's safe if kids accidentally bump into it?","With the hairdryer mounted directly next to the mirror, is the cord long enough to reach if someone else is trying to use the mirror space at the same time?"
image_10_jpg.rf.bbc7a29849eff29343a718a01f749d57.jpg,mirror,0.1551496088504791,380.4075622558594,55.44837188720703,469.6633911132813,350.4490966796875,Is the lighting from the three bulbs above the mirror bright enough for detailed grooming like shaving or applying makeup?,"The mirror looks quite tall; is it long enough to check my outfit, or does it only show the upper body?",Is the wall-mounted hair dryer positioned close enough to the mirror to make styling my hair easy?,"Since the mirror frame is tall and narrow, is it wide enough for two people to brush their teeth side-by-side?",Is there enough granite counter space at the base of the mirror for two separate toiletry bags?,Do the lights above the mirror provide enough coverage so we aren't casting shadows on each other while getting ready?,"Is the mirror mounted low enough for children to see themselves, or will they need a step stool?","Given that this mirror is quite narrow, is there a second mirror in the room to prevent a bottleneck when the whole family is getting ready?",Does the bathroom have good ventilation to keep the mirror from fogging up during back-to-back showers?
image_133_jpg.rf.d4c6f845d488683069c325645fbb3425.jpg,mirror,0.2065410017967224,132.13116455078125,2.738666534423828,533.777587890625,465.839599609375,Is the lighting above the mirror bright and even enough for detailed grooming tasks like shaving or applying makeup?,Does the mirror reflect enough of the room behind me to check my outfit before I head out for the day?,"Since the mirror reflects a microwave, is the layout compact enough that I can easily move between the kitchenette and the bathroom while getting ready?",Is the mirror wide enough for both of us to stand side-by-side and brush our teeth without bumping elbows?,Does the large surface area of the mirror help the bathroom feel more spacious and less cramped for two people sharing the room?,"Since the shower is directly visible in the reflection, does the mirror fog up quickly when one person is showering while the other uses the sink?",Is the mirror mounted low enough above the shelf so that my children can see themselves while brushing their teeth?,Is the counter space in front of the mirror long enough to hold the toiletries and toothbrushes for the whole family?,"Given that the mirror reflects the kitchenette area, does this open line of sight allow me to keep an eye on the kids while I'm in the bathroom?"
image_61_jpg.rf.a7730c74b553fed1b043c12f4a71c9ec.jpg,mirror,0.1318234354257583,1.244182586669922,96.37399291992188,205.8106384277344,367.3416137695313,Is the integrated vertical light strip bright enough for detailed grooming tasks like shaving or applying makeup?,Does the mirror glass have anti-fog features so I can use it immediately after using the shower reflected behind me?,Is the mirror positioned at a comfortable height so I can see my full face clearly without having to hunch over the sink?,Is the mirror wide enough for two people to stand side-by-side and brush their teeth at the same time?,"Does the lighting provide a flattering, even glow for us to check our outfits before heading out for the evening?",Is there enough shelf space along the bottom wood trim for both of us to set down our toiletries?,Does the reflective surface start low enough above the faucet for children to see themselves while washing up?,Is the mirror large enough to help speed up the morning routine when several people are trying to get ready?,Is the glass durable and easy to wipe clean since it is positioned right in the splash zone of the sink?
image_61_jpg.rf.a7730c74b553fed1b043c12f4a71c9ec.jpg,mirror,0.1159933060407638,0.5141830444335938,23.72285842895508,212.0868682861328,362.678466796875,Do the integrated LED light strips provide enough brightness for detailed grooming like shaving or applying makeup?,Is the mirror positioned at a good height to check my appearance comfortably without having to lean over the sink?,Does the shelf space next to the sink offer enough room to keep my daily toiletries within easy reach of the mirror?,Is the mirror wide enough for two people to stand side-by-side and check their reflections at the same time?,"Since there is only one sink, is the surrounding wood counter spacious enough to hold two separate washbags?","Does the lighting set a nice ambiance for the room, or is it purely functional and bright?",Is the mirror mounted low enough on the wall for children to see themselves while brushing their teeth?,"Does the reflection clearly show the shower area, allowing a parent to keep an eye on kids while they wash up?","Is the mirror large enough to make the bathroom feel spacious, or will it feel cramped if multiple family members are trying to use the space?"
image_146_jpg.rf.436ccc11f3e69461d441c8f6369cb2a9.jpg,mirror,0.1242015436291694,-0.4941844940185547,4.826831817626953,191.1741943359375,361.88134765625,Does the recessed lighting visible in the reflection provide enough brightness for detailed grooming tasks like shaving or applying makeup?,Is the counter space around the sink large enough to hold my toiletry bag and personal items without them falling into the basin?,"Does the large, wall-to-wall mirror provide a clear, distortion-free reflection for checking my appearance before heading out?",Is the mirror wide enough for both of us to stand side-by-side and get ready for dinner at the same time?,"Since the mirror reflects the shower area, does the glass partition offer enough privacy if one person is using the sink while the other showers?",Is there enough surface area on the vanity to separate our toiletries so our things don't get mixed up?,Does the mirror's angle allow parents to easily keep an eye on children in the bathtub while standing at the sink?,Are the wall-mounted dispensers convenient for quick access to tissues during messy clean-ups with kids?,"Is the mirror placed at a height where younger children can see themselves to brush their teeth, or will they need a step stool?"
image_146_jpg.rf.436ccc11f3e69461d441c8f6369cb2a9.jpg,mirror,0.158104732632637,44.852272033691406,151.59173583984375,109.52467346191406,350.72088623046875,Is the lighting around this mirror bright and even enough for detailed grooming like shaving or makeup application?,"Is the mirror tall enough to give me a decent view of my outfit, or does the sink block too much?",Is the counter space in front of the mirror large enough to lay out all my personal toiletries?,Is the mirror wide enough for two people to stand side-by-side and get ready for dinner simultaneously?,"Since the mirror reflects the room, does the open layout compromise privacy while using the vanity?",Is the sink area spacious enough to hold two separate washbags without feeling cluttered?,Is the mirror positioned low enough for children to see themselves while washing their hands?,"With the faucet positioned so close to the glass, does the mirror get splashed constantly when multiple people use it?",Is the glass durable and securely mounted to withstand use by active kids or a busy group?
image_146_jpg.rf.436ccc11f3e69461d441c8f6369cb2a9.jpg,mirror,0.2768849730491638,1.3736724853515625,143.76007080078125,125.3450927734375,352.0180969238281,Is that dedicated light fixture at the top bright enough for detailed grooming tasks like shaving or applying makeup?,"Does the vertical shape of the mirror allow for a decent view of my outfit, or is it strictly limited to the face and neck?",Is the mirror placed at a comfortable height for a quick morning routine without having to hunch over the sink?,Is the mirror wide enough for two people to do a quick appearance check side-by-side before heading out for dinner?,Does the reflection of the room layout suggest there is enough elbow room for both of us to stand at the vanity without bumping into that glass partition?,"Is the lighting flattering and warm for a romantic atmosphere, or is it harsh fluorescent lighting?","With such a narrow design, will this mirror cause a bottleneck when multiple family members are trying to brush their teeth in the morning?",Is the bottom edge of the mirror low enough for children to see themselves while washing their hands?,Does the mirror seem securely mounted and durable enough to handle the humidity and activity of a full family sharing one bathroom?
image_146_jpg.rf.436ccc11f3e69461d441c8f6369cb2a9.jpg,mirror,0.2104576528072357,52.36286163330078,154.6043701171875,105.88707733154295,345.7141418457031,Is that integrated side lighting bright enough for detailed grooming like shaving or applying makeup?,"Since the mirror looks quite narrow, does it provide a wide enough field of view to check my hair and shoulders easily?",Is the mirror placed at a comfortable height for a solo traveler to use without having to lean awkwardly over the sink?,Is this mirror wide enough for two people to stand side-by-side and check their reflections before heading out?,Is there a second mirror available (like the reflection visible on the left) so we don't have to fight for space in front of this narrow one?,"Does the backlighting on the mirror provide enough illumination for two people getting ready, or is the bathroom generally dim?","Is the mirror mounted low enough for children to see themselves when brushing their teeth, or is it strictly for adults?","With such a slim mirror design, will this area become a bottleneck when the whole family is trying to get ready in the morning?",Is the mirror glass durable and securely mounted to the wall to withstand heavy use by a lively group?
image_237_jpg.rf.01a26266609c357f003b7baeda4e1334.jpg,mirror,0.2803418040275574,213.28460693359372,20.35560607910156,350.6753234863281,335.49676513671875,Is the lighting from the side sconces bright enough for detailed tasks like shaving or applying makeup?,"Does the mirror's vertical shape allow me to see enough of my outfit, or is it strictly for face-level grooming?","Since the shower is reflected directly behind, does this mirror tend to fog up quickly when the hot water is running?",Is the mirror wide enough for two people to stand side-by-side and get ready for dinner at the same time?,Is the mirror mounted at a height that accommodates partners with significant height differences?,Is there enough counter space in front of this?,"Is the mirror positioned low enough for children to see themselves, or would we need a step stool?","With only one sink and mirror shown, is this vanity area large enough to handle the traffic of a family getting ready in the morning?","Is the black metal frame sturdy and securely mounted, or does it feel fragile for a bathroom used by kids?"
image_200_jpg.rf.2b4e56fc4f50e4cd654b07d53f5e5ceb.jpg,mirror,0.1663553118705749,1.1907291412353516,0.2868270874023437,207.2271728515625,327.489990234375,Is that LED strip at the bottom bright enough for detailed grooming like shaving or applying makeup?,"Does the mirror extend high enough to see my upper body clearly, or is it mostly just for the face?",Is there enough ledge space in front of the mirror to set out my toiletries bag without things falling into the sink?,Is the mirror wide enough for both of us to stand side-by-side and brush our teeth at the same time?,"Since the shower seems close by, does the mirror fog up quickly when one person is showering while the other gets ready?","Does the backlit lighting create a nice ambiance for a relaxing evening, or is it too harsh?","Is the bottom of the mirror low enough for children to see themselves, or will they need a stool?","With limited counter space shown, is there anywhere else nearby to store toiletries for three or four people?","Is the glass sturdy and safely secured, given that kids might be splashing around the sink area?"
image_55_jpg.rf.ad0587faf29e3d674bac9922e9c784b4.jpg,mirror,0.2998339533805847,179.07498168945312,1.230669021606445,291.7274169921875,199.01321411132807,Is the lighting above the mirror bright and neutral enough for detailed grooming like shaving or applying makeup?,"Is this mirror large enough to see my full outfit, or is it strictly limited to a head-and-shoulders view?","Does the mirror offer any magnification features for close-up skincare, or is it just a standard flat panel?",Is the mirror wide enough for two people to stand side-by-side and get ready for a night out simultaneously?,Does the ventilation fan reflected in the mirror work well enough to prevent the glass from fogging up while my partner showers?,Is the mirror mounted at a height that accommodates partners of significantly different heights comfortably?,Is the mirror mounted securely enough with those clips to be safe in a bathroom used by active children?,"Is the mirror positioned low enough for kids to brush their teeth, or will we need to request a step stool?",Is the mirror large enough to make the bathroom feel spacious when multiple family members are trying to use the space?
image_118_jpg.rf.4efa5830a77adb53ece8e2f80e2b399c.jpg,mirror,0.2444722950458526,171.19065856933594,89.62832641601562,247.46603393554688,351.0567626953125,Does the built-in LED ring light provide enough brightness for precise tasks like shaving or applying makeup?,"Since the mirror reflects the shower right next to it, does this unit have an anti-fog feature so I can use it immediately after a hot shower?","Is that a touch-sensitive button at the bottom of the glass, and does it allow me to adjust the light temperature?","Is this oval mirror wide enough for two people to check their appearance side-by-side, or is it strictly for one person at a time?","Does the backlighting create a nice ambiance for a relaxing bath, or is the light harsh?",The reflection shows the shower glass is very close; does this layout leave enough elbow room for both of us to be at the sink?,"Is the mirror mounted at a height where children can easily see themselves, or is it positioned too high on the wall?","With the sink located directly below, does the mirror surface stay clean or does it get constantly splashed when multiple people wash up?",Is the touch sensor button durable enough to handle frequent use by a whole family?
image_118_jpg.rf.4efa5830a77adb53ece8e2f80e2b399c.jpg,mirror,0.5402365326881409,296.152099609375,62.46601104736328,395.08782958984375,369.8704528808594,"Is the integrated LED backlighting bright enough for detailed grooming tasks like applying makeup or shaving, or is it mostly for mood?",Does the touch sensor button on the glass also control an anti-fog feature so I can use the mirror immediately after a hot shower?,"Since the mirror is quite tall and narrow, does it function well as a full-length mirror for checking my outfit, or is it only visible from the waist up?","Given the narrow, pill-shaped design, is the mirror wide enough for two people to stand side-by-side and brush their teeth at the same time?","Does the backlight have a dimmer setting to create a softer, relaxing ambiance for a bath, or is it just one brightness level?",Is the vertical length of the mirror sufficient to comfortably accommodate partners with a significant height difference?,"Is this backlit mirror the primary light source for the bathroom, or are there brighter overhead lights to help us get multiple kids ready?",Is the touch button near the bottom durable and easy to clean if children are constantly pressing it to play with the light?,"Does the mirror placement leave enough wall clearance for a shelf, as the sink counter looks too small to hold toiletries for a whole family?"
image_118_jpg.rf.4efa5830a77adb53ece8e2f80e2b399c.jpg,mirror,0.1078494936227798,162.79205322265625,80.66967010498047,255.1219482421875,424.7256164550781,Is the built-in LED lighting around the rim bright enough for detailed grooming tasks like shaving or applying makeup?,"Does this mirror have an anti-fog feature, or will it completely steam up since it sits inside the shower area?","Is the oval shape tall enough to serve as a full-length mirror for checking my outfit, or is the view blocked by the sink?","Does the backlit illumination provide soft, ambient lighting to create a romantic atmosphere in the bathroom?",Is the mirror wide enough for two people to stand side-by-side and check their reflections before dinner?,"Since the mirror reflects the shower interior, does the layout allow for enough space for both of us to get ready without bumping into the glass partition?","Is the mirror located in a spot where it will constantly get splashed by the shower, making it hard to keep clean for the next person?","Is this the only mirror in the bathroom, or is there a larger vanity area so we don't hold up the line getting ready?",Is the mirror glass tempered and securely mounted to ensure it's safe for children to use in a wet environment?
image_173_jpg.rf.ce2a81f81adb2151fe45f2b56031abee.jpg,mirror,0.1148114576935768,417.220703125,125.7866668701172,562.045654296875,610.6954956054688,"Is this full-length mirror wide enough to easily check my entire outfit, or does the narrow frame limit the view?","Is there enough floor space in front of the mirror to step back and see my shoes, or is the wall too close?",Does the lighting in this hallway area work well for a final grooming check before I head out for business meetings?,"Since I can see a second mirror inside the bathroom reflection, does this layout allow us to both get ready at the same time without getting in each other's way?",Is the mirror mounted high enough on the wall for a taller partner to see their head without having to crouch down?,"Is the lighting around this mirror flattering for checking our dinner outfits, or is it too dim in that corner?",Is the mirror securely mounted flush against the wall so it's safe if my kids are running around the room?,Is this mirror located in a narrow spot where using it would block the path for everyone else trying to get to the bathroom?,"Is the mirror wide enough for two or three of us to squeeze in for a group selfie check, or is it strictly one person at a time?"
image_173_jpg.rf.ce2a81f81adb2151fe45f2b56031abee.jpg,mirror,0.2410729080438614,50.66749572753906,7.689056396484375,348.70220947265625,396.5670471191406,Is the overhead lighting reflected in the glass bright enough for detailed grooming like shaving or applying makeup?,"Since the hairdryer is wall-mounted right next to the frame, is the cord long enough to use comfortably while looking in the mirror?","Is the mirror positioned high enough to check my upper body outfit, or is the view partially blocked by the raised sink?",Is the mirror wide enough for both of us to stand side-by-side and brush our teeth at the same time?,Is there enough counter space on that marble ledge for two separate toiletry bags to sit in front of the mirror?,"Since the mirror reflects the bedroom and closet area, does this vanity space have a door for privacy while the other person is sleeping?","Because the sink sits on top of the counter, does the bottom of the mirror start too high for children to see themselves?","Is this the only mirror in the unit, or is there a full-length one elsewhere so we don't cause a bottleneck getting ready?","Based on the reflection of the room behind, is there enough space for someone to walk past while another person is using the mirror?"
image_173_jpg.rf.ce2a81f81adb2151fe45f2b56031abee.jpg,mirror,0.1222157552838325,439.619873046875,168.19351196289062,495.2830810546875,358.2308349609375,"Is this tall, framed mirror full-length so I can easily check my whole outfit before leaving the room?",Is the lighting around this mirror bright enough for detailed grooming tasks like shaving or applying makeup?,"Since the outlet is visible in the reflection, is it close enough to the mirror to easily use my own styling tools?",Is the mirror wide enough for two people to stand side-by-side and get ready for dinner at the same time?,Does the placement of the wall-mounted hair dryer interfere with the other person trying to use the sink and mirror?,Is the mirror mounted at a height that works comfortably for partners with a significant height difference?,"Since this mirror reflects another mirror across the room, does the layout help reduce bathroom traffic jams by letting multiple people get ready at once?",Is the frame and glass securely mounted to the wall to ensure safety with active children running around?,Is the mirror positioned high enough above that vessel sink to avoid getting constantly splashed when the kids wash their hands?
image_253_jpg.rf.fbb288d5deb3e9c26ffb4e277f35a244.jpg,mirror,0.1479177176952362,195.2706756591797,33.808067321777344,307.65234375,325.6828308105469,Is the lighting from that?,Can I see myself clearly for detailed makeup or shaving?,Is there good lighting for solo grooming tasks?,Is the mirror wide enough for both of us to use simultaneously while getting ready for dinner?,Does the vertical height accommodate a significant height difference between my partner and me?,"Since the mirror is quite narrow, is there a second mirror in the room we can use?",Is the mirror mounted low enough for children to see themselves when brushing their teeth?,Does the reflection show the layout of the connecting room so I can keep an eye on the group?,Is this the only mirror available for a family of four to share?
image_253_jpg.rf.fbb288d5deb3e9c26ffb4e277f35a244.jpg,mirror,0.1141289919614791,344.95068359375,33.331642150878906,451.4927978515625,321.61138916015625,Is the mirror large enough for full outfit checks?,Can I see myself clearly for detailed makeup or shaving?,Is there good lighting for solo grooming tasks?,Is this mirror wide enough for two people to stand side-by-side and brush their teeth at the same time?,"Given the slim design, is there another mirror in the room so we don't have to fight for space while getting ready for dinner?",Does the bathroom layout provide enough elbow room around this narrow vanity for a?,Is the bottom of the mirror low enough for children to see themselves while washing their hands?,"Because this mirror is so small, does the suite offer a full-length mirror elsewhere to help reduce the bottleneck when the whole family is getting ready?",Is the mirror securely mounted and durable enough to withstand potential bumps from energetic kids using the sink area?
image_182_jpg.rf.61b5c8c71de50ed76c315fec72f7527f.jpg,mirror,0.2758309841156006,294.50128173828125,164.53103637695312,337.5360107421875,224.6145477294922,Does the arm extend far enough from the wall so I can use the mirror comfortably without leaning over the sink?,Do those small dots around the rim indicate that this is a lighted mirror for better visibility while shaving or applying makeup?,Is the magnification on this mirror strong enough for precise tasks like putting in contact lenses?,Is the mirror mounted on a swivel arm so my partner and I can easily adjust it to our different heights?,Is this vanity mirror positioned to the side so one of us can use it while the other uses the main sink?,Does the mirror surface appear clean and distortion-free for getting ready for our dinner reservations?,Is the mounting bracket sturdy enough to handle frequent adjustments by different family members throughout our stay?,Is this mirror mounted high enough to be safely out of reach of small children?,Does having this extra mirror help speed things up when everyone is trying to get ready at the same time?
image_182_jpg.rf.61b5c8c71de50ed76c315fec72f7527f.jpg,mirror,0.4300382435321808,340.7548522949219,0.2744579315185547,635.0711669921875,313.816650390625,Is that smaller round mirror on the wall magnified to help with detailed shaving or makeup application?,"Does the overhead lighting reflected in the glass provide enough brightness for getting ready, or does it cast shadows?",Is the main mirror tall enough to give me a good view of my outfit from the waist up?,Is this mirror wide enough for both of us to stand side-by-side and brush our teeth at the same time?,"Since there is only one sink, does the mirror span across enough counter space for two people's toiletries?",Does the mirror accommodate different heights easily so we can both use it comfortably without adjusting?,"Is the mirror mounted low enough for children to see themselves, or does the vessel sink make it too high?",Is the reflective surface large enough for multiple people to do a quick check before we head out for the day?,Does the large wood frame seem sturdy and securely mounted for a bathroom that will be used by kids?
image_182_jpg.rf.61b5c8c71de50ed76c315fec72f7527f.jpg,mirror,0.1301100105047226,345.890380859375,50.46238708496094,632.7765502929688,307.11328125,"Is that smaller, wall-mounted round mirror adjustable and magnified for detailed tasks like shaving or applying makeup?","Does the overhead lighting reflect well enough to see clearly, or does it cast shadows on your face when standing alone at the sink?",Is the main mirror tall enough to give me a decent view of my outfit from the waist up?,Is the mirror wide enough for two people to stand side-by-side and get ready for dinner at the same time?,"Given that the shower is right next to the vanity, does the mirror fog up quickly while one person is showering?",Is the mirror positioned at a height that works comfortably for partners who have a significant height difference?,Is the mirror mounted low enough above the sink so that children can see themselves while brushing their teeth?,Does the wide reflection allow me to see the bathroom area behind me to keep an eye on kids while I wash up?,Is the thick wooden frame sturdy and water-resistant enough to withstand splashing from a whole family using the sink?
image_182_jpg.rf.61b5c8c71de50ed76c315fec72f7527f.jpg,mirror,0.192575916647911,347.0223693847656,1.396169662475586,617.2965698242188,306.5234680175781,Is the recessed lighting shown above the mirror bright enough for detailed grooming like shaving or makeup application?,Does the magnifying mirror attached to the wall on the left extend out comfortably for close-up use?,"Is the main mirror tall enough to see my upper body clearly, or is it mostly focused on the face?",Is this wide wooden-framed mirror large enough for two people to stand side-by-side and get ready for dinner simultaneously?,Are there dual sinks with individual mirror space?,Can both partners see clearly without crowding?,Is the wooden frame durable enough to withstand the humidity of multiple family members taking showers back-to-back?,Is the mirror wide enough for a parent and child to brush their teeth together at the sink?,"Since the mirror is near the shower, does it have an anti-fog coating so the next person can use it immediately after someone showers?"
image_75_jpg.rf.d16642b220f8490112a4a090baeeb146.jpg,mirror,0.1030839756131172,153.963134765625,107.80785369873048,319.7421875,148.36489868164062,Does the overhead light reflected in the mirror provide enough illumination for detailed grooming like shaving or applying makeup?,"Is this a full-length mirror for checking my whole outfit, or just a standard vanity mirror mounted above a desk?",Is the glass quality high enough to provide a distortion-free reflection when I'm getting ready for a meeting?,Is the mirror wide enough for both of us to stand side-by-side and get ready for dinner at the same time?,"Does the mirror's placement against the textured wall add a nice ambiance to the room, or is it purely functional?","Is this mirror located in the main bedroom area, allowing one person to use it while the other uses the bathroom mirror?",Is the mirror mounted high enough on the wall to remain clean from small children's fingerprints?,Is the frame securely attached and durable enough to withstand a busy family environment?,Is the mirror large enough to allow multiple family members to do a quick final check before heading out for the day?
image_75_jpg.rf.d16642b220f8490112a4a090baeeb146.jpg,mirror,0.1009688377380371,146.29776000976562,104.462890625,329.0008239746094,317.9082946777344,"Does the lighting from those side sconces provide enough brightness for detailed grooming like shaving or makeup, or is it mostly just for ambiance?",Is that glass shelf directly under the mirror wide and sturdy enough to hold my full toiletry bag so I can keep the counter clear?,I see a magnifying mirror reflected in the main glass; is that positioned close enough to this vanity for easy use during my morning routine?,Is this mirror wide enough for two people to stand side-by-side and get ready for dinner without bumping elbows?,"Does the reflection of the balcony and city view add a romantic, open feel to the room while we are getting ready?","Is the lighting flattering for both of us, or do the side lights create shadows that make it hard to check our outfits before heading out?","With a whole family trying to get out the door, is the mirror surface large enough to handle multiple people brushing teeth or fixing hair at the same time?","Is the mirror mounted low enough for children to see themselves, or will we need to lift them up to use it?","That glass shelf looks convenient, but is it durable enough to withstand a busy family environment without us worrying about kids knocking it?"
image_75_jpg.rf.d16642b220f8490112a4a090baeeb146.jpg,mirror,0.1155139207839965,145.7451171875,100.4893035888672,332.5686950683594,321.050537109375,"Do the vertical sconces on either side provide bright, even lighting for detailed tasks like applying makeup or shaving?","Is the glass shelf just below the mirror deep enough to hold my toiletry bag, or is it purely decorative?","Does the mirror reflect enough of the room and window to check my full outfit before heading out, or is it strictly a face mirror?",Is the mirror width generous enough for both of us to stand side-by-side and get ready for dinner without bumping elbows?,Does the mirror's position reflect the balcony view to help make the room feel larger and more romantic?,Is the mirror mounted at a height that accommodates partners of significantly different heights comfortably?,Can the mirror area handle the morning rush with enough width for multiple people to brush their teeth simultaneously?,Is the shelf beneath the mirror sturdy and long enough to stack toiletries for the whole family so the counter stays clear?,Does the lighting reach the center of the mirror effectively so the person standing in the middle isn't in a shadow?
image_75_jpg.rf.d16642b220f8490112a4a090baeeb146.jpg,mirror,0.1443528532981872,144.87576293945312,100.4902572631836,332.5783996582031,320.08038330078125,"Do those wall sconces on the sides provide even, shadow-free lighting for applying makeup or shaving?",I notice a glass shelf directly underneath; is it deep enough to hold a full toiletry bag without things falling off?,The reflection shows a magnifying mirror on the side wall; is it positioned close enough to use easily alongside this main mirror?,Is the framed mirror wide enough for two people to stand side-by-side and get ready for dinner simultaneously?,Does the mirror capture enough natural light from that balcony door reflected in the glass to make the bathroom feel bright and airy for us?,"Is that glass shelf below the mirror spacious enough to keep ""his and hers"" toiletries separated and organized?","Is the mirror mounted at a height where my younger children can see themselves to brush their teeth, or is it strictly adult-height?","With the glass shelf protruding right below the mirror, is it sturdy and safe enough if we have energetic kids moving around the bathroom?","Since the mirror reflects the room behind it, does it give a good enough field of view for multiple family members to do a quick outfit check before we head out?"
image_75_jpg.rf.d16642b220f8490112a4a090baeeb146.jpg,mirror,0.2120667695999145,145.26596069335938,123.2103042602539,325.5927124023437,318.4718017578125,"Do those wall sconces on the sides provide enough bright, even light for detailed grooming like shaving or applying makeup?",Is the glass shelf directly below the mirror sturdy and wide enough to hold my toiletry bag and products within easy reach?,"Does the mirror offer a clear, high-quality reflection without distortion so I can easily check my appearance before heading out?",Is the mirror wide enough for both of us to stand side-by-side and brush our teeth without bumping elbows?,Does the mirror's height accommodate a significant height difference between partners so we can both use it comfortably?,"Since the mirror reflects the room behind it, does the bathroom layout offer enough privacy if the door visible in the reflection is open?",Is the glass shelf under the mirror positioned high enough to be out of reach of small children who might grab items off it?,Does the mirror provide a wide enough field of view to help a parent supervise a child in the bathroom while getting ready themselves?,"Judging by the reflection, is the bathroom spacious enough behind the vanity for multiple family members to move around during the morning rush?"
image_75_jpg.rf.d16642b220f8490112a4a090baeeb146.jpg,mirror,0.1923913359642028,53.81114196777344,53.28243255615234,371.9470520019531,336.48992919921875,Is the lighting from the side sconces bright enough for detailed grooming tasks like applying makeup or shaving?,Is the glass shelf directly below the mirror sturdy enough to hold my toiletry bag for easy access?,"Does the mirror provide a clear, distortion-free reflection so I can easily check my appearance before heading out?","Since the mirror spans across two sinks, is it wide enough for both of us to get ready side-by-side without bumping elbows?",Does the mirror capture the view from the balcony seen in the reflection to add to the room's ambiance?,Is the mirror positioned well so we can both check our reflection simultaneously while using the dual vanity?,Is the mirror large enough to accommodate multiple people trying to fix their hair or brush teeth at the same time?,"Is the mirror mounted low enough for children or shorter family members to see themselves, or will they need a stool?",Is the glass shelf under the mirror tucked away enough that kids won't accidentally bump their heads on it while washing their hands?
image_139_jpg.rf.940f7ad0f3dc9dae2ea48a181201db26.jpg,mirror,0.2833673357963562,450.0854797363281,11.06130599975586,619.0455932617188,430.5567932128906,Is the vertical LED lighting on the sides bright enough for detailed grooming like shaving or applying makeup?,"Since the mirror is quite tall, does it double as a full-length mirror so I can check my outfit before heading out?",Is there enough counter space right in front of the mirror to lay out all my toiletries without them falling into the sink?,"Is the mirror wide enough for both of us to stand in front of it and get ready simultaneously, or will we be fighting for space?","Does the soft side-lighting create a relaxing ambiance for a bath, or is it too harsh?","Considering there is only one sink shown, is the vanity area large enough to hold two travel bags?",Does the mirror start low enough on the wall for my children to see themselves while brushing their teeth?,I see a safety grab bar reflected in the glass; does this imply the bathroom is accessible for our elderly family members?,Is the integrated lighting strong enough to illuminate the whole bathroom so we aren't fumbling around for towels?
image_139_jpg.rf.940f7ad0f3dc9dae2ea48a181201db26.jpg,mirror,0.1217290386557579,458.81640625,119.31212615966795,592.3392333984375,421.974365234375,Are those vertical LED strips on the sides bright enough for detailed grooming like shaving or applying makeup?,Is the mirror tall enough to double as a full-length looking glass so I can check my outfit?,Does the mirror have a defogging feature so I can use it immediately after a hot shower?,Is the mirror wide enough for two people to stand side-by-side and brush their teeth at the same time?,Do the integrated lights provide flattering illumination for us to get ready for a night out?,Since it looks like a?,I see a safety grab bar reflected in the glass; is the mirror mounted at a height that is accessible for children or family members in a wheelchair?,Is the mirror large enough for a parent to stand next to a child to help them get ready without blocking the view?,Are the side lights dimmable so we can leave them on as a nightlight for the kids?
image_139_jpg.rf.940f7ad0f3dc9dae2ea48a181201db26.jpg,mirror,0.1117429062724113,315.95086669921875,339.6976318359375,366.1959838867188,415.321044921875,Does this extendable mirror have a magnification side for detailed shaving or makeup application?,Is the mirror on a sturdy adjustable arm so I can get the perfect angle for grooming?,"Is the lighting in this spot bright enough to use this mirror effectively, or is it quite dim?",Is the mirror height adjustable or positioned well enough to accommodate partners of significantly different heights?,Does the swing arm extend far enough away from the wall so one person can use it while the other uses the main sink?,"Is this a high-quality, lighted cosmetic mirror suitable for getting ready for a nice dinner out?","Is this wall-mounted mirror securely attached and durable, or does it feel fragile around active children?","Is there a larger main mirror in the bathroom, or is this small square mirror the only one available for everyone?",Does the mirror protrude into the walkway where someone in a hurry might accidentally bump into it?
image_32_jpg.rf.38a2c7818f6adeec9a63045f3234fe0f.jpg,mirror,0.4194892942905426,479.4352722167969,54.482757568359375,570.4486083984375,366.1455078125,I notice a smaller mirror reflected in the glass—does this bathroom include a magnifying makeup mirror for detailed grooming?,Is the lighting around this dark-framed mirror bright enough for shaving or applying makeup clearly?,"Since the mirror is oval and vertical, does it provide enough length to check my outfit, or is it strictly for face-level use?",Is the mirror wide enough for two people simultaneously?,Are there dual sinks with individual mirror space?,Can both partners see clearly without crowding?,Is the mirror mounted too high for children to see themselves when washing their hands or brushing their teeth?,"Since there is only one sink mirror shown, are there other mirrors in the suite to help a group get ready faster?",Is the frame securely mounted and durable enough to withstand high traffic from a busy family bathroom?
image_32_jpg.rf.38a2c7818f6adeec9a63045f3234fe0f.jpg,mirror,0.2075525671243667,362.4612121582031,200.277099609375,399.9690551757813,279.04522705078125,Does this cosmetic mirror have a magnifying side to make detailed grooming like shaving or applying makeup easier for me?,"How far does the extendable arm reach out, so I can pull the mirror close without having to lean awkwardly over the sink?",Is the pivot mechanism smooth enough that I can easily angle the mirror to catch the best light while getting ready?,"Since we'll be sharing the bathroom, does this extra mirror allow one of us to do close-up prep while the other uses the main sink mirror?",My partner and I are significantly different heights; is the arm adjustable enough to accommodate both of us comfortably?,Is this mirror dual-sided with a standard reflection on the back so we can switch between views depending on who is using it?,Does having this secondary mirror help speed up the morning rush when everyone is trying to brush their teeth or wash up at the same time?,Is the mounting and extendable arm sturdy enough to handle frequent adjustments by different family members without becoming loose?,Is the mirror positioned high enough on the wall to be safely out of the way of small children running through the bathroom?
image_32_jpg.rf.38a2c7818f6adeec9a63045f3234fe0f.jpg,mirror,0.2012026309967041,489.3423767089844,242.4193572998047,513.6777954101562,306.93902587890625,Does this mirror feature a magnifying side for detailed grooming tasks like shaving or applying makeup?,How far does the scissor-style arm extend from the wall to help me get a closer look without leaning over the sink?,"Is there a built-in light ring around the mirror, or will I need to rely on the main bathroom lighting?",Does the mirror fold completely flat against the wall so it doesn't crowd the space when two people are using the bathroom?,"Is the mounting height suitable for partners of different heights, or is the vertical position adjustable?",Is the extendable arm sturdy enough to hold its angle without drooping after we adjust it back and forth?,Is the wall mount secure enough to withstand potentially rough handling or pulling by children?,Is the mirror positioned in a way that blocks the doorway or creates a hazard when the bathroom is busy?,"Is the mirror face large enough for general use, or is it too small for anything other than close-up checks?"
image_32_jpg.rf.38a2c7818f6adeec9a63045f3234fe0f.jpg,mirror,0.4189781546592712,465.083740234375,38.18634033203125,585.67041015625,395.9195556640625,I see a smaller magnifying mirror in the reflection—does that pull out from the wall for close-up shaving or makeup application?,"Is the main oval mirror tall enough to check my outfit from the waist up, or is it positioned only for face-level use?",Does the window on the right provide enough natural light for grooming without creating a glare on the glass?,"Since there is only one main mirror, is the vanity area wide enough for both of us to stand there and get ready simultaneously?",Can the magnifying mirror on the side wall be extended far enough so one of us can use it while the other uses the main oval mirror?,"With the decorative vase on the counter, is there still enough surface area for two large toiletry bags?",Is the mirror mounted low enough for children to see themselves when they are brushing their teeth?,Is the mirror wide enough to allow multiple family members to do a quick hair check before we head out for the day?,Is that heavy-looking black frame securely anchored to the wall so it is safe around active kids?
image_53_jpg.rf.36b0dfee974de0cd6ce3450ef8605a4d.jpg,mirror,0.1326374411582946,-2.3336124420166016,-0.5895233154296875,260.60986328125,574.99609375,Does the integrated LED border light provide enough brightness for detailed makeup application or shaving without casting shadows?,"Does the small, round magnifying mirror extend out on an arm, or is it fixed against the wall?","Is the main mirror tall enough to give me a decent view of my upper body outfit, or is it just focused on the face?","Since there are double sinks, does the large rectangular mirror span wide enough for both of us to get ready side-by-side comfortably?","Can the mirror's backlight be used alone to create a relaxing, dim ambiance while one of us uses the soaking tub?",Is the magnifying mirror positioned far enough away from the main grooming area so we don't bump elbows if using both mirrors at once?,Is the mirror wide enough to allow three people to squeeze in for a quick hair check before we head out?,Is the mirror mounted low enough that children standing at the vanity can see themselves while brushing their teeth?,"With multiple people showering back-to-back, does the mirror have an anti-fog feature so the next person doesn't have to wipe it down?"
image_53_jpg.rf.36b0dfee974de0cd6ce3450ef8605a4d.jpg,mirror,0.1718611717224121,258.16363525390625,-3.4502410888671875,406.9332580566406,306.61114501953125,Does the built-in LED lighting around the frame provide enough brightness for detailed grooming like shaving or applying makeup?,I see a smaller round mirror attached to the wall on the left; does that offer magnification for close-up tasks?,Do the touch controls visible on the mirror face allow me to adjust the light warmth or activate a defogger for after my shower?,"Since there are two faucets visible, is the main mirror wide enough for both of us to get ready side-by-side without crowding each other?","Can the LED lighting be dimmed to create a softer, more romantic atmosphere in the bathroom in the evening?",Is the mirror positioned high enough that it comfortably accommodates significant height differences between partners?,"With the double sink setup, is the mirror large enough to help speed up the morning rush by allowing two people to brush their teeth simultaneously?","Is the mirror mounted low enough for children to see themselves, or is it positioned strictly for adult height above those vessel sinks?",Does the mirror feature an anti-fog system so it stays clear for the next person even after family members take back-to-back hot showers?
image_53_jpg.rf.36b0dfee974de0cd6ce3450ef8605a4d.jpg,mirror,0.1862826496362686,263.78179931640625,2.833690643310547,642.0297241210938,589.6414794921875,Is the integrated LED lighting on the mirror border bright and even enough for detailed makeup application or shaving?,Does that small magnifying mirror on the left wall extend far enough to use comfortably while standing at the sink?,Does the mirror feature anti-fog technology so I can get ready immediately after a hot shower?,"Since there are dual sinks, is the main mirror wide enough for both of us to stand and get ready side-by-side?",Does the backlit mirror have a dimmer switch to set a softer mood while we relax in the soaking tub?,Is the magnifying mirror positioned so one person can use it without blocking the other person's view of the main mirror?,"Is the mirror mounted low enough for children to see themselves, or would we need to request a step stool?",Does the bright light from the large mirror illuminate the whole bathroom well enough to help with supervising kids in the tub?,Is the large mirror securely mounted and shatter-resistant since there will be a lot of activity in the bathroom?
image_53_jpg.rf.36b0dfee974de0cd6ce3450ef8605a4d.jpg,mirror,0.2658945918083191,283.2696228027344,103.09562683105467,375.32757568359375,286.36309814453125,Is the built-in LED border light bright enough for detailed grooming tasks like shaving or applying makeup without needing extra lamps?,"Does the mirror offer a crisp, distortion-free reflection for checking my appearance before I head out for the day?","Is the lighting control easily accessible, and does the illumination stay consistent while I'm using the sink?",I see two faucets at the bottom; is this mirror wide enough for both of us to get ready simultaneously without bumping elbows?,"Does the integrated lighting provide even coverage for two people standing side-by-side, or is it brighter in the center?",Does the light strip have a dimmer feature so we can lower the brightness for a more relaxing vibe in the evening?,"Is the mirror mounted at a height that works for children, or is it positioned too high for younger family members to see themselves?","Since this looks like a double vanity setup, is the mirror large enough to accommodate the chaos of a whole family brushing teeth at once?","Is the LED lighting bright enough to illuminate the entire bathroom, helping us keep track of everyone's toiletries and towels?"
image_53_jpg.rf.36b0dfee974de0cd6ce3450ef8605a4d.jpg,mirror,0.2879562675952911,277.7508239746094,108.60076141357422,374.9614868164063,287.1461181640625,Is the built-in LED border lighting bright enough for detailed grooming like makeup application or shaving without casting shadows?,I notice a smaller magnifying mirror attached to the wall on the left; is that positioned close enough to use easily in conjunction with the main light?,Does this mirror have a built-in defogger so I can get ready immediately after a hot shower?,"Since I can see two faucets at the bottom, is the mirror wide enough for both of us to stand and get ready simultaneously?","Does the edge lighting provide a soft, flattering ambiance for the room, or is it only a bright task light?",Is the mirror tall enough to comfortably accommodate the height difference between my partner and me?,Is the mirror mounted low enough on the wall for children to see their reflection while washing their hands?,"With the wide design covering two sinks, is there enough space for a family of four to brush teeth together in the morning rush?","Is the lighting control easy to reach for everyone, or is the switch located high up on the mirror unit itself?"
image_53_jpg.rf.36b0dfee974de0cd6ce3450ef8605a4d.jpg,mirror,0.3003323376178741,266.4624328613281,43.83953857421875,384.917724609375,299.4927673339844,Does the integrated LED lighting around the frame provide enough brightness for precise grooming or applying makeup without casting shadows?,Is the small magnifying mirror attached to the wall on the left adjustable for close-up use?,Is the mirror tall enough to provide a good view of my upper body and outfit before I head out for the day?,"Since there appear to be dual sinks, is the mirror wide enough for both of us to stand side-by-side and get ready simultaneously?",Does the lighting along the border reach both sides equally so neither of us is standing in a dim spot?,"Is the light from the mirror warm and flattering, or is it very harsh and clinical?",Is the mirror mounted low enough on the wall for children to see themselves while brushing their teeth?,Does the bright LED border provide enough ambient light for the rest of the bathroom so multiple people can move around safely?,Is the glass area large enough that family members standing behind the people at the sinks can still catch a glimpse of themselves?
image_53_jpg.rf.36b0dfee974de0cd6ce3450ef8605a4d.jpg,mirror,0.3669585883617401,224.30142211914065,224.51412963867188,254.44320678710935,270.9044189453125,Does the LED ring light provide enough brightness for precise makeup application or shaving?,Is the magnification level on this mirror strong enough for detailed grooming tasks?,Can the extendable arm be adjusted easily to different angles to suit my height?,Does the mirror fold back flush against the wall so it doesn't take up space when two people are in the bathroom?,Is the light focused enough to use early in the morning without disturbing my partner sleeping nearby?,Is the mirror positioned so that one person can use it while the other uses the main sink area?,Is the mounting mechanism sturdy enough to withstand frequent adjustments by multiple family members?,Does the light fixture stay cool to the touch so it is safe if curious children grab it?,Is the mirror mounted high enough to be kept out of reach of small children to prevent accidents?
image_53_jpg.rf.36b0dfee974de0cd6ce3450ef8605a4d.jpg,mirror,0.1176056265830993,12.314205169677734,-0.5660629272460938,393.6966552734375,309.0897216796875,Does the thick LED border provide bright enough front-facing light for detailed grooming like makeup application or shaving?,"Is that smaller round mirror attached to the wall a magnifying mirror, and is it adjustable?",Does the main mirror have a defogging feature so I can use it immediately after a hot shower?,"Since the vanity has double sinks, is the mirror wide enough for both of us to get ready side-by-side comfortably?","Does the integrated lighting create a nice ambiance, or is it too harsh for a relaxing evening routine?",Can both partners see clearly without crowding?,"Given the height of the vessel sinks, does the bottom of the mirror start low enough for children to see themselves?",Is the built-in light strong enough to serve as the main light source for the bathroom when we have multiple people in the room?,Is the mirror glass durable and easy to wipe down if kids splash water from those high-sided basins?
image_53_jpg.rf.36b0dfee974de0cd6ce3450ef8605a4d.jpg,mirror,0.100531555712223,459.7565307617188,4.495220184326172,634.8426513671875,414.8697509765625,Is that slim vertical mirror well-lit enough for detailed grooming tasks like shaving or applying makeup?,"Does the mirror extend high enough to check my outfit, or does it cut off since it looks like a vanity mirror?",Is the shelf next to the mirror wide enough to hold my toiletries bag so I can easily access things while getting ready?,"Since that mirror looks quite narrow, is there a second one nearby so we can both get ready for dinner at the same time?",Does the mirror fog up quickly when the bathtub next to it is being used?,Is the mirror positioned at a height that works for two people with a significant height difference?,"Is the mirror mounted low enough for children to see themselves while brushing their teeth, or will they need a stool?","Given how thin the mirror is, will it cause a bottleneck in the morning if multiple family members are trying to use the bathroom?",Is the frame around the mirror secure and the glass durable enough to withstand accidental bumps from kids playing in the tub area?
image_53_jpg.rf.36b0dfee974de0cd6ce3450ef8605a4d.jpg,mirror,0.1579205989837646,457.5686950683594,4.240512847900391,637.1143188476562,429.91156005859375,Is the vertical light strip on the edge of that mirror bright enough for detailed grooming like shaving or applying makeup?,"Does that tall, narrow mirror provide a full-length view so I can check my entire outfit before heading out?","Is the mirror positioned conveniently over the sink, or is it offset in a way that makes washing my face awkward?","Since the mirror appears quite narrow, is there enough space for two people to stand in front of it and get ready simultaneously?",Does the mirror have a fog-free feature so we can use it immediately after enjoying a hot bath in that tub?,"Is the lighting around the mirror flattering and romantic, or is it too harsh for a relaxing evening atmosphere?","Is that narrow panel the only mirror in the bathroom, or is there a larger main mirror for multiple people to use at once?",Does the mirror extend low enough on the wall so that younger children can see themselves to brush their teeth?,Is there enough floor space between the bathtub and the mirror for a parent to stand and help a child get ready safely?
image_53_jpg.rf.36b0dfee974de0cd6ce3450ef8605a4d.jpg,mirror,0.1267954558134079,226.75628662109372,219.80064392089844,263.02203369140625,291.15704345703125,Is the built-in ring light bright enough for detailed grooming tasks like shaving or applying makeup without needing the main overhead lights?,"Does the extendable arm allow me to pull the mirror close enough to the sink, or do I have to lean over the counter to use it?","What is the magnification level of this mirror, and is the glass high-quality enough to provide a clear, distortion-free reflection?","Since this is mounted next to the main mirror, is there enough elbow room for two people to get ready at the vanity simultaneously?",Can the mirror's angle and height be adjusted easily to accommodate two partners who have a significant height difference?,Does the lighted mirror operate on a separate switch so one person can use it without turning on the bright main bathroom lights while the other sleeps?,Is the wall mount and hinge mechanism sturdy enough to withstand constant adjusting and pulling by multiple family members throughout a stay?,Does the LED light stay cool to the touch to ensure it's safe if children in the family try to grab or adjust it?,"Given its small size relative to the main mirror, is this actually useful for quick checks, or is it strictly for one person doing detailed work?"
image_53_jpg.rf.36b0dfee974de0cd6ce3450ef8605a4d.jpg,mirror,0.4201160371303558,264.4562072753906,-2.026348114013672,411.5589599609375,308.65155029296875,Is the built-in LED lighting bright and even enough for detailed makeup application or shaving?,Does the smaller magnifying mirror attached to the wall have its own light for close-up grooming?,Is the outlet on the backsplash convenient for plugging in a hair straightener or shaver while using the mirror?,Is the mirror wide enough to span across both sinks so we can get ready simultaneously without bumping elbows?,"Does the mirror's lighting create a nice ambiance, or is it dimmable for a more romantic atmosphere?","Is the reflection distinct and clear from all angles so we don't have to fight for the ""good spot"" in front of the glass?","With those raised vessel sinks, is the bottom of the mirror low enough for children to see themselves?",Does the mirror feature anti-fog technology so it stays clear even after multiple family members take showers?,"Is the LED border the only light source, or is it bright enough to illuminate the whole bathroom for safety at night?"
image_87_jpg.rf.9f514888f4a0ab4e2e39a6227aaac74c.jpg,mirror,0.1166661381721496,148.787109375,88.78529357910156,209.215087890625,300.3213195800781,Is the mirror tall enough to give me a decent view of my outfit before I head out for the day?,Do the lights mounted directly above provide enough brightness for detailed tasks like shaving or applying makeup?,"Since the mirror is portrait-style, is it wide enough for me to get ready comfortably without feeling cramped?",Is this mirror wide enough for both of us to stand side-by-side while brushing our teeth?,Is the mirror positioned at a height that accommodates both a taller and shorter partner easily?,"Does the lighting setup create a nice ambiance for getting ready for a dinner date, or is it too harsh?",Is the bottom of the mirror low enough for children to see their reflection while washing their hands?,"Given how narrow the mirror is, will it cause a bottleneck if multiple family members are trying to get ready at the same time?",Does the frame look sturdy and water-resistant enough to handle splashing from a busy family bathroom?
image_87_jpg.rf.9f514888f4a0ab4e2e39a6227aaac74c.jpg,mirror,0.1158407926559448,137.4658966064453,64.90803527832031,210.2611083984375,312.9435729980469,Is the lighting from the fixture above bright enough for detailed grooming like shaving or applying makeup?,"Since the mirror is tall but narrow, does it provide enough visibility to check my outfit, or is it strictly for face-level use?",Is the mirror positioned at a convenient height for a solo traveler of average stature to use without crouching or stretching?,"Is this mirror wide enough for two people to stand side-by-side and brush their teeth, or is it too narrow for simultaneous use?","Does the bathroom feature a second mirror, or is this?",Can both partners see clearly without crowding?,"Is the mirror mounted low enough for children to see themselves while washing their hands, or will we need a step stool?","given the narrow width of the mirror, will it create a ""traffic jam"" if multiple family members need to get ready at once?",Is the decorative frame sturdy and securely mounted to the wall to withstand accidental bumps from active kids?
image_111_jpg.rf.070571d3586f5fcab68762aa53d93558.jpg,mirror,0.1039897873997688,128.39173889160156,44.75128173828125,212.5649871826172,222.49838256835935,Does the heated rail get warm enough to quickly dry a wet swimsuit or light laundry overnight?,Is the unit positioned close enough to the shower so I can grab a warm towel without stepping across the room?,Are the provided towels large and plush enough to actually retain the heat from the bars?,Is the rack wide enough to dry two large bath towels side-by-side without them overlapping and staying damp?,Does the radiator emit enough ambient heat to keep the bathroom warm and comfortable for two people getting ready?,Are there enough rungs to accommodate both our bath towels and hand towels simultaneously?,"Since the image only shows space for two main towels, is there additional hanging space elsewhere for the rest of the family?","Is the heated surface safe to touch, or is it a potential burn hazard for young children running around the bathroom?",Can the rails support the weight and volume of multiple wet swimsuits drying after a family pool day?
image_111_jpg.rf.070571d3586f5fcab68762aa53d93558.jpg,mirror,0.204644963145256,-0.2800273895263672,0.0594806671142578,264.9473876953125,238.634521484375,Is the integrated LED border bright enough to provide shadow-free lighting for detailed shaving or makeup application?,I see a control panel below the mirror; is there also a power outlet reachable from there for plugging in a hair dryer?,"Is the mirror tall enough to provide a view of my upper body and outfit, or is it strictly limited to the face area?",Is the mirror wide enough to allow two people to stand side-by-side and brush their teeth simultaneously?,Does the mirror have a built-in demister or anti-fog feature so I can still use it while my partner is taking a hot shower nearby?,"Is the lighting dimmable to create a softer, more romantic ambiance in the bathroom, or is it always at full brightness?","Is the mirror mounted at a height where children can easily see themselves, or is it positioned too high for younger family members?","With the shower right next to it, does the lighting provide enough general illumination for the whole bathroom when multiple people are moving around?",Is that switch below the mirror easy to reach so kids can turn the light on themselves during the night?
image_140_jpg.rf.4d2f450a006ca7c7aa661efc24f3cbf9.jpg,mirror,0.2339465916156768,269.8663635253906,-7.224140167236328,533.1400756835938,349.89569091796875,Does the built-in LED lighting border provide enough brightness for detailed grooming tasks like shaving or applying makeup?,I see a hairdryer reflected in the glass; is the wall outlet positioned conveniently close so I can style my hair right in front of the mirror?,"Is the mirror tall enough to allow for a decent upper-body outfit check, or is it strictly positioned for face-level use?",Is this mirror wide enough for both of us to stand side-by-side and brush our teeth without bumping elbows?,"Does the modern backlit design create a flattering, soft ambience for the room, or is the light too harsh for a relaxing evening?",With the mirror centered over a?,Is the mirror mounted low enough on the tiled wall for younger children to see themselves while washing their hands?,Does the bright LED perimeter light up the rest of the bathroom well enough to help get multiple people ready at once?,"Since the mirror reflects the wall-mounted dryer, is that area spacious enough for one person to dry hair while someone else uses the sink?"
image_199_jpg.rf.918792f3e8b6dcfef3a9f6d0b2875159.jpg,mirror,0.1366104483604431,121.14173126220705,1.6505622863769531,342.5149230957031,389.029541015625,Is the overhead lighting bright enough for doing detailed makeup or shaving closely in front of this mirror?,Does the mirror extend high enough for a taller person to see their full face and hair without hunching over?,Is there enough ledge space at the base of the mirror to layout my toiletries while I'm getting ready?,Is the mirror wide enough for two people to stand side-by-side and brush teeth at the same time?,"Does the glass window panel next to the mirror have a blind for privacy, or is the bathroom visible from the sleeping area?","Does the dark wood frame give the bathroom a luxurious feel, or does it make the vanity area feel a bit dark?",Is the bottom edge of the mirror low enough for children to see their reflection while washing their hands?,"Since there is only one sink and mirror here, is there a second mirror elsewhere in the suite to prevent a morning bottleneck?","Is that large glass pane to the right of the mirror safety glass, considering kids might be playing nearby?"
image_199_jpg.rf.918792f3e8b6dcfef3a9f6d0b2875159.jpg,mirror,0.1682044565677642,117.39324951171876,6.934356689453125,346.67266845703125,388.1440734863281,Is the overhead lighting reflected in the mirror bright enough for detailed grooming tasks like shaving or applying makeup?,"Does the mirror tend to fog up quickly during a shower, given how close it appears to be to the shower stall reflection?","Is the mirror tall enough to check my appearance from the waist up, or is it primarily just for face-level use?",Is the mirror wide enough for two people to stand side-by-side and get ready for a night out at the same time?,"Does the glass panel next to the mirror look directly into the bedroom, and if so, are there blinds for privacy?","Does the dark wood frame and lighting create a nice ambiance, or is the vanity area a bit dim for getting ready?",Is the mirror mounted too high for children to see themselves when they are brushing their teeth?,Is there enough counter space around the base of the mirror to hold toiletries for multiple people without it getting cluttered?,"Since the mirror reflects the shower, is the bathroom layout spacious enough for someone to use the sink while someone else is in the shower?"
image_199_jpg.rf.918792f3e8b6dcfef3a9f6d0b2875159.jpg,mirror,0.2586924433708191,123.6400909423828,-3.614559173583984,265.16632080078125,373.7942504882813,Is the overhead lighting visible in the reflection bright enough for detailed grooming tasks like shaving or applying makeup without shadows?,Is the mirror tall enough to double as a full-length looking glass for checking my outfit before I head out?,Does the sink area below the mirror offer enough flat counter space to lay out my toiletries bag and essentials?,Is the mirror wide enough for two people to stand side-by-side and brush their teeth or get ready for dinner simultaneously?,"Since the mirror reflects directly into the shower, does the bathroom layout offer enough privacy if one person is showering while the other uses the sink?","Does the dark wood framing add a luxurious, modern feel to the room, or does the finish look dated in person?",Does the mirror's angle provide a clear view of the shower area so I can easily monitor children while I am washing up at the sink?,Is the bottom edge of the mirror positioned high enough to avoid constant water splashes and smudges when kids are washing their hands?,Does the heavy wooden frame feel durable and securely mounted to withstand use by a busy family?
image_199_jpg.rf.918792f3e8b6dcfef3a9f6d0b2875159.jpg,mirror,0.156485915184021,267.2308959960937,56.81373596191406,339.41778564453125,353.2658386230469,Is the overhead recessed lighting bright enough for detailed grooming tasks like applying makeup or shaving?,"Does the tall, vertical shape of the mirror allow me to use it as a full-length mirror to check my outfit before heading out?","With the vase and hotel amenities on the counter, is there enough free space left right in front of the mirror for my own toiletry bag?",It looks like there is another frame to the left—does this bathroom feature dual mirrors so we can both get ready for dinner at the same time?,Is the vanity area wide enough for two people to stand side-by-side without bumping elbows against that dark wood frame?,"Is the reflection from the wall lamp and overhead lights flattering for date-night prep, or does it cast harsh shadows?",Does the bottom of the mirror frame start low enough for children to see themselves when brushing their teeth?,"Is the counter space in front of the mirror large enough to hold washbags for a whole family, or is it mostly taken up by decorative items?",Is this mirror positioned in a way that allows one person to fix their hair while someone else uses the shower or toilet without blocking the path?
image_199_jpg.rf.918792f3e8b6dcfef3a9f6d0b2875159.jpg,mirror,0.1323524415493011,202.9227600097656,126.57289123535156,251.4948883056641,334.13214111328125,Is the overhead lighting reflected in the mirror bright enough for detailed grooming like shaving or applying makeup?,"Does the tall, vertical shape of the mirror allow me to check my outfit, or does it cut off at the waist?",Is the mirror positioned at a comfortable height so I don't have to hunch over the sink to see my face clearly?,Is the mirror wide enough for both of us to stand in front of it and brush our teeth at the same time?,"Since the shower is visible in the reflection, does the mirror have an anti-fog feature so one of us can use it while the other showers?","Is the heavy wood frame purely decorative, or does it encroach on the usable reflective surface area we need to get ready together?",Is the bottom of the mirror mounted low enough for my children to see themselves without me having to lift them up?,"Does the mirror fog up quickly from the shower, causing a ""traffic jam"" when our whole family is trying to get ready in the morning?","Is the mirror securely mounted to the wall, as that thick wooden frame looks quite heavy?"
image_199_jpg.rf.918792f3e8b6dcfef3a9f6d0b2875159.jpg,mirror,0.102051630616188,135.34913635253906,115.1668930053711,250.6123504638672,347.6477355957031,"Since the lighting appears to be recessed in the ceiling, is it bright enough in front of the mirror for detailed grooming like applying makeup or shaving?","Does the tall vertical shape allow me to use this as a full-length mirror to check my outfit, or is it only visible from the waist up?","Is there any shelf space on that wooden frame or nearby to place my toiletries bag, or is the sink area tight on space?",Is the mirror wide enough for two people to stand side-by-side to brush teeth and get ready for a night out simultaneously?,"Given that the shower is directly reflected in the glass, does the mirror have anti-fog features so one of us can use it while the other showers?",Is the mirror mounted high enough on the wall so that a taller partner can see their full face without having to crouch?,Is the bottom edge of the mirror low enough for children to see their reflection while washing their hands or brushing their teeth?,"Is the dark wood frame sturdy and securely mounted, or does it feel fragile if kids bump into it?","With the faucet positioned right below, is the glass easy to wipe down if multiple people splash water on it throughout the day?"
image_158_jpg.rf.f0287dbf13b348dd94163bc0c772d71b.jpg,mirror,0.2346681654453277,430.7673950195313,37.97492980957031,635.455810546875,448.4124755859375,Do those three overhead lights provide enough brightness for detailed grooming like shaving or applying makeup without shadows?,"Is the mirror tall enough to check my outfit from the waist up, or is it strictly positioned for face-level use?",Is the wall-mounted hairdryer next to the mirror easy to reach and effective for a quick morning routine?,Is the mirror wide enough for two people to stand side-by-side and get ready for dinner at the same time?,"Since the shower is visible in the reflection, does the room have good ventilation to keep the mirror from fogging up while one person showers?",Is there enough counter space directly under the mirror to hold two separate toiletry bags without feeling cluttered?,"Is the bottom of the mirror low enough for children to see themselves while brushing their teeth, or will they need a step stool?",Is the glass shelf to the right of the mirror mounted high enough to keep breakable items out of reach of toddlers?,Is the mirror large enough to accommodate the morning rush when multiple family members are trying to use the sink area?
image_48_jpg.rf.58417ceffef427283fb8b8f28281bc90.jpg,mirror,0.1640111356973648,394.447021484375,5.773401260375977,545.93896484375,307.7006225585937,Is the integrated LED lighting in the oval mirror bright enough for detailed grooming like shaving or applying makeup without shadows?,I noticed the smaller circular mirror on the left wall; does that offer magnification for close-up tasks?,"Is the mirror tall enough to get a decent look at my outfit, or is it positioned strictly for face-level use?","Since there are two separate mirrors and faucets, is there enough elbow room for both of us to get ready for dinner simultaneously?",Does the sleek design with the metal trim offer a premium feel that adds to a romantic atmosphere?,Is the counter space between the two mirrors sufficient for us to keep our toiletry bags separate and organized?,Will the double-mirror and dual-sink layout help speed up our morning routine when everyone is trying to get out the door?,"Are the mirrors mounted low enough for children to see themselves, or would we need a step stool?",Is the lighting from the two large mirrors strong enough to illuminate the whole bathroom for multiple people using the space at once?
image_48_jpg.rf.58417ceffef427283fb8b8f28281bc90.jpg,mirror,0.1255582720041275,349.5086975097656,216.1622772216797,375.3900451660156,251.41905212402344,Is the built-in ring light bright enough to do detailed makeup or shaving without needing the main overhead lights?,"Does the extendable arm feel stiff enough to hold the mirror steady at my specific height, or does it droop?",What is the magnification level on this mirror—is it strong enough for putting in contact lenses comfortably?,Is this vanity mirror positioned far enough away from the main sink so one of us can use it while the other brushes their teeth?,Does the mounting arm offer enough vertical tilt to easily accommodate the height difference between my partner and me?,"Can the LED light be turned off independently, or is it hardwired to the main bathroom switch, which might wake my partner up?",Does the wall mount feel sturdy and durable enough to handle being constantly pulled and adjusted by multiple family members?,Is the surface of the mirror or the light housing cool to the touch so it's safe if my children grab it?,Is the mirror large enough to help speed up our routine by acting as a secondary grooming station for the family?
image_48_jpg.rf.58417ceffef427283fb8b8f28281bc90.jpg,mirror,0.1276904642581939,410.7188720703125,219.62368774414065,429.1403503417969,254.3772125244141,Does the built-in ring light provide enough brightness for detailed grooming tasks like shaving or applying makeup?,"Is this a magnifying mirror, and if so, what level of zoom does it offer for my morning routine?",Can the mirror be tilted or pulled closer to the face to make getting ready easier?,"Is this small lighted mirror the only one available, or is there a larger vanity mirror so we can both get ready at the same time?",Does the lighting on the mirror have adjustable settings to create a softer ambiance in the evening?,Is the mirror positioned high enough so that it doesn't block the view or get in the way if we are both standing at the sink?,Is the arm mounting sturdy enough to handle frequent adjustments by different family members without breaking?,Is the mirror placed safely out of the way so active kids won't accidentally bump into it in a crowded bathroom?,Is the light switch for the mirror easy to reach for children or shorter family members?
image_48_jpg.rf.58417ceffef427283fb8b8f28281bc90.jpg,mirror,0.1397955268621444,463.68011474609375,235.0438690185547,482.551025390625,286.94757080078125,Is the lighting around this mirror bright enough for detailed grooming like shaving or makeup?,"Is this a full-length mirror for checking my whole outfit, or just a smaller vanity mirror?","Is the reflection clear and distortion-free, or does the glass look old and worn?",Is the mirror wide enough for two people to get ready side-by-side in the morning?,"Does the elegant gold frame suggest a modern, romantic aesthetic for our stay?",Does the mirror reflect enough natural light from the window to make the room feel open and airy?,Is the mirror mounted securely to the wall so it is safe with children in the room?,Is the mirror large enough to help multiple people get ready during the morning rush?,Is the mirror positioned at a height that is accessible for younger family members?
image_48_jpg.rf.58417ceffef427283fb8b8f28281bc90.jpg,mirror,0.5590047240257263,397.2176818847656,95.83407592773438,451.26416015625,304.5271301269531,Is the integrated LED lighting strip bright enough for precise makeup application or shaving without casting shadows?,"Is that small circular attachment a magnifying mirror, and is it positioned well for close-up grooming tasks?","Since the mirror is tall and narrow, does it provide enough vertical reflection to check my outfit from the waist up?",I see the edge of a second mirror to the right; does this bathroom feature a double vanity so we can both get ready at the same time?,"Is the lighting from the mirror soft and flattering, or is it too bright when we are sharing the space in the evening?",Does the narrow capsule shape of the mirror restrict the view if two of us are standing at the counter together?,"Is the bottom of the mirror mounted low enough for children to see themselves, or will they need a step stool?",Does the design of the mirror leave enough open counter space on the sides for multiple people's toiletry bags?,Is the small magnifying mirror attachment sturdy and secure enough to withstand use by energetic kids?
image_48_jpg.rf.58417ceffef427283fb8b8f28281bc90.jpg,mirror,0.4556240439414978,459.3326416015625,12.50218391418457,546.2706909179688,304.77880859375,Is the integrated LED light arch bright enough for detailed grooming tasks like shaving or makeup application without needing extra overhead lights?,"Since the mirror has a tall, narrow ""pill"" shape, does it offer a wide enough viewing angle to easily see my hair and shoulders?",Does the glass have any anti-fog capabilities so I can use it immediately after a hot shower without waiting?,I see the edge of another mirror to the left; does this confirm the room has a double vanity so we can both get ready for dinner simultaneously?,"Is the lighting dimmable to create a softer, more romantic ambiance in the bathroom, or is the LED strip always at full brightness?",Is the mirror mounted high enough on the wall to comfortably accommodate a taller partner without cutting off the top of their reflection?,"Does the decorative metal frame at the bottom create a lip that traps water or toothpaste splashes, making it difficult to keep clean with kids using the sink?",Does the built-in light provide enough general illumination for the whole vanity area when multiple family members are trying to brush their teeth at once?,Is the glass and metal construction sturdy enough to withstand accidental bumps from luggage or energetic children in a crowded bathroom?
image_48_jpg.rf.58417ceffef427283fb8b8f28281bc90.jpg,mirror,0.1514688581228256,561.916015625,321.1300964355469,615.8856201171875,354.1003723144531,"Are those glasses made of real glass for a nicer drinking experience, or are they disposable plastic?",Is the wooden box underneath the glasses clean and spacious enough to hold my toothbrush or other small toiletries?,"Are the glasses replaced or sanitized daily, as they appear to be sitting out unwrapped?","Since there are two glasses provided, are they a decent size for sharing a bottle of wine in the room?",Is there an ice bucket or minibar located near this station so we can make drinks?,Is that wooden surface sturdy enough to use as a catch-all tray for our room keys and wallets?,"We are a family of four, so can we request extra glasses since only two are shown here?","Are these glasses heavy and breakable, which might be a safety concern with energetic kids running around?",Is the box the glasses are sitting on movable so we can clear space for more people's bathroom supplies?
image_80_jpg.rf.8bd153e3d312291f93accafcd2d9b128.jpg,mirror,0.1341432034969329,-2.35280990600586,-0.9869003295898438,239.8069610595703,397.9406127929688,Is the lighting fixture above the mirror bright and even enough for precise shaving or applying makeup?,"Does the tall vertical shape of the mirror allow for a decent check of my outfit, or is it strictly for face-level grooming?","Is the decorative frame sturdy and well-maintained, or does it look worn and dated up close?",Is the mirror wide enough to allow two people to stand side-by-side and get ready for dinner at the same time?,Does the reflection show enough floor space behind the sink so we aren't bumping into each other in a tight bathroom?,"Is the lighting above the mirror flattering for date night prep, or is it harsh and clinical?",Is the mirror mounted low enough near the faucet for children to see themselves while brushing their teeth?,"Since there is only one sink area shown, is the mirror large enough to help multiple people check their hair while someone else washes their hands?",Does the mirror tend to stay fogged up for a long time after multiple family members take back-to-back showers?
image_176_jpg.rf.e4084663237b1a7bc0ad0c35b9432b7a.jpg,mirror,0.1300004869699478,209.94894409179688,41.22138977050781,485.3239440917969,379.1691589355469,Is the mirror large enough for full outfit checks?,Can I see myself clearly for detailed makeup or shaving?,Is there good lighting for solo grooming tasks?,Is this mirror wide enough for two people to stand side-by-side and brush their teeth at the same time?,"Since the shower is reflected right behind the mirror, does the glass fog up quickly when one person is showering while the other gets ready?",Is the mirror tall enough to accommodate a significant height difference between partners?,Is the shelf under the mirror sturdy and large enough to hold toothbrushes and supplies for a whole family?,"Since the mirror is frameless, are the edges rounded or polished to be safe for children?",Is the mirror mounted high enough above the sink to avoid getting constantly splashed when kids are washing their hands?
image_229_jpg.rf.083633a03e7022f46fc922c9e09e332f.jpg,mirror,0.2815966010093689,151.27391052246094,5.616455078125,342.53173828125,269.05279541015625,"Is the LED lighting around the border bright enough for detailed grooming like shaving or applying makeup, or is it just decorative?",Does the touch sensor visible on the glass also control a defogger so I can use the mirror immediately after a hot shower?,Can I adjust the brightness or warmth of the light using that button to create a more relaxing atmosphere for a bath?,Is the mirror wide enough for two people to stand side-by-side and get ready for dinner simultaneously?,"Since there appears to be only one sink, does the mirror extend far enough to the side so one of us can fix our hair while the other uses the tap?","Does the backlighting provide flattering, shadow-free illumination for checking our outfits before heading out?",Can the illuminated border serve as a dim nightlight so children don't trip during late-night bathroom visits?,"Is the mirror mounted at a height where younger kids can see themselves, or is the touch button out of their reach?",Is the glass surface treated to be smudge-resistant since multiple family members will be pressing that touch button?
image_229_jpg.rf.083633a03e7022f46fc922c9e09e332f.jpg,mirror,0.1051171347498893,478.042724609375,151.95433044433594,525.225341796875,259.3676147460937,Does the LED border provide enough brightness for detailed grooming tasks like shaving or applying makeup?,"Is the mirror tall enough to get a good view of my outfit, or is it strictly a face-level vanity mirror?","Since the room looks a bit dim, is this backlit mirror the primary light source for the bathroom area?",Is the mirror wide enough for two people to stand side-by-side and brush their teeth at the same time?,Does the soft backlighting serve as a good nightlight so we don't disturb each other during the night?,Is there enough counter space directly below this mirror to hold toiletries for two people?,"Since there is only one narrow mirror here, is there a second vanity area elsewhere in the suite to avoid bottlenecks?",Is the mirror mounted high enough to stay clean from water splashes when kids are using the sink?,Does the glass have an anti-fog feature so the next person can use it immediately after someone takes a hot shower?
image_181_jpg.rf.02c595c47cdd01d482646573cd3a072d.jpg,mirror,0.2028389573097229,477.8663940429688,145.2139892578125,580.1273193359375,408.287109375,Is the overhead lighting bright enough for detailed grooming like shaving or applying makeup?,"Since the mirror is tall and narrow, does it provide a good enough view to check my outfit from the waist up?",Is there enough shelf space on that ledge below the mirror to hold my toiletries bag while I get ready?,Is the mirror wide enough for two people to stand side-by-side and brush their teeth at the same time?,"Since the mirror reflects the bedroom area, does turning on the bathroom light disturb the person sleeping in bed?","With only one sink and a narrow mirror, will we be fighting for space to get ready for dinner?",Will having just one narrow mirror and sink create a bottleneck when the whole family tries to get ready in the morning?,"Is the mirror mounted low enough for children to see themselves, or will they need a step stool?",Does the mirror's reflection allow me to keep an eye on the kids in the bedroom while I'm washing up?
image_181_jpg.rf.02c595c47cdd01d482646573cd3a072d.jpg,mirror,0.1776264756917953,409.4328308105469,85.67671203613281,611.4193115234375,409.6846008300781,Is the overhead recessed lighting bright enough for doing detailed makeup or shaving without casting shadows?,"Does the mirror offer any magnification for close-up grooming, or is it just the standard large panel shown?","Since the mirror reflects the bedroom, is there a way to angle it or cover it for privacy while using the sink?",Is the mirror wide enough for two people to stand side-by-side and get ready for dinner at the same time?,"Does the glass fog up quickly when the shower next to it is in use, or is it heated?",The mirror looks quite tall; does it provide a good viewing angle for partners of significantly different heights?,Is the mirror mounted low enough for children to see themselves when washing their hands?,"Since the mirror reflects into the main room, can I easily keep an eye on the kids in the bedroom while I'm at the sink?",Is the glass easy to wipe down if multiple people are splashing water from the basin?
image_236_jpg.rf.b11ac0c8efde1da1ac1c6ff44f54b05c.jpg,mirror,0.1555974334478378,0.4055309295654297,1.888141632080078,306.14276123046875,324.38848876953125,Is that a magnifying mirror attached to the wall on the left for detailed grooming like shaving or applying makeup?,Does the overhead lighting reflect well enough in the mirror to provide clear visibility without casting shadows on my face?,Is the ledge beneath the mirror wide enough to securely hold my toiletry bag while I'm using the sink?,Is the horizontal mirror wide enough for both of us to stand side-by-side and get ready for dinner at the same time?,Is that a full-length reflective surface on the right side so we can check our outfits before heading out?,"Since the mirror is mounted above a high backsplash, is the height suitable for partners of different heights to both see themselves comfortably?","With the vessel sink sticking out, is the mirror positioned too far back for children to see themselves when brushing their teeth?",Is the mirror area spacious enough for a parent to stand behind or beside a child to help with hair without blocking the view?,"Since the counter space looks limited to the narrow ledge, is there enough room to line up toothbrushes and supplies for a whole family?"
image_236_jpg.rf.b11ac0c8efde1da1ac1c6ff44f54b05c.jpg,mirror,0.1254587471485138,0.1179313659667968,80.08271026611328,156.334228515625,288.0997314453125,"Does the smaller, round adjustable mirror offer magnification for detailed grooming like shaving or applying makeup?",Is the overhead lighting bright enough to see clearly in the mirror without casting shadows on my face?,"Is the main mirror tall enough to check my outfit, or is it strictly for face-level use?",Is the large wall mirror wide enough for two people to stand side-by-side and get ready for dinner at the same time?,Can the small round mirror be moved aside so it doesn't block the view for the second person using the sink?,Does the mirror tend to fog up quickly when someone is using the shower visible in the reflection?,Does the main mirror extend low enough towards the backsplash so children can see themselves while brushing their teeth?,Is the adjustable arm on the round mirror sturdy enough to withstand use by kids who might pull on it?,Is the mirror wide enough to allow multiple family members to do a final check before heading out for the day?
image_57_jpg.rf.707a1812cabc5fa5d365dc80e82c570c.jpg,mirror,0.402247816324234,4.655179977416992,11.93838119506836,228.22970581054688,336.78369140625,"Does the backlit design provide bright, even lighting suitable for detailed tasks like shaving or applying makeup?",Is the mirror positioned at a height that allows for a full view of the upper body for checking my outfit?,Is the glass treated with anti-fog technology so I can use it immediately after a hot shower?,Is the mirror wide enough for two people to stand side-by-side and get ready for a night out simultaneously?,Does the ambient backlighting create a pleasant atmosphere without being too harsh for late-night bathroom trips?,Does the large reflective surface help the bathroom feel more spacious and less cramped when we are both in there?,Does the bottom edge of the mirror sit low enough for children to see themselves while brushing their teeth?,Is the mirror broad enough to handle the morning rush when multiple family members are trying to use the vanity area?,Is the combination of overhead and side lighting bright enough to illuminate the entire wet area for safety?
image_57_jpg.rf.707a1812cabc5fa5d365dc80e82c570c.jpg,mirror,0.1498035192489624,6.980953216552734,24.83107566833496,227.4311065673828,339.2802734375,Is the backlighting around the edges bright enough for detailed tasks like shaving or applying makeup without shadows?,Does the mirror extend high enough to let me check my outfit from the waist up before I head out?,"Since the shower is reflected right there, does the glass have anti-fog capabilities so I can use it immediately after washing up?",Is the mirror wide enough for both of us to stand side-by-side and get ready for dinner at the same time?,"Does the ambient lighting behind the mirror create a relaxing mood, or is it too bright to leave on at night?","Since there is only one sink, is the mirror wide enough that I can do my hair in the reflection while my partner uses the faucet?",Is the bottom edge of the mirror low enough for children to see themselves while washing their hands?,Is the mirror securely mounted flush to the wall so kids can't pull on the floating edges or reach the lights behind it?,"With a whole family using this sink, is the large glass surface easy to wipe down if it gets splashed with water or toothpaste?"
image_57_jpg.rf.707a1812cabc5fa5d365dc80e82c570c.jpg,mirror,0.1353630572557449,25.771217346191406,149.77024841308594,221.8236541748047,341.9379272460937,Is the integrated side lighting bright enough for precise tasks like shaving or applying makeup without casting shadows?,"Is the mirror tall enough to allow me to check my outfit from the waist up, or is it positioned only for face-level grooming?","Does the glass offer a high-quality, distortion-free reflection so I can get ready quickly and efficiently?",Is the mirror wide enough for both of us to stand side-by-side and brush our teeth at the same time?,"Since the shower is visible in the reflection, does the mirror tend to fog up completely when one person is showering while the other is getting ready?","Do the side lights combined with the overhead light create a flattering ambiance, or is the lighting harsh?",Is the mirror mounted low enough for younger children to see themselves while washing their hands?,Is the mirror surface large enough to let me help a child with their hair while someone else is using the sink?,"Does the lighting from the mirror illuminate the rest of the bathroom well enough to navigate safely, given the accessibility bars visible in the reflection?"
image_57_jpg.rf.707a1812cabc5fa5d365dc80e82c570c.jpg,mirror,0.3578016757965088,154.00851440429688,168.57894897460938,215.03741455078125,329.8336181640625,Is the overhead lighting visible at the top bright enough to illuminate my face clearly for detailed grooming like shaving or makeup?,"Since the mirror reflects the shower directly, does it have an anti-fog feature so I can use it immediately after a hot shower?","Is the mirror tall enough to provide a decent view of my upper body outfit, or is it strictly limited to face-level use?",The mirror looks somewhat narrow in the photo; is there actually enough width for two people to stand side-by-side to brush teeth simultaneously?,"Given the clear reflection of the shower interior, does the mirror placement compromise privacy if one person is at the sink while the other is showering?","Is that bright overhead light the only source, or are there softer lighting options around the mirror for a more relaxed atmosphere?",Does the bottom edge of the mirror sit low enough for children to see themselves while washing their hands?,"Since the mirror is positioned right next to the shower entry, does the glass get water spots easily from high-traffic family use?",Is the shelf space or counter area below the mirror large enough to hold toiletries for multiple people without blocking the view?
image_57_jpg.rf.707a1812cabc5fa5d365dc80e82c570c.jpg,mirror,0.1669753491878509,603.4159545898438,164.00970458984375,634.0770263671875,337.5775756835937,Is that safety handle securely mounted to help prevent slipping on the wet tile?,Does the vertical rail allow me to easily adjust the shower head height for my convenience?,Is the chrome finish clean and free of rust or limescale buildup?,Does the adjustable rail mechanism slide smoothly so we can both set our preferred shower heights?,Is the shower area spacious enough that the protruding grab bar doesn't get in the way?,"Do the fixtures look modern and polished enough for a nice, romantic stay?",Is this bathroom accessible and safe for elderly family members who might need the support handle?,Is the handheld shower hose flexible and long enough to make washing small children easy?,Are the fixtures durable and well-anchored to withstand heavy use by a large family?
image_57_jpg.rf.707a1812cabc5fa5d365dc80e82c570c.jpg,mirror,0.1116968914866447,177.4984588623047,186.35086059570312,215.1648101806641,318.75927734375,Is the mirror placed at a convenient height for shaving or applying makeup without having to lean awkwardly over the sink?,"Since the mirror reflects the shower, does it have an anti-fog feature so I can use it immediately after bathing?","Is the lighting around the mirror bright enough for detailed grooming, or is the reflection dim?",Is the mirror wide enough for two people to stand side-by-side and get ready for dinner at the same time?,"Given the mirror reflects the shower area directly, does the bathroom layout offer enough privacy if one person is showering while the other uses the sink?",Is the mirror tall enough to accommodate the height difference between partners so we can both see ourselves easily?,Is the bottom of the mirror low enough for children to see themselves while brushing their teeth?,Is the mirror large enough to help manage the morning rush when multiple family members need to check their appearance?,Is the glass quality durable and easy to wipe down if kids splash water on it from the sink or shower?
image_57_jpg.rf.707a1812cabc5fa5d365dc80e82c570c.jpg,mirror,0.3305579125881195,29.79546546936035,161.9072723388672,134.64169311523438,334.0350952148437,Is the mirror large enough for full outfit checks?,Can I see myself clearly for detailed makeup or shaving?,Is there good lighting for solo grooming tasks?,Is the mirror wide enough for two people to stand side-by-side and brush their teeth at the same time?,"Since the shower handle is visible right next to the mirror, does the glass fog up quickly when one person showers while the other gets ready?",Does the lighting illuminate the whole mirror width evenly so we can both see clearly while getting ready for dinner?,Is the bottom edge of the mirror low enough for children to see themselves while washing their hands?,Is the mirror large enough to help multiple people get ready quickly during the morning rush?,Is the mirror securely mounted and durable enough to withstand high traffic and potential splashing from the sink?
image_195_jpg.rf.b43ec3a8f41340a23d9a72b15d2ec12b.jpg,mirror,0.2751340270042419,31.81484603881836,1.8480110168457031,189.3826141357422,355.443359375,Is the built-in LED border light bright enough for detailed grooming tasks like shaving or applying makeup without needing extra overhead lighting?,I see an outlet on the right; is it positioned conveniently enough to plug in a hair straightener or dryer while looking in the mirror?,"Is the mirror tall enough to give me a decent view of my outfit from the waist up, or is it strictly for face-level use?",Is the mirror wide enough for two people to stand side-by-side and brush their teeth or get ready for dinner at the same time?,Does this mirror feature an anti-fog setting so one of us can use it immediately after the other takes a hot shower?,"Can the backlit illumination be dimmed to create a softer, more romantic ambiance, or is it always set to full brightness?",Does the mirror start low enough to the countertop so that younger children can easily see themselves while washing their hands?,Is there enough counter space beneath the mirror to hold toiletry bags and toothbrushes for a whole family without cluttering the sink?,"Does the illuminated border function as a nightlight, or is it too bright for family members making bathroom trips in the middle of the night?"
image_66_jpg.rf.581d87789d3f94d55a49ccce2f1d2b85.jpg,mirror,0.2261674106121063,209.419677734375,116.31488800048828,258.80059814453125,191.69058227539065,"Is this a magnifying mirror, which would be helpful for my detailed morning shaving or makeup routine?",Does the extendable arm pull out far enough so I don't have to lean uncomfortably over the counter to see?,"Is the chrome fixture sturdy, or does the mirror wobble and drift while trying to use it?",Is the mirror adjustable enough to comfortably accommodate two partners of significantly different heights?,Is this mirror positioned far enough away from the main sink that one of us can use it while the other brushes their teeth?,Does the mirror face swivel easily so we can switch between standard and magnified views without hassle?,Does the arm fold completely flat against the wall to keep the walkway clear when multiple people are in the bathroom?,Is the mirror mounted high enough to be out of reach of small children who might pull on the extendable arm?,Is the wall mounting secure enough to handle frequent adjustments by a whole family getting ready?
image_66_jpg.rf.581d87789d3f94d55a49ccce2f1d2b85.jpg,mirror,0.1506792604923248,4.965839385986328,1.0912513732910156,261.1945495605469,400.2934265136719,Does the adjustable magnifying mirror on the side extend far enough over the sink for precise makeup application or shaving?,"Is the main rectangular mirror tall enough to provide a decent outfit check, or does it cut off at the waist?",How is the lighting directly around the vanity area—is it bright enough for detailed grooming in front of that mirror?,"Since the main mirror looks quite narrow, is there actually enough width for two people to stand side-by-side and get ready simultaneously?","Does the mirror tend to fog up completely during a shower, making it hard for the second person to use immediately?",Can the round cosmetic mirror be folded back flush against the wall so it doesn't block the view for the other person sharing the space?,Does the bottom of the main mirror start low enough for children to see themselves while washing their hands?,"Is the mounting arm for the circular mirror sturdy and secure, or does it feel fragile if kids were to mess with it?",Are there additional mirrors in the room for convenience?
image_66_jpg.rf.581d87789d3f94d55a49ccce2f1d2b85.jpg,mirror,0.1015756502747535,3.45804214477539,-5.8343505859375,616.0244750976562,432.8174133300781,"Is the small, round mirror on the extension arm magnifying to help with shaving or applying makeup?",Does the lighting above the main mirror provide clear enough visibility for detailed grooming?,Is the wall mirror tall enough to verify my appearance from the waist up before heading to a meeting?,Is the main mirror wide enough for both of us to stand in front of it and get ready at the same time?,"Since the mirror is right next to the shower partition, does it tend to fog up completely when the hot water is running?",Can the extendable arm on the cosmetic mirror be moved out of the way so it doesn't block the view for the other person?,Does the bottom of the large mirror start low enough for children to see themselves while brushing their teeth?,Is the counter space in front of the mirror large enough to hold toiletry bags for a whole family?,Is the small circular mirror mounted high enough to be out of reach of toddlers who might pull on it?
image_66_jpg.rf.581d87789d3f94d55a49ccce2f1d2b85.jpg,mirror,0.2192161530256271,1.669902801513672,19.70623016357422,173.94052124023438,387.0562133789063,Is the adjustable magnifying mirror attached to the side high-quality enough for detailed shaving or applying makeup?,Is the main mirror tall enough to provide a clear upper-body reflection for a quick outfit check before I leave?,Does the lighting around the mirror provide clear visibility without casting awkward shadows on my face?,Is the main mirror wide enough for both of us to stand side-by-side and check our appearance before a night out?,Does the extending arm of the makeup mirror get in the way of the main reflection if we are both trying to get ready at the same time?,Does the large mirror help the bathroom feel spacious enough for two people to share comfortably?,Does the mirror start low enough near the countertop so that younger children can see themselves while washing up?,Is the mirror large enough to handle the visual chaos of multiple people trying to brush their teeth or get ready simultaneously?,Is the mirror positioned well enough to help us keep track of everyone's toiletries scattered across the counter?
image_66_jpg.rf.581d87789d3f94d55a49ccce2f1d2b85.jpg,mirror,0.1655517369508743,110.88737487792967,-1.0482215881347656,630.313232421875,554.52978515625,"Is the lighting above the main vanity mirror bright and neutral enough for applying makeup, or is it too yellow?","Does the small, circular magnifying mirror extend far enough to be comfortable for close-up shaving?","Is the large wall mirror tall enough to see my upper body clearly, or will I need a separate full-length mirror to check my outfit?",Is the vanity mirror wide enough for both of us to stand side-by-side and get ready for dinner without bumping elbows?,"Since the shower screen is right next to the vanity, does the mirror fog up immediately when one person is showering while the other uses the sink?",Can the angle of the smaller cosmetic mirror be adjusted so we can both use the mirror area effectively at the same time?,Is the main mirror positioned low enough for children to see themselves while brushing their teeth?,Is the mirror wide enough to accommodate the morning rush when multiple family members need to use the sink?,Is the adjustable arm on the circular mirror sturdy enough to handle frequent adjustments by different family members?
image_66_jpg.rf.581d87789d3f94d55a49ccce2f1d2b85.jpg,mirror,0.1170287653803825,241.1513519287109,2.6279449462890625,629.4147338867188,529.8192749023438,"Is the small round mirror on the extendable arm magnifying, which would be helpful for detailed shaving or makeup application?","Does the main mirror provide enough vertical height to see my outfit, or is it strictly for face-level grooming?",Is the overhead lighting bright enough to use the mirror effectively without casting shadows on my face?,Is the main mirror wide enough for two people to use simultaneously while getting ready for a night out?,"Since the mirror is located right next to the shower, does it have good ventilation to prevent it from steaming up completely?",Can the smaller cosmetic mirror be adjusted to different angles easily so both partners of different heights can use it?,Does the large mirror extend low enough for children to see themselves while washing their hands?,"Is the extendable arm on the circular mirror sturdy, or does it feel fragile if kids were to mess with it?",Is the mirror large enough to allow a few family members to do a quick appearance check before leaving for the day?
image_66_jpg.rf.581d87789d3f94d55a49ccce2f1d2b85.jpg,mirror,0.1267786920070648,-2.993173599243164,1.2610816955566406,288.62908935546875,471.6130065917969,"Is the small, round mirror on the side extendable and magnified to help with detailed grooming or shaving?",Does the overhead lighting provide enough brightness on the main mirror for applying makeup without creating shadows?,"Is the large mirror tall enough to check my upper-body outfit, or is it strictly for face-level use?",Is the main mirror wide enough for two people to stand side-by-side and brush their teeth at the same time?,Can the smaller adjustable mirror be pulled out far enough so one person can use it while the other uses the main sink area?,"Does the mirror fog up quickly when the adjacent bathtub is in use, or is the ventilation good enough to keep it clear for both of us?",Is the large mirror mounted low enough on the wall for children to see themselves when they wash their hands?,Is the extendable arm on the small mirror sturdy enough to handle frequent adjustments by different family members?,Does the wide angle of the main mirror allow me to keep an eye on kids in the bathtub while I'm using the sink?
image_188_jpg.rf.d700146a57be81bb638f8b256a54b804.jpg,mirror,0.1031349077820777,480.9159851074219,192.8126220703125,518.238525390625,253.58441162109372,"Is this a magnifying mirror, which would be helpful for detailed grooming like shaving or applying makeup?",Does the extendable arm move smoothly so I can pull the mirror close without leaning over the sink?,Is the lighting in this area bright enough to use this small mirror effectively?,Is this mirror an addition to a larger main mirror so we can both get ready at the same time?,"Does the mirror flip to show a standard reflection on the other side, or is it only magnifying?",Can the arm be pushed back fully against the wall to create more space when two people are in the bathroom?,Is the mirror mounted high enough to be out of reach of small children who might swing on the arm?,Does the fixture seem sturdy enough to withstand frequent adjusting by multiple family members?,Does the mirror fold flat securely so no one accidentally bumps into it in a busy bathroom?
image_188_jpg.rf.d700146a57be81bb638f8b256a54b804.jpg,mirror,0.1821519583463668,531.0343017578125,185.0878143310547,595.2025756835938,262.5497741699219,Does one side of this circular mirror offer magnification for detailed grooming like shaving or applying makeup?,How far does that chrome arm extend out from the wall—can I pull it close enough to see clearly without leaning over the sink?,Is the lighting in this specific corner bright enough to actually use a cosmetic mirror effectively?,"Is the mirror's height adjustable via the arm, or is it fixed in a way that might be awkward for two people of significantly different heights?",Does the swing arm allow the mirror to move completely out of the way so one person can use the sink while the other gets ready elsewhere?,"Is this the primary mirror in the room, or is there a larger wall mirror we can use simultaneously?",Does the mirror fold completely flat against the wall to save space when a whole family is trying to move around the room?,"Since I can see a bunk bed ladder reflected in the glass, is the mirror mounted high enough to be out of reach of small children?","Is the wall mounting sturdy enough to handle frequent adjustments by multiple people, or does the arm feel wobbly?"
image_188_jpg.rf.d700146a57be81bb638f8b256a54b804.jpg,mirror,0.3249728083610534,339.3096618652344,2.2080039978027344,568.1124267578125,378.73046875,Is the overhead lighting reflected in the glass bright enough for detailed grooming since there are no vanity lights directly on the mirror frame?,Does the smaller round mirror on the extendable arm offer magnification for shaving or makeup application?,"Is the main mirror tall enough to provide a decent view of my outfit from the waist up, or is it strictly for face-level use?",Is the mirror wide enough for two people to stand side-by-side to brush their teeth at the same time?,Does the extendable arm of the cosmetic mirror fold flat against the wall so it doesn't separate us when we're trying to share the sink?,"Since the hairdryer is mounted right next to the mirror, is there enough elbow room for one person to dry their hair while the other uses the reflection?","Does the bottom edge of the mirror sit low enough for children to see themselves, or would they need a step stool?",Is the circular mirror mounted high enough to be out of reach of toddlers who might pull on the extendable arm?,Does the angle of the mirror allow me to see through the open doorway behind me to keep an eye on the rest of the family while I'm at the sink?
image_4_jpg.rf.96e1bb4845099a80d95ba42b67b68308.jpg,mirror,0.2009460926055908,331.9333190917969,-6.539173126220703,641.7926025390625,454.3278503417969,Is the overhead lighting reflected in the mirror bright enough for detailed grooming like shaving or applying makeup?,Does the mirror capture enough natural light from the window behind it to help me get ready during the day?,"Is the mirror tall enough to provide a good view of my outfit, or is it strictly for face-level use?",Is the mirror wide enough for both of us to stand side-by-side and get ready for dinner at the same time?,"Since the mirror reflects directly into the bedroom, is there a way to close the door for privacy while one person is sleeping?",Does the mirror span the full length of the vanity so I can style my hair while my partner uses the sink?,Is the bottom edge of the mirror low enough for children to see themselves while brushing their teeth?,Does the reflection allow me to keep an eye on family members in the bedroom area while I'm at the sink?,Is the mirror large enough to accommodate multiple people doing a final appearance check before we head out?
image_4_jpg.rf.96e1bb4845099a80d95ba42b67b68308.jpg,mirror,0.1497919857501983,304.1027526855469,-2.3487472534179688,615.990966796875,429.8078918457031,Is the lighting fixture above the mirror bright and positioned well enough for detailed grooming tasks like shaving or applying makeup?,Does the mirror extend low enough towards the vanity to provide a good viewing angle for checking my appearance while leaning over the sink?,"Is there enough clear counter space in front of the mirror to lay out my personal toiletries kit, or do the decorative plants take up the usable room?","Is the mirror wide enough for two people to stand side-by-side and get ready simultaneously, despite there being only one sink?","Since the mirror reflects directly into the bedroom area, is there a solid door available to block the view and light if one person is sleeping while the other gets ready?",Does the mirror reach high enough to the ceiling to comfortably accommodate partners of very different heights?,Does the mirror's clear reflection of the bedroom allow me to keep an eye on children on the bed while I am using the bathroom sink?,"Is the vanity surface large enough to hold toothbrushes and toiletries for multiple people, or is the space too limited for a family?",Is the mirror glass mounted flush and securely to the wall so I don't have to worry about safety if children are playing near the vanity?
image_45_jpg.rf.20874c941a274b3c132cb5f54148b49e.jpg,mirror,0.1161787286400795,132.5804443359375,43.79603576660156,283.9193115234375,329.5859375,Is the overhead lighting bright and positioned well enough for shaving or detailed makeup application?,Does the mirror have a heated anti-fog section so I can use it immediately after a hot shower?,Is that glass shelf below the mirror deep enough to hold a full-sized toiletry bag?,Is the mirror wide enough for two people to stand side-by-side and brush their teeth at the same time?,Does the glass extend high enough for a tall person to see their reflection without hunching?,Is the reflection clear and distortion-free for checking our appearance before a night out?,Does the mirror start low enough on the wall for children to see themselves while washing their hands?,Is the glass shelf sturdy enough to hold heavy toiletry bottles for multiple people without bending?,Does the large size of the mirror help make this compact bathroom feel less claustrophobic for a family?
image_45_jpg.rf.20874c941a274b3c132cb5f54148b49e.jpg,mirror,0.1143786162137985,332.1754455566406,0.9568977355957032,613.8668823242188,469.3230590820313,"Is the mirror tall enough to be used for checking my full outfit, or does the sink obstruct the view of the lower half?","Since the mirror is located directly inside the shower area, does it have a heated anti-fog feature so I can shave immediately after a hot shower?",Is the lighting above the mirror bright and neutral enough for detailed tasks like applying makeup or putting in contact lenses?,"Is the mirror wide enough for two people to brush their teeth side-by-side, or will we be fighting for reflection space?","Does the small glass shelf under the mirror provide enough room for two people's toiletries, or will we need to balance items on the sink rim?","Given the vertical design, does the mirror accommodate partners of significantly different heights comfortably?","Since the shower spray is right next to the mirror, does it get constantly splashed and water-spotted when bathing children?",Is the mirror mounted securely and flush against the wall to prevent safety issues if kids bump into it in this tight space?,Does the bathroom ventilation clear steam off the mirror quickly so the next family member can use it right after someone showers?
image_45_jpg.rf.20874c941a274b3c132cb5f54148b49e.jpg,mirror,0.2161893844604492,207.26980590820312,90.3573760986328,279.94451904296875,309.9446716308594,Is the lighting reflected in the mirror bright enough for detailed grooming tasks like applying makeup or shaving?,Does the mirror extend high enough on the wall to be comfortable for a tall person to use without stooping?,Is the glass shelf directly underneath sturdy enough to hold my toiletry kit while I'm using the sink?,Is the mirror wide enough for two people to stand side-by-side and get ready for dinner at the same time?,"Since the shower curtain rod is reflected so close by, does this mirror fog up immediately when one person is showering?",Is the vertical size of the mirror generous enough to accommodate a significant height difference between partners?,"Is the shelf below the mirror large enough to hold toothbrushes and toiletries for a whole family, or will it get cluttered easily?","Is the mirror mounted low enough for children to see their reflection, or is it positioned strictly at adult height?","With the faucet positioned right below, does the bottom of the mirror get splashed and dirty constantly when kids are washing their hands?"
image_45_jpg.rf.20874c941a274b3c132cb5f54148b49e.jpg,mirror,0.1542271226644516,2.0679855346679688,20.546112060546875,277.4630432128906,343.7596130371094,Is the lighting above the mirror bright enough for detailed grooming tasks like applying makeup or shaving?,"Does the mirror tend to fog up quickly after a shower, or does it stay clear enough for me to get ready immediately?",Is the glass shelf directly under the mirror sturdy and wide enough to hold my full toiletry bag while I use the sink?,Is the mirror wide enough for two people to stand side-by-side to brush teeth or check their hair at the same time?,"Given the position of the sink, is there enough elbow room in front of the mirror for both of us to get ready without bumping into each other?",Does the mirror provide a full enough view for us to check our outfits before heading out for dinner?,Does the bottom edge of the mirror sit low enough for children to see themselves while washing their hands?,Is the shelf below the mirror spacious enough to hold multiple toothbrushes and toiletries for the whole family without things falling off?,Does the large size of the mirror help make the bathroom feel less cramped when multiple people are trying to use the space?
image_225_jpg.rf.4ee16ac58de475713cd6bd42f03ef0e7.jpg,mirror,0.1113228797912597,209.2386474609375,145.82833862304688,646.1773071289062,608.0606689453125,Is the overhead spotlighting bright enough for detailed grooming like shaving or applying makeup without casting shadows?,"Since the sink is off to the side, can I easily use the empty counter space in front of the mirror to spread out my toiletries while getting ready?","Does the mirror offer a clear, distortion-free reflection for checking my appearance before heading out for the day?","Even though there is only one sink, is the mirror wide enough for both of us to stand side-by-side and get ready for dinner without bumping elbows?",Does the mirror reflect enough natural light from the window visible in the background to make doing makeup easier?,"Is there enough counter space in front of the mirror for two separate washbags, or will things get cluttered near the sink?",Can multiple people stand in front of that extra-wide mirror to fix hair or brush teeth simultaneously to speed up our morning routine?,"Is the bottom edge of the mirror low enough for children to see themselves, or is it positioned too high above the counter?","With only one sink but a huge mirror, is there enough room on the counter to line up everyone's toothbrushes and cups without them falling into the basin?"
image_225_jpg.rf.4ee16ac58de475713cd6bd42f03ef0e7.jpg,mirror,0.1626035422086715,260.59686279296875,149.06187438964844,640.4712524414062,383.64398193359375,Is the recessed ceiling lighting above the mirror bright enough for detailed tasks like shaving or applying makeup without shadows?,Are the built-in shelves to the left of the mirror easily accessible from the sink for storing my personal toiletries?,"Does the mirror provide a clear, distortion-free reflection for checking my outfit before heading out?","Is the mirror wide enough for both of us to get ready side-by-side, even though there is only one sink?",Does the reflection of the balcony door in the mirror add significant natural light to the room for a brighter atmosphere?,Is there enough counter space along the bottom of the mirror for two separate toiletry bags?,Does the mirror span the entire length of the vanity so three people could technically stand there and check their appearance at once?,"Is the bottom edge of the mirror low enough for children to see themselves, considering the height of the vessel sink?",Can the side shelving seen in the reflection help keep our family's clutter off the main countertop?
image_228_jpg.rf.4c20d24733d45a38130037a2926c8190.jpg,mirror,0.1955951452255249,224.57017517089844,1.112689971923828,603.2799682617188,470.85296630859375,Can the angled side panels of this tri-fold mirror be adjusted so I can easily check the back of my hair while getting ready?,Are the lights positioned above the mirror panels bright enough for detailed grooming tasks like shaving or applying makeup without shadows?,"Since the mirror is tucked into a corner, is there actually enough elbow room to stand comfortably and use it without feeling cramped?","Is the mirror setup wide enough for two people to squeeze in and brush their teeth at the same time, or does the corner location make it strictly a one-person zone?","Given the height of the panels, is the mirror positioned well for partners of significantly different heights to both see themselves easily?","Do the side mirrors offer enough of a view to check our upper-body outfits before heading out to dinner, or is the reflection limited just to the face?","Will the placement of this mirror in a tight corner create a ""traffic jam"" when the whole family is trying to wash up in the morning?",Do the angled mirrors allow me to see into the rest of the bathroom (like the shower area) to keep an eye on children while I'm using the sink?,"Is that thick green frame sturdy and safe, or does it feel like something that might easily break if kids are playing around the vanity?"
image_228_jpg.rf.4c20d24733d45a38130037a2926c8190.jpg,mirror,0.1013523414731025,185.2987823486328,4.133872985839844,299.7514953613281,458.4046020507813,"Is that narrow, vertical section full-length enough for me to check my whole outfit before heading out for the day?",Does the overhead light provide good enough illumination on the mirror face for detailed grooming like shaving or makeup?,"Since the tissue box takes up a chunk of that corner, is there enough counter space left in front of the mirror for my toiletries kit?",Is the mirror setup wide enough for both of us to stand there and brush our teeth at the same time without bumping elbows?,Do those angled side panels move so we can adjust the view while getting ready for dinner together?,"Is the sink area too cramped for two people to get ready simultaneously, given the corner layout?",Is the vanity area spacious enough for a parent to stand next to a child and help them get ready in front of the mirror?,"With the tissues and amenities already there, is there actually room to line up toothbrushes for a whole family?","Do those protruding green frames feel sturdy, or should I be worried about kids accidentally bumping into the glass edges?"
image_228_jpg.rf.4c20d24733d45a38130037a2926c8190.jpg,mirror,0.1444616615772247,193.71319580078125,-1.5209197998046875,598.1139526367188,457.2650146484375,Can the side panels be angled so I can easily see the back of my head for hair styling?,Is the overhead lighting bright enough for detailed grooming like shaving or applying makeup?,Does the compact corner design leave enough counter space to set down a full-sized toiletry bag?,Is the three-panel width sufficient for two people to check their reflections at the same time?,Does the corner sink placement make it too cramped for us to brush our teeth side-by-side?,Is the mirror positioned high enough that we can both see clearly without stooping?,Can the side mirrors be angled downward so children can see themselves without being lifted?,Is the vanity area large enough for a parent to stand next to a child to help them get ready?,"Since the counter looks small, is there enough shelf space nearby for multiple family members' toiletries?"
image_183_jpg.rf.850de5e898b1278b433e2286e8a6d7b9.jpg,mirror,0.1984219551086425,260.15582275390625,18.000431060791016,411.8556213378906,276.71246337890625,"Do those vertical LED strips provide enough bright, even light for applying makeup or shaving without casting shadows?",Is the circular magnifying mirror on the side adjustable so I can easily position it for detailed grooming?,Is the main mirror tall enough to check my upper body and hair before heading out for a meeting?,Is the mirror wide enough for both of us to stand side-by-side and brush our teeth at the same time?,"Since there appears to be only one sink, does the large mirror area allow one person to do their hair while the other uses the tap?","Does the lighting create a nice ambiance, or is it strictly functional bright white light?",Is the vanity space in front of the mirror large enough to hold toiletries for the whole family without getting cluttered?,Does the mirror hang low enough for children to see themselves while they are washing their hands?,"With the shower visible in the reflection, does the mirror have a defogger so we can use it immediately after someone showers?"
image_183_jpg.rf.850de5e898b1278b433e2286e8a6d7b9.jpg,mirror,0.1012496724724769,411.7765502929688,189.57400512695312,440.4140930175781,241.5631103515625,Is the ring light bright enough for detailed grooming like shaving or applying makeup without needing extra lighting?,"Does the mirror extend on an arm or tilt, so I can adjust it to my height easily?","Is there magnification on this mirror, or is it just a standard reflection?","Is there a larger main mirror adjacent to this one, so we can both get ready at the same time?",Can the light on the magnifying mirror be turned on separately to use as a soft night light while my partner sleeps?,Does the mirror fold back flush against the wall so it doesn't take up space when we are both at the sink?,Is the mirror mounted high enough to be out of reach of small children who might pull on the extendable arm?,"Does the mirror feel sturdy and well-anchored to that textured wall, or does it wobble?",Can the mirror be pushed completely out of the way to prevent bumping into it when the bathroom is crowded?
image_22_jpg.rf.325a5e8603d31dca32e1bcad011ccde8.jpg,mirror,0.1048759520053863,142.65667724609375,179.19996643066406,248.00701904296875,320.9030456542969,Is the mirror positioned well enough to catch natural light from the window shown in the reflection for doing makeup or shaving?,"Is this a full-length mirror for checking my outfit, or just a waist-up mirror mounted above a desk?",Is the glass high-quality and clear without distortion for detailed grooming before a meeting?,Is the mirror wide enough for both of us to stand side-by-side and get ready for dinner at the same time?,Does the large size of the mirror help make the room feel more spacious and open for our stay?,Does the reflection show that the mirror is positioned in a convenient spot relative to the rest of the room layout?,"Is this mirror located in the main sleeping area, providing an extra getting-ready station while the bathroom is occupied?",does the wide angle of the reflection allow me to keep an eye on the kids in the background while I'm getting ready?,"Does the thick, sturdy-looking frame suggest it is securely mounted and safe for a room with active children?"
image_22_jpg.rf.325a5e8603d31dca32e1bcad011ccde8.jpg,mirror,0.2846300303936004,131.59925842285156,105.5274658203125,340.8797607421875,341.0547180175781,Is the mirror large enough for full outfit checks?,Can I see myself clearly for detailed makeup or shaving?,Is there good lighting for solo grooming tasks?,Is the mirror wide enough for both of us to stand side-by-side and brush our teeth at the same time?,"With the hairdryer mounted on the wall to the right, is there enough elbow room for one person to dry their hair while the other uses the sink?",Does the overhead lighting cast shadows that make it difficult for two people to get ready for a night out efficiently?,Is the mirror mounted low enough on the wall for children to see themselves while washing up?,"Given the coffee station takes up counter space, is there anywhere to put toothbrushes and toiletries for a whole family?",Does the mirror frame seem securely mounted and durable enough to withstand heavy daily use by a large group?
image_22_jpg.rf.325a5e8603d31dca32e1bcad011ccde8.jpg,mirror,0.1093023344874382,460.95452880859375,97.5663604736328,641.35400390625,528.572509765625,"Is the wall-mounted hair dryer powerful enough for proper styling, or should I plan to bring my own travel dryer?","Are those bulk dispensers in the shower usually kept full of quality shampoo and soap, so I don't need to unpack my toiletries kit?","The overhead light looks bright, but is there additional lighting near the vanity area for detailed grooming or shaving?","Is the bathroom floor space wide enough for two people to move around, or will we be bumping into the toilet while trying to get ready together?","Is that bathtub deep and comfortable enough for a relaxing soak, or is it really just designed for standing showers?","Since the door frame looks standard, does the bathroom door provide good sound privacy from the bedroom area?","Is the showerhead fixed in place, or is there a handheld attachment that would make it easier to wash small children in the tub?","With the toilet right next to the tub, is there enough room to safely assist an elderly family member getting in and out of the shower?","Are there enough towel bars or hooks to hang up wet towels for multiple people, or will we run out of drying space quickly?"
image_14_jpg.rf.663c96ad8dd7a1e0e1e263270fc69756.jpg,mirror,0.1037050932645797,2.743673324584961,25.76183319091797,282.468017578125,376.7088623046875,"Is the overhead lighting bright enough for detailed grooming, or does the decorative frame cast shadows?","Does the ""mirror-on-mirror"" design allow for a seamless reflection, or does the gold trim interrupt the view?",Does the sheer scale of the mirror make the bathroom feel spacious and luxurious for a relaxing solo retreat?,"With the double faucets visible, is the mirror wide enough for both of us to get ready for dinner simultaneously?","Does the elegant gold framing and reflected chandelier create a romantic, upscale ambiance for a special getaway?",Is the lighting balanced across the entire width so neither partner is standing in the dark at their sink?,Does the mirror glass extend low enough to the countertop for children to easily see themselves while brushing their teeth?,Is the surface area large enough for a whole group to do a final outfit check at the same time before heading out?,Does the wide reflection help parents keep an eye on the rest of the bathroom space while standing at the vanity?
image_14_jpg.rf.663c96ad8dd7a1e0e1e263270fc69756.jpg,mirror,0.109758585691452,482.9874877929688,15.641212463378906,641.6336059570312,387.6411437988281,"Since the mirror is mounted directly over the bathtub, is it difficult to get close enough for detailed grooming like shaving or makeup?",Is the lighting from the reflected chandelier bright enough to see clearly without casting shadows?,"Does that frosted geometric pattern in the reflection obstruct the view, or is the mirror surface itself clear?",Is the mirror wide enough for two people to use simultaneously while getting ready for dinner?,Does the reflection of the frosted glass partition indicate that the shower area offers good privacy?,Is the mirror positioned at a height that works comfortably for two people of different statures?,"Based on the reflection, is the bathroom spacious enough for a family to navigate around the tub area?","Is the mirror large enough for a group to do a final outfit check before heading out, or does the tub cut off the view?",Is the mirror securely mounted and durable enough to handle the humidity and activity of a full family stay?
image_14_jpg.rf.663c96ad8dd7a1e0e1e263270fc69756.jpg,mirror,0.3252156972885132,17.17728614807129,88.13628387451172,268.91583251953125,374.239013671875,Is the lighting from the wall sconces and overhead spots bright and even enough for detailed makeup application or grooming?,"Does the ornate gold frame painted on the mirror obstruct the view when I'm trying to check my reflection, or is it purely decorative?",Is there enough open counter space on either side of the sink to spread out my toiletries and styling tools without feeling cramped?,The reflection shows two faucets; does this confirm it is a double vanity so we can both get ready for dinner at the same time?,Is the mirror wide enough for two people to stand side-by-side and check their outfits without bumping into each other?,Does the luxurious design with the gold detailing and chandelier reflection feel upscale enough for a romantic anniversary trip?,Is the large mirror expansive enough for a family to brush teeth together during the morning rush without fighting for a view?,"Is the vanity counter low enough for younger children to see themselves in the mirror, or would we need to request a step stool?","With multiple people using the bathroom, is the glass surface easy to wipe down if water gets splashed near that intricate gold frame?"
image_14_jpg.rf.663c96ad8dd7a1e0e1e263270fc69756.jpg,mirror,0.2380390167236328,3.0902576446533203,47.62971878051758,276.5166931152344,370.0240478515625,Is the lighting from the wall sconces and overhead spots bright enough for detailed grooming like shaving or applying makeup?,Does the ornate gold frame overlaid on the glass distort or block the view when standing directly in front of the sink?,Is the mirror positioned close enough to the vanity edge to get a clear close-up reflection without leaning too far over the counter?,"Since the mirror spans the entire width of the double vanity, is there enough elbow room for both of us to get ready simultaneously?",Does the bathroom layout offer enough counter space in front of the mirror for two separate sets of toiletries?,Is the lighting evenly distributed across the wide glass so neither person is standing in a shadow while getting ready?,Does the extra-wide mirror allow for three or four people to do a final outfit check at the same time before heading out?,Is the mirror mounted low enough on the wall for children to easily see themselves while brushing their teeth?,Is the vanity surface durable and spacious enough to handle the clutter of a whole family's toiletry bags?
image_14_jpg.rf.663c96ad8dd7a1e0e1e263270fc69756.jpg,mirror,0.3405963778495788,459.56781005859375,6.777286529541016,642.4152221679688,385.9244384765625,Does the decorative frosted pattern on the right side of the glass obstruct the view when trying to do detailed makeup or shaving?,"Is the light from the reflected crystal chandelier bright enough for grooming, or is it mostly just atmospheric?","Since the mirror is mounted above the tub, is it close enough to actually use clearly, or is it too far back?",Is the mirror wide enough for two people to stand side-by-side and get ready for dinner at the same time?,Does the elegant gold frame and chandelier lighting add a romantic or luxurious feel to the room?,The reflection shows storage doors behind—is there enough floor space for both of us to move around without bumping into each other?,"Is the mirror mounted low enough for children to see themselves, or is it strictly at adult height?",I see a metal grab bar on the wall; does this indicate the mirror area is accessible for elderly family members?,Is that frosted design on the glass hard to keep clean if kids touch it with wet hands?
image_16_jpg.rf.f3672cf2cfc9fe50e8a752abaaa01a83.jpg,mirror,0.2483751326799392,-2.0748233795166016,-0.2997207641601562,210.5493927001953,383.103515625,Is the vertical light strip on the right side bright enough for detailed grooming tasks like shaving or applying makeup?,"Does the mirror have a built-in demister, given that it is positioned right next to the shower area?","Since the mirror is quite tall, does it provide a full-length view of my outfit, or is the lower half blocked by the vanity?",Is the mirror wide enough for two people to stand side-by-side and get ready for a night out at the same time?,Is there sufficient shelf space along the bottom of the mirror to hold toiletries and cosmetic bags for two people?,Can both partners see clearly without crowding?,"Is this the only mirror in the accommodation, or will our group be fighting over this one spot to get ready?",Is the mirror positioned low enough above the sink for children to easily see their reflection while brushing their teeth?,"Given the mirror sits directly behind the faucet, does it stay clean or get covered in splashes when the whole family is washing up?"
image_63_jpg.rf.41f13f019986f4f16dc1a7573cdb1797.jpg,mirror,0.2509969472885132,100.84715270996094,75.20185852050781,206.246826171875,441.7816162109375,"The lighting fixture above the mirror looks bright, but is it positioned well enough to avoid casting shadows while shaving or applying makeup?","Is that a wall-mounted hair dryer reflected in the glass, and is it within easy reach of the mirror?",Is the mirror tall enough to provide a decent view of my upper body and outfit before I head out?,Is this mirror wide enough for two people to stand side-by-side and get ready for dinner at the same time?,"Since there is only one mirror and sink, does the surrounding counter offer enough space for two separate toiletry bags?","Does the overhead lighting provide a flattering glow, or is it harsh and clinical for a romantic stay?",Is the mirror mounted low enough on the wall for children to see themselves while brushing their teeth?,Since this appears to be a?,Are there additional mirrors in the room for convenience?
image_208_jpg.rf.6e6e0622121954acc981112239b55a2e.jpg,mirror,0.1521309614181518,77.71622467041016,33.6741828918457,221.0222625732422,378.6915588378906,"Since the lighting relies on those recessed ceiling spots, is it bright enough for detailed grooming like shaving or makeup without casting downward shadows?","Is the small wooden ledge at the bottom wide enough to hold my personal toiletries, or will I have to balance everything on the sink edge?","The mirror looks quite tall and vertical; does it provide a decent view of my upper body outfit, or is it strictly limited to face-level reflections?",Is the mirror wide enough for two people to stand side-by-side and get ready for a night out simultaneously?,"Since the shelf is shown holding towels, is there actually enough counter space left for two separate washbags?","Do the multiple overhead lights provide even illumination across the whole vanity area so we aren't fighting for the ""good light""?",Does the bottom edge of the mirror start low enough for children to see themselves while brushing their teeth?,"Is that wooden shelf sturdy enough to hold a stack of extra towels for the whole family as shown, or is it fragile?","Since the mirror is narrow and centered over one sink, will this bathroom create a bottleneck when trying to get a whole group ready in the morning?"
image_208_jpg.rf.6e6e0622121954acc981112239b55a2e.jpg,mirror,0.2226269841194152,59.68243408203125,16.21429443359375,336.2814025878906,394.93896484375,Is the overhead spotlighting bright and shadow-free enough for detailed grooming like shaving or applying makeup?,Is the mirror tall enough to check the top half of my outfit before I head out for the day?,"Can I move those towels to use the wooden shelf for my own toiletries, or is space tight?",Is the mirror wide enough for both of us to stand side-by-side and get ready at the same time?,"Since the shower is directly next to the mirror, does the glass fog up immediately when one person is showering?","Is there enough ledge space under the mirror for two separate washbags, or will we be fighting for counter space?",Does the shelf holding the blue towels have enough capacity to stack extra sets for the whole family?,Is the mirror mounted high enough to stay clean from small children splashing water at the sink?,Is the lighting sufficient to light up the whole bathroom so we can help kids get ready easily?
image_49_jpg.rf.3f9d8f8ceed2edb7957c9fcf3e0da913.jpg,mirror,0.2402445375919342,450.4286193847656,80.19820404052734,513.8333129882812,324.7020874023437,Is the lighting from the hanging pendant fixture bright enough in the mirror for detailed grooming or makeup application?,Does the vertical orientation of the mirror provide a full view of the head and torso for checking my outfit?,"Is the glass quality high enough to provide a crisp, distortion-free reflection for shaving?",Is the mirror wide enough for two people to stand side-by-side and brush their teeth simultaneously?,Does the decorative silver frame add a nice touch of luxury to the room for a romantic getaway?,Is the mirror mounted at a height that accommodates partners with a significant height difference?,Is the mirror mounted low enough on the wall for children to see themselves while washing their hands?,"Is the mirror large enough to help speed up the morning routine, or will we need to take turns using it?",Does the frame have sharp edges we should be worried about with active kids in the bathroom?
image_49_jpg.rf.3f9d8f8ceed2edb7957c9fcf3e0da913.jpg,mirror,0.14547860622406,529.698974609375,-0.3134536743164062,639.54541015625,341.53424072265625,"Is the mirror tall enough to see my entire torso for checking my outfit, or is it strictly for face-level grooming?",Does the lighting around this large mirror provide enough brightness for precise tasks like shaving or applying makeup?,Is there enough counter space directly below the mirror to lay out all my personal toiletries while I use the sink?,"Since I can see the edge of another frame to the left, does this bathroom feature dual vanities so we can both get ready for dinner at the same time?",Is the mirror wide enough for two people to check their appearance side-by-side if we are sharing the sink?,Does the elegant silver framing and size of the mirror add a luxurious feel to the room for a romantic stay?,"With the potential for a second vanity area visible, will this bathroom help a family get ready faster in the mornings?","Is the mirror mounted low enough for children to see themselves, considering the sink is a raised vessel style?",Is the mirror large enough to reflect light and make the bathroom feel spacious when multiple people are in the room?
image_52_jpg.rf.48c7a9b7a28b120992f7ae1f94f622a7.jpg,mirror,0.11438500136137,419.9044189453125,29.096946716308597,643.462158203125,476.0043640136719,Are the recessed overhead lights bright enough for detailed grooming like makeup application or shaving?,Is that shelf space to the right of the sink large enough to hold all my toiletries while I get ready?,"Does the mirror extend low enough to check my outfit, or is it primarily just for face-level viewing?",Is the mirror wide enough for both of us to stand side-by-side and get ready for a night out simultaneously?,"Since the shower is reflected right behind the mirror, does the glass fog up quickly when one of us is showering?",Can both partners see clearly without crowding?,Does the mirror start low enough near the faucet for children to be able to see themselves while brushing their teeth?,Is the countertop extending to the right long enough to stack multiple washbags for the whole family?,"Since the mirror reflects the entire room including the door, is the bathroom layout spacious enough for someone to do hair in the mirror while another uses the shower?"
image_27_jpg.rf.cac2f599a7b8dafb539302a05ea00f4f.jpg,mirror,0.2913637161254883,257.8786926269531,93.45417785644533,453.0398864746094,286.62957763671875,"Do those built-in vertical light strips provide even, shadow-free illumination for detailed tasks like shaving or applying makeup?","Is that small, round accessory attached to the right wall an adjustable magnifying mirror for close-up grooming?","Since the shower is immediately adjacent, does the glass have a heated anti-fog feature so I can use it right after washing up?",Is the mirror wide enough for two people to stand side-by-side and get ready for dinner simultaneously?,"With only one sink basin visible below, is there enough counter space on the ledge for both of our toiletry bags?","Do the integrated side lights have a dimmer switch to set a softer, more romantic mood in the bathroom?","Is the wall-mounted device on the right a hairdryer, or do we need to bring our own for the whole family to use?",Does the mirror start low enough on the wall for younger children to see themselves while brushing their teeth?,"Is the lighting bright enough to illuminate the whole bathroom, or is it focused only on the sink area?"
image_27_jpg.rf.cac2f599a7b8dafb539302a05ea00f4f.jpg,mirror,0.1147883310914039,323.88287353515625,193.90213012695312,390.7501525878906,282.8983154296875,Is the lighting reflected in the mirror bright enough for detailed grooming tasks like shaving or applying makeup?,"Does the mirror provide a wide enough angle to see my full reflection, or is it mostly focused on the doorway behind me?",Is that a secondary round mirror visible in the background reflection that I could use for a quick check before leaving the room?,Is the main vanity mirror wide enough for both of us to stand side-by-side and get ready for dinner comfortably?,Do the wooden louvered doors visible in the reflection close completely if one of us needs privacy while the other is in the bedroom?,Does the mirror's position allow us to chat easily between the bathroom and the bedroom area shown in the reflection?,Does the mirror's reflection allow parents to keep an eye on children in the bedroom while using the bathroom?,Is the mirror wide enough to accommodate multiple family members brushing their teeth at the same time?,Is the area reflected in the background spacious enough for family members to get dressed while the bathroom is occupied?
image_27_jpg.rf.cac2f599a7b8dafb539302a05ea00f4f.jpg,mirror,0.2238191664218902,347.5094299316406,259.3858642578125,370.9410400390625,285.6044311523437,"Is the hanging height of this mirror adjustable, or is it fixed at a level that works for someone of average height?",Does the lighting near this mirror provide enough brightness for detailed grooming like shaving or applying makeup?,"Is the mirror surface large enough to see my full upper body, or is it more of a small decorative accent?",Is this arched mirror wide enough for two people to stand side-by-side and check our appearance before heading out?,Since it hangs from a?,Can both partners see clearly without crowding?,"Is the mirror securely mounted to the wall, or does it swing freely on the wire, which might be a concern with active children?",Is the mirror placed too high up on the wall for younger family members to use comfortably?,"Is the glass area large enough to handle the morning rush, or will we need to take turns using this?"
image_224_jpg.rf.3414c3de41c195c50d9c5faa11076183.jpg,mirror,0.2062413990497589,4.003019332885742,56.329498291015625,228.87969970703125,377.8976135253906,"Do those overhead recessed lights provide clear, shadow-free illumination on the face for detailed grooming or makeup application?",Is the small magnifying mirror on the right adjustable and close enough to use comfortably for shaving or putting in contact lenses?,"Does the main mirror offer a clear, distortion-free reflection of the upper body for checking my appearance before heading out to meetings or dinner?",Is the mirror wide enough for both of us to stand side-by-side and brush our teeth or fix our hair simultaneously without bumping elbows?,"Since the hairdryer is mounted right next to the mirror, is there enough space for one person to dry their hair while the other uses the sink area?",Does the mirror start low enough and reach high enough to comfortably accommodate the height difference between partners?,Does the reflective surface extend low enough toward the faucet so that younger children can see themselves while brushing their teeth?,"Despite there being only one sink, is the mirror expansive enough to let multiple family members do a final check of their outfits at the same time?","Is there enough counter space along the base of the mirror to hold toiletries for a whole family, or will things get cluttered quickly?"
image_224_jpg.rf.3414c3de41c195c50d9c5faa11076183.jpg,mirror,0.1569020599126815,236.394775390625,238.28651428222656,274.8016967773437,277.90386962890625,Does this mirror have a magnifying side to help with detailed grooming like shaving or applying makeup?,how far does the extendable arm reach so I can see clearly without leaning uncomfortably over the sink?,"Is the mirror steady when pulled out, or does it wobble while I'm trying to use it?",Does the mirror swivel and tilt easily so we can adjust it for our different heights?,Does this wall-mounted design help save counter space so we have room for both of our toiletry bags?,"Is the glass quality high enough to provide a clear, distortion-free reflection for getting ready for a night out?",Is the mounting bracket sturdy enough to handle frequent adjustments by multiple family members?,"Is this the only mirror in the bathroom, or is there a larger one so we don't cause a bottleneck getting ready?",Is the mirror positioned high enough to be out of reach of small children who might pull on the arm?
image_124_jpg.rf.746e64b6015d812b0e46d4251cb0a31f.jpg,mirror,0.2440393269062042,110.40469360351562,19.588546752929688,303.3883361816406,410.0969848632813,Those vertical light strips look distinct—do they provide even illumination for detailed grooming like shaving or applying makeup?,"The mirror appears quite tall; does it extend low enough to be functional while sitting, or is it strictly for standing use?","With the hairdryer mounted immediately to the left, is there enough elbow room to style my hair comfortably in front of the glass?","The mirror has a unique, narrow shape—is it wide enough for two people to stand side-by-side and get ready for dinner simultaneously?","Does the integrated lighting cast a flattering glow for checking our appearance before a night out, or is it harsh?",Is the counter area in front of the mirror spacious enough to hold two toiletry bags without blocking the view?,"Is the mirror mounted at a height where younger children can see themselves, or is it positioned too high up the wall?","Since the design is frameless, are the edges sturdy and safe enough for a busy bathroom used by an energetic family?","Given the tight placement of the soap dispenser and dryer, is the mirror area too cramped to manage getting multiple kids ready in the morning?"
image_116_jpg.rf.92631eb5707ae2832e578291a1735406.jpg,mirror,0.1710220426321029,231.16485595703125,120.40885925292967,383.0542297363281,313.274658203125,Is the mirror large enough for full outfit checks?,Can I see myself clearly for detailed makeup or shaving?,Is there good lighting for solo grooming tasks?,Is the mirror wide enough for two people to stand side-by-side and get ready for a night out without bumping elbows?,"Does the mirror fog up quickly after a shower, or does the bathroom have good ventilation to keep it clear for us?","Does the mirror's reflection show enough counter space for two people's toiletries, or will the sink area feel cramped?",Does the mirror's angle allow me to keep an eye on children in the bedroom area while I am using the sink?,Is the mirror mounted low enough on the wall for younger children to see themselves while brushing their teeth?,"Since the mirror reflects the open closet area, does this layout make it easier for a family to coordinate getting dressed and organizing luggage?"
image_116_jpg.rf.92631eb5707ae2832e578291a1735406.jpg,mirror,0.1370757222175598,228.8655242919922,41.44667816162109,431.3914489746094,315.8166198730469,Is the light fixture above the mirror bright enough for detailed grooming like shaving or applying makeup?,"With the coffee maker and amenities on the counter, is there still enough space in front of the mirror to lay out my personal toiletries?",Is the wall-mounted hair dryer positioned close enough to the mirror for easy use without the cord getting in the way?,Is the mirror wide enough for two people to stand side-by-side and get ready for dinner at the same time?,Does the mirror extend high enough to comfortably accommodate partners with significant height differences?,"Since there is only one sink under the mirror, is the reflection area large enough for one person to do hair while the other uses the tap?","Is the mirror mounted low enough that children can see themselves to brush their teeth, or will they need a step stool?","Since the open closet rack is right next to the mirror, will hanging bulky winter coats or family luggage obstruct the view?",Does the mirror provide a clear reflection of the room behind me so I can keep an eye on the kids while I'm at the sink?
image_43_jpg.rf.de52b6bb0f223cc0eced319995f1729c.jpg,mirror,0.2239329665899276,94.30780029296876,6.141815185546875,295.44598388671875,563.341796875,"Is the small round magnifying mirror on the left adjustable, and does it offer good visibility for detailed grooming or makeup application?","Does the large wall mirror provide enough lighting from those two vertical sconces for shaving, or are there shadows cast over the sink area?",Is there enough room on the black granite countertop to lay out my personal toiletries without knocking over the provided water bottles?,"Since there is only one vessel sink, is the main mirror wide enough for both of us to stand and get ready at the same time?",Do the lights on the mirror have a dimmer switch to create a more relaxing atmosphere if one of us is using the bathtub reflected in the glass?,"Is the towel rack seen in the reflection large enough to hold bath towels for two people, or should we ask for extra storage?",Is the vessel-style sink bowl too high for younger children to reach comfortably to wash their hands?,"With the glass water bottles and movable magnifying mirror, are there fragile items on the counter we should move out of reach of active kids?",Does the mirror extend far enough to the side so someone can fix their hair in the corner while another person is using the sink?
image_43_jpg.rf.de52b6bb0f223cc0eced319995f1729c.jpg,mirror,0.1388976275920868,109.56363677978516,158.8912811279297,277.9354553222656,492.4762573242188,"Is that smaller round mirror on the extendable arm a magnifying mirror, and does it have good lighting for detailed grooming or makeup?","Do those two vertical sconces provide bright, shadow-free illumination on the face, or is the bathroom generally dim?","Does the mirror fog up quickly after a shower, or is the ventilation good enough to keep it clear for immediate use?","Since there is only one sink, is the main rectangular mirror wide enough for both of us to stand side-by-side to check our appearance before heading out?","Do the vertical lights and dark granite reflection create a nice, flattering ambiance, or is the lighting harsh and clinical?",Is the towel rack seen in the reflection reachable without leaning across the person using the sink?,Is the swinging circular mirror mounted high enough to be out of reach of small children who might pull on it?,"Considering the sink is a tall vessel bowl, does the mirror start low enough for kids to actually see themselves while brushing their teeth?",Does the large mirror reflect the bathtub area (visible in the background) well enough so I can keep an eye on kids in the bath while I'm at the sink?
image_43_jpg.rf.de52b6bb0f223cc0eced319995f1729c.jpg,mirror,0.2279937267303466,110.2389678955078,288.263671875,154.42193603515625,402.5906372070313,Does the extendable arm reach far enough out so I can apply makeup or shave without leaning over the sink?,"Is the magnification on this mirror high quality and clear, or does the image look distorted?","Since it doesn't look like it has a built-in light, is the bathroom lighting bright enough to use this effectively?","If I extend this mirror out to use it, will it block the main mirror or sink area for my partner?",Is the swivel mechanism smooth enough that we can easily adjust the angle back and forth between our different heights?,"Does the mirror flip to a standard view on the other side, or is it magnification only?",Does this mirror fold completely flat against the wall so it doesn't get bumped when multiple people are moving around the bathroom?,Is the mounting hardware sturdy enough to handle frequent adjustments by different family members?,Is the mirror mounted high enough to be safely out of reach of small children?
image_231_jpg.rf.c3db7a64b2b948a65439d6af84007289.jpg,mirror,0.4797739684581756,371.7664184570313,137.83486938476562,505.9874877929688,342.17584228515625,Is the light fixture above the mirror bright enough for detailed grooming like shaving or applying makeup?,"Does the mirror's height allow me to see enough of my outfit, or is it strictly for face-level use?",Is the mirror positioned comfortably close to the edge of the counter so I don't have to lean far forward to see clearly?,Is the mirror wide enough for two people to stand side-by-side and brush their teeth at the same time?,Does the overhead lighting cast shadows that would make it difficult for us to get ready for a night out simultaneously?,"Does the glass fog up quickly after a shower, or is there ventilation to keep it clear for the second person?","Since there is only one sink and mirror, is there enough space around it for multiple family members to grab toiletries without crowding?",Is the mirror mounted low enough on the wall for children to see themselves while washing their hands?,Is the blue frame securely attached and durable enough to withstand curious kids touching it?
image_231_jpg.rf.c3db7a64b2b948a65439d6af84007289.jpg,mirror,0.1706922650337219,403.9903564453125,229.57716369628903,483.8889770507813,340.22613525390625,Does the bright lighting reflected in the mirror provide enough illumination for detailed grooming like shaving or applying makeup?,Is there enough free counter space on that granite surface for me to spread out my own toiletries next to the hotel-provided bottles?,Is the mirror glass high quality and fog-resistant so I can get ready quickly after a hot shower?,"Is this wide, landscape-style mirror large enough for both of us to stand side-by-side and get ready for dinner at the same time?","Since the amenities take up space on the left and tissues on the right, is there room for two separate toiletry bags on the vanity?",Does the mirror offer a full upper-body view for checking our outfits together before heading out?,Is the mirror mounted low enough on the wall for children to see themselves while brushing their teeth?,Can the mirror's width accommodate the morning rush when multiple family members need to use the bathroom simultaneously?,Is that blue frame securely attached and durable enough to withstand high traffic from a busy group vacation?
image_47_jpg.rf.96293245cfc6b122bb2f913bac78d186.jpg,mirror,0.1581497639417648,62.1278076171875,-2.2231674194335938,291.1194152832031,325.92071533203125,Is the integrated LED ring light bright enough for detailed makeup application or shaving without casting shadows on my face?,"Does the large round shape extend low enough to check my outfit, or is it strictly for face-level grooming?",I notice a small magnifying mirror on the counter; is that movable so I can adjust it for close-up tasks?,"Since there are two sinks, is that?",Are there dual sinks with individual mirror space?,Can both partners see clearly without crowding?,Can the lighted rim be used as a dim nightlight so the kids can find the bathroom easily in the middle of the night?,"With the mirror taking up wall space, is there enough room on that terrazzo counter for a whole family's toiletries and toothbrushes?",Is the glass securely mounted and durable enough to withstand high traffic and potential splashes from energetic children?
image_47_jpg.rf.96293245cfc6b122bb2f913bac78d186.jpg,mirror,0.1671462208032608,291.57257080078125,289.67120361328125,318.2600402832031,331.0667419433594,Is this portable mirror light enough to move over to the window for better natural lighting while I get ready?,Does this tabletop mirror have a magnifying side for detailed grooming like shaving or applying makeup?,"Is this the only mirror in the main room, or is there a full-length one for checking my outfit before I head out?",Is this mirror placed on a desk outside the bathroom so we can both get ready for dinner at the same time?,Does the mirror face tilt or swivel easily so we can adjust it for our different heights?,"Is the mirror large enough for two people to use simultaneously, or is it strictly for one person at a time?",Is the base of the mirror weighted and stable so it won't easily get knocked over by energetic kids?,Can this extra vanity mirror help reduce the line for the bathroom when the whole family is rushing to leave?,"Is the mirror durable and made of real glass, or is it flimsy plastic that might break easily with heavy use?"
image_47_jpg.rf.96293245cfc6b122bb2f913bac78d186.jpg,mirror,0.1018681898713111,55.78829956054688,2.780895233154297,294.0618896484375,329.36041259765625,Is the built-in LED ring light bright enough for doing detailed makeup or shaving without casting shadows?,"Does the small, portable magnifying mirror seen on the counter come included for close-up grooming tasks?",Is the mirror positioned at a good height for me to get a clear upper-body view while standing at the sink?,"Since the mirror is so large and round, is it wide enough for both of us to check our reflections simultaneously while getting ready for dinner?","Does the backlit lighting have a dimmer setting to create a more relaxing ambiance for a bath, or is it always fully bright?",Does the mirror span the entire width of the double vanity so we don't have to fight for space in front of it?,"Is the mirror mounted low enough for children to see themselves, or is it too high up on the wall for younger guests?",Does the large size of the mirror allow multiple family members to brush their teeth at the same time without crowding?,Can the LED rim light be left on as a soft nightlight for the bathroom so kids can find their way in the dark?
image_47_jpg.rf.96293245cfc6b122bb2f913bac78d186.jpg,mirror,0.5589351058006287,56.91205978393555,1.802406311035156,295.7534484863281,330.4416198730469,Does the LED ring light provide enough brightness for detailed makeup application or shaving without casting shadows on my face?,I see an outlet on the right wall; is it close enough to the mirror to easily style my hair while looking in the glass?,"Is the small magnifying mirror on the counter adjustable, or should I rely on the large round mirror for close-up grooming?","Since there are two faucets, is the round mirror wide enough for both of us to stand side-by-side and get ready for dinner at the same time?","Does the backlight feature have a dimmer switch to create a softer, more romantic ambiance in the bathroom at night?",Is the mirror mounted high enough so that a taller partner can see their full reflection without the top curve cutting them off?,Does the mirror's reflection span across both sink areas so two children can brush their teeth simultaneously without fighting for view?,"Is the light from the large mirror bright enough to illuminate the shower area behind it for family members, or is the rest of the room dim?",Is the bottom edge of the mirror positioned high enough to avoid constant water splashes when multiple people are washing up?
image_47_jpg.rf.96293245cfc6b122bb2f913bac78d186.jpg,mirror,0.1881584227085113,288.00018310546875,284.33233642578125,320.81805419921875,366.6507568359375,Does this vanity mirror offer magnification on one side for detailed makeup application or shaving?,Is the stem adjustable so I can raise or lower the mirror to my preferred height?,"Since it isn't wall-mounted, is it light enough to move closer to natural light if the bathroom is dim?","Is the base compact enough to leave space on the counter for two washbags, or does it clutter the sink area?",Can we move this freestanding mirror to a desk in the bedroom so we can both get ready simultaneously?,Does the mirror face tilt easily to accommodate partners of significantly different heights?,Is the base heavy and stable enough to ensure it won't be easily knocked over by children using the sink?,"Can this mirror be easily relocated to the main room to create a second ""getting ready"" station when the bathroom is occupied?","Is the mirror surface large enough to be functional, or is it too small for quick checks by multiple people?"
image_210_jpg.rf.524fedaaee06a23b9aad779da252d277.jpg,mirror,0.1104083135724067,110.57676696777344,-0.6831932067871094,416.275390625,338.7030029296875,"Is that small, circular mirror on the arm magnifying, and does it have its own light for precise shaving or makeup application?",Does the shelf running underneath the main mirror provide enough surface area to lay out my toiletries bag and cosmetics while I get ready?,Is the overhead lighting bright enough to illuminate my face clearly in the large mirror without casting harsh shadows?,"Since the mirror spans the entire wall, is it wide enough for both of us to stand side-by-side and check our outfits, even with only one sink?",Can the adjustable arm on the round mirror be pushed flat against the wall so it doesn't get in the way if we are both trying to use the vanity area?,Does the mirror extend low enough to the counter so that users of significantly different heights can both see themselves easily?,"Is the mirror positioned low enough for children to see themselves while brushing their teeth, or would they need a step stool?","Is the mirror large enough to reflect the whole bathroom, allowing family members standing behind the person at the sink to check their hair or appearance simultaneously?",Does the extendable arm on the cosmetic mirror feel sturdy enough to withstand frequent adjustments by different family members without breaking?
image_210_jpg.rf.524fedaaee06a23b9aad779da252d277.jpg,mirror,0.3797284364700317,109.75689697265624,-1.5259170532226562,417.2877807617188,363.207275390625,"Is that round attachment on the right a magnifying mirror, and is it positioned well for close-up shaving or makeup application?",Does the overhead lighting reflect well enough in the large mirror to see clearly without casting harsh shadows on my face?,Is the white shelf running along the bottom of the mirror deep enough to hold my full toiletry bag while I get ready?,Is the wall mirror wide enough for both of us to stand side-by-side and check our outfits before heading out?,"Does the mirror tend to fog up quickly when the shower visible in the reflection is running, making it hard for the second person to get ready?","If one of us is using the small cosmetic mirror on the swing arm, does it block the other person from accessing the sink area?",Does the mirror extend low enough towards the shelf so that younger children can easily see themselves while brushing their teeth?,Is that ledge beneath the mirror long enough to hold toothbrushes and toiletries for three or four people without getting cluttered?,"Since the mirror reflects the entire shower area, is the bathroom spacious enough for someone to use the vanity while another person is showering without feeling too cramped?"
image_210_jpg.rf.524fedaaee06a23b9aad779da252d277.jpg,mirror,0.3371312618255615,397.2785034179688,120.256103515625,435.54052734375,182.14300537109372,Is this mirror portable enough to move to a window or better lighting source for doing makeup?,"Does this mirror feature a magnifying side, which is essential for my daily shaving or grooming routine?","Is the stand stable, or does the mirror wobble when I try to adjust the angle?","Since this mirror is quite small, is there also a larger wall mirror so we can both get ready at the same time?",Does the mirror swivel easily so we can quickly adjust it for our different heights without hassle?,"Is the mirror placed on a spacious counter, or will it clutter the sink area when two people are trying to use the bathroom?",Can we move this freestanding mirror out to a desk in the bedroom so someone can get ready while another person showers?,Is the construction sturdy enough to withstand being handled by children without tipping over?,"Is the metal rim smooth and secure, or are there sharp edges we should be worried about with kids around?"
image_210_jpg.rf.524fedaaee06a23b9aad779da252d277.jpg,mirror,0.1023341417312622,363.6800842285156,113.98963165283205,459.1154174804688,315.67138671875,Does the extendable round mirror offer magnification for detailed grooming like shaving or applying makeup?,Is the arm on the vanity mirror adjustable enough so I can bring it close without leaning far over the sink?,Is the overhead lighting bright enough to use the large wall mirror effectively for checking my appearance before heading out?,Is the main rectangular mirror wide enough for two people to stand side-by-side and get ready simultaneously?,Does the cosmetic mirror swing out of the way easily so it doesn't obstruct the view for the second person?,"Is the lighting around the mirror area consistent, or will one of us be standing in a shadow while the other gets ready?",Does the large mirror start low enough on the wall for children to see themselves while brushing their teeth?,"Is the mounting for the extendable mirror sturdy and durable, or does it feel fragile if kids were to touch it?","Does the mirror area feel spacious enough to handle the ""morning rush"" of multiple family members trying to use the sink?"
image_210_jpg.rf.524fedaaee06a23b9aad779da252d277.jpg,mirror,0.1410003006458282,360.30859375,161.42660522460938,396.55279541015625,211.9656524658203,"Is the small round mirror magnified, making it suitable for detailed grooming like shaving or applying makeup?",does the extendable arm move smoothly so I can adjust the angle without struggling?,Is the mirror's surface clear and free of desilvering or scratches that would distort the reflection?,Is this mirror positioned far enough from the main sink that we can both get ready at the same time?,Can the mirror be adjusted to different heights easily since my partner and I are different sizes?,Is the lighting around this vanity area bright enough for two people to check their appearance before a night out?,Is the mirror arm sturdy and securely mounted to the wall so it won't break if kids pull on it?,Does having this extra mirror actually help reduce bathroom waiting times for a larger group?,Is the mirror placed high enough to be safe from small children bumping into it?
image_210_jpg.rf.524fedaaee06a23b9aad779da252d277.jpg,mirror,0.109204813838005,425.44384765625,166.55047607421875,480.5426330566406,307.4833679199219,Does the arm on that round mirror extend out far enough so I can easily see for detailed grooming like putting in contacts?,Is the magnification on that small mirror high quality and clear enough for precise makeup application?,Is that mirror positioned close enough to the hair dryer so I can style my hair while looking into it?,Can that small mirror swivel to the side so one of us can use it while the other uses the main sink area?,Is the adjustable arm flexible enough to accommodate the height difference between my partner and me?,Is the lighting in that corner bright enough for shaving without shadows while we are getting ready for dinner?,Does that mirror fold flat and securely against the wall so it doesn't become a hazard for kids rushing in and out?,Is the wall mount sturdy enough to handle frequent adjustments by multiple family members without becoming loose?,"Is the mirror large enough to be actually useful for checking hair, or is it too small to help speed up our morning routine?"
image_210_jpg.rf.524fedaaee06a23b9aad779da252d277.jpg,mirror,0.1189636960625648,125.45703887939452,134.85841369628906,322.2342529296875,363.6980590820313,Is the small magnifying mirror attached to the right wall adjustable for detailed grooming like shaving or applying makeup?,Does the recessed lighting reflected in the main mirror provide bright enough illumination for getting ready early in the morning?,Is the ledge running along the bottom of the mirror wide enough to hold my full toiletry bag and personal items?,Is this wall-to-wall mirror wide enough for two people to stand side-by-side and get ready for a night out at the same time?,"Since the mirror reflects the glass shower stall, does the bathroom layout offer enough privacy if one of us is showering while the other uses the sink?",Is there enough counter space in front of the mirror for both of our toiletry kits to be laid out simultaneously?,Does the mirror extend low enough to the counter so that younger children can easily see themselves while brushing their teeth?,Is the shelf at the base of the mirror long enough to hold toothbrushes and supplies for a family of four without getting cluttered?,"With the shower located right behind the vanity area, does this large mirror tend to fog up quickly when multiple people take hot showers?"
image_40_jpg.rf.9fc17f4e3b919476d1733b32feff8798.jpg,mirror,0.1340795308351516,527.0220947265625,112.13511657714844,637.6619873046875,335.7907409667969,Is that round mirror on the left a magnifying mirror with its own light for doing detailed makeup or shaving?,Does the glass shelf under the main mirror provide enough surface area to lay out my toiletries kit?,"Is the overhead lighting bright enough in front of the vanity, or does it cast shadows on your face?",Is the main rectangular mirror wide enough for two people to stand side-by-side and get ready for dinner at the same time?,"Since the mirror reflects directly into the bedroom, is there a sliding door for privacy or is the layout open-concept?",Can the arm on the magnifying mirror extend far enough for one person to use it without blocking the other person at the sink?,"Is that glass shelf sturdy enough to hold heavy toiletry bags for multiple people, or is it decorative?",Does the large mirror extend across the whole wall so several of us can do a final outfit check before heading out?,Is the wall-mounted vanity mirror placed high enough so that small children can't grab or hang on it?
image_40_jpg.rf.9fc17f4e3b919476d1733b32feff8798.jpg,mirror,0.2589525580406189,494.0836791992188,207.97506713867188,525.6507568359375,263.45074462890625,Does this cosmetic mirror offer magnification on one side for detailed grooming like shaving or applying makeup?,Is the extendable arm smooth and long enough to bring the mirror close to my face without leaning over the sink?,Is the lighting in this specific corner bright enough to make this small mirror actually useful?,Can this mirror be extended and angled aside so one of us can use it while the other takes up the main vanity mirror?,Is the mechanism adjustable enough to easily switch the angle for two people of different heights?,"Is the mirror quality clear and streak-free, or does the glass look old and foggy?",Is the wall mount sturdy enough to handle constant adjustment by different family members without becoming loose?,Does having this secondary mirror help relieve congestion when multiple people need to get ready in the morning?,Is the mirror mounted high enough to be safely out of reach of small children who might try to hang on the arm?
image_40_jpg.rf.9fc17f4e3b919476d1733b32feff8798.jpg,mirror,0.2397456914186477,345.2012939453125,209.07272338867188,381.33831787109375,261.9994812011719,Does this round mirror offer a magnification side to help with detailed grooming or makeup application?,"Is the diameter of the glass wide enough to see my entire face at once, or is it quite small?","Does the extension arm hold its position firmly without drifting, so I can shave or get ready without constant readjustment?",Can this mirror be easily pushed flat against the wall so it doesn't crowd the sink area when two people are in the bathroom?,Is the vertical angle adjustable enough to accommodate the height difference between my partner and me?,Is the reflection distortion-free and clear enough for us to reliably check our appearance before a night out?,"Is this the only mirror available in the bathroom, or is it just a supplemental one for a larger group getting ready?","Does the mounting arm feel sturdy enough to withstand frequent use by multiple family members, including children?",Can this mirror be extended to the side to allow one person to do hair while another uses the main sink?
image_40_jpg.rf.9fc17f4e3b919476d1733b32feff8798.jpg,mirror,0.1437529623508453,425.2239379882813,42.32142639160156,625.7301025390625,345.55108642578125,Does that vertical LED light strip provide bright enough illumination for detailed makeup application or shaving?,Is the circular magnifying mirror attached to an extendable arm so I can pull it closer for grooming?,"Is the glass shelf below the mirror deep enough to hold my full toiletry bag, or just small items?",Is the main mirror wide enough for two people to stand side-by-side and brush their teeth at the same time?,"Since the reflection shows the bedroom, is there a door that closes off this bathroom area for privacy?",Are the integrated lights dimmable so one of us can use the bathroom at night without waking the other with bright light?,Is the glass shelf running along the bottom sturdy enough to hold heavy washbags for a whole family without risk of breaking?,Is the magnifying mirror mounted high enough to be out of reach of small children who might pull on it?,Does the mirror start low enough near the faucet so that kids can see themselves while washing their hands?
image_15_jpg.rf.55cc3c84bf8dca181c1ef944868d077d.jpg,mirror,0.118604652583599,242.89602661132807,88.03266906738281,307.6028137207031,241.6341552734375,Is the lighting around this mirror bright enough for detailed grooming like shaving or applying makeup?,Is that white shelf directly underneath the mirror deep enough to hold my toiletries bag while I get ready?,"Is the mirror large enough to see my upper body clearly, or is it just a small face mirror?",Is this mirror wide enough for two people to stand side-by-side and brush their teeth at the same time?,"Since the shower frame is right next to the mirror, does the glass steam up immediately when one person is showering?",Is there enough space on the ledge below for two people to spread out their skincare and grooming products?,Is the mirror mounted low enough for children to see themselves when washing their hands or brushing their teeth?,Is the area around the mirror spacious enough for a parent to stand next to a child to help them get ready?,Is the glass durable and securely mounted since it sits right above a high-traffic shelf area?
image_15_jpg.rf.55cc3c84bf8dca181c1ef944868d077d.jpg,mirror,0.1841378509998321,4.867954254150391,1.6447639465332031,207.964111328125,332.2745361328125,Is the lighting near the mirror bright enough for detailed grooming tasks like shaving or applying makeup?,Does the mirror open up as a cabinet so I can store my toiletries off the counter?,"Since the mirror is positioned right next to the shower, does it tend to fog up immediately when the water runs?",Is the mirror wide enough for two people to quickly check their appearance before heading out?,Is the shelf visible under the mirror large enough to hold washbags for two people?,Does the shower door swing outwards in a way that blocks the other person from using the mirror?,Is the mirror mounted at a height that is accessible for children to use?,Is the storage capacity inside the mirror cabinet sufficient to hold toothbrushes and supplies for a whole family?,Is the area around the mirror spacious enough for someone to get ready while another person is using the shower?
image_15_jpg.rf.55cc3c84bf8dca181c1ef944868d077d.jpg,mirror,0.2877549231052398,240.0641021728516,0.388345718383789,369.4403076171875,265.9423522949219,Does the overhead light provide enough brightness for precise tasks like shaving or applying makeup?,"Is the mirror cabinet deep enough to store a full-sized toiletry bag inside, or is the space quite shallow?","Since the mirror appears narrow, does it provide a wide enough reflection to easily check my outfit before heading out?","Given the narrow width of the mirror, is there enough room for us to stand side-by-side, or will we strictly need to take turns getting ready?","Is that small shelf at the bottom the only immediate surface for our toiletries, or is there more counter space nearby for two people's items?","With the shower screen located right next to the mirror, does the glass tend to fog up immediately while one person is showering?","Is the cabinet storage behind the mirror spacious enough to hold toothbrushes and supplies for a whole family, or is it very compact?","Is the mirror mounted at a height that allows younger children to see themselves, or is it positioned strictly for adult use?","Is the open shelf at the bottom sturdy enough to hold heavier family-sized items, or is it just for light accessories?"
image_15_jpg.rf.55cc3c84bf8dca181c1ef944868d077d.jpg,mirror,0.1307103633880615,2.1002769470214844,0.964946746826172,229.91392517089844,616.5503540039062,Is the lighting fixture above the mirror bright enough for detailed grooming tasks like shaving or applying makeup?,"Since there isn't any counter space on the pedestal sink, is the shelf under the mirror wide enough to hold my toiletry bag?","Is the mirror adjustable or tilted, or is it fixed flat against the wall?",Is the mirror wide enough for two people to do a quick check in the mirror at the same time before heading out?,"Does the mirror get completely fogged up when the shower right next to it is running, or is there good ventilation?","Is there enough storage inside that mirrored cabinet for two people's toiletries, given the lack of counter space?",Is the mirror mounted low enough for children to see themselves while brushing their teeth?,Is the glass shelf under the mirror sturdy enough to hold heavy washbags for a whole family?,"Since the mirror is right next to the shower screen, does it stay clean or get covered in water splashes easily?"
image_15_jpg.rf.55cc3c84bf8dca181c1ef944868d077d.jpg,mirror,0.1877025812864303,234.04104614257807,-4.532032012939453,393.6498718261719,311.7687683105469,Does the integrated overhead light provide enough brightness for detailed tasks like shaving or applying makeup?,"Is that small shelf at the bottom deep enough to hold a full-sized toiletry bag, or just a toothbrush and razor?",Does the mirror panel open up as a cabinet to keep my personal items organized and off the counter?,"Given how narrow the mirror appears, is there enough elbow room for one person to get ready while the other is nearby?","Since the mirror is positioned right next to the shower, does it have an anti-fog feature or good ventilation so we don't have to wait to use it after a shower?",Is there enough storage space on that ledge and behind the mirror for two people's daily toiletries?,"Is the mirror mounted at a height that allows older children to see themselves, or is it too high up?","Since the shelf space is very limited, is there additional surface area nearby to handle toothbrushes and supplies for a whole family?","Does the shelf attachment look sturdy enough to withstand heavy use by kids, or is it fragile plastic?"
image_129_jpg.rf.b5356df627ed84175194965e97859281.jpg,mirror,0.3012295067310333,398.5066528320313,-3.198699951171875,635.4282836914062,400.1394958496094,Is the lighting around this large framed mirror bright enough for detailed grooming tasks like shaving or applying makeup?,Does the mirror extend low enough towards the granite backsplash to allow for a close-up view without leaning too far over the sink?,Is the glass quality clear and distortion-free to help me get ready quickly and efficiently on my own?,Is the mirror wide enough for two people to stand side-by-side and check their appearance before heading out to dinner?,"Does the reflection of the room behind make the bathroom feel spacious enough for two people to share, or is it cramped?","Since there is only one sink, does the mirror's width allow one person to fix their hair while the other uses the faucet?",Is the mirror mounted high enough to stay clean from water splashes when children are washing their hands?,Does the reflection in the mirror allow me to see the doorway clearly to keep an eye on family members in the connecting room?,Is the mirror large enough to allow multiple family members to do a quick toothbrushing or hair check at the same time?
image_129_jpg.rf.b5356df627ed84175194965e97859281.jpg,mirror,0.1205045878887176,402.9881591796875,-1.8811798095703125,634.4454345703125,393.2015380859375,Is the lighting around this mirror bright and even enough for detailed tasks like shaving or applying makeup?,"Does the mirror provide a crisp, distortion-free reflection, or does the glass look aged or cloudy?",Is the mirror positioned at a good height for a taller person to see themselves comfortably without stooping?,Is the mirror wide enough for two people to stand side-by-side and get ready for dinner at the same time?,"Since the reflection shows the bedroom, is the bathroom open-concept enough that the light will wake my partner?",Is there sufficient granite counter space in front of the mirror for both of our toiletry kits?,Is the mirror mounted low enough for children to see themselves while brushing their teeth?,Does the reflection showing the adjacent room allow me to keep an eye on the kids while I'm at the sink?,Is the mirror large enough to accommodate the morning rush when multiple family members are trying to use the bathroom?
image_24_jpg.rf.6a7d78c47adef10fb649fd107894a4ea.jpg,mirror,0.1247734799981117,342.7259521484375,6.278009414672852,637.6558837890625,292.1829528808594,I see an outlet right on the panel; is it close enough to the mirror to comfortably use a hair styling tool or electric shaver?,Is the lighting above the mirror bright and even enough for detailed grooming like shaving or applying makeup?,"Since the shower head is right next to the vanity, does the mirror fog up instantly, or is there good ventilation to keep it clear?",Is the mirror wide enough for two people to stand side-by-side and get ready for a night out simultaneously?,"Does the mirror extend over the counter space to the right, allowing one person to do their hair while the other uses the sink?",Is the mirror positioned at a height that comfortably accommodates a tall partner and a shorter partner without anyone having to crouch?,Is there enough room in front of the mirror for a parent to stand behind a child to help them brush their teeth?,"With the shower so close to the mirror, does the glass get constantly splashed and messy when the bathroom is being used by multiple people?","Is the ledge underneath the mirror wide enough to hold toiletry bags for a whole family, or is space very limited?"
image_24_jpg.rf.6a7d78c47adef10fb649fd107894a4ea.jpg,mirror,0.1026463285088539,331.87213134765625,2.829618453979492,634.9613037109375,302.34259033203125,Is there a heated anti-fog section on the mirror so I can shave or do makeup immediately after a hot shower?,Is the lighting above or around the mirror bright enough for detailed grooming tasks?,Is that power outlet located close enough to the mirror to easily use a hair straightener or dryer while looking at my reflection?,Is the mirror wide enough for two people to stand side-by-side to brush teeth or get ready simultaneously?,"Does the mirror angle reflect directly into the bedroom area, or can we close the door for privacy while one person is at the sink?","Since the shower is right next to the mirror, does the glass get covered in steam quickly if my partner is showering while I'm trying to get ready?","Is the narrow ledge at the bottom of the mirror large enough to hold toothbrushes and toiletries for multiple people, or will it get cluttered?",Does the mirror extend low enough for children to see themselves while they are washing their hands?,Is the mirror positioned high enough to avoid getting constantly splashed with water when multiple people are using the sink?
image_11_jpg.rf.6af76083f056298acdccf90e1f265184.jpg,mirror,0.1756661832332611,349.3759155273437,82.41911315917969,497.3382568359375,298.48895263671875,Is the mirror large enough for full outfit checks?,Can I see myself clearly for detailed makeup or shaving?,Is there good lighting for solo grooming tasks?,Is the mirror wide enough for two people to stand side-by-side and brush their teeth at the same time?,Is the mirror mounted at a height that accommodates partners with a significant height difference?,"Does the bathroom lighting have a dimmer, or is that LED strip always fully bright during a romantic evening?",Is the mirror hung low enough for children to see themselves while washing their hands or brushing their teeth?,"With the toiletries and tissues already there, is the counter space in front of the mirror large enough to hold wash bags for a whole family?","Does the mirror handle steam well, or will it be completely fogged up after four people take showers back-to-back?"
image_79_jpg.rf.e72d5f9e6baa24e6613e1123dad9a526.jpg,mirror,0.1110711991786956,-0.3780364990234375,-2.097387313842773,251.2606506347656,239.74075317382807,"Is the lighting around the mirror bright enough for detailed grooming like shaving or applying makeup, since I only see window light in the reflection?",Can I see myself clearly for detailed makeup or shaving?,Is there good lighting for solo grooming tasks?,Is the mirror wide enough for two people to do a quick appearance check side-by-side before heading out?,"Since there is no vanity counter, is that small wooden shelf sufficient to hold toiletries for two people without things falling off?",Does the large wall-mounted soap dispenser next to the mirror make the space feel too cramped for a?,"Is the mirror positioned at a height that is accessible for children to use, or is it mounted too high up?",Does the mirror open up as a medicine cabinet to provide extra storage for a family's supplies or to keep items away from kids?,Is the wooden shelf beneath the mirror sturdy enough to hold multiple toothbrushes and items for a whole group?
image_123_jpg.rf.943b9913de130d5ff94bae1426dd44ad.jpg,mirror,0.2707042396068573,247.76870727539065,169.669677734375,297.8007507324219,380.8926086425781,"Since the mirror is tall and narrow, does it allow for a full-body outfit check, or is it strictly for waist-up viewing?",I see the hairdryer reflected in the glass; is the cord long enough to reach comfortably while I'm standing right in front of the mirror?,"Because the frame is so thick and dark, does it block too much light, or is the area bright enough for detailed grooming like shaving or makeup?",The mirror glass looks quite narrow inside that thick frame—is there enough width for two people to brush their teeth side-by-side?,Does the vertical length of the mirror accommodate a significant height difference between partners so we can both see ourselves easily?,"With the decorative frame taking up wall space, is there still enough room on the counter below for both of our toiletry bags?","Is this the only mirror in the bathroom, or will this narrow space create a bottleneck when the whole family is trying to get ready?","Looking at the glass partition on the left, is there enough elbow room in front of the mirror for someone to dry their hair without bumping into things?","given the heavy frame, does the mirror seem securely mounted and safe if we have energetic kids in the bathroom?"
image_123_jpg.rf.943b9913de130d5ff94bae1426dd44ad.jpg,mirror,0.3804940283298492,255.81130981445312,214.21878051757807,286.74591064453125,358.66265869140625,Is the light fixture located above the frame bright enough for detailed grooming like shaving or applying makeup?,"Does the vertical shape of the mirror allow for a decent view of my outfit, or is it strictly for face-level use?",Is that a hairdryer mounted right next to the mirror for quick and easy access while getting ready?,"Is this mirror wide enough for two people to use simultaneously, or will we have to take turns at the sink?","Does the decorative, textured frame add a nice, high-quality touch to the bathroom's atmosphere?","given the narrow width, does the mirror provide enough visibility if we are both standing at the vanity getting ready for dinner?","Is the mirror mounted low enough for children to see themselves, or is it positioned too high above the sink?","Is the frame sturdy and securely mounted, or does it feel fragile if bumped by energetic kids?",Is the wall-mounted appliance near the mirror positioned safely away from water splashes when multiple people are using the sink?
image_123_jpg.rf.943b9913de130d5ff94bae1426dd44ad.jpg,mirror,0.1115851327776908,261.067626953125,39.51866149902344,385.116455078125,409.51068115234375,Is the lighting above the vanity bright enough to use this mirror for detailed grooming like shaving or applying makeup?,"Does the thick, decorative frame reduce the usable reflective surface area significantly?",Is the mirror positioned at a convenient height for a quick appearance check without having to lean over the sink?,"Is the mirror wide enough for two people to use simultaneously while brushing teeth, or will we have to take turns?","Since the mirror is located right next to the shower, does it tend to fog up completely when one person is showering?",Does the bathroom offer flattering lighting around the mirror for getting ready for a dinner date?,"Is this the only mirror in the bathroom, or is there another one available to help a group get ready faster?",Is the mirror mounted low enough for children to see themselves when brushing their teeth?,Is the heavy-looking frame securely attached to the wall to ensure safety with kids in the room?
image_110_jpg.rf.03ca2c6a0464eea913da755c1223ffda.jpg,mirror,0.2606465816497803,505.5435791015625,131.50770568847656,631.4320068359375,306.4322509765625,Is the built-in LED lighting around the border bright enough for doing detailed makeup or shaving without casting shadows?,"Does that glass shelf under the mirror have enough space to hold my own toiletry bag, or is it mostly taken up by the hotel's bottles?",Is the mirror positioned high enough that I can check my upper-body outfit before heading out to a meeting?,Is the mirror wide enough for two people to stand side-by-side and brush their teeth at the same time?,"Does the integrated lighting have a dimmer switch to create a softer, more relaxing mood in the evening?","Is the shelf storage ample enough to hold personal items for two people, or will we need to clutter the sink area?",Is the mirror large enough to handle the morning rush when everyone is trying to get ready at once?,Does the reflective surface extend low enough for children to see themselves while washing their hands?,"Is that glass shelf underneath sturdy and secure, or should we worry about kids accidentally bumping into it?"
image_110_jpg.rf.03ca2c6a0464eea913da755c1223ffda.jpg,mirror,0.1829888373613357,487.0397338867188,108.92161560058594,637.5692749023438,315.5810241699219,Is the built-in LED border light bright enough for detailed grooming like shaving or applying makeup?,Is the glass shelf underneath large enough to hold a full-sized travel toiletry bag?,Does the mirror have anti-fog technology so I can use it immediately after a hot shower?,Is the mirror wide enough for two people to stand side-by-side and get ready for dinner?,Is there enough room on that glass shelf to hold heavy toiletry kits for two people?,Does the bright lighting have a dimmer switch to create a softer mood in the evening?,"Is the glass shelf securely mounted and safe, or is it fragile if kids bump into it?",Is the mirror mounted low enough for children to see themselves while brushing their teeth?,Is the LED lighting too intense to use as a nightlight for family members using the bathroom late at night?
image_262_jpg.rf.48490d312868fe80b472c5a457d6fcac.jpg,mirror,0.1087794229388237,175.65887451171875,82.76658630371094,240.06607055664065,332.82476806640625,Is this mirror tall enough to serve as a full-length mirror for checking my outfit before heading out?,Does the lighting around this mirror provide enough brightness for detailed grooming like shaving or applying makeup?,"Is the narrow width of the mirror restrictive, or does it still give a good view of my upper body?",Is the mirror wide enough for two people to stand side-by-side and get ready for dinner simultaneously?,Does the smaller magnifying mirror visible to the side allow one of us to do detailed tasks while the other uses the main mirror?,Does the reflection of the frosted partition suggest the bathroom offers enough privacy from the bedroom area?,"Since the mirror is mounted high on the wall, will it be difficult for younger children to see themselves while brushing their teeth?",Is the frame sturdy and the glass durable enough to withstand a busy environment with active kids?,Will the narrow shape of this?
image_262_jpg.rf.48490d312868fe80b472c5a457d6fcac.jpg,mirror,0.1461003571748733,163.83416748046875,43.26515197753906,256.52593994140625,344.64532470703125,"Is that small, circular mirror on the swinging arm magnifying, which would be perfect for detailed shaving or applying makeup?","Does the large rectangular mirror provide a decent length for checking my outfit, or is it strictly for waist-up viewing?",Is the lighting around this wood-paneled vanity bright enough for a solo traveler to get ready without casting shadows?,I see the edge of another frame on the left; does this confirm a double vanity setup so we can both get ready for dinner simultaneously?,Does the adjustable arm on the cosmetic mirror fold back flush against the wall so it doesn't block the view when my partner is using the main mirror?,Is the counter space below the mirror spacious enough to hold two separate toiletry bags without feeling cluttered?,Is the bottom of the main mirror mounted low enough for children to see themselves while brushing their teeth?,Does the reflection of the doorway suggest there is enough floor space behind the vanity for a parent to stand and help a child get ready?,Is the mounting for the extendable magnifying mirror sturdy enough to handle frequent adjustments by multiple family members?
image_243_jpg.rf.d42caef7e0ad356ea22c0f29e6940d02.jpg,mirror,0.2417457401752472,222.63644409179688,4.477014541625977,605.5735473632812,256.569091796875,Does the integrated magnifying ring light on the glass provide enough brightness for detailed grooming like shaving or applying makeup?,"Is that switch visible on the side for the mirror lights, and is there a power outlet nearby for my hairdryer?","Is the ambient backlighting sufficient to light up the whole vanity area, or will I need overhead lights on as well?",Is the mirror wide enough for both of us to stand side-by-side and brush our teeth without bumping into each other?,Can the magnifying light and the mood backlighting be turned on separately so one of us can get ready without blinding the other?,"Does the soft lighting behind the mirror create a nice, relaxing atmosphere for a romantic evening bath?",Is there enough counter space or ledge room beneath the mirror to hold toiletries and toothbrushes for the whole family?,"Is the mirror mounted at a height where children can see themselves, or is it positioned strictly for adults?","Since there is only one magnifying circle, is the rest of the reflective surface large enough for someone else to do their hair while another person uses the detail light?"
image_174_jpg.rf.b7bef1ea56a509ff7a64481e29d97585.jpg,mirror,0.3142978847026825,98.52306365966795,16.229419708251953,529.5453491210938,335.2811279296875,Is the small magnifying mirror attached to the right side adjustable for detailed grooming like shaving or applying makeup?,"Do the vertical light strips on the sides provide bright enough illumination on my face, or are they mostly decorative?",Is the electrical outlet on the right wall close enough to easily use a hair dryer or straightener while standing in front of the mirror?,Does the mirror span the full width of the double vanity so we can both get ready for dinner simultaneously without crowding each other?,"Does the backlighting create a soft enough ambiance for a relaxing evening, or is the light always bright white?","Since there are two sinks, does the mirror offer a clear view from both sides so neither of us has to wait to use it?","Is the bottom edge of the mirror low enough for children to see themselves while brushing their teeth, or is it mounted too high?","With such a large surface area, does the mirror have an anti-fog feature so someone can use it immediately after someone else showers?",Is the lighting from the mirror bright enough to illuminate the whole bathroom area when multiple family members are moving around?
image_174_jpg.rf.b7bef1ea56a509ff7a64481e29d97585.jpg,mirror,0.1106011494994163,113.92958068847656,19.6633243560791,531.8899536132812,318.39776611328125,Is that small magnifying mirror on the right adjustable for detailed grooming like shaving or applying makeup?,"Do those vertical light strips provide bright enough illumination for getting ready, or are they mostly decorative?",I see a socket on the wall to the right; is it conveniently placed for plugging in a hair dryer or shaver while using the mirror?,"Since there are two faucets, is the mirror actually wide enough for both of us to stand side-by-side and get ready for dinner without bumping elbows?",Does the lighting reach the center of the mirror well enough so we both have good visibility at the same time?,"With the magnifying attachment only on one side, will we be fighting over that spot, or is the main mirror quality high enough on its own?",Is the mirror installed low enough for children to see themselves while they are brushing their teeth at the double sinks?,Is the marble ledge beneath the mirror wide enough to hold toiletry bags and toothbrushes for a whole family?,Does the double-sink setup allow for enough elbow room so two people can wash up while others are moving around the bathroom?
image_83_jpg.rf.c8ad6a5e31ddebb4e4dfbd7e1a25c8cd.jpg,mirror,0.1059424579143524,82.21029663085938,58.40021133422852,365.1224365234375,505.17388916015625,,,,,,,,,
image_83_jpg.rf.c8ad6a5e31ddebb4e4dfbd7e1a25c8cd.jpg,mirror,0.1059029027819633,432.4349670410156,7.835044860839844,643.329833984375,392.175048828125,"Since the mirror is positioned directly above the toilet, can I actually get close enough to the glass for shaving or applying makeup?",Is that narrow granite shelf below the mirror wide enough to hold my toiletry bag and daily essentials?,"Do those recessed lights in the red ceiling provide even lighting on the face, or do they cast harsh shadows?",Is the mirror wide enough for two people to stand side-by-side and get ready for dinner at the same time?,"Does the mirror tend to fog up immediately since the shower is right next to it, making it hard for the second person to use?","Is there enough space on that ledge for two separate sets of toiletries, or will things get cluttered easily?","Does the mirror start low enough on the wall for children to see themselves, or is it too high above the toilet?","Seeing the towel rack reflected in the mirror, is there actually enough hanging space for multiple family members' towels?",Is the shelf sturdy enough to handle heavy toiletry bags for a whole group without items accidentally falling into the toilet?
image_83_jpg.rf.c8ad6a5e31ddebb4e4dfbd7e1a25c8cd.jpg,mirror,0.1072205603122711,408.9098510742188,59.14764404296875,626.1371459960938,385.1886291503906,Is the lighting from the red ceiling bright enough to see clearly in the mirror for shaving or applying makeup?,Is the ledge directly in front of the mirror deep enough to hold my full toiletry bag while I get ready?,"Does the mirror offer a clear enough reflection to check my outfit, or is it mostly positioned behind the toilet area?",Is the mirror wide enough for two people to stand side-by-side and freshen up before dinner?,"Since the mirror is right next to the shower screen, does it fog up completely when one person is showering?",Is there enough shelf space along the bottom of the mirror for us to separate our toiletries?,Does the mirror extend low enough towards the shelf so that children can see themselves to brush their teeth?,Does the large reflective surface make the bathroom feel spacious enough for a family to move around without feeling cramped?,Is the stone ledge under the mirror durable and large enough to stack extra supplies or multiple washbags for the whole group?
image_83_jpg.rf.c8ad6a5e31ddebb4e4dfbd7e1a25c8cd.jpg,mirror,0.1336576640605926,447.02978515625,89.21607971191406,577.6677856445312,369.0975341796875,Is the recessed ceiling light positioned well enough to illuminate my face clearly for detailed grooming like shaving or makeup?,Is the stone ledge beneath the mirror wide enough to safely hold my toiletry bag without it falling into the sink?,Does the mirror extend high enough for a tall person to see their full reflection while standing at the vanity?,"Is the mirror wide enough for two people to brush their teeth side-by-side, or will we have to take turns getting ready?","I see two towels reflected in the mirror; is that rack large enough to dry two full-sized bath towels, or just hand towels?","Considering the glass partition on the left, is there enough privacy to use the mirror while a partner is in the shower?","Is the bottom of the mirror low enough for children to see themselves to brush their teeth, or will we need a step stool?",Is the ledge below the mirror spacious enough to hold toothbrushes and toiletries for a family of four without getting cluttered?,"Since the bathroom features a lot of hard tile and stone surfaces, are the edges of that shelf rounded for safety with active kids?"
image_160_jpg.rf.9aefe5c0bc4398fa1eed24f128181101.jpg,mirror,0.2864985167980194,68.0862045288086,3.6588668823242183,350.7008361816406,406.3992004394531,Does the integrated LED backlighting provide enough brightness for detailed grooming like shaving or applying makeup without casting shadows?,Is the mirror surface large and clear enough to give me a good view of my upper body and hair while getting ready?,Does the glass appear to be high-quality and distortion-free so I can fix my appearance quickly?,Is the mirror wide enough for two people to stand side-by-side and brush their teeth at the same time?,"Since there is only one sink, does the mirror span far enough over the counter so I can fix my hair while my partner uses the water?","Does the backlit illumination create a flattering, soft ambiance suitable for getting ready for a romantic dinner?",Is the mirror mounted low enough on the wall for children to see themselves while washing their hands?,Is the mirror large enough to allow multiple family members to squeeze in for a final check before heading out for the day?,Does the bright perimeter lighting illuminate the bathroom well enough to help us spot any small items or toiletries left behind on the counter?
image_255_jpg.rf.ca2d5d1e4d3a509d285d92fc3119cb41.jpg,mirror,0.2095996439456939,315.8499450683594,4.034271240234375,496.4797668457031,277.2972412109375,Is the lighting around this gold-framed mirror bright enough for detailed grooming tasks like applying makeup or shaving?,"Looking at the decorative items and water bottles on the counter, is there enough remaining space to set down my personal toiletries bag?",I see a small magnifying mirror attached to the wall on the right; is that included for close-up use?,Is this wide rectangular mirror large enough for two people to stand side-by-side and get ready for dinner at the same time?,The mirror reflection shows a view of the outdoors; does this room offer enough privacy or window coverings for when we are using the vanity?,Does the warm wood paneling and fresh flower arrangement give the bathroom a romantic and upscale atmosphere?,"With the glass bottles, vase, and tray taking up space, is the vanity area practical for a family with children, or is it too cluttered with breakables?",Is the mirror wide enough to allow one person to do their hair while another brushes their teeth to speed up our morning routine?,Can the decorative items on the ledge be easily moved aside to make room for multiple toiletry kits?
image_5_jpg.rf.629ead75396fb78961dfea847bad035e.jpg,mirror,0.3053905665874481,159.9342498779297,81.05388641357422,302.01031494140625,281.2178039550781,"Is the lighting from the side sconces bright enough for precise tasks like shaving or applying makeup, or is it mostly decorative?",Does the small standing mirror on the counter offer magnification for putting in contacts or detailed grooming?,Is the mirror tall enough to provide a decent view of my upper-body outfit before I head out for the day?,Is the mirror wide enough for both of us to stand side-by-side and brush our teeth without bumping elbows?,"Since there is a movable vanity mirror on the left, can we easily configure the space so two people can get ready at once?","Do the candle-style lights create a nice, romantic ambiance in the evening, or are they harsh?","Is the bottom of the mirror mounted low enough for children to see themselves, or will we need a step stool?","With the decorative wallpaper and lamps, is the glass area large enough to actually handle the morning rush of a family getting ready?",Does the reflection showing the doorway suggest there is enough floor space behind the vanity for multiple people to move around safely?
image_8_jpg.rf.592d23f9ef8c222f69137feeb0ddf1b7.jpg,mirror,0.1269524991512298,376.6920471191406,153.43392944335938,410.3895568847656,207.6099548339844,Is the lighting on this magnifying mirror bright enough for doing detailed makeup or putting in contacts?,"How far does the arm extend from the wall, so I don't have to lean dangerously far over the sink?",Does the mirror swivel smoothly to different angles for shaving without needing constant readjustment?,Is the mounting arm adjustable enough to accommodate two people of significantly different heights?,Does the mirror fold back flat against the wall so it doesn't crowd the space when we are both at the sink?,Is this positioned far enough from the main vanity to allow one person to shave here while the other uses the large mirror?,Does the mount feel sturdy enough to handle frequent adjustments by different family members throughout the day?,Can this mirror be easily pushed out of the way so children don't accidentally bump their heads on it?,Is this secondary mirror useful for speeding up our morning routine by letting someone do hair or makeup away from the main sink?
image_8_jpg.rf.592d23f9ef8c222f69137feeb0ddf1b7.jpg,mirror,0.105915330350399,168.55567932128906,109.8189926147461,372.02825927734375,344.4211120605469,Is the overhead lighting above the mirror bright enough for detailed grooming like shaving or applying makeup?,Does the smaller round mirror attached to the side offer magnification for close-up tasks?,Is the main mirror tall enough to provide a decent view of my upper body outfit before I head out for the day?,Is the mirror wide enough for two people to stand side-by-side and get ready for dinner simultaneously?,"Since the sink is centered, is there enough space on either side of the mirror for us to both set down our toiletry bags?","Does the mirror tend to fog up completely after one person takes a hot shower, or is there good ventilation?",Does the bottom of the mirror frame start low enough for children to see themselves while brushing their teeth?,Is the area in front of the mirror spacious enough for a parent to stand next to a child to help them get ready?,Do the three overhead lights provide even coverage so multiple people standing at the vanity aren't casting shadows on each other?
image_8_jpg.rf.592d23f9ef8c222f69137feeb0ddf1b7.jpg,mirror,0.2690613567829132,375.843994140625,152.38339233398438,412.18310546875,222.52667236328125,Does the extending arm reach far enough out so I can easily apply makeup or shave without leaning over the counter?,"Is the mirror magnifying on one side for precision grooming, and is the glass quality clear?","Since there isn't a built-in light ring on the frame, does the bathroom's main lighting hit this spot well enough for detailed work?",Can this mirror be swung out to the side so one of us can use it while the other uses the main vanity mirror?,"Is the mirror mounted at a height that works for two people of different statures, or is the arm vertically adjustable?",Is the hinge mechanism stiff enough to hold its angle if we are constantly switching it back and forth between us?,Does the mirror fold completely flat against the wall to save space when multiple people are moving around the bathroom?,Is the mounting bracket sturdy enough to handle frequent adjustments by a whole family getting ready in the morning?,"Is the mirror face large enough to be useful for a quick check, or is it too small for general use?"
image_8_jpg.rf.592d23f9ef8c222f69137feeb0ddf1b7.jpg,mirror,0.1825198531150818,180.17210388183597,190.9720458984375,365.196533203125,339.95074462890625,Is the magnifying mirror on the wall adjustable and high-quality enough for detailed shaving or makeup application?,"Does the overhead lighting reflected in the glass provide bright enough illumination for grooming, or is it dim?","Is the main mirror large enough to see my upper body clearly, or is it mostly focused on the face area?",Is the mirror wide enough for two people to stand side-by-side and brush their teeth at the same time?,Does the mirror height accommodate partners with a significant height difference so both can see themselves easily?,"Since the shower is visible in the reflection, does the mirror fog up quickly while one person showers and the other gets ready?",Is there enough counter space below the mirror to hold toiletry kits for a whole family without feeling cluttered?,"Does the bottom of the mirror frame start low enough for children to see their faces, or is it mounted too high?",Is the mirror surface expansive enough for a group of friends to do a final outfit check together before going out?
image_8_jpg.rf.592d23f9ef8c222f69137feeb0ddf1b7.jpg,mirror,0.2583585679531097,163.88571166992188,102.87728118896484,371.3496398925781,340.5373840332031,"Do those three spotlights above the mirror provide bright, shadow-free lighting for doing detailed makeup or shaving?",Is the circular magnifying mirror on the right adjustable so I can use it comfortably without leaning too far over the sink?,Is the main mirror tall enough to give me a decent view of my outfit from the waist up before I head out?,Is the mirror wide enough for both of us to stand side-by-side and brush our teeth without bumping elbows?,"Since the magnifying mirror is only on the right, does the overhead lighting reach the left side well enough for the second person to get ready simultaneously?",Does the mirror reflect enough of the room to tell if we’ll have space to move around each other during the morning rush?,Is the bottom edge of the mirror positioned low enough for children to see themselves while they wash their hands?,Is the mirror wide enough to allow a parent to help a child with their hair on one side while another person uses the sink?,Does the large mirror surface help the bathroom feel spacious enough to handle the chaos of a whole family getting ready?
image_92_jpg.rf.493a9db2aefd40d22d58c48bbad3c15a.jpg,mirror,0.2790630459785461,11.80189609527588,4.363346099853516,150.7826385498047,365.4329833984375,Is the warm lighting around that arched frame bright enough for detailed grooming like shaving or applying makeup?,"Since the mirror is quite tall, does it allow for a decent upper-body outfit check even though it's over a sink?",Is there enough counter space directly in front of the glass to lay out my personal toiletries kit without it getting wet?,"Is the mirror wide enough for two people to stand side-by-side and brush their teeth, or is it strictly a one-person vanity?","Does the backlit frame create a romantic ambiance, or is the overhead lighting seen in the reflection the only main light source?","Since there is only one sink shown here, is there plenty of counter space on the sides for two separate sets of toiletries?","Is this the only mirror in the bathroom, or is there another vanity area so our group doesn't get stuck waiting for one person?",Is the mirror mounted low enough for children to see their faces while washing their hands?,"Is the lighting bright and functional enough for getting a whole family ready, or is it more decorative and dim?"
image_92_jpg.rf.493a9db2aefd40d22d58c48bbad3c15a.jpg,mirror,0.3065354824066162,-0.2729606628417969,-3.09122085571289,273.4493103027344,371.7008056640625,Is the warm backlighting around the arched frame bright enough for detailed grooming like shaving or makeup application?,"Since I see a stool tucked under the vanity, does the mirror extend low enough to be usable while sitting down?",Does the tall design of the mirror provide a good sense of space to make the room feel larger and more luxurious for my stay?,"With two separate arched mirrors, is there enough width between them for both of us to get ready for dinner simultaneously without bumping elbows?","Does the ambient glow from the mirror frames create a nice, romantic atmosphere in the bathroom during the evening?",Is the counter space in front of each mirror large enough to hold two separate toiletry bags without feeling cluttered?,Is the dual-mirror setup spacious enough to help speed up our morning routine by allowing two people to brush their teeth at once?,Is the bottom edge of the mirror low enough for children to see themselves while washing their hands?,"Is the lighting consistent across both mirrors so nobody has to fight for the ""better"" spot to get ready?"
image_92_jpg.rf.493a9db2aefd40d22d58c48bbad3c15a.jpg,mirror,0.1382697075605392,191.00308227539065,111.4208984375,262.87615966796875,350.0923156738281,Does that integrated LED strip provide bright enough front-facing light for detailed grooming like shaving or applying makeup?,"Since the mirror is arched and tall, does it extend low enough to see my torso, or is it just for face-level viewing?",Is there enough room on the counter directly in front of the mirror to layout my toiletries bag without blocking the sink?,"Is the mirror wide enough for two people to stand side-by-side and get ready, or will we have to take turns?","Does the warm lighting built into the frame create a relaxing, romantic ambiance, or is it purely functional?","Since the main mirror is narrow, does the reflective wall behind it act as a secondary mirror so we can both check our reflections at once?",Is the mirror mounted securely enough to withstand high traffic from kids and multiple family members using the bathroom?,"With the mirror taking up that central spot, is there enough surrounding counter space to hold toothbrushes and items for four people?",Is the vanity lighting dimmable so we don't blind the children during middle-of-the-night bathroom trips?
image_92_jpg.rf.493a9db2aefd40d22d58c48bbad3c15a.jpg,mirror,0.1584412455558776,-1.6840934753417969,5.429840087890625,271.1460876464844,373.4127502441406,Does the warm backlighting around the frame provide enough brightness for detailed grooming like shaving or applying makeup?,Are these arched mirrors tall enough to function as a partial full-length mirror for checking my outfit?,Is the vanity stool positioned well enough under the counter to let me sit comfortably while using the mirror?,Is there enough elbow room between the two mirrors for us to both get ready for dinner at the same time?,"Does the ambient lighting from the mirrors create a relaxing, romantic atmosphere in the bathroom?","Since there are separate mirrors, is the counter space clearly divided so we don't mix up our toiletries?","With two large mirrors side-by-side, can we speed up our morning routine by having two people get ready simultaneously?","Are the mirrors mounted low enough for younger children to see themselves, or would they need to use the stool?",Do the thick frames look sturdy and securely mounted since there will be a lot of traffic in the bathroom?
image_92_jpg.rf.493a9db2aefd40d22d58c48bbad3c15a.jpg,mirror,0.1163510456681251,523.1756591796875,30.300464630126957,603.0724487304688,471.35260009765625,"Is that mirror wide enough to actually check my full outfit, or is it too narrow to be useful?","Does the bathtub block the bottom part of the reflection, or can I still get a true full-length view?","Is the lighting in that corner bright enough to use the mirror for grooming, or is it mostly decorative?","Since the mirror reflects the seating area, is the bathroom layout open to the room or can we close it off for privacy?","Is there a wider mirror elsewhere in the room, or will we have to take turns using this narrow strip?",Does the mirror positioning allow you to see the balcony view while relaxing in the tub?,"Is this the only full-length mirror, or is there a larger one so we aren't all fighting for space to get ready?",Is the glass tempered or safely secured in the wall in case kids are playing near the bathtub?,"Does the mirror get foggy immediately when someone uses the bath, making it unusable for the rest of us?"
image_92_jpg.rf.493a9db2aefd40d22d58c48bbad3c15a.jpg,mirror,0.1132153123617172,22.4703369140625,135.33163452148438,146.45101928710938,367.9873962402344,Is the warm backlighting around the frame bright enough for detailed grooming like shaving or applying makeup?,"Does the tall, arched shape allow for a decent view of my upper body outfit, or is it strictly for face-level use?",Is there enough counter space immediately in front of the mirror to set out my toiletries bag while I get ready?,Is the mirror wide enough for two people to stand side-by-side to brush teeth without bumping elbows?,"Does the ambient glow from behind the frame create a nice, relaxing atmosphere for winding down in the evening?","Since the mirror is quite tall, does it comfortably accommodate a significant height difference between partners?","Since there is only one sink and mirror shown here, will this be a bottleneck for getting the whole family ready in the morning?",Does the mirror frame start low enough for children to see themselves while washing their hands?,"Is that a sturdy wood frame that can withstand accidental bumps from active kids, or is it fragile?"
image_92_jpg.rf.493a9db2aefd40d22d58c48bbad3c15a.jpg,mirror,0.1407111138105392,149.9055938720703,172.49496459960938,198.216064453125,350.8732604980469,Is the integrated strip lighting bright enough for detailed grooming like shaving or applying makeup?,"Does the tall, vertical shape of the mirror allow for a full-length view of my outfit?",Is there enough counter space in front of the mirror to layout my toiletries bag without it getting wet?,Does the image show a double vanity setup so we can both get ready for dinner at the same time?,"Does the warm backlight create a nice ambiance, or is there brighter overhead light for when we need it?",Is the mirror wide enough for two people to stand side-by-side without bumping elbows?,Is the mirror mounted low enough for children to see themselves while brushing their teeth?,Does the split mirror design imply there are two sinks to help speed up the family's morning routine?,"Is the lighting sufficient for general use, or is the room too dim for a family getting ready?"
image_143_jpg.rf.ff4c6e9577f4ae6e86fa112621637a17.jpg,mirror,0.1931909471750259,281.7217712402344,93.10311889648438,560.7269897460938,429.4656372070313,"Those vertical LED strips look stylish, but are they bright enough for detailed grooming like shaving or applying makeup without shadows?",Does the mirror extend high enough to serve as a full-length looking glass for checking my outfit before heading out?,"Since the mirror sits directly behind the faucet, does it have an anti-fog feature so I can use it immediately after a hot shower?",Is the mirror wide enough for both of us to stand side-by-side and get ready for dinner at the same time?,"Do the integrated lights offer a dimmer switch to create a more relaxing, romantic ambiance in the bathroom?","Given the mirror reflects the shower area, does the layout feel spacious enough for two people to move around without bumping into each other?",Is the mirror positioned low enough for children to see themselves while brushing their teeth?,"With only one sink but a large mirror, is there actually enough standing room for multiple family members to fix their hair at once?","Is that large expanse of glass tempered or safety-rated, which is a concern when staying with active kids?"
image_143_jpg.rf.ff4c6e9577f4ae6e86fa112621637a17.jpg,mirror,0.1211103126406669,283.04327392578125,91.93853759765624,548.5938110351562,438.939453125,"Those vertical LED strips look modern, but do they provide enough bright, even light for detailed grooming tasks like shaving or applying makeup?","The mirror appears quite tall; does it function well as a full-length mirror for checking my outfit, or is the angle restricted by the vanity?","Since the shower is right next to it, does the mirror have anti-fog features so I can use it immediately after a hot shower?","Even though there is only one sink, is the mirror wide enough for both of us to stand side-by-side and brush our teeth without crowding each other?","Do the integrated lights have a dimmer setting to create a softer, more relaxing ambiance in the evening, or are they strictly bright task lighting?",The mirror reflects the glass shower partition; does this open layout make the bathroom feel spacious enough for two people to share comfortably?,Does the mirror start low enough at the vanity line so that younger children can easily see themselves while washing their hands?,Is the mirror surface large enough to allow one person to fix their hair in the reflection while another person is actively using the sink?,"Given that the lights are built into the glass, is the surface easy to wipe clean if kids splash water or toothpaste on it?"
image_88_jpg.rf.52395872547769a3146a373b4bd0c11e.jpg,mirror,0.184913769364357,339.8106689453125,37.1497917175293,492.6592712402344,302.8222351074219,Is that small magnifying mirror on the left adjustable and lit well enough for detailed grooming or applying makeup?,"Since the main mirror looks quite tall, can it double as a full-length mirror for checking my outfit, or does the vanity counter block the view?",I notice a TV reflected in the glass—is the mirror positioned so I can easily watch a show while getting ready in the morning?,Is the mirror wide enough to span the entire double vanity so we can both get ready for dinner simultaneously without crowding each other?,"Do those vertical wall sconces provide flattering, even lighting for two people, or are there shadows in the middle of the mirror?","Does the mirror tend to fog up completely after a hot shower, or does the large surface area keep some parts clear for the second person to use?","With the double taps visible, is the mirror expansive enough for a parent to supervise kids brushing their teeth while still having space to use the sink?",Does the reflection of the window shutters cause a lot of glare on the glass during the day when everyone is trying to use the bathroom?,"Is the frame securely mounted and durable, given that it’s a large, heavy piece in a high-traffic family bathroom?"
image_88_jpg.rf.52395872547769a3146a373b4bd0c11e.jpg,mirror,0.5418546795845032,337.0514221191406,31.51815414428711,498.7840576171875,305.5029602050781,Is the small magnifying mirror on the left permanently installed for detailed grooming and makeup application?,"Do the vertical light fixtures on the sides provide even lighting for shaving, or does the room feel dim?","Is the mirror tall enough to check my upper-body outfit, or is it positioned only for face-level viewing?","With the dual faucets visible, is the mirror wide enough for both of us to get ready for dinner side-by-side comfortably?",I see a TV reflected in the glass—is it positioned so we can watch the news together while brushing our teeth?,Does the large mirror make the bathroom feel spacious and luxurious for a romantic getaway?,Is the vanity area wide enough to accommodate multiple people brushing teeth and fixing hair before a group outing?,Is the bottom edge of the mirror low enough for children to see themselves while using the sinks?,Does the mirror's reflection show enough open space behind the vanity for a family to move around without congestion?
image_88_jpg.rf.52395872547769a3146a373b4bd0c11e.jpg,mirror,0.1847582757472992,286.7056579589844,268.3978576660156,313.439697265625,303.1592102050781,Is this round mirror large enough for detailed grooming tasks like shaving or applying makeup comfortably?,"Does this mirror feature any magnification, or is it just a standard reflection glass?",Is the lighting directly above the mirror bright enough for getting ready early in the morning?,"Is this the only mirror in the room, or is there another one so we don't have to wait for each other to get ready?",Is the mirror mounted at a height that accommodates two people with a significant height difference?,"Since the mirror is quite small, is there enough counter space below it for two people's toiletries?","Given how small this mirror is, is there a full-length mirror elsewhere in the suite for checking outfits?",Is the mirror mounted low enough for children to use when brushing their teeth?,Is the mirror securely mounted to the wall to prevent accidents with active kids around?
image_251_jpg.rf.c974038d0ef1a9d1343f56bb97c541fa.jpg,mirror,0.1421608924865722,149.46737670898438,168.52352905273438,207.98727416992188,321.2620544433594,Does the illuminated ring around the edge provide enough brightness for detailed grooming like shaving or applying makeup?,"Is the mirror positioned at a convenient height, or is it adjustable for a shorter solo traveler?","Given the clear reflection of the artwork, is the glass high quality and resistant to fogging up after a hot shower?",Is this round mirror wide enough for two people to quickly check their appearance side-by-side before heading out?,"Does the backlighting feature create a soft, romantic ambiance in the room when the main overhead lights are turned off?",Is there ample shelf or counter space directly below this mirror for both of our toiletry bags?,"Is this the primary mirror for the bathroom, or is there a full-length one elsewhere so our group doesn't have to queue up to get ready?",Does the light from the mirror rim cast enough glow to illuminate the rest of the bathroom for safety when kids use it at night?,Is the mirror mounted securely to the wall to withstand accidental bumps from a busy family or active children?
image_251_jpg.rf.c974038d0ef1a9d1343f56bb97c541fa.jpg,mirror,0.3049937188625335,-1.3988685607910156,2.630176544189453,220.0514068603516,363.68310546875,Does the built-in magnifying section have its own light for detailed shaving or makeup application?,Is the LED ring light bright enough to illuminate my face clearly without casting shadows?,Is the mirror positioned at a comfortable height for a quick morning routine?,Is the round mirror wide enough for two people to brush their teeth side-by-side?,Does the lighting have a dimmer switch to create a softer ambiance for a relaxing evening?,Is there enough counter space around the faucet for both of our toiletry kits?,"Is the mirror mounted low enough for children to see themselves, or will they need a step stool?",Does the bright LED border provide enough light to illuminate the entire bathroom for multiple people?,Is the glass durable and securely mounted to withstand high traffic from a busy family?
image_73_jpg.rf.da4b5993c70574c4df31b62e3e270b01.jpg,mirror,0.1199287325143814,334.8257141113281,73.01956939697266,452.8186340332031,287.9811096191406,Does the overhead light reflected in the mirror provide enough brightness for detailed grooming like shaving or applying makeup?,"Is the small ledge at the base of the mirror wide enough to hold a toiletries bag, or is it strictly for a toothbrush?","Does this mirror have a built-in heater to prevent fogging, since it's located inside the shower area?",Is the mirror wide enough for two people to do a quick appearance check side-by-side before heading out?,Does the vertical length of the mirror accommodate partners of significantly different heights without anyone having to crouch?,"Since the shower rod is visible in the reflection, will the mirror steam up completely if my partner showers while I'm trying to get ready?","Is the mirror positioned low enough for children to see themselves, or will they need to be lifted up?",Is the bathroom space reflected in the mirror large enough for a parent to stand next to a child to help them brush their teeth?,Is the mirror easy to wipe down if kids splash water onto it from the shallow sink directly below?
image_1_jpg.rf.af829be1a492568651bc26ffd8a569ef.jpg,mirror,0.1106809228658676,39.25675964355469,17.52767562866211,107.94569396972656,223.2232666015625,Is the lighting from that?,Can I see myself clearly for detailed makeup or shaving?,Is there good lighting for solo grooming tasks?,Is the mirror wide enough for two people to stand side-by-side and get ready for dinner at the same time?,"Does the glass fog up quickly when the shower is running, or is it heated?","Is the lighting flattering for checking our appearance before heading out, or does the side light create harsh shadows?",Is the mirror positioned low enough for children to see themselves while washing their hands at the sink?,"Is the magnifying attachment sturdy and out of the way, or is it likely to get bumped by kids using the faucet?","Given the mirror's proximity to the sink, is it easy to wipe down splashes and fingerprints from multiple people using it?"
image_1_jpg.rf.af829be1a492568651bc26ffd8a569ef.jpg,mirror,0.1204397454857826,164.8948974609375,179.9436798095703,193.7884826660156,221.68592834472656,Does this wall-mounted oval mirror have a magnifying side to help with precise makeup application or shaving?,"Is the adjustable arm distinct enough to pull the mirror close, or is it stiff and hard to position for grooming?","Is the lighting near this small vanity mirror bright enough for detailed tasks, or is the area dim?",Is the height of this adjustable mirror flexible enough to comfortably accommodate two people with a significant height difference?,"Is this the only mirror in the bathroom, or is there a larger main mirror so we can both get ready for dinner at the same time?","Does the mirror stay in place once positioned, so my partner doesn't have to constantly readjust it after I use it?",Is the mounting arm on this oval mirror sturdy enough to handle frequent adjustments by multiple family members throughout the day?,Is the mirror positioned high enough on the wall to be safely out of reach of energetic toddlers who might pull on it?,Can this mirror be extended far enough so one person can use it for quick checks while another person occupies the main sink area?
image_1_jpg.rf.af829be1a492568651bc26ffd8a569ef.jpg,mirror,0.1086094006896019,48.550052642822266,10.122098922729492,118.12435150146484,287.132568359375,"Is the vertical light fixture on the left bright enough to illuminate my whole face evenly for makeup or shaving, or does it cast shadows on one side?","Since the mirror is quite narrow, does it feel restrictive when getting ready, or does the height compensate for the lack of width?",I see a magnifying mirror reflected in the glass; is that positioned close enough to be useful for detailed grooming tasks?,Is this mirror simply too narrow for two people to stand side-by-side and brush their teeth at the same time?,Are there dual sinks with individual mirror space?,Can both partners see clearly without crowding?,"Is the bottom of the mirror low enough for children to see themselves, or is it mounted too high for younger family members?","Given how thin the mirror is, will it be difficult for a parent to stand next to a child to help them get ready without blocking the view?",Does the narrow design create a bottleneck in the morning if multiple people need to use the sink area quickly?
image_81_jpg.rf.934639c428f0a3326ed74e1943b744b1.jpg,mirror,0.2462121397256851,429.381591796875,-0.0970077514648437,640.5917358398438,475.06396484375,Is the vertical light fixture next to the mirror bright enough for detailed grooming tasks like shaving or applying makeup?,"Does the mirror provide a clear, distortion-free reflection for getting ready, or does it look dated?","Is the mirror mounted at a comfortable height for me to see my upper body outfit, or is it strictly for face-level viewing?",Is the mirror wide enough for two people to stand side-by-side to brush teeth or get ready for dinner simultaneously?,"Since the shower is reflected in the mirror, does the glass fog up heavily when one of us is showering?",Does the mirror extend high enough to accommodate a taller partner without cutting off the top of their head?,Does the bottom of the mirror sit low enough for children to see themselves while washing their hands?,Is the mirror positioned far enough from the faucet to avoid getting constantly splashed by kids?,Is there enough room around the vanity area for someone to use the mirror while another person squeezes past to get to the door seen in the reflection?
image_81_jpg.rf.934639c428f0a3326ed74e1943b744b1.jpg,mirror,0.1301282495260238,438.88616943359375,128.45875549316406,505.8944091796875,397.2843933105469,Is the mirror wide enough to give me plenty of viewing space while I'm getting ready on my own?,Is the glass quality clear and distortion-free for detailed grooming tasks like shaving or applying makeup?,Does the mirror start low enough to the granite countertop to allow for a good viewing angle while using the sink?,Is the mirror substantial enough for two people to stand side-by-side and get ready for dinner without crowding each other?,"Since the shower is clearly visible in the reflection, does the mirror fog up heavily when the shower is in use?",Is the mirror mounted at a height that comfortably accommodates partners of significantly different heights?,Does the mirror's reflection allow me to keep an eye on children in the bathtub while I am standing at the sink?,Is the mirror large enough to handle the morning rush if multiple family members need to brush their teeth at once?,Is the mirror securely mounted and easy to wipe down if kids splash water onto it from the sink?
image_81_jpg.rf.934639c428f0a3326ed74e1943b744b1.jpg,mirror,0.2331957817077636,443.97747802734375,18.88364791870117,636.94189453125,418.09423828125,Does that tall vertical light fixture on the left provide enough even brightness for detailed grooming tasks like shaving or applying makeup?,The mirror seems to extend quite high up the wall; is it tall enough for me to check my upper-body appearance easily without having to crouch?,"Since the mirror sits directly on the countertop, is the glass quality clear and streak-free for close-up use?",The image cuts off on the right; is the mirror actually wide enough for both of us to stand side-by-side and get ready for dinner at the same time?,"Does the combination of the side sconce and the overhead recessed light create a flattering reflection, or is the lighting harsh and uneven?",Does the large reflection of the room help the bathroom feel more spacious and less cramped when two people are sharing the space?,"Since the bottom of the mirror sits flush with the granite countertop, is it low enough for my younger children to see themselves while brushing their teeth?",Is the mirror wide enough to accommodate the morning rush where multiple family members might need to check their hair or wash up simultaneously?,"With the mirror positioned right behind the faucet, does it tend to get covered in water splashes easily when kids are washing their hands?"
image_232_jpg.rf.3100ae9dd7214e086b3d9d5b873bf7d5.jpg,mirror,0.189506709575653,339.5610046386719,1.7154884338378906,522.1021728515625,190.19918823242188,Is that outlet on the wall to the left close enough to comfortably use a hair dryer or shaver while looking in the mirror?,"Does the wooden panel on the right side open up as a medicine cabinet for my toiletries, or is it just a decorative frame?",Is the lighting around the mirror bright and even enough for doing detailed makeup or shaving?,"Since the wooden section takes up some space, is the remaining reflective area wide enough for two people to check their appearance at the same time?",Is the mirror mounted at a height that works well for partners of significantly different heights?,Does the mirror stay clear or does it fog up easily when the bathroom is steamy from two people showering?,Is the mirror mounted low enough directly above the faucet so that children can see themselves while brushing their teeth?,Is the glass and wooden frame durable enough to handle splashes and frequent use by a large family?,Is the size of the mirror adequate for a busy bathroom where multiple people might be rushing to get ready?
image_68_jpg.rf.71a873dfe17e5818f54276734c6d5d63.jpg,mirror,0.2298075556755066,78.74878692626953,57.11277770996094,253.909423828125,268.8461608886719,Is the smaller standing mirror on the left a magnifying one for detailed grooming or applying makeup?,"Do the sconce lights flanking the main mirror provide bright, even illumination for shaving?",Is the main mirror tall enough to easily check my appearance from the waist up before heading out?,Is the large gold-framed mirror wide enough for two people to stand side-by-side and get ready for dinner simultaneously?,Does the reflection show enough depth to make the bathroom feel spacious and luxurious for a romantic getaway?,"With the decorative flowers and tissue box, is there still enough counter space left in front of the mirror for two toiletry bags?","Is the mirror mounted low enough for children to see themselves, or would they need a step stool?",Does the wide reflection allow me to keep an eye on the rest of the bathroom area while I'm at the sink?,Is the ornate frame securely mounted and sturdy enough to handle the high traffic of a busy family bathroom?
image_68_jpg.rf.71a873dfe17e5818f54276734c6d5d63.jpg,mirror,0.1634375303983688,90.8393096923828,94.58881378173828,243.12991333007807,255.80978393554688,Do the wall sconces on either side provide bright enough lighting for shaving or applying makeup without casting shadows?,Is that smaller round mirror on the left a magnifying mirror I can use for detailed grooming?,Is the main mirror positioned low enough for me to see my face clearly while washing up at the sink?,Is the mirror wide enough for both of us to stand side-by-side and get ready for dinner at the same time?,Does the mirror span the entire width of the vanity so we can each have our own space in front of it?,"Does the ornate gold frame add a luxurious, romantic feel to the room, or does it feel dated?",Is the mirror mounted too high for younger children to see themselves when they are brushing their teeth?,Does the large size of the mirror reflect enough light to make the bathroom feel spacious for a family sharing the room?,Is the glass area large enough that three people could squeeze in for a quick group check before heading out?
image_115_jpg.rf.3b791207d3edf294474bc28d95f7edd2.jpg,mirror,0.2387556135654449,26.75328254699707,50.89103698730469,271.6434936523437,295.90362548828125,Does the built-in LED lighting strip provide enough brightness for detailed grooming like shaving or applying makeup without casting shadows?,I see a small magnifying mirror reflected in the glass; is that accessible for close-up use while standing at the main sink?,Is the mirror positioned at a good height for a?,"The mirror looks quite wide, but is it spacious enough for two people to stand side-by-side and get ready for dinner simultaneously?",I notice two bathrobes reflected in the mirror—are these high-quality amenities provided for guests during the stay?,"Does the integrated lighting have a dimmer switch to create a softer, more romantic ambiance in the bathroom?","Since there is only one sink, does the mirror's width allow one person to brush their teeth while another checks their appearance in the background?","Is the mirror mounted low enough on the wall for children to see themselves, or would they need a step stool?",The reflection shows the shower enclosure—does the mirror have an anti-fog feature so it remains usable for the rest of the family immediately after someone showers?
image_115_jpg.rf.3b791207d3edf294474bc28d95f7edd2.jpg,mirror,0.2574633657932281,371.5354614257813,231.96282958984372,417.3888854980469,263.6291198730469,"Does this magnifying mirror have a built-in light, or will I need to rely on the ambient bathroom lighting for detailed grooming?",How far does the adjustable arm extend so I can use it comfortably without leaning over the sink?,Is the swivel mechanism tight enough to hold the mirror in place at a specific angle while I'm applying makeup or shaving?,"Since this mirror is quite small, is there also a large vanity mirror available so we can both get ready at the same time?",Does the arm fold completely flat against the wall to save space when the other person is using the sink area?,"Is the chrome finish in good condition without rust or spots, ensuring a clean and pleasant bathroom experience for our stay?",Is the mirror mounted high enough on the wall to be safely out of reach of curious toddlers or small children?,Does the wall mount appear sturdy enough to handle frequent adjustments by multiple family members of different heights?,"Given that this is only a small facial mirror, is there a full-length mirror elsewhere in the suite for checking outfits?"
image_70_jpg.rf.c0bddaa7617b72a8a266307276ab6649.jpg,mirror,0.1616164147853851,251.91275024414065,64.97850036621094,395.6961059570313,527.8148193359375,Is the ceiling-mounted rain shower head powerful enough for a relaxing experience after a long day of travel?,Is the handheld shower wand adjustable or detachable to make rinsing off easier?,Is there enough shelf space inside or right next to the shower to hold my own full-sized toiletries?,"Since the glass is only partially frosted, how much visibility is there from the bedroom area into the shower?",Is the shower enclosure spacious enough to comfortably fit two people at the same time?,Does the marble finish and high-end hardware feel luxurious enough for a romantic stay?,Does the frosting on the glass provide enough privacy for someone to shower while other family members are in the room?,Is the handheld sprayer easy to access and use for washing small children?,"Is the floor inside the glass enclosure slippery, or is it textured for safety?"
image_70_jpg.rf.c0bddaa7617b72a8a266307276ab6649.jpg,mirror,0.1210765242576599,436.6541748046875,-5.718898773193359,640.9488525390625,624.1715087890625,"Is the overhead recessed lighting above the mirror bright enough for detailed grooming like makeup or shaving, or does it cast shadows on your face?","Does the full-height design of the mirror allow it to function as a dressing mirror to check my full outfit, or do the vanity counters block the view?",Is that a portable magnifying mirror on the counter to help with close-up tasks since the main mirror is set back behind the sinks?,"Since the mirror reflects the bed directly, does using the vanity lights disturb a partner sleeping in the bedroom, or is there a partition we can't see?",Is the mirror wide enough for two people to comfortably get ready at the double sinks simultaneously without fighting for reflection space?,"Does the mirror tend to fog up completely after a shower, making it hard for the second person to use the vanity immediately?","With those raised vessel sinks, does the mirror start low enough for children to see themselves while brushing their teeth?","Is the counter space in front of the mirror large enough to hold toiletry bags for multiple people, or do the sinks take up all the room?",Does the wide mirror provide enough visibility for 3-4 people to do hair and makeup in the background while others use the sinks?
image_70_jpg.rf.c0bddaa7617b72a8a266307276ab6649.jpg,mirror,0.2390983253717422,553.9605102539062,158.49058532714844,638.1861572265625,400.298095703125,Is the overhead lighting bright enough to illuminate the mirror clearly for detailed grooming like makeup or shaving?,"Does the mirror extend low enough to check my outfit, or is it strictly a vanity mirror for the upper body?","Does the mirror offer a clear, distortion-free reflection of the room behind me so I can keep an eye on my belongings while getting ready?",Is the mirror wide enough for two people to stand side-by-side and get ready for dinner at the same time?,"Since the mirror reflects the bed, does the bathroom light flood the sleeping area, or is there a way to dim it while one of us sleeps?","Does the soft cove lighting above the mirror create a romantic ambiance, or is it purely functional?",Is there enough counter space in front of the mirror to hold toiletry bags and toothbrushes for a whole family?,"Is the mirror mounted low enough for children to see their reflection, or does the raised vessel sink block their view?",Does the mirror span the full length of the vanity so we can handle multiple people brushing teeth at once without crowding?
image_70_jpg.rf.c0bddaa7617b72a8a266307276ab6649.jpg,mirror,0.3062496185302734,466.7349548339844,94.2828369140625,576.4655151367188,394.2749328613281,Is the overhead lighting above the mirror bright and even enough for detailed grooming or applying makeup?,Does the expansive reflection of the bedroom make the suite feel significantly larger and more luxurious for a solo stay?,"Is the mirror positioned comfortably for close-up use, or does the wide vanity keep you at a distance?","Since the mirror spans the entire width of the vanity, is there enough room for both of us to get ready for dinner simultaneously?","Does the fact that the mirror reflects the bed area create a nice open-concept vibe, or does it feel like there's a lack of privacy?",Is the lighting dimmable or adjustable to set a softer mood in the room in the evening?,Is the mirror wide enough to accommodate three or four people trying to brush their teeth or check their appearance at once?,Does the glass start right at the countertop level so that younger children can easily see themselves without being lifted up?,"With such a massive surface area, does the ventilation keep the mirror from fogging up when multiple people are showering in the suite?"
image_70_jpg.rf.c0bddaa7617b72a8a266307276ab6649.jpg,mirror,0.1303496360778808,466.49072265625,155.91004943847656,506.70892333984375,421.5043640136719,Is the lighting reflected in the mirror bright enough for detailed grooming like shaving or applying makeup?,"Does the tall, narrow shape of the mirror allow me to see my outfit, or just my face?",Is the mirror positioned close enough to the vessel sink so I don't have to lean uncomfortably forward?,Is the mirror wide enough for both of us to stand side-by-side and brush our teeth at the same time?,"Does the sleek, vertical design add a modern, upscale touch to our romantic getaway?",Is there enough counter space visible in the mirror's reflection for two separate toiletry bags?,Does the mirror start low enough at the counter level for children to see themselves easily?,Does the floor-to-ceiling height of the mirror help make the bathroom feel larger and less cramped for a family?,Is the mirror wide enough to handle the morning rush when multiple people need to check their hair?
image_70_jpg.rf.c0bddaa7617b72a8a266307276ab6649.jpg,mirror,0.2603548765182495,466.5667419433594,116.61559295654295,571.14306640625,371.45843505859375,Is the recessed lighting directly above the mirror bright enough for detailed grooming tasks like applying makeup or shaving?,"Since the mirror appears to be floor-to-ceiling, can I use it as a full-length mirror to check my whole outfit before heading out?",Is the mirror positioned close enough to the sink to see clearly without having to lean uncomfortably over the basin?,Is the mirror wide enough for both of us to stand side-by-side and get ready for dinner without crowding each other?,Does the mirror's reflection of the bedroom area add a sense of luxury and openness to the room?,"Is the lighting flattering and ambient for a romantic evening, or is the overhead light too harsh?",Does the mirror extend low enough behind the sink so that children can see themselves while brushing their teeth?,"Since the mirror clearly reflects the sleeping area, is there a door or partition to close off this vanity space when others are sleeping?",Is the mirror surface large enough to allow multiple family members to do quick hair or face checks at the same time?
image_70_jpg.rf.c0bddaa7617b72a8a266307276ab6649.jpg,mirror,0.1463358402252197,468.4906005859375,58.21735382080078,641.397705078125,550.521240234375,Is the overhead lighting bright enough for doing detailed makeup or shaving without casting shadows on my face?,Does the mirror extend low enough or provide a full-length view so I can check my entire outfit before heading out?,Is that a magnifying mirror attached to the wall on the left for close-up grooming needs?,"Since there are dual vanities, does the mirror provide enough width for both of us to get ready for dinner side-by-side without bumping elbows?","The mirror reflects the bed directly—does this mean the bathroom is open-concept, or is there a way to close it off for privacy?","Does the soft cove lighting around the mirror create a romantic ambiance, or is it purely functional?",Is the mirror wide enough to allow three or four of us to squeeze in and check our hair or brush teeth at the same time?,"Since the mirror sits directly behind the vessel sinks, is it difficult to keep clean from water splashes when the kids are washing up?","Because the mirror takes up the whole wall, is there enough counter space or shelving below for a whole family's toiletries?"
image_70_jpg.rf.c0bddaa7617b72a8a266307276ab6649.jpg,mirror,0.2632189393043518,29.19382095336914,67.30903625488281,255.0933837890625,453.4167785644531,Is the freestanding bathtub deep and long enough for a tall person to fully submerge and relax?,Is the wooden bath tray pictured included with the room to hold my book or tablet safely?,Does the cove lighting above the marble wall provide enough illumination for reading while soaking?,Is the tub spacious and sturdy enough to comfortably accommodate two adults for a romantic soak?,"Since the shower wall is clear glass, does the bathroom area offer any privacy blinds or is it open-concept?",Is there enough ledge space on the marble wall or tray to hold drinks and amenities for two people?,Is the polished marble flooring treated with an anti-slip coating to prevent falls for children or elderly family members?,Can the glass shower and the bathtub be used simultaneously to speed up the morning routine for multiple people?,Is there enough open floor space around the tub to easily help a young child get in and out safely?
image_70_jpg.rf.c0bddaa7617b72a8a266307276ab6649.jpg,mirror,0.1101047173142433,328.4991149902344,162.55197143554688,343.1536560058594,274.4656982421875,Is this mirror actually full-length so I can check my entire outfit before heading out to meetings or sightseeing?,The mirror looks quite narrow; is it wide enough to easily see my reflection without having to stand far back?,Is the overhead light bright enough to use this mirror for detailed grooming or makeup applications?,"Since the mirror is so narrow, will we have to take turns checking our look before going out to dinner?",Is the mirror located in a tight corner where one person using it blocks the other from moving around the room?,Does the lighting above the mirror provide a flattering view for checking our evening attire?,"Is this the only mirror in the room, or is there a larger one to prevent a bottleneck when the whole family is getting ready?",Is the area in front of this narrow mirror spacious enough for people to walk past while someone is using it?,Is the mirror glass tempered or securely mounted flush to the wall to ensure safety with active children running around?
image_70_jpg.rf.c0bddaa7617b72a8a266307276ab6649.jpg,mirror,0.1800867915153503,417.4874267578125,248.535888671875,438.354248046875,292.96942138671875,Does this wall-mounted mirror extend out on an arm so I can get a close-up view for shaving or applying makeup?,Is there a magnifying side to this rectangular mirror to help with detailed grooming?,Is the lighting in this specific area bright enough to use this smaller mirror effectively for my morning routine?,Can the mirror be folded back against the wall so it doesn't block the space when two people are using the bathroom?,Is the vertical height of the mirror adjustable to accommodate partners with significant height differences?,"Is this the only mirror in the space, or is there a larger main mirror for checking our outfits before going out?",Is the mounting mechanism sturdy enough to handle frequent adjustments by multiple family members getting ready?,Does the mirror retract fully so it's not a safety hazard for children moving around the bathroom?,Is the mirror mounted high enough to be out of reach of curious toddlers who might pull on it?
image_70_jpg.rf.c0bddaa7617b72a8a266307276ab6649.jpg,mirror,0.1733130812644958,432.4285278320313,326.7501525878906,464.5707702636719,369.9002380371094,Is the mirror positioned at a comfortable height for applying makeup or shaving while seated?,Does the storage compartment inside the box have enough depth to hold full-sized travel bottles?,Is the hinge mechanism sturdy enough to keep the mirror steady without it falling shut during use?,"Since the top flips up to become a mirror, do we lose the only counter space available for setting down two sets of toiletries?",Is the unit compact enough that one person can use the mirror while the other still has room to move around the bathroom?,Does the mirror offer a wide enough reflection for us to check our outfits before heading out for the evening?,Is the flip-top lid heavy or does it lack a slow-close feature that might pose a finger-pinching risk for small children?,Is the interior storage spacious enough to hide away the clutter of multiple people's bathroom items?,Does the latch on the front secure firmly enough to keep toddlers from constantly opening the unit?
image_222_jpg.rf.3407573eeab1ae08029b9b2a1f6791bc.jpg,mirror,0.3300119936466217,-3.0545806884765625,28.381671905517575,278.91680908203125,465.51568603515625,Is the integrated backlighting bright enough for detailed grooming tasks like shaving or applying makeup without needing extra overhead lights?,"Since the mirror is positioned right next to the shower, does it have any anti-fog features so I can use it immediately after bathing?","Does the mirror offer a clear, distortion-free reflection for checking my appearance before heading out for business or sightseeing?","Is the mirror wide enough for two people to stand side-by-side and get ready for dinner, even though there is only one sink?","Does the glowing LED border create a nice, soft ambiance for a relaxing evening, or is the light harsh?",Is there enough clearance between the sink faucet and the bottom of the mirror so we don't accidentally splash it while washing up together?,Is the mirror mounted low enough on the wall for children to easily see themselves while brushing their teeth?,Can the illuminated frame be left on as a nightlight so family members can find the bathroom in the dark without waking everyone up?,Does the large size of the mirror help the bathroom feel more spacious and less crowded when multiple people are trying to organize their toiletries on the counter?
image_222_jpg.rf.3407573eeab1ae08029b9b2a1f6791bc.jpg,mirror,0.1121136844158172,30.100120544433597,198.9362945556641,172.68507385253906,423.8862609863281,Is that built-in LED border lighting bright enough for detailed grooming tasks like shaving or applying makeup?,does the mirror appear to have anti-fog capabilities so I can use it immediately after a hot shower?,Is the glass surface large and distortion-free enough to easily check my appearance before heading out?,Is the mirror wide enough for both of us to stand side-by-side and get ready for dinner at the same time?,"Does the frosted edge lighting create a soft, flattering ambiance or is it too harsh for a romantic getaway?","Does the lighting illuminate both sides of the vanity evenly so we aren't fighting for the ""good light""?",Does the mirror extend low enough on the wall for children to be able to see themselves while brushing their teeth?,Does the large reflective surface help the bathroom feel more spacious and less cramped when the whole family is inside?,Is the integrated lighting bright enough to serve as the main light source for the bathroom to save energy?
image_222_jpg.rf.3407573eeab1ae08029b9b2a1f6791bc.jpg,mirror,0.1560578495264053,7.941884994506836,115.273193359375,275.931884765625,449.9652099609375,Is the built-in LED backlighting bright enough for detailed grooming tasks like shaving or applying makeup without creating shadows?,"Does the mirror glass provide a clear, distortion-free reflection for checking my appearance before heading out to meetings or sightseeing?","Since the mirror sits directly above the sink, does it tend to fog up quickly after a hot shower?",Is the mirror wide enough for both of us to stand side-by-side and brush our teeth or get ready for dinner at the same time?,"Does the cool-toned lighting shown in the image create a harsh glare, or is it flattering for checking our outfits?","Given the reflection of the shower, does the mirror steam up heavily if one person is showering while the other is trying to use the vanity?",Is the bottom edge of the mirror mounted low enough for children to see themselves while washing their hands?,"Does the large mirror reflection help brighten up the entire bathroom, making it feel less cramped for a family sharing the space?","With the shower clearly visible in the reflection, can I easily keep an eye on kids in the tub while I'm standing at the sink?"
image_93_jpg.rf.9b82bb53d6516f48bfbacb0b342ea576.jpg,mirror,0.1315134316682815,10.764837265014648,106.18074035644533,210.9369201660156,442.0709838867188,Are the recessed overhead lights bright enough for detailed grooming tasks like shaving or applying makeup?,Is the small round mirror attached to the side wall magnified to help with putting in contact lenses?,"Does the mirror provide a distortion-free, full-length reflection of my upper body for checking my appearance?",Is the mirror wide enough for two people to stand side-by-side and get ready for dinner simultaneously?,Do the multiple spot lights overhead provide even illumination so neither of us is standing in a shadow?,Does the wide design of the mirror suggest there is ample counter space below for two sets of toiletries?,Does the bottom edge of the mirror start low enough for younger children to see themselves while brushing their teeth?,"With a large family showering back-to-back, does this large mirror surface have a demister or good ventilation to prevent fogging?",Does the expansive reflection allow me to easily keep an eye on children in the shower area while I'm at the sink?
image_93_jpg.rf.9b82bb53d6516f48bfbacb0b342ea576.jpg,mirror,0.1183280423283577,307.4716491699219,182.42349243164065,334.8255615234375,245.74571228027344,Is the magnification on this mirror strong enough for detailed shaving or makeup application?,Does the extendable arm reach far enough out so I can use it without leaning uncomfortably over the sink?,"Since this looks like a smaller accessory mirror, is the lighting in this specific area bright enough for grooming?",Is the mirror's arm adjustable enough to accommodate partners of significantly different heights?,Does this extra mirror allow one of us to do detailed grooming while the other uses the main vanity mirror?,Does the mirror pivot smoothly so we can easily tuck it away to maximize space when we're both in the bathroom?,Is the mounting arm sturdy enough to withstand frequent adjustments by different family members throughout the day?,Does the mirror fold completely flat against the wall so it doesn't become an obstacle when the bathroom is crowded?,Is it mounted high enough to be out of reach of small children who might try to hang on the extendable arm?
image_93_jpg.rf.9b82bb53d6516f48bfbacb0b342ea576.jpg,mirror,0.3443664014339447,4.857196807861328,80.05204772949219,220.1406097412109,516.255859375,Is the overhead lighting bright and even enough for doing detailed makeup or shaving without shadows?,Does the small magnifying mirror on the right extend far enough to be useful for close-up grooming?,Is the attached hairdryer cord long enough to reach comfortably while standing in front of the center of the mirror?,Is the main mirror wide enough for two people to stand side-by-side and brush their teeth at the same time?,Does the mirror tend to fog up completely if my partner is using the shower visible in the reflection?,Is there enough counter space reflected in the mirror for two separate toiletry bags?,Does the mirror glass start low enough on the wall for younger children to see themselves?,Is that extending cosmetic mirror mounted high enough to be safely out of reach of toddlers?,"Since the mirror spans the wall, does it help make the bathroom feel less cramped when getting multiple kids ready?"
image_93_jpg.rf.9b82bb53d6516f48bfbacb0b342ea576.jpg,mirror,0.1871688514947891,183.17184448242188,171.22665405273438,243.58001708984372,412.4453125,"Is the wall-mounted magnifying mirror lighted, or does it rely only on the room's overhead lighting for shaving and makeup?",Is the main mirror fog-resistant so I can use it immediately after a hot shower?,Is the reflection in the main mirror crisp and distortion-free for detailed grooming?,Is the main mirror wide enough for two people to stand side-by-side and get ready for dinner at the same time?,Can the adjustable cosmetic mirror swing out far enough so one person can use it while the other uses the sink?,Is the lighting around the mirror flattering and bright enough for both of us to check our outfits?,Is the bottom of the mirror low enough for children to see themselves when brushing their teeth?,Is the extendable magnifying mirror sturdy and out of reach of small children who might pull on it?,Does the large mirror provide a wide enough angle to keep an eye on kids in the shower while I'm at the sink?
image_93_jpg.rf.9b82bb53d6516f48bfbacb0b342ea576.jpg,mirror,0.2087127119302749,2.497587203979492,107.92669677734376,275.77001953125,508.3638000488281,Does the magnifying mirror on the wall extend out far enough to use comfortably while standing at the sink?,Are the overhead spotlights bright enough for detailed grooming like shaving or applying makeup without creating shadows?,Does the mirror have a heating element to stay fog-free after a hot shower?,"Is the large mirror wide enough for both of us to get ready side-by-side, even though there is only one sink?","Is the lighting dimmable to create a softer ambiance, or are the overhead lights always this bright?",Does the vanity counter reflected in the mirror have enough space for two separate toiletry bags?,Does the mirror start low enough on the wall for children to see themselves when brushing their teeth?,Does the mirror provide a clear view of the bathtub area behind it so I can keep an eye on kids while I'm at the sink?,Is the bathroom spacious enough for someone to use the mirror while another person squeezes past to get a towel from the warmer?
image_93_jpg.rf.9b82bb53d6516f48bfbacb0b342ea576.jpg,mirror,0.2296323180198669,238.7577209472656,222.41629028320312,282.1775207519531,338.3595275878906,"Does this magnifying mirror have a built-in light, or will I need to rely on the general room lighting for detailed grooming?",Does the accordion arm extend far enough out so I can see clearly without having to lean uncomfortably over the counter?,Is the mirror double-sided with different magnification levels on each side for precise makeup application or shaving?,Does the mirror arm swing flat against the wall so it doesn't clutter the space when we are both trying to move around the bathroom?,Can the angle of the mirror be easily tilted so people of different heights can both use it comfortably without crouching or stretching?,Is the mirror positioned far enough from the main sink that one of us can use it for close-up work while the other uses the primary vanity?,Is the wall mount sturdy and durable enough to withstand frequent adjusting and pulling by multiple family members throughout a stay?,"Is the mirror mounted at a height that is accessible for teenagers to use, or is it positioned strictly for adult use?","Since this looks close to the shower area, does the glass fog up quickly when the bathroom gets steamy from back-to-back showers?"
image_93_jpg.rf.9b82bb53d6516f48bfbacb0b342ea576.jpg,mirror,0.102477878332138,188.7652740478516,282.45916748046875,231.65658569335935,362.9039001464844,Is this a full-length mirror that allows me to check my entire outfit from head to toe before heading out?,Does the glass surface have anti-fog features so I can use it immediately after taking a hot shower?,Do the chrome knobs allow me to move the panel easily without smudging the reflective surface?,Is the mirror wide enough for two people to stand side-by-side and get ready for dinner simultaneously?,"Does the panel swing out into the room, and if so, does it take up too much space in the bathroom for two people?","Since this appears to be a door, does the mirrored surface provide privacy for the person using the shower area behind it?",Is the glass tempered or safety-rated to prevent breakage if active children bump into it?,Are the handles positioned at a height that younger family members can reach safely?,"Is the surface easy to wipe down, considering how many fingerprints a family group might leave on it?"
image_93_jpg.rf.9b82bb53d6516f48bfbacb0b342ea576.jpg,mirror,0.1203196495771408,3.0038928985595703,72.94859313964844,256.1289978027344,631.15478515625,Are the recessed spotlights above the main mirror bright enough for detailed grooming tasks like shaving or applying makeup?,"Does the small magnifying mirror attached to the wall extend far enough to be useful, or is it fixed in that corner?",Is the mirror positioned at a comfortable height so I can see my full upper body without having to lean over the sink?,Is the mirror wide enough for both of us to check our appearance side-by-side before we head out for dinner?,Does the magnifying mirror fold flat against the wall so it doesn't get in the way if we're both trying to use the vanity?,"Is the lighting overhead flattering, or is it harsh and clinical when we are getting ready for a romantic evening?",Does the bottom of the mirror sit low enough for children to see themselves when they are brushing their teeth?,"Since the shower glass is right next to the mirror, does the glass get splashed constantly when someone is bathing?",Is the mirror large enough that one person can fix their hair in the reflection while another person is washing their hands at the sink?
image_147_jpg.rf.6d15cedec199572c4b7d7fd9139dd058.jpg,mirror,0.3092305362224579,176.37921142578125,133.70982360839844,476.3795776367188,355.93896484375,Is the small round magnifying mirror on the wall adjustable for detailed grooming like shaving or applying makeup?,Does the main mirror offer bright enough lighting to clearly see my reflection when getting ready for the day?,"Is the mirror tall enough to check my upper body appearance, or is it mostly focused on the face area?","Since the vanity has two faucets, does the mirror span wide enough for both of us to get ready at the same time?",Is the counter space in front of the mirror large enough to hold two separate sets of toiletries?,"Does the mirror fog up quickly when the shower visible in the reflection is running, or can we still use it?",Is the mirror positioned low enough for children to see themselves while brushing their teeth?,Is the mirror expansive enough to accommodate a morning rush where multiple family members need to check their hair?,Does the large size of the mirror help the bathroom feel spacious enough for a group to share without feeling cramped?
image_147_jpg.rf.6d15cedec199572c4b7d7fd9139dd058.jpg,mirror,0.3956518471240997,101.63446044921876,199.74966430664065,149.54734802246094,259.8620910644531,Does this vanity mirror extend out from the wall so I can get a close-up view for detailed grooming?,"Is there a built-in light on this mirror, or will I be relying on the general bathroom lighting?",What is the magnification level of this mirror—is it strong enough for precise shaving or makeup application?,Does the mirror tilt and swivel easily to accommodate the height difference between my partner and me?,Is this mirror positioned far enough from the main sink that we can both get ready at the same time?,"Is the chrome finish and hinge mechanism sturdy, or does it drift out of place after one person adjusts it?",Is this mirror mounted securely to the wall to withstand use by children who might pull on it?,"Is the mirror face large enough to be actually useful, or is it too small for a family rushing to get ready?",Does the arm fold back flush against the wall to save space when multiple people are crowded in the bathroom?
image_147_jpg.rf.6d15cedec199572c4b7d7fd9139dd058.jpg,mirror,0.3170682489871979,87.17239379882812,117.7528305053711,525.8167724609375,379.59124755859375,Does the small circular magnifying mirror on the wall include a built-in light for detailed grooming or makeup application?,"Is the overhead lighting bright enough for shaving, or does the warm tone shown make it difficult to see clearly?","Does the large mirror offer enough vertical height to check my outfit, or is it strictly a waist-up vanity view?",Is the main mirror wide enough for two people to stand side-by-side and get ready for dinner without bumping elbows?,"Does the mirror span the entire length of the counter so we can both have our own ""zone"" while using the sink?","Does the mirror tend to fog up completely when the shower is running, or is the ventilation strong enough to keep it clear for the second person?",Is the bottom edge of the mirror low enough for children to see themselves while brushing their teeth?,Can the vanity area in front of the mirror accommodate three or more family members trying to get ready at the same time?,"Is the glass tempered or safely secured in the wall recess, given that kids might be leaning over the counter?"
image_172_jpg.rf.45093c8dadc7b2362b33f3f56c938c59.jpg,mirror,0.1013675555586814,67.97038269042969,-1.6522216796875,344.30126953125,277.42431640625,Is that electrical outlet located directly under the mirror convenient for plugging in a shaver or hair dryer?,Does the mirror double as a medicine cabinet with internal shelves to store my toiletries off the counter?,Is the lighting around the mirror bright and clear enough for detailed grooming like applying makeup?,Is the mirror wide enough for two people to stand side-by-side to brush teeth or get ready for a night out?,"Since the mirror is right next to the shower, does it have good ventilation to prevent it from fogging up while my partner showers?",Does the split down the middle of the mirror panels distort the reflection when trying to check an outfit?,Is the cabinet behind the mirror spacious enough to hold toothbrushes and supplies for a whole family?,"Is the mirror mounted at a height where children can easily see themselves, or is it too high up?",Is the electrical socket under the mirror safe from water splashes if kids are playing at the sink?
image_38_jpg.rf.230c7524e01458bd4591f05133e7c778.jpg,mirror,0.1028503105044364,94.99087524414062,46.51122283935547,214.00192260742188,312.7886962890625,Is the light fixture mounted above the mirror bright enough for detailed tasks like shaving or applying makeup?,"Does the mirror offer a distortion-free reflection, or does the glass show signs of aging?",Is the shelf space on the sink below the mirror adequate for holding a?,Is the mirror wide enough for two people to check their appearance side-by-side before heading out?,Does the mirror tend to fog up quickly when the shower visible in the reflection is running?,"Is the overhead lighting flattering, or is it harsh fluorescent light?","Is the mirror mounted low enough for children to see themselves, or will we need to assist them?","Is the decorative ribbed glass frame sturdy and safe, or does it feel fragile if bumped?","Is the mirror easy to wipe down, or do the textured edges trap toothpaste splatters from multiple users?"
image_249_jpg.rf.597920c48f47e6facc45df5752f5e077.jpg,mirror,0.2727801203727722,227.79302978515625,64.35928344726562,341.6405944824219,337.21002197265625,Is the integrated LED strip bright enough for detailed grooming tasks like applying makeup or shaving?,Does this mirror have a built-in demister pad to keep the glass clear after a hot shower?,"Are the switches visible on the left strictly for the mirror light, and are they easy to reach while using the sink?",Is the mirror wide enough to allow two people to brush their teeth side-by-side without bumping elbows?,"Since the mirror is positioned right next to the shower, does it fog up quickly if my partner is showering while I get ready?","Does the LED lighting have a dimmable setting to create a softer, more romantic ambiance in the evening?","Is the mirror mounted at a height where children can see themselves, or would they need a step stool?",Is the light from the mirror strong enough to illuminate the rest of the bathroom for family members waiting their turn?,Does the mirror surface look easy to wipe clean of fingerprints and splashes after the whole family has used the bathroom?
image_249_jpg.rf.597920c48f47e6facc45df5752f5e077.jpg,mirror,0.129426047205925,345.64654541015625,111.31967163085938,386.4032287597656,471.5252075195313,Does the built-in LED light strip provide enough brightness for detailed grooming like shaving or applying makeup?,"Is the mirror tall enough to function as a partial full-length mirror to check my outfit, or is it strictly for the face?","Since it's located right next to the shower, does the mirror have anti-fog technology so I can use it immediately after washing?",Is the mirror wide enough for two people to stand side-by-side and brush their teeth without bumping elbows?,Does the lighting on the mirror have a dimmable setting to create a softer ambiance in the bathroom?,"Is the glass quality high enough to provide a clear, distortion-free reflection when we are getting ready for a night out?",Does the mirror start low enough on the wall for children to see themselves while washing their hands?,"Because the mirror is positioned so close to the shower door, does it constantly get covered in water spots that need wiping?",Is the mirror mounted securely enough to withstand accidental bumps from family members moving in and out of the shower area?
image_234_jpg.rf.cd5a047a35ea3c8fd4a848597e95c206.jpg,mirror,0.3099735677242279,-1.0016250610351562,-0.5733871459960938,285.38262939453125,331.5177917480469,"Is the overhead lighting bright enough for detailed grooming like shaving or makeup, since there are no lights attached directly to the mirror?","Does the mirror stay clear after a hot shower, or does it tend to fog up quickly given the tiling nearby?","Is the mirror large enough to check my upper-body appearance, or is it primarily just sized for face-level use?",Is the mirror wide enough for two people to stand side-by-side and fix their hair at the same time?,Does the mirror's height accommodate partners with a significant height difference so both can see themselves easily?,"Since the mirror is flush against the wall, is there enough counter space right in front of it for two separate toiletry bags?",The mirror sits very close to the faucet; will it constantly get splashed and dirty when children are washing their hands?,Is the bottom edge of the mirror low enough for younger kids to see their reflection while brushing their teeth?,Is this frameless mirror made of safety glass or mounted securely enough to handle the wear and tear of a busy family trip?
image_234_jpg.rf.cd5a047a35ea3c8fd4a848597e95c206.jpg,mirror,0.1064491495490074,-0.2344894409179687,-2.506065368652344,282.17413330078125,321.3143920898437,"Is the lighting above the mirror bright enough for detailed grooming like makeup or shaving, since there aren't built-in vanity lights?","Is the mirror tall enough to check my upper-body outfit, or is it strictly limited to face-level use?",Does the mirror have an anti-fog feature so I can get ready immediately after a hot shower?,Is the mirror wide enough for two people to stand side-by-side to get ready for dinner at the same time?,"Since there is only one sink, does the mirror extend far enough to the side so one of us can fix our hair while the other brushes their teeth?",Is the glass high quality and streak-free for taking a quick mirror selfie together before we head out?,Is the bottom edge of the mirror mounted low enough for children to see themselves while brushing their teeth?,Is the mirror sturdy and firmly mounted to handle the humidity and activity of a family sharing one bathroom?,Is the mirror surface large enough to accommodate the chaos of a busy morning when multiple people are trying to use the space?
image_234_jpg.rf.cd5a047a35ea3c8fd4a848597e95c206.jpg,mirror,0.1043586432933807,-2.2060108184814453,-3.3446121215820312,293.46368408203125,435.8594055175781,"Is the mirror tall enough to let me check my outfit, or does it only show my face and shoulders?",Does the lighting reflect well enough in the mirror for detailed grooming like shaving or applying makeup?,"Since the mirror is right behind the faucet, does it tend to get splashed easily while I'm washing up?",Is the mirror wide enough for both of us to stand side-by-side and get ready at the same time?,Is the mirror positioned high enough on the wall to comfortably accommodate a taller partner?,Is there enough clear counter space in front of the mirror for two toiletry bags?,Does the mirror start low enough on the wall for children to see themselves while brushing their teeth?,Is the mirror large enough to handle the steam from back-to-back showers without fogging up completely?,Is the mirror made of safety glass or does it have sharp frameless edges we should worry about with active kids?
image_268_jpg.rf.3a9116d91e07426721365916e83385c1.jpg,mirror,0.2214762568473816,267.5385131835937,146.8062744140625,331.8980407714844,272.58697509765625,"Is this oval mirror tall enough to check my upper body outfit, or does it only show my face?","Based on the sconce visible to the left, is the lighting bright enough for detailed grooming like shaving or makeup?",Is the mirror positioned close enough to the sink so I can see clearly without having to lean awkwardly over the faucet?,"Since the mirror has a narrow oval shape, is it wide enough for both of us to check our appearance before a date night?",Does the wooden door reflected in the mirror suggest the bathroom offers good privacy from the rest of the room?,"Is there a second mirror available, or will we need to take turns using this?","Is this the only mirror in the accommodation, or is there a larger one elsewhere to speed up the process of getting the whole family ready?",The mirror seems mounted fairly high above the gold faucet; will children or shorter family members be able to see themselves?,Does the wall-mounted design leave enough counter space underneath for multiple people's toiletry bags?
image_268_jpg.rf.3a9116d91e07426721365916e83385c1.jpg,mirror,0.286855548620224,263.3724365234375,34.82124328613281,371.0441589355469,274.6194152832031,"Is this tall, pill-shaped mirror long enough to serve as a full-length mirror for checking my outfit before heading out?","Do the sconces on either side provide bright, even lighting for doing detailed makeup or shaving without casting shadows?",Is the vanity shelf below the mirror spacious enough to hold all my toiletries and devices while I get ready?,"Since the mirror is quite narrow, is it wide enough for two people to stand side-by-side and brush their teeth at the same time?",Does the vertical length of the mirror accommodate partners with a significant height difference so we can both use it comfortably?,"Do those warm-toned wall lights create a flattering, romantic ambiance in the bathroom, or are they too dim for practical use?",Is the bottom of the mirror positioned low enough for children to see themselves while washing their hands?,Is the mirror securely mounted flush to the wall to ensure it's safe and won't wobble with kids around?,"Given the mirror's narrow shape, is there another mirror in the room, or will our whole group be fighting for space in front of this one?"
image_71_jpg.rf.fa95e52cc23d97e061858a9f73bd79a2.jpg,mirror,0.1590289622545242,490.5042114257813,66.936767578125,581.703857421875,369.2849731445313,Is that vertical LED light strip bright enough for detailed grooming tasks like applying makeup or shaving?,"Does the mirror offer a clear, distortion-free reflection, as suggested by the sharp image of the artwork?","Is the mirror positioned well for a tall person, or will I have to stoop to see my whole face?",Is the mirror wide enough for two people to stand side-by-side and get ready for dinner at the same time?,"Does the integrated lighting provide even coverage, or will one person be in the shadow since the strip is on the side?",Does the mirror have anti-fog capabilities so one of us can use it while the other is taking a hot shower?,Does the bottom of the mirror start low enough for children to see themselves while washing their hands?,Is the glass surface easy to wipe clean if the kids splash water or toothpaste on it?,Is the vanity area in front of the mirror large enough to hold toiletries for a whole family?
image_71_jpg.rf.fa95e52cc23d97e061858a9f73bd79a2.jpg,mirror,0.1216009259223938,442.380126953125,-7.632961273193359,624.8259887695312,386.1589050292969,Is the mirror large enough for full outfit checks?,Can I see myself clearly for detailed makeup or shaving?,Is there good lighting for solo grooming tasks?,Is the mirror wide enough for two people to stand side-by-side and get ready for dinner at the same time?,"Does the integrated lighting create a nice, modern ambiance in the room, or is it too harsh/clinical?","Since there is only one sink, does the mirror area feel cramped when sharing the space?",Is the bottom of the mirror mounted low enough for children to see themselves while brushing their teeth?,"Does that light strip illuminate the rest of the bathroom well enough for a family, or is the room generally dim?",Is the mirror surface easy to wipe down and keep clean with multiple people using the sink area?
image_191_jpg.rf.09a351456db1f28b09837b76c2931c0c.jpg,mirror,0.1004853248596191,265.80780029296875,227.6854248046875,305.17840576171875,299.64630126953125,Is the extending arm long enough to pull the mirror close for detailed shaving or makeup applications?,"Does the mirror flip around to offer a magnified view on one side, or is it a standard reflection only?",Is the lighting in this area bright enough to use this mirror effectively without shadows?,Can the mirror be pushed flat against the wall so it doesn't block the sink area when two people are getting ready?,Does the mirror tilt up and down easily to accommodate partners of significantly different heights?,"Is the swivel mechanism stiff or loose, making it easy for us to switch angles quickly?",Is the mirror mounted high enough to be out of reach of small children who might grab the extending arm?,Does the mirror fold away securely so it doesn't protrude into the space when multiple people are moving through the bathroom?,Is the mounting bracket sturdy enough to handle frequent adjustments by different family members?
image_191_jpg.rf.09a351456db1f28b09837b76c2931c0c.jpg,mirror,0.1008757725358009,361.7872924804688,239.2813415527344,395.8962707519531,302.28253173828125,Does the arm extend far enough so I can apply makeup without having to lean comfortably over the sink?,Is the mirror double-sided with a magnifying option for detailed grooming or shaving?,"Is the chrome finish clean and free of rust, ensuring a hygienic feel for my stay?",Is the mirror adjustable enough to accommodate the height difference between my partner and me?,Can the arm swing completely out of the way so we can both stand at the vanity at the same time?,Is the glass high quality and distortion-free so we can easily get ready for a night out?,Does the mirror fold flat against the wall to maximize space when the bathroom is crowded?,Is the wall mount sturdy enough to withstand frequent adjustments by multiple family members throughout the day?,Is the mirror mounted high enough to be safely out of reach of small children?
image_34_jpg.rf.65d252fecec9124251923fef53b8a39c.jpg,mirror,0.1241872459650039,235.9810791015625,-8.671989440917969,629.862548828125,629.090087890625,Is the lighting reflected in the mirror bright enough for detailed grooming like shaving or applying makeup without shadows?,"Does the mirror extend high enough to provide a decent upper-body view, or is it mostly focused on face-level reflection?","Since the mirror sits directly on the vanity ledge, is there enough counter space right in front of it to set down my toiletries while I get ready?",Is the mirror wide enough for both of us to stand side-by-side and brush our teeth at the same time?,Does the wrap-around corner design of the mirror allow for checking hair or outfits from side angles?,"Given how close the mirror is to the shower glass, does it fog up completely when one person showers while the other is getting ready?",Does the mirror start low enough to the counter so that younger children can easily see themselves while washing their hands?,"With the mirror positioned right behind the faucet, does it get constantly splashed with water and toothpaste when multiple people use it?",Does the large corner mirror help make this compact bathroom feel less cramped when family members are trying to move around?
image_34_jpg.rf.65d252fecec9124251923fef53b8a39c.jpg,mirror,0.2760893404483795,-1.6593074798583984,1.3712120056152344,203.09295654296875,423.0782470703125,Is the lighting above the mirror bright and even enough for detailed grooming tasks like shaving or applying makeup?,"Since the mirror is positioned right next to the shower, does it tend to fog up completely after a?",Is there good lighting for solo grooming tasks?,Is the mirror wide enough for two people to stand side-by-side and get ready for dinner at the same time?,"Does the mirror's angle reflect the shower area, potentially affecting privacy if one person is at the sink while the other showers?","Is there enough counter space reflected in the mirror for both of our toiletry bags, or will things get cluttered?","Since the mirror extends all the way down to the countertop, is it low enough for children to see themselves easily?","Is the mirror surface large enough to handle the ""morning rush"" when multiple family members need to check their hair or brush teeth?","Is the mirror positioned safely away from where kids might splash water from the sink, or does it require constant cleaning?"
image_34_jpg.rf.65d252fecec9124251923fef53b8a39c.jpg,mirror,0.1597548723220825,-0.4169750213623047,-3.1531333923339844,169.13040161132812,347.7120361328125,Is the overhead lighting reflected in the mirror bright enough for detailed grooming like shaving or applying makeup?,"Does the mirror have anti-fog features, or will it steam up completely after I use the shower visible in the reflection?",Is the mirror clear and distortion-free for checking my appearance before heading out to business meetings or sightseeing?,Is the mirror wide enough for two people to stand side-by-side and get ready for dinner without bumping elbows?,Does the reflection show enough counter space around the sink to hold two separate toiletry bags?,"Since the mirror covers the wall, does it make the bathroom feel spacious and romantic enough for a?",Is the mirror expansive enough to allow multiple family members to brush their teeth or check their hair at the same time?,"Given that the mirror reflects the shower stall, does it provide good visibility for a parent at the sink to monitor a child in the shower?","Does the large mirror surface stay relatively clean, or is it prone to getting splashed easily when kids are using the sink?"
image_34_jpg.rf.65d252fecec9124251923fef53b8a39c.jpg,mirror,0.3183958530426025,-1.0556697845458984,75.86404418945312,133.5914306640625,412.58148193359375,Is the lighting above the mirror bright and consistent enough for detailed grooming tasks like shaving or applying makeup?,"Since the mirror reflects the shower area directly, does it have a demister or good ventilation to prevent it from fogging up completely after a hot shower?",Is the ledge at the base of the mirror wide enough to securely hold my toiletry bag while I'm using the sink?,Is the mirror wide enough for two people to stand side-by-side and get ready for the evening simultaneously?,Is there enough counter space running along the bottom of the mirror for us to separate our toiletries without them getting cluttered?,"Does the mirror provide a full upper-body view for checking our outfits, or is it mostly focused on the face and sink area?",Does the mirror extend low enough toward the sink so that younger children can easily see themselves while brushing their teeth?,"With the shower right next to the mirror reflection, is the glass easy to keep clean from water splashes when multiple people are using the facilities?",Is the mirror large enough that someone can do a quick hair check in the corner even while another family member is washing their hands at the faucet?
image_34_jpg.rf.65d252fecec9124251923fef53b8a39c.jpg,mirror,0.2926413416862488,-1.2113714218139648,88.76190185546875,107.15841674804688,412.4910888671875,Is the lighting above the mirror bright and even enough for detailed grooming like shaving or applying makeup?,Does the mirror position allow for a full head-and-shoulders view for a tall person standing at the sink?,"Since the faucet is close to the glass, does the bottom of the mirror tend to get splashed easily during use?",Is the mirror wide enough for both of us to stand side-by-side and get ready for dinner simultaneously?,"Does the mirror fog up quickly when the shower, which is reflected right behind it, is in use?",Does the bathroom layout allow enough space behind the person at the mirror for a partner to pass by into the shower?,Does the mirror span the full length of the vanity so multiple family members can brush their teeth at once?,Is the mirror placed high enough to stay out of reach of small children who might smudge it?,Can I use the reflection in the mirror to keep an eye on children using the shower while I am at the sink?
image_34_jpg.rf.65d252fecec9124251923fef53b8a39c.jpg,mirror,0.1330425143241882,5.490913391113281,5.722503662109375,639.8687133789062,411.6484069824219,Does the overhead lighting reflected in the mirror provide enough brightness for detailed grooming like shaving or applying makeup?,Is the counter ledge directly in front of the mirror wide enough to hold my toiletry bag while I get ready?,Is the mirror positioned at a comfortable height so I don't have to lean awkwardly over the sink to see my reflection?,Is the mirror wide enough for two people to stand side-by-side and brush their teeth at the same time?,"Since the mirror reflects the shower area, does it tend to steam up quickly while one person showers and the other gets ready?","Does the large reflection make the bathroom feel spacious enough for two people, or is the area around the sink still too tight?",Is the bottom edge of the mirror low enough for children to see themselves while washing their hands?,Is the shelf beneath the mirror spacious enough to hold toothbrushes and toiletries for multiple people without getting cluttered?,Does the large mirror surface help reflect light to make this compact space feel less claustrophobic for a family?
image_34_jpg.rf.65d252fecec9124251923fef53b8a39c.jpg,mirror,0.1346310973167419,0.3015971183776855,120.7205581665039,53.09193420410156,401.9050598144531,Is the lighting around the mirror bright enough for detailed grooming like shaving or applying makeup?,Does the mirror tend to fog up quickly since it is positioned directly opposite the shower?,"Is the mirror large enough to provide a decent view of my upper body, or is it just a small face mirror?",Is the mirror wide enough for two people to stand side-by-side and brush their teeth at the same time?,Is the mirror positioned high enough that the tall shower head behind it doesn't obstruct the view?,Is the shelf space under the mirror large enough to hold toiletries for two people?,Is the mirror mounted at a height where children can easily see themselves while washing up?,Is the mirror large enough to help us cycle multiple people through the bathroom quickly in the morning?,Does the mirror stay clear of water spots given how close the shower spray seems to be in the reflection?
image_34_jpg.rf.65d252fecec9124251923fef53b8a39c.jpg,mirror,0.2084541320800781,55.69981384277344,152.391845703125,96.1851043701172,390.2468872070313,"Since the mirror sits directly behind the faucet, does it get splashed constantly when washing up?",Is the mirror tall enough to give a decent view for shaving or applying makeup without hunching?,"Does the mirror have a heating element, or does it fog up completely when using the shower reflected behind it?",Is the mirror wide enough for both of us to brush our teeth side-by-side before heading out?,"Since the mirror reflects the shower area, is there enough privacy if one person is showering while the other uses the sink?",Is the lighting around the mirror strong enough for doing hair and makeup for a date night?,Does the mirror start low enough at the sink line for children to see themselves while washing their hands?,"Is the mirror large enough to help ventilate the room visually, or does the bathroom feel cramped with multiple people?","With the faucet so close to the glass, is the mirror difficult to keep clean with a whole family using it?"
image_34_jpg.rf.65d252fecec9124251923fef53b8a39c.jpg,mirror,0.1203995123505592,84.39210510253906,168.97183227539062,133.8515625,389.2999877929688,Is the mirror positioned well with good lighting for detailed grooming tasks like shaving or applying makeup?,Does the mirror extend high enough to provide a comfortable viewing angle for a taller person?,Is there enough ledge space at the base of the mirror to set down my toiletries while I get ready?,"Is the mirror wide enough for two people to use simultaneously, or will we have to take turns getting ready?","Since the mirror is directly opposite the shower, does it have good ventilation to prevent it from fogging up completely while one of us showers?","Does the mirror provide a clear, full reflection to help us check our outfits before heading out for dinner?",Does the mirror start low enough near the sink for children to see themselves while washing their hands?,Is the mirror surface large enough to make the bathroom feel more spacious and less cramped when multiple people are in the room?,Is the mirror securely mounted and easy to wipe down if kids splash water on the lower section?
image_34_jpg.rf.65d252fecec9124251923fef53b8a39c.jpg,mirror,0.1825929582118988,63.27716827392578,123.3138427734375,144.68597412109375,391.42034912109375,Is the lighting around the mirror bright enough for detailed grooming like shaving or applying makeup?,Does the mirror fog up quickly since it reflects the shower directly opposite it?,"Is the mirror tall enough to provide a decent upper-body view, or is it strictly for face-level use?",Is the mirror wide enough for two people to stand side-by-side and get ready at the same time?,Is there enough ledge space below the mirror to hold two separate toiletry bags without it feeling cluttered?,Does the mirror offering a clear reflection of the shower compromise privacy if one person is showering while the other uses the sink?,Is the mirror mounted low enough for children to see themselves while washing their hands?,Does the reflection allow parents at the sink to easily supervise a child using the shower behind them?,Is the shelf under the mirror sturdy and large enough to stack toiletries for multiple people?
image_34_jpg.rf.65d252fecec9124251923fef53b8a39c.jpg,mirror,0.1340784281492233,472.0669860839844,11.498889923095703,632.3182983398438,490.6730651855469,Is the glass partition wide enough to effectively stop water from splashing onto the floor while I shower?,Does the shower head slide smoothly on the rail so I can easily adjust the height for myself?,"Is the soap dispenser on the wall filled with quality product, or should I unpack my own toiletries?",Is the bathtub large and comfortable enough for a relaxing soak after a long day of sightseeing?,"Since the glass screen is completely transparent, does the bathroom layout offer privacy if one of us enters while the other is showering?",Can both partners see clearly without crowding?,Can the glass screen swing outwards to make it easier to lean in and bathe a toddler in the tub?,Does the shower head lower far enough down the bar for children to reach and use it safely?,"Is the glass panel sturdy and firmly attached, so we don't have to worry about kids accidentally bumping into it?"
image_131_jpg.rf.53b524af7da93057f32562b270aac36c.jpg,mirror,0.1145189553499221,246.80213928222656,-1.6378021240234375,375.0395202636719,243.13316345214844,Is the lighting around this circular mirror bright enough for detailed grooming like shaving or applying makeup?,"Is the mirror large enough to give a clear view of my head and shoulders, or is the round shape too restrictive?","Is the soap dispenser positioned conveniently, or does it get in the way when I lean in close to the mirror?",Is this round mirror wide enough for two people to stand in front of and get ready simultaneously?,Is the ledge visible in the reflection spacious enough to hold toiletries for two people?,"Does the mirror tend to fog up quickly, making it difficult for the second person to use after a shower?","Is the mirror mounted at a height that is accessible for children, or is it too high up on the wall?","Is this the only mirror in the bathroom, or is there a larger full-length one available for a group getting ready?",Does the frameless design feel secure and durable enough for a busy family bathroom environment?
image_131_jpg.rf.53b524af7da93057f32562b270aac36c.jpg,mirror,0.2778389751911163,7.692661285400391,-2.4021053314208984,372.7047119140625,257.6702880859375,Does the natural light shown in the reflection make this mirror good for detailed grooming like shaving or applying makeup?,"Is the circular shape large enough to get a decent view of my head and shoulders, or is it too small?",Is the mirror positioned high enough above the soap dispenser to stay clean while I'm washing up?,Is this round mirror wide enough for both of us to check our reflections at the same time before heading out?,Does the reflection of the window suggest the bathroom feels bright and airy enough for two people sharing the space?,Is the mirror glass clear and distortion-free so we can easily get ready for a nice dinner?,"Is the mirror mounted low enough for children to reach and see themselves, or is it strictly for adult height?",Since it's just a?,Are there additional mirrors in the room for convenience?
image_211_jpg.rf.784beb2ed29fd99bfa5410c0fe834b3f.jpg,mirror,0.1084303334355354,377.2085571289063,-5.167102813720703,565.775390625,372.8937377929688,Does the light fixture directly above the mirror provide enough brightness for detailed grooming tasks like shaving or applying makeup?,"Is the mirror tall enough to check my upper-body outfit, or is it strictly limited to face-level reflections?","Is there enough shelf space on that vanity to hold my toiletry bag while I use the mirror, or is it tight with the tissue box there?",Is the mirror wide enough for two people to stand side-by-side and brush teeth simultaneously without bumping elbows?,"Since the shower is reflected right behind it, does the glass fog up quickly when one of us is bathing?","With only one sink and a narrow mirror, is there enough room for both of our grooming kits on the counter?",Is the mirror mounted low enough for younger children to see their reflection while washing their hands?,"Is this the only mirror in the unit, or will this?",Are there additional mirrors in the room for convenience?
image_211_jpg.rf.784beb2ed29fd99bfa5410c0fe834b3f.jpg,mirror,0.1116953194141388,431.7120056152344,168.4841766357422,564.3477783203125,362.4388122558594,Is the overhead lighting reflected in the mirror bright enough for detailed grooming like shaving or applying makeup?,"Is the mirror tall enough to get a good look at my outfit, or does it primarily just show the face and shoulders?","Does the glass tend to fog up quickly when the nearby shower is running, or does it stay relatively clear?",Is the mirror wide enough for two people to stand side-by-side and brush their teeth simultaneously?,"Since there appears to be only one sink, is there enough counter space in front of the mirror for two toiletry bags?","Does the mirror offer a flattering reflection for getting ready for a date night, or is the overhead light too harsh?",Is the mirror mounted low enough on the wall for children to see themselves while washing their hands?,Does the reflection of the shower area allow me to keep an eye on kids in the tub while I'm standing at the sink?,Are the rounded corners of the mirror smooth and safe for a chaotic bathroom environment with active kids?
image_211_jpg.rf.784beb2ed29fd99bfa5410c0fe834b3f.jpg,mirror,0.29051673412323,377.54205322265625,3.954925537109375,567.7273559570312,373.9007873535156,Is the mirror large enough for full outfit checks?,Can I see myself clearly for detailed makeup or shaving?,Is there good lighting for solo grooming tasks?,"Is this mirror wide enough for two people to do a quick appearance check simultaneously, or will we strictly need to take turns?","Since the reflection shows the shower is right there, does this mirror tend to fog up completely when one person is showering?",Is the area around the mirror spacious enough for one person to dry their hair while the other is using the shower behind them?,Is the bottom of the mirror mounted low enough for children to see themselves while brushing their teeth?,"Is the mirror surface large enough to help get a family ready quickly, or is it too narrow for a busy bathroom?",Is the mirror securely mounted and durable enough to withstand high-traffic use by kids and adults?
image_7_jpg.rf.f6ae364555ce901141a258c83941e4cc.jpg,mirror,0.2415834367275238,130.6645050048828,-3.056459426879883,301.6259155273437,300.4271850585937,Do the vertical LED strips provide bright enough front-facing light for detailed grooming like shaving or applying makeup?,"Does the touch sensor icon on the bottom left allow for dimming the lights, or is it strictly for turning them on and off?","Is the mirror tall enough to check my upper body outfit, or is it positioned mostly for face-level use?","Is the mirror wide enough for two people to stand side-by-side and get ready, even though there is only one faucet?",Does this mirror feature a built-in defogger so one of us can use it immediately after the other takes a hot shower?,"Can the integrated lighting be dimmed to create a softer ambiance for a relaxing bath, or is it always fully bright?",Is the mirror mounted low enough that children in the family can see themselves while washing their hands?,"Since multiple people will be using this space, does the mirror light illuminate the rest of the bathroom well, or is it focused only on the sink area?",Is the glass tempered or safety-rated to ensure it's safe in a high-traffic bathroom used by energetic kids?
image_7_jpg.rf.f6ae364555ce901141a258c83941e4cc.jpg,mirror,0.1815382689237594,132.90719604492188,-2.389745712280273,344.380126953125,305.35760498046875,"Those vertical LED strips look sleek, but do they provide enough front-facing light for detailed grooming like shaving or applying makeup?",I see a touch icon on the bottom left of the glass—does that control a defogger so I can get ready immediately after a hot shower?,Is the mirror tall enough to get a decent look at my outfit from the waist up before I head out for the day?,"Since the mirror is portrait-oriented rather than landscape, is it wide enough for both of us to stand side-by-side and brush our teeth at the same time?",Does the lighting control allow us to dim the LEDs to create a more relaxing ambiance in the evening?,"Is the lighting flattering for two people, or does it cast shadows since the light sources are only on the far edges?","Is the mirror mounted low enough for children to see themselves when washing their hands, or is it positioned too high above the sink?",Is that touch sensor easy for kids to figure out so they don't leave the bright bathroom lights on all night?,Are there additional mirrors in the room for convenience?
image_161_jpg.rf.989d55a1008c083de636b00ac9c12f35.jpg,mirror,0.223673015832901,39.59320068359375,1.789264678955078,328.2555847167969,391.78717041015625,Is the overhead light fixture reflected in the mirror bright enough for detailed grooming like shaving or applying makeup without casting shadows?,"Since the coffee maker is placed right next to the mirror, is there enough counter space left in front of the glass for my personal toiletries?",Is the power outlet visible on the right easy to access for plugging in a hair dryer while looking in the mirror?,Is the mirror wide enough for two people to stand side-by-side and get ready for dinner at the same time?,"Given the shower is reflected directly in the glass, does the mirror have good ventilation to prevent it from fogging up completely while one of us showers?","Does the decorative frame add a nice touch to the room's ambiance, or does the glass show signs of wear that might detract from a romantic stay?",Is the bottom of the mirror mounted low enough for children to see themselves while brushing their teeth?,Can I easily monitor the towel supply on the reflected shelves behind me to make sure we have enough for the whole family?,"Is the textured frame sturdy and securely mounted, or should I be worried about kids bumping into it?"
image_161_jpg.rf.989d55a1008c083de636b00ac9c12f35.jpg,mirror,0.1399991363286972,45.65231323242188,3.7758636474609375,323.95220947265625,389.21295166015625,Is the overhead lighting reflected at the top bright enough for detailed grooming tasks like shaving or applying makeup?,"Does the thick, decorative frame reduce the usable reflective space, or is the glass area large enough to see myself clearly?","Is the mirror positioned high enough on the wall to check my appearance while standing, or is it mostly focused on the sink area?",Is the mirror wide enough for both of us to stand side-by-side and get ready for a night out without bumping elbows?,"Since the coffee maker is sitting right next to the mirror frame, is there enough remaining counter space in front of the glass for two people's toiletries?","Does the ornate frame feel high-quality and add to a nice atmosphere, or does the mirror look dated and worn?","Since the mirror reflects the shower area behind it, does it provide a clear enough view to keep an eye on kids in the tub while I'm at the sink?","Is the mirror large enough to accommodate a ""morning rush"" where multiple family members need to brush teeth or hair simultaneously?","Is the glass quality good and easy to wipe down if it gets splashed, or does it seem prone to fogging up easily?"
image_161_jpg.rf.989d55a1008c083de636b00ac9c12f35.jpg,mirror,0.1939746439456939,39.542266845703125,2.3800086975097656,327.570556640625,403.0510864257813,Is the overhead light reflected in the glass bright enough for detailed grooming tasks like shaving or applying makeup?,"Does the mirror offer a clear, distortion-free reflection for checking my appearance before heading out for the day?","Since the outlet is right next to the frame, is the mirror positioned well for using a hair dryer or straightener comfortably?",Is the mirror wide enough for two people to stand side-by-side and brush their teeth at the same time?,Does the glass tend to fog up quickly when one person is using the shower visible in the reflection?,"Does the heavy, ornate frame give the bathroom a more upscale, romantic feel for a getaway?","Is the bottom of the mirror mounted low enough for children to see themselves, or will they need to be lifted up?",Does the large size of the mirror help the bathroom feel more spacious and less cramped when the whole family is trying to get ready?,Does the angle of the reflection allow a parent at the sink to easily keep an eye on kids using the shower or tub behind them?
image_161_jpg.rf.989d55a1008c083de636b00ac9c12f35.jpg,mirror,0.1877087354660034,20.883769989013672,1.8502426147460935,339.3402099609375,426.6558532714844,Is the lighting fixture above the mirror bright enough for detailed grooming like shaving or applying makeup?,"Is the mirror tall enough to verify my upper-body outfit, or is it strictly for face-level use?",Does the mirror provide a distortion-free reflection to ensure I look sharp for my business meetings or solo outings?,Is the mirror wide enough for two people to stand side-by-side and brush their teeth at the same time?,"Does the mirror reflect the shower area, and does that impact privacy if one of us is showering while the other gets ready?",Is the counter space reflected in the mirror ample enough to hold two separate toiletry bags without feeling cluttered?,Is the mirror mounted low enough for children to see themselves while washing their hands or brushing their teeth?,Does the wide reflection allow me to keep an eye on kids in the tub or the rest of the bathroom while I'm at the sink?,Does the mirror clearly reflect the towel storage shelves so I can easily check if we have enough linens for the whole family?
image_247_jpg.rf.a5adc62dff83365798bbf415d0f42c53.jpg,mirror,0.1256575435400009,66.65675354003906,1.1812782287597656,292.16558837890625,322.74591064453125,Do the three light fixtures above the mirror provide bright enough illumination for detailed tasks like shaving or applying makeup?,Is the mirror mounted at a comfortable height for me to see my full face and torso clearly while standing at the sink?,"Does the glass offer a high-quality, distortion-free reflection so I can ensure I look sharp for my business meetings?",Is the mirror wide enough for both of us to stand side-by-side and brush our teeth or check our hair at the same time?,"Since the shower is visible in the reflection, does the mirror tend to fog up completely if one person is showering while the other gets ready?","Do the frosted shades on the lights create a flattering, soft ambiance, or is the lighting harsh and clinical?","Is the bottom edge of the mirror low enough for children to see themselves while washing their hands, or will we need a step stool?","Is the dark wooden frame sturdy and securely mounted, just in case kids are playing or splashing around the sink area?",Are there additional mirrors in the room for convenience?
image_247_jpg.rf.a5adc62dff83365798bbf415d0f42c53.jpg,mirror,0.1060957387089729,83.20979309082031,19.685306549072266,218.584716796875,306.9830017089844,Is the overhead lighting reflected in the glass bright enough for detailed grooming like shaving or applying makeup?,Is the mirror positioned at a comfortable height so I can easily check my appearance from the waist up without slouching?,"Does the mirror generally stay clear after a hot shower, or does it fog up immediately given its proximity to the tub?",Is the mirror wide enough for two people to stand side-by-side and brush their teeth at the same time?,Does the lighting fixture provide even coverage so both of us can see clearly if we are getting ready together?,Is the mirror tall enough to accommodate significant height differences between partners comfortably?,Is the mirror large enough for a parent to stand next to a child and help them get ready?,"Since the mirror reflects the shower area, does it offer a good angle to keep an eye on kids in the tub while I'm at the sink?",Is the frame sturdy and the glass securely mounted to handle the wear and tear of a busy family bathroom?
image_247_jpg.rf.a5adc62dff83365798bbf415d0f42c53.jpg,mirror,0.1210823431611061,79.74201202392578,12.682409286499023,288.905029296875,323.6195678710937,Is the overhead three-bulb lighting bright and even enough for detailed grooming like shaving or applying makeup?,Does the mirror offer a distortion-free reflection that includes enough of my upper body to check my outfit?,Is that extended countertop space to the right of the faucet large enough to organize all my personal toiletries?,"Is the mirror wide enough for two people to stand side-by-side and get ready simultaneously, even with just one sink?",Does the vanity lighting provide a flattering glow for checking our appearance before heading out for the evening?,Is there enough room on the counter to keep two separate washbags without the space feeling cluttered?,"Since the reflection shows the shower curtain, does the mirror angle allow parents to supervise kids in the tub while standing at the sink?",Is the mirror expansive enough to handle the morning rush with multiple family members trying to brush hair or teeth at once?,"Is the vanity height accessible enough for children to see themselves in the mirror, or will they need a step stool?"
image_247_jpg.rf.a5adc62dff83365798bbf415d0f42c53.jpg,mirror,0.3162649869918823,60.56257247924805,3.623180389404297,298.3526916503906,339.73486328125,Is the overhead lighting bright enough for close-up grooming tasks like shaving or applying makeup without casting shadows?,Does the mirror provide a distortion-free reflection for checking my appearance before heading out?,Is the mirror placed at a comfortable height so I don't have to lean too far over the sink to see clearly?,"Is the mirror wide enough for two people to stand side-by-side and get ready simultaneously, despite there being only one sink?",Does the bathroom ventilation keep the mirror from fogging up completely if my partner is showering behind me?,Do the three lights provide enough width of illumination so we can both see clearly if we are using the mirror at the same time?,"Is there enough counter space to the right of the mirror to set up a ""dry station"" for hair or makeup while someone else uses the faucet?",Do the lights above the mirror brighten the entire room sufficiently for helping children get ready?,Is the mirror mounted high enough to avoid constant water splashes from kids washing their hands at the sink?
image_162_jpg.rf.88d8e95e456cd877cc348d50876a85cd.jpg,mirror,0.1352930516004562,78.39321899414062,0.4386806488037109,314.3925476074219,297.1939392089844,Are the integrated vertical LED strips bright enough to provide shadow-free lighting for shaving or applying makeup?,"Is the mirror tall enough to check my outfit from the waist up, or is it strictly for facial grooming?",Is the counter space directly in front of the mirror ample enough to spread out my toiletries while getting ready?,Is the mirror wide enough for two people to stand side-by-side and check our appearance before heading out?,Do the illuminated side strips offer dimming options to create a softer ambiance in the evening?,"Since there is only one faucet, is the vanity area large enough for us to share the mirror space without bumping elbows?",Is the mirror mounted low enough on the wall for children to see themselves while brushing their teeth?,Are the built-in lights bright enough to illuminate the whole bathroom so multiple people can find things easily?,Does the mirror have anti-fog features so it stays clear for the next person immediately after someone takes a hot shower?
image_162_jpg.rf.88d8e95e456cd877cc348d50876a85cd.jpg,mirror,0.3337080180644989,152.26414489746094,-2.097043991088867,308.74005126953125,284.7506408691406,"Do the vertical LED strips provide bright, shadow-free lighting suitable for detailed makeup application or shaving?","Is the mirror tall enough to see my full upper-body outfit, or is it strictly for face-level grooming?","Since I don't see a separate magnifying mirror attached, is the glass quality clear enough for close-up skincare routines?","Is the mirror wide enough for both of us to stand side-by-side and check our appearance before dinner, even with just one sink?","Does the integrated lighting offer a dimmer switch to create a softer ambiance, or is it always at full brightness?","Is there enough counter space directly in front of the mirror for two separate toiletry bags, or will things get crowded?",Is the bottom edge of the mirror low enough for children to see themselves while they brush their teeth?,Does the mirror have an anti-fog feature so it remains usable while multiple people are taking back-to-back showers?,"Are the LED side lights adjustable, or would they be too bright to leave on as a nightlight for kids needing the bathroom?"
image_120_jpg.rf.2054f3d3f139771267056a0692c42498.jpg,mirror,0.287145584821701,436.9367980957031,-1.9362449645996092,638.4066772460938,375.7826232910156,Is the integrated LED lighting around the frame bright enough for detailed grooming like shaving or applying makeup without casting shadows?,"Does the mirror have a defogging feature, or does it steam up quickly since the shower is visible right in the reflection?","Is the mirror tall enough to serve as a partial full-length view for checking my outfit, or does it only show the face and shoulders?","Is the mirror wide enough for two people to stand side-by-side and get ready simultaneously, even though there is only one sink faucet?","Does the backlight create a soft, flattering ambiance in the bathroom, or is the light harsh and clinical?","With the mirror taking up most of the wall, is there still enough counter space left on the vanity for two separate toiletry bags?","Is the mirror mounted low enough for children to see themselves while brushing their teeth, or would we need a step stool?","Is the light switch easy to find on the wall, or is it a touch sensor on the glass that might get smudged by little hands?",Does the large surface area of the mirror make the bathroom feel spacious enough for a family to rotate through quickly in the morning?
image_120_jpg.rf.2054f3d3f139771267056a0692c42498.jpg,mirror,0.2362828999757766,523.3411254882812,113.28545379638672,638.7781982421875,320.6698913574219,Is the lighting strip at the top bright enough for detailed grooming like shaving or applying makeup without casting shadows?,Does the mirror have an anti-fog feature so I can use it immediately after taking a hot shower?,"Is the mirror tall enough to provide a decent outfit check, or is it strictly limited to head-and-shoulders?",Is the mirror wide enough for two people to stand side-by-side and get ready for dinner at the same time?,Is the light above the mirror dimmable so it isn't too harsh if one of us uses the bathroom in the middle of the night?,Does the mirror provide a full reflection of the glass shower area behind it?,Does the mirror start low enough on the wall so that children can see themselves while brushing their teeth?,Does that air vent visible in the reflection actually keep the room ventilated so the mirror doesn't stay steamed up during the morning rush?,Is there enough counter space reflected at the bottom of the mirror to hold toiletry bags for a whole family?
image_241_jpg.rf.d107b0413c9b14825aaf6c1437cc88d5.jpg,mirror,0.1771378219127655,20.331478118896484,11.808815002441406,347.7191162109375,347.7884521484375,"Is the ""Hollywood style"" lighting strip bright enough for detailed grooming or makeup application, or does the red ceiling cast a color tint?",Is the shelf running directly beneath the mirror deep enough to securely hold a large toiletry bag while I get ready?,Does the coiled cord on the wall-mounted hairdryer stretch far enough to let me style my hair comfortably while standing in the center of the mirror?,Is the mirror wide enough for two people to stand side-by-side and brush their teeth without bumping elbows?,"Since the shower is right next to the vanity, does the mirror have good ventilation or a demister, or will it fog up completely if my partner showers while I get ready?",Is the mirror tall enough to comfortably accommodate the height difference between two partners?,Is the ledge under the mirror long and sturdy enough to stack toiletries and toothbrushes for a whole family of four?,"Are those exposed light bulbs at the top easy to reach, and do they get hot enough to be a safety concern for children?",Is the vanity area spacious enough to allow someone to use the mirror while another person squeezes past to get to the shower?
image_230_jpg.rf.eabd64b668746be0899c900330eba20d.jpg,mirror,0.2579933106899261,307.4257202148437,1.5681266784667969,513.7799682617188,440.3961181640625,"Does the integrated LED strip provide enough bright, direct light for detailed grooming like shaving or applying makeup?","Is the oval shape tall enough to see my upper body outfit, or is it strictly for face-level use?","Since the mirror is in a corner, is there enough elbow room to style my hair without hitting the shower door?","Is the mirror wide enough for two people to stand side-by-side and brush their teeth, or is it strictly a one-person station?","Does the backlighting create a nice ambiance in the bathroom, or is it too dim for us to get ready for dinner?","With the hair dryer mounted right next to the mirror, is there enough space for one person to dry their hair while the other uses the sink?","Is the mirror mounted low enough for children to see themselves, or is it too high above the sink?","Given how narrow the mirror is, will it cause a bottleneck if multiple people need to get ready in the morning?",Is that decorative lighting strip durable and safe if kids splash water near the edges?
image_170_jpg.rf.0c5750a5958f60c58942568771cea460.jpg,mirror,0.3822900652885437,31.392364501953125,4.357805252075195,318.41046142578125,269.1240234375,Is that overhead strip light bright enough for detailed grooming tasks like shaving or applying makeup without casting shadows?,"Since the mirror is oriented horizontally, is it tall enough to see my upper body outfit, or is it strictly for face-level use?","Does the mirror feature any anti-fog technology, or will I need to wipe it down after a hot shower to use it immediately?","Given the wide, pill-shaped design, is the mirror broad enough for two people to stand side-by-side and get ready simultaneously?",Are there dual sinks with individual mirror space?,Can both partners see clearly without crowding?,"Is the mirror mounted low enough for children to see themselves to brush their teeth, or will we need to request a step stool?","With the wide surface area, can multiple family members crowd in for a quick final check before we leave for the day?",Is that black metal frame securely mounted and durable enough to withstand high-traffic use by a busy family?
image_170_jpg.rf.0c5750a5958f60c58942568771cea460.jpg,mirror,0.1156165152788162,32.32855987548828,2.11090087890625,317.7772827148437,265.3193359375,Is the light bar mounted above the mirror bright enough for detailed grooming tasks like shaving or applying makeup?,"Does the oval shape provide enough vertical reflection to check my upper body outfit, or is it strictly for face-level use?",Is the mirror positioned at a comfortable height so I can see myself clearly without having to lean awkwardly over the sink?,"Is that wide, pill-shaped mirror large enough for two people to stand side-by-side and brush their teeth simultaneously?",My partner is much taller than me; does the mirror's size accommodate significant height differences so we can both use it easily?,Can both partners see clearly without crowding?,"Is the mirror mounted low enough for children to see themselves, or will they need a step stool to use it?","Since the mirror reflects the door behind it, does it help open up the space so the bathroom doesn't feel cramped with multiple people inside?",Is that large frameless glass securely attached to the wall to ensure safety in a high-traffic family bathroom?
image_207_jpg.rf.b9bae10280c26ab405acb73717a19bd4.jpg,mirror,0.2561438381671905,418.8191223144531,23.11624526977539,573.8070678710938,422.8099060058594,"Do those vertical sconce lights provide even, shadow-free illumination for precise shaving or applying makeup?","Is the mirror tall enough to check my upper-body outfit before heading out, or is it strictly face-level?",I see a magnifying mirror attached on the far right—is it positioned well for detailed grooming use?,Is the mirror wide enough for two people to stand side-by-side to get ready for dinner without bumping elbows?,"Since there is only one sink, is there enough empty counter space on either side of the mirror to hold two separate toiletry bags?",Can one person comfortably style their hair in the mirror reflection while the other person is using the faucet?,Does the mirror start low enough to the countertop so that younger children can easily see themselves to brush their teeth?,Is the viewing area large enough for me to get ready while still keeping an eye on the kids reflected in the background?,Is the lighting from the side fixtures bright enough to check everyone's sunscreen application before we head out?
image_207_jpg.rf.b9bae10280c26ab405acb73717a19bd4.jpg,mirror,0.1069230213761329,444.8100280761719,183.45838928222656,565.5634765625,410.4045104980469,"Do those side sconces provide enough bright, even light for doing detailed makeup or shaving in the morning?","Is the mirror tall enough to check my full outfit before I head out for the day, or is it just waist-up?",Is there enough counter space next to the sink to spread out all my toiletries without feeling cluttered?,Is the mirror wide enough for both of us to get ready side-by-side before a dinner reservation?,Does the bathroom have good ventilation so the mirror doesn't stay fogged up while my partner is showering?,"Since there appears to be only one faucet, does the sink area feel too cramped for two people trying to use the space at once?",Is the mirror mounted low enough that children can easily see themselves to brush their teeth?,"Based on the reflection, is there enough floor space behind the person at the sink for other family members to pass by?",Does the bathroom layout allow someone to use the mirror area while another person is using the shower visible in the reflection?
image_207_jpg.rf.b9bae10280c26ab405acb73717a19bd4.jpg,mirror,0.1047212332487106,444.3637390136719,202.3351287841797,492.7427368164063,408.24847412109375,Is the lighting around this vanity mirror bright enough for detailed grooming like shaving or applying makeup?,"Does the vertical shape of the mirror allow for a decent view of my upper body outfit, or is it just for the face?",Is the glass quality clear and distortion-free so I can get ready quickly without issues?,Is the mirror wide enough for two people to stand side-by-side and brush their teeth at the same time?,"Since the shower is visible in the reflection, does the mirror fog up heavily when one person showers while the other is getting ready?",Is there enough counter space reflected in the mirror to hold two separate toiletry bags without feeling cluttered?,Is the mirror mounted at a height where younger children can see themselves while washing their hands?,Does the bathroom layout reflected in the mirror offer enough room for multiple people to move around during a busy morning?,Is the mirror large and durable enough to withstand high humidity from back-to-back family showers?
image_257_jpg.rf.8bbaaff795a6e57563971a22d3ce6205.jpg,mirror,0.1321300119161605,173.8433074951172,153.92349243164062,246.44076538085935,306.7590026855469,Does the integrated LED lighting border provide enough brightness for detailed grooming tasks like shaving or applying makeup without casting shadows?,"Since the mirror reflects a window, does it suffer from glare during the day, or is the glass anti-reflective?","Is this vertical mirror tall enough to serve as a partial outfit check for my torso, or is it strictly for face-level use?","Is the mirror wide enough for two people to stand side-by-side and brush their teeth, or will we be fighting for space?","Does the glowing edge light have a dimmer switch so we can set a more relaxing, ambient mood in the evening?",Is the mirror mounted at a height that works comfortably for partners with a significant height difference?,Does this mirror have a built-in defogger feature so we can use it immediately after someone in the family takes a hot shower?,"Is the mirror mounted low enough for children to use, or is it positioned too high on the wall for kids?","Given the mirror looks quite narrow, is there additional reflective surface area nearby so multiple people can get ready for an outing simultaneously?"
image_257_jpg.rf.8bbaaff795a6e57563971a22d3ce6205.jpg,mirror,0.1459275484085083,119.40918731689452,166.9951629638672,177.8367462158203,315.42108154296875,Does the built-in LED lighting around the border provide enough brightness for detailed grooming tasks like shaving or applying makeup?,Is the mirror tall enough to provide a clear view of my upper body for checking my outfit before I head out?,Does the glass have any anti-fog features so I can use it immediately after a hot shower without wiping it down?,Is the mirror wide enough for two people to stand side-by-side to brush their teeth or get ready for dinner simultaneously?,"Does the backlit design create a soft, ambient glow that adds a nice atmosphere to the room in the evening?","Since the mirror is vertical, does it accommodate height differences comfortably so we can both see ourselves easily?","Is the mirror mounted low enough for children to see themselves, or will they need a step stool to use it?",Does the light from the mirror illuminate the surrounding counter space well enough for multiple people to organize their toiletries?,Is the lighting bright enough to light up the whole bathroom area when helping kids get washed up?
image_257_jpg.rf.8bbaaff795a6e57563971a22d3ce6205.jpg,mirror,0.1598270237445831,111.955322265625,124.79004669189452,252.3924102783203,313.21990966796875,Is the built-in LED border lighting bright enough for detailed grooming like shaving or applying makeup?,Does the mirror have an anti-fog feature so I can use it immediately after a hot shower?,Is there enough counter space on that granite surface to spread out my personal toiletries while getting ready?,Is the mirror wide enough for two people to check their appearance side-by-side before going out for dinner?,"Does the backlit lighting create a nice ambiance in the room, or is it too harsh for a romantic evening?","Since there is only one faucet shown, is the sink area spacious enough for two people to brush their teeth simultaneously?","Is the mirror mounted low enough for children to see themselves while brushing their teeth, or will we need a stool?",Does the bright light from the mirror illuminate the rest of the bathroom well enough for helping multiple family members get ready?,"Is the mirror securely mounted and durable, especially since it's located right next to the towel rack where kids might be reaching?"
image_257_jpg.rf.8bbaaff795a6e57563971a22d3ce6205.jpg,mirror,0.357621818780899,110.9506607055664,108.83226013183594,266.0455322265625,323.2489013671875,Is the integrated LED border lighting bright enough for detailed grooming like shaving or applying makeup without needing extra overhead lights?,Does the mirror feature a built-in defogger so I can use it immediately after a hot shower without wiping it down?,"Since the mirror is portrait-oriented, is it tall enough to get a decent look at my upper-body outfit, or is it strictly face-level?","Is the backlighting dimmable to create a softer, more relaxing ambiance in the bathroom, or is it only one brightness setting?",Are there dual sinks with individual mirror space?,Can both partners see clearly without crowding?,Can the illuminated border be left on as a low-energy nightlight so children can find the bathroom easily in the dark?,Is the bottom edge of the mirror mounted low enough for younger kids to see themselves while brushing their teeth?,Does the mirror provide a wide enough reflection of the room behind me so I can keep an eye on what the family is doing while I'm at the sink?
image_257_jpg.rf.8bbaaff795a6e57563971a22d3ce6205.jpg,mirror,0.1485137790441513,0.1007747650146484,1.3662338256835938,307.5979309082031,387.1453552246094,Does that built-in LED backlighting provide enough brightness for detailed grooming like shaving or applying makeup?,"Is the mirror tall enough to see my upper body outfit, or is it strictly positioned for face-level use only?","Since the granite counter space looks limited, is there enough room directly in front of the mirror to lay out my toiletries kit?",Is the mirror wide enough for both of us to do a quick appearance check side-by-side before heading out for the evening?,"Does the soft ""halo"" lighting around the frame create a relaxing ambiance, or is the bathroom lighting harsh?",Can both partners see clearly without crowding?,Is the mirror mounted low enough on the wall for children to see their faces while brushing their teeth?,Does the reflection in the mirror allow me to see into the main room area to keep an eye on the family while I'm washing up?,"Is the lighting emitted by the mirror bright enough to illuminate the towel rack and shower area for everyone, or is the bathroom generally dim?"
image_185_jpg.rf.b2f3d0e5f84048bddb572eaa873a2ca0.jpg,mirror,0.3678658902645111,4.966611862182617,86.51834106445312,264.9482421875,282.26873779296875,Is that three-bulb lighting fixture bright enough for detailed grooming like shaving or applying makeup?,"Does the white frame cut off any visibility, or provides a clear, full view of the upper body?",Is the shelf on the right close enough to the mirror to easily grab my toiletries while getting ready?,Is the mirror wide enough for both of us to do a quick check in the glass at the same time before heading out?,"Since the mirror is mounted at a fixed height, does it accommodate a significant height difference between partners?",Do those warm-toned lights provide flattering illumination for getting ready for a date night?,"With only one sink under that mirror, is there enough counter space left over for multiple toiletry bags?",Is the mirror mounted high enough to stay clean from splashes if kids are using the sink?,"Is that side shelf large enough to stack towels for a whole family, or will we need to ask for extra storage?"
image_51_jpg.rf.5e9240dc696bfef934ae34a5e50a37d4.jpg,mirror,0.1426645368337631,441.2610473632813,181.7219390869141,555.548828125,272.0350341796875,Is the integrated LED lighting around the rim bright enough for precise tasks like shaving or applying makeup without casting shadows?,"Does the mirror have an anti-fog feature, or will I need to wipe it down constantly after a hot shower?",Is the mirror positioned at a comfortable height relative to the sink for a quick and easy morning routine?,Is the mirror wide enough for two people to stand side-by-side and get ready for an evening out at the same time?,"Can the illuminated border be dimmed to create a softer, more relaxing ambiance for a bath?","Does the large reflective surface make the bathroom feel spacious and open, or is the actual standing area quite narrow?",Does the mirror extend low enough towards the faucet so that children can see themselves while brushing their teeth?,Is the lighting strong enough to illuminate the whole bathroom when multiple people are moving around getting ready?,Is the glass durable and securely mounted to handle the high traffic of a busy family bathroom?
image_51_jpg.rf.5e9240dc696bfef934ae34a5e50a37d4.jpg,mirror,0.3069324791431427,393.7018432617188,59.25682830810547,583.4850463867188,286.29656982421875,Is the integrated LED border light bright enough for detailed grooming like shaving or applying makeup without shadows?,Are the outlets visible on the side easily accessible for plugging in my hair dryer or electric razor?,"Is the mirror positioned well to give a clear view of my upper body, or is it just focused on the face?",Is the mirror wide enough for both of us to stand side-by-side to brush our teeth or check our hair at the same time?,"Does the lighting have a dimmer setting to create a softer, more romantic ambiance in the evening?","Since there is only one sink, is there enough counter space reflected in the mirror area for two toiletry bags?","Is the mirror mounted low enough for children to see themselves, especially considering the height of that vessel sink?",Does the LED light provide enough illumination to brighten the whole bathroom so we can keep an eye on everyone?,Is the mirror large enough to allow one person to do their hair in the corner while another person washes up?
image_264_jpg.rf.59adc6393ed32fb019716018293cfc52.jpg,mirror,0.304443895816803,308.17022705078125,-0.6714820861816406,450.5050659179688,415.1043090820313,Is the built-in LED lighting bright and even enough for detailed tasks like shaving or applying makeup?,Does the touch button on the glass surface include a defogger function so I can use the mirror right after a hot shower?,"Is the vertical oval shape tall enough to check my outfit, or does it only show my face and shoulders?",Is the mirror wide enough for two people to stand side-by-side and get ready for dinner at the same time?,"Does the backlighting provide a soft, ambient glow that we could use for a relaxing atmosphere at night?",Is the mirror mounted at a height that works comfortably for partners who have a significant height difference?,Can the LED light be left on to serve as a convenient nightlight for children navigating the bathroom in the dark?,Is the bottom of the mirror positioned low enough for younger family members to see themselves while washing their hands?,Is the touch sensor simple and durable enough for kids to operate without constantly smudging the whole glass?
image_264_jpg.rf.59adc6393ed32fb019716018293cfc52.jpg,mirror,0.1957860887050628,327.25439453125,109.75701141357422,440.66253662109375,411.7572021484375,Is the integrated LED lighting bright enough for detailed grooming tasks like shaving or applying makeup without needing extra light?,"Since the mirror is tall and oval, does it function effectively as a full-length mirror to check my outfit before leaving the room?",Is the touch sensor on the glass responsive enough to quickly adjust the light when I'm getting ready in a rush?,Is the mirror wide enough to accommodate two people standing side-by-side so we can brush our teeth simultaneously?,"Since the reflection shows the shower is close by, does the mirror have an anti-fog feature so I can use it while my partner showers?","Does the backlighting offer a dimmable setting to create a softer ambiance for a romantic bath, or is it always fully bright?","Is the mirror mounted low enough on the wall for children to see themselves, or is it positioned strictly for adult height?",Does the LED ring provide enough general illumination to light up the bathroom if multiple people are moving around in there?,Is the touch button interface durable enough to withstand frequent toggling by curious kids or multiple family members?
image_58_jpg.rf.f46de6ee021a52fd5e2003eeb01456b8.jpg,mirror,0.1310754269361496,208.26654052734372,176.26364135742188,234.4059600830078,252.4513092041016,Does this extendable mirror have a magnifying side that is clear enough for detailed grooming like shaving or applying eyeliner?,"Is the adjustable arm sturdy, or does the mirror wobble and drift when I pull it out to use it?",Can the face of the mirror be tilted to different angles so I can use it comfortably regardless of my height?,Is this mirror mounted in a spot where one of us can use it for close-ups while the other uses the main vanity sink?,Does the accordion arm fold back completely flat against the wall so it doesn't block the space when two people are in the bathroom?,"Is the chrome finish well-maintained and clean, or does it show signs of rust and wear?",Is the mirror mounted high enough to be out of reach of small children who might hang on the extendable arm?,Does the mechanism seem durable enough to withstand being pulled out and pushed back frequently by multiple family members?,"Since this projects from the wall, is it located in a high-traffic area where someone might accidentally bump into it?"
image_58_jpg.rf.f46de6ee021a52fd5e2003eeb01456b8.jpg,mirror,0.159579798579216,72.31333923339844,8.369827270507812,194.91729736328125,287.57275390625,"Is the mirror tall enough to check my outfit from the waist up, or is it strictly for face-level grooming?",Does the small magnifying mirror on the wall extend or tilt easily for precise shaving or makeup application?,Is there good lighting for solo grooming tasks?,Is the main mirror wide enough for two people to brush their teeth side-by-side without bumping elbows?,Can one person use the magnifying mirror while the other uses the main mirror so we can get ready for dinner simultaneously?,"Does the textured gold frame add a nice, upscale touch to the room's ambiance for a romantic trip?",Is the mirror mounted low enough for children to see themselves while washing their hands?,Does the frame look sturdy and securely attached to the wall in case kids accidentally bump it?,Is the mirror large enough to help us coordinate the morning rush when everyone is trying to get ready at once?
image_58_jpg.rf.f46de6ee021a52fd5e2003eeb01456b8.jpg,mirror,0.1235256344079971,4.056291580200195,1.4059829711914062,278.8348083496094,333.5638732910156,"Is that circular magnifying mirror attached to the wall lighted, or does it rely only on the wall sconce for visibility?","Does the main framed mirror offer a clear, distortion-free reflection for detailed grooming like shaving or makeup application?","Is the mirror tall enough to see my outfit from the waist up, or is it strictly limited to face-level use?",Is the mirror wide enough for two people to stand side-by-side and get ready for dinner without bumping into each other?,"Since the shower is visible in the reflection, does the mirror tend to fog up completely when the shower is running?",Is the magnifying mirror adjustable so we can both use it easily despite our height difference?,Is that extending arm on the small mirror sturdy enough to withstand kids potentially pulling on it?,Is the mirror large enough to help multiple people get ready quickly in the morning rush?,"Is the glass quality good and free of spots or scratches, giving the bathroom a clean feel for our family stay?"
image_58_jpg.rf.f46de6ee021a52fd5e2003eeb01456b8.jpg,mirror,0.3027994334697723,61.35547637939453,60.18697738647461,122.46231079101562,289.43658447265625,Is the mirror positioned at a comfortable height for detailed grooming tasks like shaving or applying makeup?,"Does the glass provide a crisp, distortion-free reflection, or does it look a bit worn and cloudy?","Is the mirror tall enough to see my full upper body outfit, or is it just a small face mirror?",Is the mirror wide enough for two people to stand side-by-side and brush their teeth at the same time?,"Since the reflection shows the shower is close by, does the mirror fog up completely when one of us is showering?","Does the unique bamboo-style frame give the bathroom a nice, upscale spa vibe for our vacation?","Is the mirror mounted low enough for older children to see themselves, or will they need a step stool?",Is the decorative frame securely attached to the wall so we don't have to worry about safety with active kids?,Is the reflective surface large enough to handle the chaos of a whole family trying to get ready in the morning?
image_58_jpg.rf.f46de6ee021a52fd5e2003eeb01456b8.jpg,mirror,0.2678627669811249,62.90898132324219,7.296123504638672,192.13168334960935,295.5228576660156,Is that attached magnifying mirror adjustable so I can get a close-up view for shaving or makeup?,Does the wall sconce next to the mirror provide bright enough light for getting ready early in the morning?,"Is the main mirror tall enough to check my upper body outfit, or is it only positioned for face-level use?",Is this mirror wide enough for two people to stand side-by-side and brush their teeth at the same time?,Does the bathroom have good ventilation to keep the mirror from fogging up while my partner is in the shower visible behind it?,Is the mirror mounted at a height that works comfortably for partners who have a significant height difference?,Is the mirror mounted low enough for children to see themselves while washing their hands?,Does the extendable makeup mirror fold back flush against the wall so kids don't accidentally bump into it?,Is the frame durable and water-resistant enough to handle splashes from a busy family bathroom?
image_58_jpg.rf.f46de6ee021a52fd5e2003eeb01456b8.jpg,mirror,0.3156831562519073,42.41962432861328,-5.291032791137695,208.70733642578125,309.39117431640625,"Is the wall sconce next to the mirror bright enough for shaving or applying makeup, or does it cast shadows on one side of the face?",Does the small circular mirror mounted on the wall offer magnification for detailed grooming tasks?,"Is the main mirror tall enough to check my outfit from the waist up, or is it positioned strictly for face-level use?",Is the framed mirror wide enough for two people to stand side-by-side and get ready for dinner simultaneously?,"Since there is a secondary extendable mirror, can one person use that while the other occupies the main mirror space?","Does the lighting fixture provide flattering illumination for two people, or is the bathroom area somewhat dim?",Is the bottom of the mirror mounted low enough for children to see themselves while brushing their teeth?,"Does the mirror fog up immediately after someone showers, making it unusable for the next family member in line?","Is the decorative frame sturdy and securely attached to the wall, given that kids might be splashing water around the sink area?"
image_148_jpg.rf.b811cdc5e00a529ac51cce4f8cdd2372.jpg,mirror,0.1501593291759491,-2.044095993041992,3.647594451904297,246.90814208984372,362.3367919921875,Is the lighting fixture above the frame bright enough to provide good visibility in the mirror for detailed grooming or makeup?,Is the mounted hair dryer positioned close enough to the mirror so I can easily see what I'm doing while styling my hair?,"Is the mirror tall enough to check my upper-body outfit before heading out, or does it only show a face-level reflection?",Is the mirror wide enough for both of us to stand side-by-side and brush our teeth at the same time?,"Since there is only one sink shown below the mirror, is there enough counter space reflected for two people's toiletries?",Does the bathroom have good ventilation so the mirror doesn't stay fogged up if one person showers while the other gets ready?,Is the bottom edge of the mirror frame low enough for children to see themselves while washing their hands?,Does the mirror provide a wide enough angle to keep an eye on kids in the closet area or hallway while I'm using the sink?,"The mirror reflects the towel rack; is that the only spot for linens, or is there enough capacity nearby for a whole family's towels?"
image_148_jpg.rf.b811cdc5e00a529ac51cce4f8cdd2372.jpg,mirror,0.405216783285141,-4.314260482788086,0.6170082092285156,248.3153533935547,371.01995849609375,Is the lighting fixture above the mirror bright enough for detailed grooming tasks like shaving or applying makeup?,Does the reflection of the clothes hanging area mean I can use this as a makeshift dressing mirror to check my outfit?,Is the wall-mounted hairdryer positioned close enough to the mirror so I can easily style my hair while watching my reflection?,Is the mirror wide enough for two people to stand side-by-side and brush their teeth at the same time?,"Since the towel rack is right next to the frame, is there enough elbow room for one person to grab a towel without blocking the other person's view?","Is the mirror glass high quality and distortion-free so we can both get ready for a night out without fighting for the ""good spot""?",Is the bottom of the mirror frame low enough for children to see themselves while they wash their hands or brush their teeth?,Does the large reflection of the open closet area make the space feel big enough for a family to manage luggage without feeling claustrophobic?,Is that textured frame securely attached and durable enough to handle a busy family environment without getting damaged?
image_256_jpg.rf.639e891d9b105cede24f27eec4046af0.jpg,mirror,0.1859809458255767,34.259891510009766,-4.636449813842773,297.392333984375,307.5228576660156,Is the overhead lighting bright enough for detailed tasks like shaving or applying makeup without casting shadows?,"Does the mirror tend to fog up quickly after a hot shower, or can I use it immediately?","Is the mirror wide enough to get a good view of my outfit, even though it's not full-length?","Since there is only one sink, is the mirror wide enough for both of us to stand side-by-side and get ready for dinner at the same time?",Is the counter space reflected in the mirror ample enough to hold two distinct sets of toiletries without cluttering the view?,"Does the lighting provide a flattering ambience, or is it harsh fluorescent light?","Since the mirror reflects the shower area, does it offer a good angle for supervising children in the bath while I'm at the sink?",Is the bottom edge of the mirror low enough for younger children to see themselves while brushing their teeth?,Does the large surface area of the mirror help make the bathroom feel less cramped when multiple family members are in there?
image_256_jpg.rf.639e891d9b105cede24f27eec4046af0.jpg,mirror,0.2335570305585861,22.02488899230957,1.0387706756591797,298.55029296875,313.876708984375,Is the light fixture above the mirror bright enough for detailed grooming like shaving or applying makeup?,"Does the mirror provide a clear, distortion-free reflection for getting ready in the morning?",Is the mirror positioned at a comfortable height so I don't have to lean over the sink to see clearly?,Is the mirror wide enough for two people to stand side-by-side to brush teeth or check hair simultaneously?,"Since the shower is visible in the reflection, does the mirror fog up heavily when one person is showering while the other gets ready?",Is the vanity lighting even across the width of the mirror so we both have good visibility if standing together?,Is the bottom edge of the mirror low enough for children to see themselves while washing their hands?,Does the large size of the mirror help multiple family members do last-minute checks before leaving the room?,Is the frame sturdy and securely mounted given that a busy family will be using the space frequently?
image_216_jpg.rf.c34e27001795c9269b88053cce58230a.jpg,mirror,0.3882962763309479,397.937744140625,-1.7488288879394531,643.06591796875,356.86669921875,Is the side sconce lighting bright enough for detailed grooming tasks like shaving or applying makeup without casting heavy shadows?,"Does the mirror extend high enough to check my upper body outfit, or is it mostly focused on face-level viewing?","With that large vase taking up counter space, is there enough room left on the vanity ledge for my own toiletry bag?","Since there is only one sink, is the mirror wide enough for both of us to stand side-by-side and fix our hair at the same time?",Does the mirror tend to fog up completely when someone is taking a hot shower in the reflection behind it?,"Does the bathroom lighting create a flattering ambiance for getting ready for a dinner date, or is it purely functional?",The mirror reflects the shower area clearly; does this help with keeping an eye on young children in the tub while I'm using the sink?,Is the bottom edge of the mirror low enough for kids to see themselves while brushing their teeth?,"Is there enough counter space or shelving around the mirror to hold toothbrushes and toiletries for a whole family, or is it limited?"
image_216_jpg.rf.c34e27001795c9269b88053cce58230a.jpg,mirror,0.120644100010395,404.8404235839844,-2.427597045898437,644.431884765625,339.9881591796875,Is the lighting from that?,Can I see myself clearly for detailed makeup or shaving?,Is there good lighting for solo grooming tasks?,Is the mirror wide enough for both of us to stand side-by-side and get ready for dinner at the same time?,"Since the mirror reflects the shower area, is there still enough privacy if one person is showering while the other uses the sink?",Does the bathroom ventilation keep the mirror from steaming up so we can both use the space efficiently?,Is the bottom edge of the mirror low enough for children to see themselves while brushing their teeth?,Does the direct reflection of the shower allow parents to easily supervise younger kids bathing while standing at the sink?,Is the mirror surface large enough for multiple family members to do a quick hair or face check before heading out?
image_216_jpg.rf.c34e27001795c9269b88053cce58230a.jpg,mirror,0.1062110140919685,421.7188720703125,86.52764129638672,644.755126953125,347.427734375,Is the lighting from the side sconce bright enough for detailed grooming tasks like shaving or applying makeup?,"Does the mirror offer a clear, distortion-free reflection for checking my appearance before heading out?",Is the mirror positioned at a comfortable height so I don't have to hunch over while using the sink?,Is the mirror wide enough for both of us to stand side-by-side and get ready for dinner simultaneously?,Does the mirror extend high enough up the wall to comfortably accommodate my partner who is much taller than I am?,Does the large reflection help the bathroom feel more spacious and less cramped for two people sharing the room?,"Since the mirror clearly reflects the shower area, can I easily keep an eye on my children in the bath while I'm standing at the sink?",Does the wide mirror allow one family member to fix their hair on the side while another uses the faucet?,Is the bottom edge of the mirror high enough above the countertop to avoid constant splashes and smudges when kids are washing their hands?
image_260_jpg.rf.b52ba442570ae066c30676aff305b904.jpg,mirror,0.2686229646205902,258.1055908203125,162.7526092529297,377.6156005859375,347.49462890625,Is the integrated LED ring light bright enough for detailed grooming tasks like shaving or applying makeup?,"Does the oval shape provide a wide enough reflection, or is it strictly limited to the face only?","Since the mirror is mounted flush against the wall, is there a shelf or counter nearby to place my personal toiletries while I use it?",The mirror is positioned in a narrow tiled alcove; is there enough elbow room for two people to stand there together?,Is the mirror hung at a height that works comfortably for partners with significant height differences?,"Does the backlighting on the mirror create a nice ambient mood, or is it the primary bright light for the bathroom?","Is this the only mirror in the accommodation, or is there a full-length one elsewhere to prevent a bottleneck when everyone is getting ready?",Is the mirror mounted too high on the wall for younger children to see themselves while brushing their teeth?,"Given the compact size of the mirror and sink area, will it feel too cramped for a family trying to get ready in the morning?"
image_9_jpg.rf.ef0feb027cdd49fb852fc537d8c1b5a7.jpg,mirror,0.1937749981880188,305.7699279785156,0.2396297454833984,560.0455932617188,247.51156616210935,Is the overhead lighting reflected in the mirror bright and even enough for detailed grooming tasks like shaving or applying makeup?,"Since the mirror is positioned right next to the shower fixture, does it have an anti-fog feature, or does it steam up immediately?","Does the mirror provide a clear, distortion-free reflection for checking my appearance before heading out for the day?",Is the mirror wide enough to allow two people to stand side-by-side and brush their teeth simultaneously?,"Does the reflection of the shower curtain rail suggest the mirror is too close to the wet area, meaning one person can't use it while the other showers?",Does the large mirror help the compact bathroom feel spacious enough for two people to move around without bumping into each other?,Is the bottom edge of the mirror low enough for children to see themselves while washing their hands?,"Can the towel rack visible in the reflection hold enough bath linens for a whole family, or is it too small?",Does the mirror angle allow a parent to keep an eye on a child in the shower area while using the sink?
image_9_jpg.rf.ef0feb027cdd49fb852fc537d8c1b5a7.jpg,mirror,0.1135022267699241,321.315673828125,24.840011596679688,561.748291015625,258.7211608886719,Is the overhead lighting reflected in the mirror bright enough for detailed grooming tasks like shaving or applying makeup?,"Since the shower is in the same compact space, does the mirror have a heating element to prevent it from fogging up completely?","Is the mirror tall enough to check my upper body outfit, or is it strictly positioned for face-level use?","The mirror looks wide, but is there actually enough standing room in front of it for two people to brush their teeth at the same time?",Does the mirror extend low enough so that partners of significantly different heights can both see themselves comfortably?,"If one of us showers, does the steam cover the entire mirror surface, making it unusable for the other person immediately after?",Is there enough space in front of the mirror for a parent to stand next to a child to help them wash up?,"Since the mirror sits directly above the sink, does the bottom edge stay clean, or does it get constantly splashed by water?",Is the mirror large enough to reflect the whole bathroom so we can keep an eye on kids while getting ready?
image_54_jpg.rf.94cc133a81c888329dcfbf9286f3cc83.jpg,mirror,0.1442524343729019,0.3157544136047363,2.5456762313842773,73.51683807373047,69.22109985351562,Is the thick grey border actually a built-in LED light to help with shaving or applying makeup?,Does the mirror offer any magnification properties for close-up grooming tasks?,"Is the glass quality high enough to provide a clear, distortion-free reflection?",Is this round mirror wide enough for two people to check their appearance side-by-side?,Does the backlighting feature have a dimmer switch to create a relaxing ambiance in the bathroom?,Is there an anti-fog feature so one of us can use the mirror immediately after the other showers?,Is the frame mounted securely to the wall to ensure safety with children around?,"Is the mirror positioned low enough for younger family members to use, or is it mounted high up?",Is the light emitted from the mirror bright enough to illuminate the whole bathroom for a family getting ready?
image_54_jpg.rf.94cc133a81c888329dcfbf9286f3cc83.jpg,mirror,0.2467171996831894,126.57540893554688,11.08464241027832,224.3226776123047,217.6507873535156,"Those vertical light strips look sleek, but do they provide enough brightness for doing detailed makeup or shaving?",I notice some buttons or sockets on the side panel; does this unit have a built-in outlet so I can charge my electric razor right there?,"Is there actual storage space inside that cabinet door for my toiletries, or will I have to rely on that small glass shelf underneath?",Is the mirror wide enough for both of us to stand in front of it and check our appearance at the same time?,"With two people's worth of products, is the glass shelf below the mirror sturdy and large enough to hold both our toothbrush tumblers and necessities?","Do the integrated lights have a dimmer setting to create a softer light for a relaxing bath, or is it just one brightness level?","Is that glass shelf positioned high enough to be safe, or is there a risk of small children bumping their heads on the corners?","Does the cabinet open easily with a push mechanism, or is it tricky for kids to access without leaving fingerprints all over the glass?","Is the pull cord at the bottom the only way to operate the lights, or is there a wall switch that's easier for everyone in the family to reach?"
image_119_jpg.rf.49ab2b6f0c33e791bff3afe1cd637357.jpg,mirror,0.1772735267877578,440.3603515625,-7.472858428955078,637.164794921875,361.955322265625,Is the lighting reflected in the mirror bright enough for detailed grooming tasks like applying makeup or shaving?,"Does the mirror's oval shape provide a sufficient field of view for checking my outfit, or is it mostly just for the face?",Is that small fixture attached to the bottom right of the mirror a shelf where I can place my toothbrush or razor?,Is this mirror wide enough for two people to stand side-by-side and brush their teeth at the same time?,Does the mirror have an anti-fog feature so one of us can use it immediately after the other takes a hot shower?,"The design looks modern, but does the rimless glass offer a distortion-free reflection for getting ready for a night out?","Since the sink is a raised vessel style, is the mirror mounted low enough for children to see themselves?",Is the mirror securely mounted and durable enough to handle the wear and tear of a busy family bathroom?,"Is this large oval mirror the only one in the space, or are there additional mirrors for other family members to use while someone occupies the sink?"
image_28_jpg.rf.18aa2d8f29de7d4fe6f81dd84574f779.jpg,mirror,0.103738360106945,217.04025268554688,12.426319122314451,629.3438720703125,436.8501281738281,Is the overhead lighting bright enough to use this mirror for detailed grooming like shaving or makeup application?,"Does the mirror extend high enough to check my upper body outfit, or is it strictly a face-level reflection?",Is the mirror positioned at a comfortable distance to use while leaning over that raised vessel sink?,Is the mirror wide enough for two people to stand side-by-side and get ready for the evening simultaneously?,"Since the mirror is right next to the tub, does it fog up completely when one person is showering?",Is the reflection area large enough for both of us to do a quick outfit check together before heading out?,Does the bottom of the mirror start low enough for children to see themselves while brushing their teeth?,"Is the mirror large enough to handle the morning rush, or will family members have to take turns using it?",Is the mirror securely mounted and safe for energetic kids since it appears to be frameless?
image_28_jpg.rf.18aa2d8f29de7d4fe6f81dd84574f779.jpg,mirror,0.1261671930551529,478.68853759765625,1.9577980041503904,633.9375610351562,427.0548095703125,Is the glass partition wide enough to actually stop water from splashing onto the floor while I'm showering?,Does the fixed position of the glass make it difficult to reach the taps to adjust the temperature before getting in?,"Is the tub deep and long enough for a relaxing soak, or does the glass enclosure make it feel cramped?",Does the partial glass design cause the shower area to feel drafty and cold compared to a full curtain or door?,"Is the glass clear and well-maintained, or does it look worn and cloudy with hard water stains?",Is the seal along the bottom of the glass tight enough to prevent puddles from forming on the bathroom floor?,Does the glass panel swing open to make it easier for parents to lean over and bathe small children?,Is the glass made of safety-tempered material with smooth edges to prevent injury if kids bump into it?,"With only a half-screen, how much water ends up on the floor when multiple people or kids use the shower back-to-back?"
image_28_jpg.rf.18aa2d8f29de7d4fe6f81dd84574f779.jpg,mirror,0.2007748186588287,-2.90555477142334,24.71973419189453,156.4124298095703,383.6988525390625,Is the lighting reflected in the top of the mirror bright enough for detailed grooming like shaving or applying makeup?,"Does the mirror provide enough vertical length to check my outfit, or is it strictly limited to head-and-shoulders visibility?","Since the mirror reflects the shower area, does it have good ventilation or anti-fog features so I can use it immediately after showering?",Is the mirror wide enough for two people to stand side-by-side and brush their teeth at the same time?,Is there enough counter space visible at the base of the mirror for both of our toiletry bags?,"Does the overhead lighting reflected in the glass cast harsh shadows, or is it flattering for checking our look before dinner?",Does the bottom edge of the mirror start low enough for children to see themselves while washing their hands?,Is the glass securely mounted and durable enough to withstand high traffic from a busy family bathroom?,"given the mirror's vertical orientation, does it make the sink area feel too cramped for multiple people trying to get ready at once?"
image_28_jpg.rf.18aa2d8f29de7d4fe6f81dd84574f779.jpg,mirror,0.1522452235221862,-1.382598876953125,74.7591323852539,153.76507568359375,369.8407287597656,Is the mirror large enough for full outfit checks?,Can I see myself clearly for detailed makeup or shaving?,Is there good lighting for solo grooming tasks?,"Is the mirror wide enough for two people to stand side-by-side and get ready simultaneously, or is it strictly for one person at a time?","Is there enough counter space visible at the base of the mirror for two separate toiletry bags, or does the sink take up most of the room?","Does the mirror accommodate partners of different heights well, considering it starts above a raised vessel sink?","Since the mirror is mounted above a high vessel sink, is it too high for younger children to use without help?",Does the mirror provide a wide enough reflection of the bathroom to keep an eye on kids in the bathtub while I'm at the sink?,"Is the large, frameless glass securely mounted and durable enough to withstand accidental bumps from a busy family bathroom?"
image_28_jpg.rf.18aa2d8f29de7d4fe6f81dd84574f779.jpg,mirror,0.380227118730545,-4.498047828674316,14.034595489501951,158.09347534179688,392.34466552734375,Does the overhead lighting reflected in the glass provide enough brightness for detailed grooming like shaving or applying makeup?,"Since the mirror is mounted vertically, is it tall enough to double as a full-length mirror for checking my outfit?",Is the mirror positioned low enough over the vessel sink for me to easily see my face without straining?,Is the mirror wide enough for two people to stand side-by-side and get ready for dinner at the same time?,"Does the glass fog up quickly when the shower (visible in the reflection) is running, or is there good ventilation?",Is there enough counter space around the sink and mirror area for two people's toiletries?,"Is the mirror mounted too high for children to see themselves, especially with that raised bowl sink in the way?",Does the reflection provide a clear view of the bathtub area so I can supervise kids while I'm at the sink?,Is the mirror large enough to help multiple family members speed up the morning routine?
image_98_jpg.rf.31dd503190d0381023c6fef0db431228.jpg,mirror,0.4932456016540527,337.17840576171875,10.463848114013672,593.9380493164062,294.7106628417969,Is the recessed ceiling lighting bright enough for detailed grooming tasks like shaving or applying makeup without casting shadows?,"Does the mirror extend low enough to provide a good view while washing up, or is it positioned strictly for standing height?",Is the glass treated to be fog-resistant so I can use it immediately after a hot shower?,"Since the mirror spans across two sinks, is it wide enough for both of us to get ready for dinner side-by-side comfortably?",Does the overhead lighting distribute evenly across the entire width so neither of us is standing in a dim spot?,Does the large reflective surface help the bathroom feel more spacious and open for two people sharing the room?,"Is the mirror mounted low enough for children to see themselves while brushing their teeth, or is it too high on the wall?","With that extensive width, can we squeeze 3 or 4 family members in front of it for a quick group check before heading out?",Is the frame and glass sturdy and easy to wipe clean if the kids splash water while using the dual sinks?
image_235_jpg.rf.13a5e432552cc2e89133aac975176818.jpg,mirror,0.3274365067481994,68.90577697753906,5.637397766113281,159.0155029296875,333.6130065917969,Is the three-bulb lighting fixture above the mirror bright enough for detailed grooming like shaving or applying makeup?,Is the mirror tall enough to get a good view of my upper body and outfit before I head out for the day?,Does the placement of the wall-mounted soap dispensers next to the mirror leave enough elbow room for me to get ready comfortably?,Is this mirror wide enough for two people to stand side-by-side and brush their teeth at the same time?,"Since the mirror is portrait-oriented and narrow, will we likely have to take turns getting ready for dinner?","Is the counter space below the mirror sufficient to hold two toiletry bags, or does the tissue box take up most of the room?",Is the mirror mounted low enough on the wall for children to see themselves while washing their hands?,"given the narrow width of the mirror, will this bathroom create a bottleneck if the whole family is trying to get ready in the morning?",Is the frame sturdy and easy to clean if kids accidentally splash water or toothpaste on the lower edge?
image_155_jpg.rf.e2860144c4bd60e2ccf934f8841ba782.jpg,mirror,0.1081262156367302,5.327396392822266,-3.162822723388672,341.93878173828125,411.5520629882813,Is the mirror large enough for full outfit checks?,Can I see myself clearly for detailed makeup or shaving?,Is there good lighting for solo grooming tasks?,Is the mirror wide enough for two people to stand side-by-side and check their appearance before heading out for the evening?,"Does the warm backlighting behind the panel create a nice, romantic ambiance in the bathroom, or is it too dim for practical use?","Considering the sink style, is there enough counter space below the mirror for two separate toiletry bags?",Is the glass shower partition close enough to the mirror that steam will instantly fog it up while someone else is showering?,"Is the mirror mounted low enough for children to see themselves, or does the high vessel sink make it difficult for shorter family members?","Is the decorative orange surface durable and water-resistant, or is it something we need to be extra careful with around kids?"
image_155_jpg.rf.e2860144c4bd60e2ccf934f8841ba782.jpg,mirror,0.1618289947509765,0.0629425048828125,-7.258644104003906,344.642578125,414.46978759765625,Is the warm backlighting around the mirror bright enough for detailed grooming tasks like shaving or applying makeup?,Is there enough space on that narrow vanity ledge to set down my toiletry bag without knocking it over?,"Does the mirror usually stay clear after a hot shower, or does the ventilation struggle in that enclosed space?",Does the amber mood lighting behind the mirror create a romantic atmosphere for a getaway?,Is the circular mirror wide enough for both of us to stand side-by-side and get ready for dinner at the same time?,"Since there is only one sink, is there enough counter space for two separate toiletry kits?","Is the mirror mounted low enough for children to see themselves, or does the vessel sink make it too high?","Is the lighting in the bathroom sufficient for checking that kids have brushed their teeth properly, or is it too dim?",Is that vanity shelf sturdy and large enough to hold the toiletries and clutter for a family of four?
image_138_jpg.rf.6df9b0dd098c1ab57860432b02ba9de2.jpg,mirror,0.4186085760593414,60.207462310791016,79.22132873535156,239.0115203857422,338.36248779296875,Does the backlighting around the frame provide enough brightness for detailed grooming like applying makeup or shaving?,I see a magnifying mirror reflected in the glass—is that easily accessible from where I'd be standing at the sink?,"Is the mirror positioned at a convenient height for a quick check, or will I need to lean over the sink to see properly?",Is the diameter of the round mirror wide enough for two people to check their reflection simultaneously while getting ready?,"Does the ambient LED lighting create a nice mood in the bathroom, or is it the only light source available?","With the heated towel rail reflected behind it, does this mirror stay clear of fog after one of us takes a shower?","Since the soap dispensers are wall-mounted, is there enough actual counter space around the sink for a family's worth of toiletries?","Is the mirror mounted low enough for children to see themselves, or would we need to request a step stool?",Is the lighting dimmable so we don't disturb other family members during middle-of-the-night bathroom trips?
image_138_jpg.rf.6df9b0dd098c1ab57860432b02ba9de2.jpg,mirror,0.1359695047140121,209.09115600585935,243.505126953125,228.83084106445312,285.2414245605469,Is this a high-magnification mirror that makes detailed tasks like shaving or applying makeup easier?,Does the arm extend and tilt smoothly so I can adjust it to catch the best light for my routine?,"Is the mirror surface clear and well-maintained, ensuring no distortion when I'm getting ready close-up?",Is this mirror positioned in a way that allows one of us to use it while the other uses the main sink?,Does the mirror swing out far enough to be shared or used comfortably without blocking the walkway?,"Is this a useful addition for getting ready for a date night, or is it too small to be practical?",Does this mirror fold back flat against the wall so it doesn't become an obstacle when the bathroom is crowded?,Is the mount sturdy enough to withstand frequent adjustments by different family members?,"Does having this extra mirror actually help speed up the morning routine for a group, or is it just decorative?"
image_166_jpg.rf.5dcc00a73975991b19d7b1b4dbe15ded.jpg,mirror,0.1505565792322158,504.099365234375,-3.116278648376465,571.66162109375,109.96481323242188,Does the articulated arm extend out smoothly so I can get close enough for detailed shaving or makeup application?,Is the mirror?,Is there good lighting for solo grooming tasks?,Can the mirror's arm extend far enough to the side so one of us can use it while the other uses the main sink?,Is the vertical tilt adjustable to comfortably accommodate the height difference between my partner and me?,Does the mirror fold flat against the wall to save space when we are both moving around the bathroom?,Is the mounting hardware sturdy enough to handle frequent pulling and adjusting by multiple family members?,Does having this secondary mirror help speed up our group's morning preparation time?,Is the mirror mounted high enough to be out of reach of small children to prevent accidents?
image_166_jpg.rf.5dcc00a73975991b19d7b1b4dbe15ded.jpg,mirror,0.1646114289760589,107.0791473388672,-11.375102996826172,520.208740234375,424.7601318359375,Does that small extendable mirror on the wall include magnification and a light for detailed grooming tasks like shaving or makeup?,Is the recessed ceiling lighting bright enough to illuminate my face clearly in the main corner mirror without casting shadows?,Does the angled setup of the large mirrors allow me to see the side or back of my head easily while getting ready?,Is there enough mirror width on the sides for two people to stand next to each other and check their reflections simultaneously?,Does the corner angle of the mirror create a distorted view if we are both trying to use the vanity space at the same time?,Does the large wrap-around mirror make this compact corner sink area feel spacious enough for two people?,Is the bottom edge of the mirror low enough for children to see themselves while they are washing their hands?,"Since the mirror panels meet directly behind the faucet, does the glass get splashed easily when multiple people use the sink?",Does the wide angle of the corner mirror provide a good view of the rest of the bathroom so I can keep an eye on kids while I'm at the sink?
image_23_jpg.rf.0ba4a3e8341cf440462b6b34818447cd.jpg,mirror,0.104215882718563,97.33308410644533,4.518699645996094,452.4383544921875,356.1575622558594,Is the vertical panel on the right column a full-length mirror that I can use to check my outfit before heading out?,Does the large mirrored wall behind the bed reflect enough light to make the room feel bright and spacious for a solo stay?,"Since the room has mood lighting, is the mirror area well-lit enough for grooming and getting ready?",Does the large mirror positioned directly behind the headboard add a romantic ambiance to the sleeping area?,"With the open-concept tub nearby, do the mirrors in the room allow for a view of the bath from the bed?",Is the vertical mirror on the side large enough for both of us to do a quick check before going out to dinner?,Does the extensive use of mirrors and glass dividers make the room feel too exposed or lacking in privacy when sharing with family members?,Is the large mirrored surface behind the bed positioned high enough to avoid getting covered in fingerprints if children are playing on the bed?,Does the reflection from the large mirror make the room feel too bright at night if one person is trying to sleep while others are awake?
image_23_jpg.rf.0ba4a3e8341cf440462b6b34818447cd.jpg,mirror,0.1120222061872482,327.4066772460937,42.53287506103516,445.6558227539063,258.8510437011719,"Since the mirror is positioned behind the bed, is there actually enough floor space visible to use it as a full-length mirror for checking my outfit?",Does the reflection from the bedside lamp create a glare in the mirror that makes it hard to sleep if I leave a light on?,Does having such a massive glass wall make this?,"Does the floor-to-ceiling mirror behind the headboard create a nice ambiance, or does it feel intrusive to have that much reflection while sleeping?","Is that mirrored panel a see-through glass divider to the bathroom, or is it fully opaque for privacy between two people?",Is the lighting around the mirror flattering enough for two people to get ready for a night out simultaneously?,"Is that large glass pane sturdy and tempered, or should I be worried about safety if my kids are jumping on the bed right next to it?","Since that mirror acts as a room divider, does it block sound effectively if we have people chatting on the other side?","With such a huge surface area right next to the pillows, is it usually kept clean of smudges and fingerprints?"
image_194_jpg.rf.11afeda5a15a8febd3d54d78016a3ec8.jpg,mirror,0.1229580044746398,267.9407043457031,118.85501098632812,550.6898193359375,434.51220703125,Do those three overhead frosted lights provide bright enough illumination for detailed tasks like applying makeup or shaving without casting shadows?,Is the mirror tall enough to give me a good upper-body view to check my outfit before I head out for the day?,"Since the mirror reflects the bedroom doorway, does it give a clear view of the room behind me for peace of mind while I'm getting ready?","Even though there is only one sink, is the mirror wide enough for both of us to stand side-by-side and get ready for dinner simultaneously?","Does the mirror angle reflect the bright bathroom lights directly into the sleeping area, which might wake my partner if I get up earlier?",Is the mirror mounted at a height that accommodates both of us comfortably if there is a significant height difference between us?,Is the bottom frame of the mirror low enough for children to see themselves while they are brushing their teeth?,"With the shelves located immediately to the right, is there enough elbow room in front of the mirror for a parent to help a child without feeling cramped?","Does that thick metallic frame trap moisture or dirt easily, or is the surface easy to wipe down after a messy family wash-up session?"
image_194_jpg.rf.11afeda5a15a8febd3d54d78016a3ec8.jpg,mirror,0.4972380101680755,257.62890625,96.46673583984376,562.8788452148438,441.3496398925781,Do those three overhead lights provide bright enough illumination for detailed grooming like makeup application or shaving?,"Is the mirror tall enough to see my full upper body outfit, or is it mostly just focused on the face?",Is the glass high quality and free of distortion so I can get ready quickly without straining my eyes?,Is the mirror wide enough for both of us to stand side-by-side and check our appearance simultaneously?,Is the mirror mounted at a height that accommodates a significant height difference between partners?,Does the overhead lighting extend far enough to the sides so neither of us is standing in a shadow if we share the mirror?,"Since the reflection shows the bedroom, can I use the mirror to keep an eye on the kids in the sleeping area while I'm at the sink?",Is the mirror mounted high enough off the countertop to stay clean when kids are splashing water at the sink?,Does the large size of the mirror help the bathroom feel less cramped when multiple family members are trying to use the space?
image_215_jpg.rf.d3aefc3592d48845a3ea7f1c06d0c8a0.jpg,mirror,0.1051381900906562,403.2356262207031,0.282754898071289,637.9140625,303.7062072753906,Is the integrated LED light border bright enough for detailed grooming tasks like applying makeup or shaving?,Does this mirror offer a magnification feature or is it just a standard reflection?,"Is the mirror large enough to see my upper body clearly, or is it mostly just face-level?",I see the edge of another mirror on the left; does this bathroom feature a double vanity so we can both get ready at the same time?,"Is the lighting dimmable to create a more relaxing atmosphere, or is it always on this bright setting?",Is the counter space below wide enough for two people to place their toiletries while using the mirror?,Is the mirror mounted at a height where children can easily see themselves to brush their teeth?,Does the LED border provide enough illumination to act as a nightlight for family members navigating the bathroom in the dark?,Is the mirror glass durable and securely mounted to handle the traffic of a busy family getting ready?
image_69_jpg.rf.a9899cee778948f298426fa771070cd9.jpg,mirror,0.1008873954415321,21.594362258911133,92.0950164794922,320.1895446777344,430.5116271972656,Is the lighting fixture above the mirror bright enough for detailed grooming tasks like shaving or applying makeup?,"Does the mirror have a heated anti-fog feature, or will it be unusable immediately after taking a hot shower?","Is the mirror tall enough to check my upper body outfit, or does it primarily just show the face and neck?","Is the mirror wide enough for two people to stand side-by-side and get ready, or is it strictly for one person at a time?",Is the counter ledge next to the mirror spacious enough to hold two separate toiletry bags without things falling into the sink?,"Does the mirror reflect the shower area, and does that impact privacy if one person is using the sink while the other showers?",Is the mirror mounted low enough for children to easily see themselves while brushing their teeth?,"Since this bathroom mirror is quite small, is there a second, larger mirror in the main bedroom area to prevent bottlenecks?",Is the mirror securely mounted flush to the wall to withstand accidental bumps from kids or luggage in such a tight space?
image_69_jpg.rf.a9899cee778948f298426fa771070cd9.jpg,mirror,0.3537428975105285,199.124755859375,111.4208984375,313.8743896484375,354.271484375,Is the mirror large enough for full outfit checks?,Can I see myself clearly for detailed makeup or shaving?,Is there good lighting for solo grooming tasks?,Is the mirror wide enough for two people to stand side-by-side and brush their teeth at the same time?,Is there enough ledge space at the bottom of the mirror to hold distinct toiletry kits for both of us?,"Since there is only one light source, does it provide even lighting for two people getting ready for a night out together?",Is the mirror mounted low enough for children to see themselves while washing their hands?,Is the area in front of the sink spacious enough for a parent to stand behind a child and help them get ready?,Is the mirror large enough to accommodate the morning rush when the whole family is trying to get out the door?
image_164_jpg.rf.9c8903e320e63554969cec7544839d6b.jpg,mirror,0.1819237917661667,412.4514465332031,52.60059356689453,626.3382568359375,486.8260192871094,Is the lighting fixture above the mirror bright and even enough for detailed grooming or applying makeup?,Does the large width of the mirror allow me to spread out my toiletries on the counter and still see everything clearly?,Is the mirror positioned well enough to get a decent view of my upper body outfit before I head out for the day?,Is this mirror wide enough for both of us to stand side-by-side and get ready for dinner without bumping elbows?,"Since the reflection shows the shower area, does the mirror tend to fog up completely while one person showers and the other gets ready?","Is the overhead lighting sufficient for two people sharing the vanity space, or are there shadows cast on the sides?",Can three or four of us squeeze in front of this expansive mirror to brush teeth simultaneously during the morning rush?,"Is the bottom edge of the mirror low enough for younger children to see themselves, or will we need a step stool?",Does the wide angle of the mirror help parents keep an eye on what's happening in the rest of the bathroom while at the sink?
image_164_jpg.rf.9c8903e320e63554969cec7544839d6b.jpg,mirror,0.1092719808220863,528.9673461914062,114.76856994628906,567.984375,424.8074645996094,Is that an electrical outlet near the base of the mirror convenient for plugging in a hair dryer or shaver?,"Since the mirror looks quite narrow, is it tall enough to serve as a full-length mirror for checking my outfit?",Is the lighting above the mirror bright and neutral enough for applying makeup or detailed grooming?,Is the mirror wide enough for two people to stand side-by-side and check their appearance before heading out?,"Is this mirror located in the main room, allowing one person to use it while the other occupies the bathroom?","Judging by the reflection of the towel rack, is this mirror inside the bathroom where it might fog up during showers?",Is the ledge or counter space at the bottom spacious enough to hold toiletries for multiple people?,Is the mirror mounted low enough on the wall for children to see themselves?,Is the hallway or area in front of this mirror wide enough for family members to pass by while someone is using it?
image_168_jpg.rf.e34b84e656dd95078e47da9b31583752.jpg,mirror,0.2555224001407623,49.47577667236328,3.751544952392578,250.42999267578125,375.9185791015625,Is that vertical LED light strip bright enough for detailed grooming like shaving or applying makeup?,Does the mirror extend low enough to the sink so I can easily lean in close for contact lenses?,"Is the lighting natural-looking, or will that cool-toned bar distort colors when I'm checking my outfit?",Is the mirror wide enough for both of us to stand side-by-side and get ready for dinner at the same time?,Does that warm ambient lighting at the bottom work as a nightlight so we don't wake each other up with the bright main light?,"Since the mirror reflects the shower directly, does it have an anti-fog feature so I can use it while my partner showers?",Does the mirror start low enough on the wall for children to see themselves while brushing their teeth?,Is the lighting strong enough to illuminate the whole bathroom when multiple people are moving around getting ready?,"Is the glass surface distinct from the splash zone, or will we constantly be wiping water spots off the bottom edge?"
image_184_jpg.rf.6621679f4734724109e73d37518d3d5d.jpg,mirror,0.1375591307878494,335.1102294921875,3.2277870178222656,591.3232421875,341.8746337890625,Is the overhead lighting reflected in the mirror bright enough for detailed grooming like shaving or applying makeup?,Does the mirror fog up easily when the laundry machine next to the counter is running?,Is the shelf space in front of the mirror deep enough to hold my toiletries while I'm getting ready?,Does the mirror span the entire width of the counter so we can both get ready for dinner side-by-side without sharing a small spot?,Is the lighting distributed evenly across the mirror so neither of us is standing in a shadow while using the sinks?,"Since the mirror is quite wide, is there enough elbow room for two people to style their hair at the same time?","With that extra-long mirror and multiple sinks, can three of us brush our teeth at the same time to speed up our morning routine?",Does the mirror extend low enough towards the backsplash for younger children to see themselves while washing their hands?,Is the ventilation good enough to keep such a large mirror clear when multiple people are using the bathroom area?
image_184_jpg.rf.6621679f4734724109e73d37518d3d5d.jpg,mirror,0.1237289607524871,348.90411376953125,0.4173660278320312,644.162353515625,380.2411193847656,Does the overhead lighting reflect well enough in the mirror for detailed grooming like shaving or applying makeup?,Is there enough dedicated counter space in front of the mirror to spread out a full travel toiletry kit?,"Since the mirror is quite large, does it provide a decent view of my upper body for checking my outfit?",Does the mirror span wide enough for both of us to stand side-by-side and get ready without bumping elbows?,Is the lighting consistent across the width of the mirror so neither of us is standing in a shadow?,"With the multiple sinks shown, can we both easily access the mirror at the same time during the morning rush?","Since there appear to be three basins, does the mirror allow three people to brush their teeth simultaneously?","Is the bottom edge of the mirror low enough for children to see themselves, or would they need a step stool?",Does the wide mirror help open up the space so the bathroom doesn't feel crowded when the whole family is inside?
image_184_jpg.rf.6621679f4734724109e73d37518d3d5d.jpg,mirror,0.1653521955013275,392.1075439453125,55.73002624511719,568.5388793945312,332.4979858398437,Is the overhead lighting bright enough and positioned well to eliminate shadows for detailed grooming or makeup?,Does the mirror extend low enough towards the backsplash so I can easily see up close while leaning over the sink?,Is there plenty of dedicated counter space directly in front of the mirror to spread out my toiletries and hair tools?,"Since there are dual sinks, is the mirror wide enough for both of us to get ready side-by-side without bumping elbows?",Does the mirror provide a full view for two people so we can do a final outfit check together before heading out?,Is the lighting consistent across the entire width of the mirror so neither of us is left in the dark while getting ready?,Is the mirror expansive enough to allow three or four people to line up and brush their teeth at the same time during the morning rush?,Is the mirror mounted low enough on the wall so that younger children can see themselves while washing their hands?,Does the large reflection help the bathroom feel spacious enough to handle the whole family being in there at once?
image_184_jpg.rf.6621679f4734724109e73d37518d3d5d.jpg,mirror,0.1189151555299758,17.83405303955078,-0.0061607360839843,640.6298828125,429.8804321289063,Is the lighting above the mirror bright and even enough for detailed grooming or applying makeup?,Does the mirror extend low enough to provide a good view while using the hairdryer provided on the counter?,Is there plenty of personal counter space directly in front of the mirror to spread out my toiletries without feeling cluttered?,"Since the mirror spans the entire wall, is there enough elbow room for two people to stand side-by-side and get ready for dinner simultaneously?",Does the large mirror help the space feel more open and less cramped when we are both using the vanity area?,Are the power outlets positioned near the mirror so that we can both charge devices or use styling tools at the same time?,"With three sinks visible, is the mirror wide enough to allow three people to brush their teeth or wash up at the exact same time?","Does the mirror reflect the laundry area behind the vanity, allowing us to keep an eye on the washer/dryer status while getting ready?",Is the mirror installed at a height that accommodates both adults and younger children who might be using the lower sinks?
image_184_jpg.rf.6621679f4734724109e73d37518d3d5d.jpg,mirror,0.1426322907209396,334.91473388671875,109.33574676513672,390.6384582519531,241.9316864013672,Is the overhead lighting bright enough on the mirror for detailed grooming like shaving or applying makeup?,Does the wall-mounted unit next to the mirror obstruct the view or make it feel cramped while getting ready?,"Is the mirror tall enough to provide a decent view of my outfit, or is it just a small face-level glass?",Is the mirror wide enough for both of us to stand side-by-side and get ready for dinner at the same time?,Does the reflection show enough counter space nearby for two separate toiletry bags?,"Is the lighting around the mirror flattering, or is it harsh fluorescent light?","Is this the only mirror in the space, or will we need to take turns getting ready in the morning?",Is the mirror mounted low enough for children to be able to see themselves while brushing their teeth?,Does the area in front of the mirror look spacious enough to handle the traffic of a family getting ready?
image_184_jpg.rf.6621679f4734724109e73d37518d3d5d.jpg,mirror,0.2321800142526626,307.52667236328125,3.8758468627929688,641.7158203125,459.3054504394531,Is the lighting above the mirror bright and even enough for detailed grooming like shaving or applying makeup?,Does the mirror reflect accessible power outlets nearby so I can easily plug in my own hair styling tools?,Is the mirror placed at a comfortable height to see my full face and upper body despite the raised vessel sinks?,Is the mirror wide enough for both of us to stand side-by-side to get ready for dinner without bumping elbows?,Does the large mirror make the bathroom feel spacious and romantic rather than cramped for two people?,"Does the mirror offer a clear view from multiple angles so we aren't fighting for the ""good spot"" in front of the glass?",Does the mirror extend across all three sinks so the whole family can brush their teeth at the same time?,Is the bottom edge of the mirror low enough for children to see themselves while washing their hands?,Does the mirror's reflection show enough floor space behind the vanity for a group to move around freely during the morning rush?
image_184_jpg.rf.6621679f4734724109e73d37518d3d5d.jpg,mirror,0.1084331721067428,305.6209716796875,19.8583984375,633.0951538085938,565.786865234375,Is the lighting above the large mirror bright enough for detailed grooming tasks like shaving or applying makeup?,Does the mirror extend far enough down behind the vessel sinks to provide a good viewing angle for one person?,Is there enough counter space directly in front of the mirror sections to lay out a toiletry bag while getting ready?,"Since the mirror spans multiple sinks, is it wide enough for two people to get ready side-by-side without bumping elbows?",Is the mirror quality clear and distortion-free so we can both easily check our outfits before heading out for the evening?,"Does the layout allow us to have separate ""zones"" at the vanity so we can use the mirror simultaneously?","With the mirror covering all three sink areas, can multiple people brush their teeth or fix their hair at the same time to speed up our morning routine?","Is the mirror positioned low enough for children to see themselves, or does it start too high above the countertop?",does the large mirror help make the bathroom feel less crowded when several of us are trying to use the laundry and sinks at once?
image_72_jpg.rf.b88d037194a949d4789294e8ec456116.jpg,mirror,0.1497026830911636,356.2963562011719,128.44998168945312,433.25091552734375,319.8525390625,"Do those vertical sconce lights on the sides provide bright, shadow-free illumination for detailed tasks like shaving or applying makeup?","Is the mirror tall enough to serve as a full-length view for checking my outfit, or does it only show the upper body?",Is the mirror positioned close enough to the sink to make grooming easy without having to lean far over the counter?,I see the edge of a second mirror to the right; does this room feature a double vanity so we can both get ready at the same time?,Is there enough counter space or a ledge near the mirror to hold two separate toiletry bags without it feeling cluttered?,"Do the side lights have a dimmer option to create a more relaxing, ambient atmosphere for an evening bath?",Is the bottom of the mirror frame low enough for children to see themselves while they brush their teeth?,"Since we have a busy group, does the bathroom layout allow enough elbow room for multiple people to use the side-by-side mirrors simultaneously?","Are the protruding light fixtures sturdy and safe, or are they fragile and easily bumped by kids moving around the sink?"
image_72_jpg.rf.b88d037194a949d4789294e8ec456116.jpg,mirror,0.1967356652021408,359.697509765625,57.88740158081055,549.8759765625,324.1586303710937,Does the mounting hardware allow the mirror to tilt so I can adjust the angle for shaving or makeup?,"Do the vertical sconces on the sides provide bright enough lighting for detailed grooming, or is it dim?","Is the mirror tall enough to check my upper-body appearance, or is it positioned only for face-level use?","Since there are two separate mirrors, is there enough elbow room for us to get ready simultaneously?",Are the mirrors positioned at a height that works comfortably for partners with a significant height difference?,Does the double-mirror setup provide enough individual personal space so our toiletries don't get mixed up?,"Is the bottom edge of the mirror low enough for children to see themselves, or will they need a step stool?",Can two or more people easily access the mirrors at once to speed up the morning routine?,Is the hanging mechanism sturdy and safe if kids are splashing around or leaning near the vanity?
image_72_jpg.rf.b88d037194a949d4789294e8ec456116.jpg,mirror,0.2578474879264831,357.8114624023437,134.070556640625,412.0347900390625,316.8358764648437,Do the vertical lights on either side provide enough brightness for detailed grooming like shaving or applying makeup?,Does the mounting bracket allow the mirror to tilt up and down so I can adjust the angle for my height?,"Is the mirror tall enough to serve as a partial full-length mirror for checking my outfit, or is it strictly for face-level use?","Given how narrow the mirror is, will we be forced to take turns getting ready, or is there a second vanity area?","Is the lighting flattering for getting dressed up for an evening out, or is it harsh task lighting?","Is the sink area wide enough for two people to stand side-by-side, or does the slim profile of the mirror suggest a cramped space?","Is the mirror mounted low enough for children to see themselves, or is it fixed too high on the wall?","Since the mirror appears to float off the wall on brackets, is it sturdy enough to withstand a busy family environment?","Is there enough counter space around this narrow setup to hold toiletries for multiple people, or will it get cluttered quickly?"
image_72_jpg.rf.b88d037194a949d4789294e8ec456116.jpg,mirror,0.2092143893241882,442.1990966796875,60.12493133544922,538.9380493164062,321.4148254394531,Does the impressive height of this mirror allow it to double as a full-length viewing spot for checking my outfit?,"Do the vertical sconces on either side provide bright, shadow-free lighting for detailed grooming or makeup application?",Is the mirror positioned close enough to the edge of the vanity so I can lean in easily for close-up skincare tasks?,The mirror appears quite narrow; is it wide enough for two people to stand side-by-side and check our appearance before a night out?,Does the tall vertical orientation comfortably accommodate partners with a significant height difference?,With only a?,Is the bottom edge of the mirror mounted low enough for children to see themselves without needing to be lifted?,Is there a secondary mirror elsewhere in the suite to prevent bottlenecks since this one is limited to a?,Are there additional mirrors in the room for convenience?
image_254_jpg.rf.93395e57ad241ebf3c5e8702fadbfa36.jpg,mirror,0.2028042376041412,467.7575073242188,-2.367496490478516,637.02392578125,346.5535888671875,Is the lighting from the pendant and overhead fixture bright enough for detailed tasks like applying makeup or shaving closely?,"Does the vessel sink stick out too far, or can I still lean in close to the mirror for putting in contact lenses?","Since the mirror is quite tall, does it provide enough of a vertical reflection to check my outfit before I leave the room?",Is the mirror wide enough for two people to stand side-by-side and get ready for dinner without bumping elbows?,"Since the shower is visible in the reflection, does the glass fog up quickly when one person showers while the other uses the sink?","Does the layered glass frame give the bathroom a more upscale, romantic feel compared to a standard plain mirror?","Considering the sink sits on top of the counter, is the bottom of the mirror low enough for children to see themselves?","Does the decorative mirrored frame feel sturdy, or is it fragile enough that I should worry about active kids chipping the edges?",Is the vanity area around this mirror spacious enough to handle the morning rush when the whole family is trying to brush their teeth?
image_254_jpg.rf.93395e57ad241ebf3c5e8702fadbfa36.jpg,mirror,0.398117184638977,465.47998046875,-5.237941741943359,636.1075439453125,337.1034240722656,Is the overhead lighting reflected in the mirror bright enough for detailed makeup application or shaving?,Does the mirror tend to fog up quickly when the shower visible in the reflection is running?,Is the mirror mounted at a comfortable height for a?,Is the mirror wide enough for two people to do a quick outfit check side-by-side before heading out?,"Does the bathroom layout allow enough elbow room for us to stand together at the sink, or is it too cramped?","Does the lighting create a flattering ambiance for getting ready for date night, or is it harsh?",Is the bottom edge of the mirror low enough for children to see themselves while brushing their teeth?,Are the decorative glass edges of the mirror frame sharp or dangerous if kids are playing in the bathroom?,Does the mirror provide a clear view of the shower area behind me so I can keep an eye on little ones while at the sink?
image_254_jpg.rf.93395e57ad241ebf3c5e8702fadbfa36.jpg,mirror,0.1485733836889267,28.13177490234375,41.15806579589844,159.32594299316406,352.24249267578125,Is the handheld showerhead on the sliding bar adjustable so I can position it at the perfect height for myself?,I don't see a built-in shelf in the photo; is there a place inside the stall to hold my personal toiletries?,Is the water pressure from this specific fixture strong enough for a relaxing shower after a long day of travel?,Is the vertical slide bar easy to adjust so my partner and I can quickly change the showerhead height between uses?,"Does the glass door seal tightly to keep water inside, so the bathroom floor stays dry for the other person?","Is the shower stall spacious enough to feel luxurious, or is it a compact fit?",Is the flexible hose on the showerhead long enough to easily wash small children who are standing on the floor?,Is there enough mirror space for a family getting ready?,Are there additional mirrors in the room for convenience?
image_226_jpg.rf.67057b048dcfd67a5220c7aa7a87495d.jpg,mirror,0.1191017553210258,118.0368194580078,90.916015625,218.51144409179688,282.00653076171875,"Is this mirror full-length so I can check my entire outfit before heading out, or does it only show the upper body?",Is the lighting fixture above the mirror bright enough for me to do my makeup or shave effectively?,"Can I use that narrow shelf underneath to organize my daily toiletries, or is it strictly decorative?",Is the mirror wide enough for two people to stand side-by-side and check our appearance before dinner?,Is this mirror located outside the bathroom so one of us can finish getting ready while the other showers?,Does the beveled frame design distort the reflection at the edges when we are trying to fix our hair?,Is that ledge sturdy and large enough to hold room keys and sunglasses for the whole family?,Is the mirror mounted low enough on the wall for children to be able to see themselves?,"Are the edges of the mirror sharp or fragile, which might be a safety concern with kids running around?"
image_157_jpg.rf.84e8972f3412fed17057f9e797232caf.jpg,mirror,0.2847698032855987,305.05633544921875,0.2618026733398437,615.4393310546875,496.62347412109375,Does the magnifying mirror attached to the wall extend and pivot easily for detailed shaving or makeup application?,Is the lighting around the main mirror bright and shadow-free enough for getting ready in the morning?,Is there enough counter space directly below the mirror to lay out my personal toiletries kit without it feeling cluttered?,Is the mirror wide enough for two people to stand side-by-side to brush teeth or get ready for dinner simultaneously?,"Since there is only one sink shown, is there enough surface area on the vanity for both of us to store our washbags?",Is the mirror placed at a height that accommodates partners of significantly different heights comfortably?,Does the mirror tend to fog up quickly when someone in the family is using the glass-enclosed shower visible in the reflection?,Is the bottom edge of the mirror low enough for children to see themselves while washing their hands?,"Since the mirror reflects the shower area, does the bathroom layout maintain privacy if a friend needs to use the sink while someone is showering?"
image_157_jpg.rf.84e8972f3412fed17057f9e797232caf.jpg,mirror,0.2175601124763488,374.5227661132813,127.70957946777344,553.1549072265625,462.2796020507813,Does that wall-mounted magnifying mirror extend out and swivel so I can easily use it for shaving or makeup?,"Is the lighting around the main mirror bright enough for detailed grooming, or is it too dim?","Is the mirror tall enough to give me a decent view of my upper body outfit, or is it just head-and-shoulders?",Is the mirror wide enough for both of us to stand side-by-side and brush our teeth at the same time?,"Since the mirror reflects directly into the glass shower, is there any way to block that view if we want privacy while one person is showering?",Does the bathroom have good ventilation so the mirror doesn't stay fogged up while the second person is trying to get ready?,Does the bottom edge of the mirror sit low enough for children to see themselves while washing their hands?,Is there enough counter space in front of the mirror to hold toiletry bags for three or four people?,Does the mirror reflection allow me to easily keep an eye on kids in the shower area while I'm at the sink?
image_157_jpg.rf.84e8972f3412fed17057f9e797232caf.jpg,mirror,0.1524952799081802,365.5954284667969,140.60028076171875,440.9984130859375,444.2228698730469,Does that small round mirror on the extending arm offer magnification for detailed grooming or makeup application?,Is the wall sconce next to the mirror bright enough to provide good lighting for shaving without casting shadows?,"Since the shower is visible in the reflection, does the main mirror tend to fog up quickly when the hot water is running?",Is the large vanity mirror wide enough for two people to stand side-by-side and get ready for dinner simultaneously?,Can the small cosmetic mirror be adjusted so one person can use it while the other uses the main sink area?,"Does the mirror's angle reflect directly into the glass shower stall, or is there some privacy while one person is at the vanity?",Does the bottom edge of the large mirror sit low enough for children to see themselves while brushing their teeth?,"Is the swing-arm on the circular mirror sturdy and secure, or does it feel like it might break if handled roughly by kids?",Does the main mirror provide a wide enough view of the bathroom to easily check if the towel rack behind it is fully stocked for the whole family?
image_157_jpg.rf.84e8972f3412fed17057f9e797232caf.jpg,mirror,0.2264116555452346,238.6128387451172,195.2239227294922,292.1413269042969,302.60308837890625,Is the wall sconce next to the mirror bright enough to use for detailed makeup application or shaving?,Does the extendable arm reach far enough out so I don't have to lean awkwardly over the counter?,Is this a double-sided mirror with a magnifying option for precise grooming?,Is the mirror adjustable enough to comfortably accommodate two partners of significantly different heights?,Is it positioned far enough from the main faucet that one person can use this mirror while the other uses the sink?,Does the arm hinge hold its position firmly so it doesn't drift while we are taking turns getting ready?,Does the mirror fold completely flat against the wall to save space when a lot of people are moving around the bathroom?,Is the mounting bracket sturdy enough to handle frequent adjustments by different family members without becoming loose?,Is the mirror mounted high enough to be out of reach of small children who might pull on the extending arm?
image_157_jpg.rf.84e8972f3412fed17057f9e797232caf.jpg,mirror,0.1855697035789489,331.7779846191406,109.9031982421875,579.8053588867188,468.6932373046875,"Is the small, round magnifying mirror attached to the wall adjustable and lit for precise shaving or makeup application?","Do the wall sconces on the sides of the main mirror provide bright, shadow-free lighting for getting ready early in the morning?",Is the main mirror tall enough to give me a decent view of my upper-body outfit before I head out for the day?,Is the mirror wide enough for both of us to stand side-by-side and brush our teeth at the same time?,Does the mirror tend to fog up completely when one of us is using the shower visible in the reflection?,Is there enough counter space directly in front of the mirror to hold two separate toiletry bags without feeling cluttered?,Does the bottom edge of the mirror start low enough for children to see themselves while washing their hands?,Is the magnifying mirror arm sturdy and tucked away enough that active kids won't accidentally bump into it?,"With the shower located right behind the viewing area, does the mirror stay clear enough for a family to rotate through quickly in the morning?"
image_142_jpg.rf.fc510b1a52c673da04741bce7dc87b84.jpg,mirror,0.300647497177124,279.9441833496094,-2.94790267944336,632.5000610351562,496.76605224609375,Does the integrated lighting around the rim provide enough brightness for detailed grooming like shaving or applying makeup?,Is the mirror mounted at a comfortable height so I can easily see my reflection without hunching over the counter?,"Does the circular shape offer a wide enough viewing angle to check my upper body outfit, or is it just for the face?","Since the mirror is centered over a double vanity, is it wide enough for both of us to use simultaneously while getting ready for dinner?",The reflection shows the shower and bedroom area; does the mirror's placement compromise privacy if one person is in the bed and the other is showering?,"Does the backlighting create a soft, romantic ambiance in the room, or is it purely functional bright light?","Since the reflection suggests an open-concept bathroom, is there a way to cover the view for privacy when traveling with friends or family?",Is the bottom edge of the mirror low enough for children to see themselves when they are washing their hands?,"With multiple people trying to get ready, does the mirror have an anti-fog feature so it's usable right after someone showers?"
image_142_jpg.rf.fc510b1a52c673da04741bce7dc87b84.jpg,mirror,0.1155070215463638,257.4037475585937,3.500938415527344,634.1124877929688,486.7517395019531,Is the integrated ring light bright enough for detailed grooming like shaving or applying makeup?,"Does the large circular shape provide a wide enough field of view to check my outfit, or is it mostly just for face-level use?",Is the mirror positioned close enough to the edge of the vanity for me to get a clear close-up look without leaning too far over the sink?,"Since the mirror spans across the double vanity, is the glass wide enough for both of us to get ready side-by-side comfortably?",I see the mirror reflects the shower area; does that angle compromise privacy if one of us is showering while the other is at the sink?,"Does the backlit illumination provide soft, flattering ambient lighting for a romantic evening atmosphere?",Is the bottom curve of the mirror low enough for children to see themselves when they are brushing their teeth?,Can the large surface area accommodate the morning rush with multiple family members trying to fix their hair at once?,"Because the mirror sits directly behind the faucets, does it tend to get splashed constantly when kids are washing their hands?"
image_263_jpg.rf.8f08de700fc7fb267eb2d0d9fa08d0ec.jpg,mirror,0.1332463324069976,108.3217315673828,102.05936431884766,290.6451110839844,557.0845336914062,Is the overhead lighting bright enough for close-up grooming tasks like shaving or applying makeup without casting heavy shadows?,Does the mirror extend high enough to provide a decent view of my outfit before I head out for the day?,"Is the wall-mounted hairdryer positioned too close to the mirror, making it awkward to stand directly in front of the sink?","Given how narrow the mirror is, is there actually enough reflection space for two people to brush their teeth side-by-side?",Does the mirror fog up immediately when someone uses the shower located right next to the glass enclosure?,"Is the lighting dimmable or soft enough to be flattering, or is the?",Does the bottom edge of the mirror start low enough for children to see themselves while washing their hands?,"Is the mirror wide enough to see both myself and a child I am helping get ready, or will we have to take turns?","Since the mirror reflects the door directly behind it, does that layout make the bathroom feel too exposed if family members are coming in and out?"
image_189_jpg.rf.930dee9032e9f160addb8451e79f0c69.jpg,mirror,0.3074929118156433,30.50919532775879,-4.018039703369141,304.57159423828125,406.6411743164063,Does the long light bar above provide enough brightness for detailed grooming like makeup application or shaving?,"Is the mirror tall enough to let me check my outfit from the waist up, or is it strictly for face-level viewing?",Is there enough counter space on the left side of the mirror to spread out all my personal toiletries?,"Since there is only one sink, is the mirror wide enough for both of us to stand side-by-side and get ready for dinner at the same time?",Does the glass fog up immediately when one person is using the shower visible in the reflection?,"Is the vanity lighting flattering for checking our appearance, or is it harsh fluorescent light?",Is the bottom edge of the mirror mounted low enough for children to see themselves while brushing their teeth?,Is the counter area beneath the mirror large enough to hold toiletry kits and toothbrushes for a family of four?,"Given how close the faucet is to the mirror, does the glass get constantly covered in splash marks from multiple people washing up?"
image_189_jpg.rf.930dee9032e9f160addb8451e79f0c69.jpg,mirror,0.1091836839914321,28.65828514099121,-6.198921203613281,300.3062438964844,408.5365295410156,Does the tube light mounted directly above the mirror provide enough brightness for detailed grooming like shaving or makeup application?,Is the mirror surface large and clear enough to give me a good view of my upper body while getting ready?,Is the vanity mirror positioned close enough to the sink so I don't have to lean far forward to see clearly?,Is the mirror wide enough for two people to stand side-by-side and check their appearance before heading out?,"Since there is only one sink, is there enough mirror space on the sides for one person to do their hair while the other uses the basin?",Does the mirror's height accommodate a significant height difference between partners so we can both use it comfortable?,Is the bottom of the mirror low enough for children to see themselves when they are brushing their teeth?,Does the mirror reflect enough of the room to help us keep an eye on kids in the shower area while we are at the sink?,Is that thick black frame securely attached and durable enough to withstand a busy family environment?
image_67_jpg.rf.45041f17656a9e41ed83fabcd7f5efce.jpg,mirror,0.1111444383859634,416.1087646484375,7.270717620849609,641.60009765625,440.0015869140625,Is the overhead lighting strip bright enough for detailed grooming like shaving or applying makeup without casting shadows on my face?,Is the counter space directly in front of the mirror spacious enough to lay out my toiletries and laptop while I get ready?,"Does the mirror's height allow for a decent outfit check, or is it strictly limited to seeing my face and shoulders?",Is the mirror wide enough for both of us to stand side-by-side and freshen up for dinner at the same time?,"Since there is only one sink centered under the mirror, is there enough elbow room for two people to share the vanity space comfortably?","Does the mirror stay clear after a hot shower, or will we have to wait for the steam to clear before using it?",Can one family member use the sink while another uses the extra mirror space on the side to dry their hair?,Is the bottom edge of the mirror low enough for children to see themselves when brushing their teeth?,Is the mirror sturdy and securely mounted within that marble frame to withstand heavy use by a busy family?
image_67_jpg.rf.45041f17656a9e41ed83fabcd7f5efce.jpg,mirror,0.1298530399799347,416.7563171386719,29.373798370361328,640.6747436523438,426.0762939453125,Is the lighting strip above the mirror bright enough for detailed grooming tasks like shaving or applying makeup without shadows?,"Does the tall vertical design allow for a decent outfit check, or is the view strictly limited to the waist up?",I see a reflection of a smaller magnifying mirror on the right; is that positioned close enough to the main mirror for easy use?,"Is the mirror wide enough for two people to stand side-by-side and get ready, even though there is only one sink?","Since the mirror reflects the open shower area, does the glass tend to fog up quickly when the hot water is running?",Is there sufficient marble counter space in front of the mirror for two separate toiletry bags?,Does the mirror start low enough to the counter so that children can easily see their reflection while brushing their teeth?,"With the faucet positioned right in front of the glass, does the bottom of the mirror tend to get splashed with water easily?",Does the large reflective surface help the bathroom feel spacious enough for a family to move around without feeling cramped?
image_67_jpg.rf.45041f17656a9e41ed83fabcd7f5efce.jpg,mirror,0.1856399476528167,90.00776672363281,210.0308532714844,202.46548461914065,376.3681335449219,Is the lighting around this mirror bright enough for detailed grooming tasks like shaving or applying makeup?,"Does the dark frame encroach on the viewing area, or is the reflective surface large enough for comfortable use?",Is the mirror positioned at a convenient height for an average-sized adult to use without bending?,Is the mirror wide enough for two people to stand side-by-side and check their appearance before heading out?,"Does the elegant marble framing add a luxurious, romantic touch to the bathroom's atmosphere?",Is the glass treated to be fog-resistant so one person can use it while the other is showering?,Is the mirror mounted securely and high enough to be out of reach of small children who might smudge it?,Is the frame durable and water-resistant enough to handle the humidity from a family taking multiple showers?,Is the mirror large enough to help speed up the morning routine when the whole family is rushing to get ready?
image_67_jpg.rf.45041f17656a9e41ed83fabcd7f5efce.jpg,mirror,0.3611307740211487,429.8381958007813,83.41635131835938,642.8223876953125,430.2135620117188,Does the overhead strip light provide enough even illumination for detailed grooming like shaving or applying makeup without casting shadows?,Is the mirror tall enough to get a clear view of my outfit from the waist up before I head out for the day?,"Does the glass have a defogging feature, or is the ventilation good enough to keep the reflection clear after a hot shower?",Is the mirror wide enough for both of us to stand side-by-side and get ready for dinner at the same time?,"Since there is only one sink, is there enough counter space on either side of the mirror to hold two separate toiletry bags?","Does the mirror reflection show the whole bathroom, helping us gauge if there's enough privacy if one person is showering while the other uses the sink?",Does the mirror extend low enough towards the backsplash so that younger children can see themselves while washing their hands?,Is the countertop area durable and spacious enough to handle the clutter of multiple people's toothbrushes and cosmetics without feeling cramped?,"Since the mirror is quite large, does it help make the bathroom feel less crowded when multiple family members are trying to use the space at once?"
image_261_jpg.rf.20af9b42ff797224e1012f8a5ae32a57.jpg,mirror,0.104463055729866,201.51498413085935,187.8642425537109,273.9250793457031,273.141357421875,Is the integrated ring light bright enough for detailed grooming tasks like shaving or applying makeup without needing the main overhead lights?,Does the mirror offer high magnification on one side for putting in contact lenses?,"How far does that extendable arm reach, and can I easily position it right in front of my face?","Since this is mounted on the side, does it allow enough space for my partner to use the main sink while I'm using this mirror?",Is the LED light separate from the main bathroom switch so one of us can get ready early without flooding the whole room with light?,Does the swivel mechanism hold its position firmly so we don't have to keep readjusting it between uses?,Is the wall mounting and hinge sturdy enough to withstand constant adjusting by multiple family members throughout the stay?,Can the mirror face be tilted downwards easily so that children or shorter family members can see themselves?,Is the lighted rim cool to the touch to ensure safety if kids accidentally grab it?
image_261_jpg.rf.20af9b42ff797224e1012f8a5ae32a57.jpg,mirror,0.1126418709754943,1.8364334106445312,7.910137176513672,245.2713165283203,364.49310302734375,Is the built-in LED ring light bright enough for detailed grooming tasks like shaving or applying makeup without needing extra overhead lighting?,"Does the smaller magnifying mirror on the swing arm stay firmly in place once positioned, or does it drift?","Is the main circular lighting element flush with the glass, or does it create a ridge that makes cleaning the surface difficult?",Is the large rectangular mirror behind the light ring wide enough for two people to brush their teeth side-by-side?,Can the small adjustable mirror be folded completely flat against the wall so it doesn't obstruct the view for the second person using the sink?,Does the lighting have a dimmer switch to create a softer ambiance in the bathroom when we aren't getting ready?,Does the hinge mechanism on the magnifying mirror feel sturdy enough to handle constant adjustments by multiple family members?,"Is the magnifying mirror mounted at a height where teenagers or shorter adults can easily use it, or is it fixed too high?","Since the illuminated ring takes up central space, is there enough standard reflective surface area on the main mirror for others to check their reflection from a distance?"
image_250_jpg.rf.21bed48c0bec3a451c4fa786841e5500.jpg,mirror,0.1425204575061798,119.77084350585938,145.7232208251953,177.19882202148438,331.0909423828125,Is the built-in LED ring light bright and even enough for detailed grooming tasks like shaving or applying makeup?,"Is that small shelf attached to the bottom sturdy enough to hold a full toiletry bag, or is it just for small items?",Does the oval shape provide a full enough reflection for a quick outfit check before I head out for the day?,Is the mirror wide enough for two people to stand side-by-side and get ready for dinner at the same time?,"Does the backlit illumination create a nice ambiance in the room, or is it too harsh for a relaxing evening?","Since the attached shelf looks narrow, is there enough room on it for both of our essential toiletries without them falling off?","Is the mirror mounted at a height where children can easily see themselves to brush their teeth, or is it too high up?","Is the lighting from the mirror strong enough to illuminate the whole bathroom for a family, or does it leave the rest of the room dim?",Does the glass and shelf attachment feel durable and secure for a high-traffic bathroom used by energetic kids?
image_250_jpg.rf.21bed48c0bec3a451c4fa786841e5500.jpg,mirror,0.2313653528690338,237.6864013671875,175.55645751953125,271.569580078125,331.54864501953125,Is the integrated oval light bright enough for detailed grooming like shaving or applying makeup without shadows?,Can I use that small shelf attached to the mirror to hold my phone or toiletries while I get ready?,"Is the mirror tall enough to see my outfit, or does it mostly just show my face and shoulders?",Is the mirror wide enough for two people to stand side-by-side and brush their teeth at the same time?,Does the illuminated ring have a dimmer switch so we can set a softer mood in the evening?,Does the glass have an anti-fog feature so one of us can use the mirror while the other takes a hot shower?,Is the mirror mounted low enough for children to see themselves while washing their hands?,Is the small glass shelf securely attached so it won't be dangerous if bumped by energetic kids?,Can the oval light be left on as a gentle nightlight for family members navigating the bathroom in the dark?
image_250_jpg.rf.21bed48c0bec3a451c4fa786841e5500.jpg,mirror,0.3482593894004822,-4.479770660400391,2.006263732910156,193.56341552734372,383.7060241699219,Is the integrated ring light bright enough for detailed grooming like shaving or applying makeup without needing extra overhead lights?,Is the narrow shelf running directly under the mirror wide enough to securely hold my toiletry bag while I'm using the sink?,"Does the circular shape restrict the view, or is the mirror large enough to see my full upper body and outfit?",Is the mirror wide enough for two people to stand side-by-side and check our appearance before heading out?,"Does the backlighting create a nice ambiance in the bathroom, or is it strictly bright task lighting?","Since counter space looks limited, can we both fit our personal items on that ledge beneath the mirror?",I see a reflection of a second mirror in the background; does this mean there are multiple vanity stations so our group can get ready simultaneously?,"Is the mirror mounted high on the wall, or is it positioned low enough for children to see themselves easily?","Is the LED lighting durable and safe, or does the glass get hot to the touch if we leave it on while everyone takes turns showering?"
image_250_jpg.rf.21bed48c0bec3a451c4fa786841e5500.jpg,mirror,0.2758666276931762,236.6121826171875,138.8565673828125,311.8175354003906,341.1088562011719,Is this mirror tall enough to function as a full-length mirror so I can check my outfit before heading out?,"Is the lighting around this specific mirror bright enough for shaving or makeup, or is the main light coming from the circular mirror reflected in it?","Since the mirror is quite narrow, does it provide a wide enough field of view for me to get ready comfortably?","Judging by the reflection of a circular lighted mirror in the background, are there two separate mirror stations so we can both get ready at the same time?",Is the counter space around this narrow mirror sufficient to hold toiletries and travel bags for two people?,Does the mirror's position allow enough elbow room for two people to stand at the vanity without bumping into each other?,Is the mirror mounted low enough on the wall for children to see themselves while brushing their teeth at the sink?,Does the layout shown in the reflection imply there is enough space for multiple family members to use the bathroom mirrors simultaneously?,Is the dark frame around the mirror durable and easy to wipe down if kids splash water on it?
image_150_jpg.rf.73184018c75d61807efaf780b5af9c61.jpg,mirror,0.1449091881513595,435.80560302734375,1.246185302734375,640.9959716796875,473.3311767578125,Is the overhead lighting reflected in the mirror bright enough for detailed tasks like shaving or applying makeup?,"Does the mirror extend far enough down to check my outfit, or is it strictly for viewing my face and shoulders?",Is there enough counter space on the sink ledge below the mirror to hold my own toiletry bag alongside the provided glasses?,"Since the mirror reflects directly into the bedroom, is there a solid door to block the bathroom light so one person doesn't wake the other?",Is the mirror wide enough for two people to stand side-by-side and brush their teeth at the same time?,Is the mirror mounted at a height that accommodates partners of significantly different heights without anyone having to crouch or stretch?,"Is this the only mirror in the accommodation, or will we need to take turns getting ready in the morning?",Does the bathroom have good enough ventilation to keep the mirror from steaming up completely after someone showers?,"Since the mirror appears frameless, are the edges rounded and safe if we have active children using the sink?"
image_90_jpg.rf.ed2e2c7a436d8ad26c51cf383889958c.jpg,mirror,0.125793844461441,532.017822265625,63.4119987487793,641.335205078125,432.0021057128906,Is the lighting around this vanity mirror bright enough for detailed grooming tasks like shaving or applying makeup?,Does the mirror extend high enough for a taller person to see their full face and hair without crouching?,Is the granite ledge in front of the mirror wide enough to hold a large travel toiletry bag securely?,Is this mirror wide enough for two people to stand side-by-side and get ready for dinner at the same time?,"Since there appears to be only one sink faucet, is there enough counter space on the sides for two separate sets of toiletries?",Does the bathroom have good ventilation so the mirror doesn't stay fogged up if one person showers while the other gets ready?,Is the bottom of the mirror low enough for children to see themselves while brushing their teeth?,Is the countertop durable and large enough to handle the clutter of toothbrushes and products for a whole family?,Does the mirror offer a wide angle of the room so I can keep an eye on younger kids while I'm at the sink?
image_90_jpg.rf.ed2e2c7a436d8ad26c51cf383889958c.jpg,mirror,0.2807789146900177,373.5133361816406,4.117450714111328,640.5849609375,435.12884521484375,Does the light fixture mounted above the frame provide bright enough illumination for detailed grooming like shaving or applying makeup?,Is the mirror tall enough to let me check the top half of my outfit before I head out for the day?,"Since the sink is centered, does the mirror provide a distortion-free reflection for close-up tasks?",Is the mirror wide enough for two people to stand side-by-side and get ready for dinner simultaneously?,"Since the mirror reflects the shower directly, does it fog up quickly when the hot water is running?",Does the mirror extend far enough over the counter to give us both a view while we share the?,Can I clearly see the bathtub reflection in the mirror to keep an eye on young children while I'm washing up at the sink?,Is the bottom frame of the mirror low enough for kids to see themselves while they are brushing their teeth?,"Is the mirror surface large enough to handle the ""morning rush"" with multiple family members trying to use the vanity area at once?"
image_151_jpg.rf.f9409809e5aa88434a610b22d2e250d8.jpg,mirror,0.1164565682411193,-0.1269388198852539,127.93984985351562,147.0865020751953,496.2286376953125,Is the mirror large enough for full outfit checks?,Can I see myself clearly for detailed makeup or shaving?,Is there good lighting for solo grooming tasks?,Is the mirror wide enough for two people to stand side-by-side and brush their teeth at the same time?,"Does the lighting above cast shadows, or is it flattering for checking our appearance before a night out?","Judging by the reflection of the door, is there enough standing room behind the sink for one person to pass by while the other uses the mirror?",Does the mirror extend low enough towards the sink so that younger children can see themselves while washing up?,Is the mosaic tile border easy to wipe down if kids splash water onto the bottom of the mirror?,Does this large reflective surface help the bathroom feel less cramped when multiple family members are trying to use the space?
image_26_jpg.rf.c209bb140bd10fef811cbe606a0ff671.jpg,mirror,0.1721988916397094,338.3665466308594,86.86125183105469,425.33544921875,279.66851806640625,Is the overhead lighting reflected in the mirror bright enough for detailed grooming tasks like shaving or applying makeup?,Does the mirror provide a tall enough vertical reflection to check my upper-body outfit before heading out?,Is there enough ledge space around the faucet base to hold my personal toiletry bag while I use the mirror?,Is the mirror wide enough for two people to stand side-by-side and brush their teeth at the same time?,Does the sink area offer sufficient counter space to accommodate two separate washbags without feeling cluttered?,Is the mirror mounted at a height that is comfortable for partners of significantly different statures to use?,"Since the shower curtain is reflected right next to the glass, does the mirror have anti-fog features for when multiple people need to shower and get ready in a rush?",Is the bottom of the mirror low enough for younger children to see themselves while washing their hands?,Does the mirror area look durable and easy to wipe down quickly with a whole family sharing the bathroom?
image_26_jpg.rf.c209bb140bd10fef811cbe606a0ff671.jpg,mirror,0.1031122580170631,343.37139892578125,10.964736938476562,637.2565307617188,308.392333984375,Is the overhead lighting reflected in the mirror bright enough for detailed grooming tasks like shaving or applying makeup without casting shadows?,Does the mirror have an anti-fog heating element so I can use it immediately after taking a hot shower?,Is that electrical outlet on the dark panel close enough to easily use a hair dryer or razor while looking in the mirror?,Is this wall-spanning mirror wide enough for two people to stand side-by-side and brush their teeth at the same time?,Does the long white ledge running underneath the mirror provide enough counter space for both of our toiletry bags?,"Since the mirror is quite tall, does it accommodate partners with a significant height difference comfortably?",Does the mirror's reflection of the shower area allow a parent at the sink to keep an eye on children in the bathtub?,"Does this large, full-width mirror help make the compact bathroom feel less claustrophobic when multiple people are sharing the room?",Is the mirror positioned high enough above the sink to avoid getting constantly splashed by kids washing their hands?
image_227_jpg.rf.1f2a5c502643820e6f28f9b1fccd2af5.jpg,mirror,0.2657605707645416,100.7451171875,166.12144470214844,284.4532470703125,473.94134521484375,Are the vertical lights mounted on the frame bright enough for detailed grooming like shaving or applying makeup?,"Is the mirror tall enough to check my upper body outfit, or is it strictly limited to face-level viewing?","Does the mirror tend to fog up quickly after a shower, making it hard for me to get ready right away?",Is the mirror wide enough for both of us to stand side-by-side and brush our teeth at the same time?,"With the hairdryer mounted right next to the frame, is there enough elbow room for one person to dry their hair while the other uses the mirror?","Do the side lights provide flattering, even illumination for two people of different heights?",Is the mirror mounted low enough for children to see themselves while washing their hands?,"Since the mirror is tucked into a corner, will it create a bottleneck if multiple people are trying to get ready in the morning?",Is the wooden frame and mounting sturdy enough to handle heavy daily use by a whole family?
image_227_jpg.rf.1f2a5c502643820e6f28f9b1fccd2af5.jpg,mirror,0.1607662290334701,130.02261352539062,185.0325927734375,244.1370849609375,453.4053955078125,Are those vertical side lights bright enough for detailed grooming tasks like shaving or applying makeup?,"I see a hairdryer cord on the right, but are there accessible outlets nearby for plugging in my own styling tools?","Is the mirror tall enough to provide a decent view of my outfit, or is it strictly limited to face-level reflections?",Is the mirror wide enough for both of us to stand there and brush our teeth at the same time?,"I see two cups provided, but is there actually enough counter space on that vanity for both of our toiletry bags?","Since there is only one sink and mirror, does the mirror fog up quickly after a shower, or is the ventilation good?",Is the mirror mounted low enough for younger children to see themselves while washing their hands?,Is the lighting soft enough that using it for a late-night bathroom trip won't wake up the rest of the family sleeping nearby?,"Given that the sink is tucked into a corner, is there enough standing room for a parent to help a child get ready without feeling cramped?"
image_220_jpg.rf.af10c28be3a8f080fbdbd2040cccba21.jpg,mirror,0.120481938123703,4.178476333618164,1.0909461975097656,200.40463256835935,350.00860595703125,"Is the chandelier reflection the only light source, or is there brighter vanity lighting around the mirror for detailed grooming like shaving or makeup?","Does the mirror extend low enough behind that vessel sink so I can easily see my face, or does the sink block the view?","Since the counter looks tight, is there actually enough space directly in front of the mirror to set down my toiletries bag?","Is the mirror wide enough for both of us to stand side-by-side and get ready for dinner, or will we be crowding each other?",Does the tall storage tower on the right restrict elbow room if one of us is trying to do hair or makeup while the other uses the sink?,"That carved detailing at the top is beautiful, but does it cut off the reflection for a taller person trying to see their hair?","Is the bottom of the mirror low enough for children to see themselves brushing their teeth, or is it positioned too high up?","Since the counter space is limited by the sink, are those open shelves next to the mirror large enough to hold toiletries for a whole family?","Is there a second mirror or vanity area nearby, or will this?"
image_220_jpg.rf.af10c28be3a8f080fbdbd2040cccba21.jpg,mirror,0.2056615054607391,15.638031959533691,62.92667388916016,112.97361755371094,346.08935546875,Is the lighting from the reflected chandelier bright enough for detailed makeup or grooming in front of this mirror?,"Since the mirror is positioned vertically, is it tall enough to double as a full-length mirror for checking my outfit?",Is the counter space around the vessel sink wide enough to hold my toiletry bag while I'm using the mirror?,Is the mirror wide enough for two people to stand side-by-side and get ready for a night out simultaneously?,"Does the intricate lattice carving and elegant design add a romantic, upscale feel to the room?","Since there appears to be another glass panel to the right, is there a second vanity area we can use to avoid fighting over the sink?",The mirror seems to start high above the countertop vessel sink; will younger children be able to see themselves to brush their teeth?,Is the decorative frame and glass sturdy enough to withstand heavy daily use by a busy family?,Is the vanity area large enough to handle multiple people trying to use the mirror and sink during the morning rush?
image_169_jpg.rf.649d3c07dd7a6be3c6c7d23f9244465f.jpg,mirror,0.14404858648777,122.17059326171876,28.24926376342773,301.39666748046875,476.994873046875,Is the backlighting behind the mirror bright enough for detailed grooming like shaving or applying makeup?,"Does the mirror panel open up as a medicine cabinet to store my toiletries, or is it just a flat surface?",Is the mirror tall enough to provide a decent upper-body reflection to check my look before heading out?,Is the mirror wide enough for two people to stand side-by-side and get ready for dinner at the same time?,"Does the mirror tend to fog up completely after one of us takes a shower, or does it stay clear enough to use immediately?",Does the ambient light strip around the mirror provide a soft enough glow for bathroom trips at night without waking my partner?,"Is the mirror installed low enough for children to see themselves while brushing their teeth, or will they need to be lifted?","Since the mirror is relatively narrow, is there another mirror in the room to prevent a bottleneck when everyone is getting ready?",Is the mirror securely mounted and durable enough to withstand the wear and tear of a busy family stay?
image_258_jpg.rf.f72456b440afd544a6331e8e9e380e54.jpg,mirror,0.4702669084072113,26.492176055908203,4.942665100097656,342.82110595703125,333.20751953125,Is the overhead light reflected in the mirror bright enough for detailed grooming tasks like shaving or applying makeup?,"Does the irregular, organic shape of the glass cut off any necessary angles, or is the surface area large enough to see my full upper body clearly?","Is the mirror positioned at a comfortable height for a quick check before heading out, or will I need to lean over the sink?","Since the mirror spans across both stone sinks, is it wide enough for both of us to get ready side-by-side without crowding each other?",Does the asymmetrical taper on the right side mean the person using that sink has significantly less reflection space than the person on the left?,Is the lighting distributed evenly across the whole mirror so we can both see clearly at the same time?,Is the bottom edge of the mirror low enough for children to see themselves while brushing their teeth?,"With the wide design covering two basins, can multiple family members use the space simultaneously to speed up our morning routine?",Is the large frameless glass securely mounted and safe for a bathroom used by active kids?
image_159_jpg.rf.c97cafdd155d340bccf5d2ad6d00f226.jpg,mirror,0.1108420267701149,334.6876525878906,66.91092681884766,400.12689208984375,144.45994567871094,"Is that small round mirror magnifying, and if so, what is the magnification level for detailed grooming?","Does the mirror have a built-in light ring for better visibility, or is it just reflecting the room light?",Can the mirror extend or swivel out from the wall so I can pull it closer to my face?,Is the mirror positioned far enough to the side that one person can use it without blocking the main sink for their partner?,Can the angle of the mirror be adjusted easily to accommodate two people of significantly different heights?,Is the glass quality clear and fog-resistant enough for precise shaving or applying makeup before a dinner out?,"Does the magnifying mirror obstruct a large part of the main mirror, making it hard for multiple family members to get ready at once?",Is the mounting mechanism sturdy enough to handle frequent adjustments by children or teenagers without breaking?,"Is the mirror placed high up for adults, or is it accessible for younger family members to use too?"
image_159_jpg.rf.c97cafdd155d340bccf5d2ad6d00f226.jpg,mirror,0.2537580728530884,26.026582717895508,1.2455368041992188,315.1626281738281,349.3875427246094,Does the corner angle of the mirror allow me to easily see the side of my head when styling hair?,Is the sconce light mounted on the mirror bright enough for detailed grooming like shaving or applying makeup?,"Does the mirror extend high enough to see my upper body outfit, or is it strictly for face-level use?","Since the mirror is in a corner, is there actually enough reflective width for two people to get ready side-by-side?","Does the placement of the lights on the glass create a nice ambiance, or is the reflection too harsh for a romantic getaway?",Do the dual mirror panels allow us to see each other in the reflection without crowding the?,Does the mirror start low enough to the countertop so that younger children can see themselves while brushing their teeth?,"With the mirror sitting directly on the backsplash, does it get covered in splash marks easily when multiple people use the sink?","Is the mirror installation sturdy enough to handle a busy family environment, considering the lights are mounted directly on the glass?"
image_159_jpg.rf.c97cafdd155d340bccf5d2ad6d00f226.jpg,mirror,0.1200897619128227,202.0083923339844,5.172901153564453,313.383544921875,332.4371337890625,"Does the attached wall sconce provide bright, even lighting for detailed tasks like shaving or applying makeup?",Do the vertical seams between the mirror panels cause any distracting splits or distortion in the reflection?,Is the mirror tall enough to provide a decent view of my outfit from the waist up?,Is the mirror wide enough for two people to stand side-by-side and do a quick check before heading out?,"Since the mirror reflects the shower area, does it have good ventilation or anti-fog features so we can use it while the other person showers?",Does the lighting have adjustable settings so it isn't blindingly bright if one of us uses the bathroom at night?,Does the mirror start low enough at the countertop level for children to see themselves while brushing their teeth?,"Is the mirror glass durable and securely mounted, considering it spans a large area where kids might lean?",Is the lighting powerful enough to illuminate the whole room for a family trying to get ready in a hurry?
image_159_jpg.rf.c97cafdd155d340bccf5d2ad6d00f226.jpg,mirror,0.187621459364891,413.3472900390625,8.369197845458984,599.3240966796875,390.99029541015625,Is the lighting from that side sconce bright and even enough for detailed grooming or applying makeup?,Does the room actually come with that plush bathrobe visible in the reflection for a relaxing evening in?,"Is there enough free space on the marble vanity for my toiletry bag, or do the towels and amenity box take up most of the room?",Is the mirror wide enough for both of us to stand side-by-side and get ready for dinner at the same time?,"Since I only see one robe reflected in the mirror, are two actually provided so we can both lounge comfortably?","Do the gold fixtures and marble finishes feel high-end and romantic in person, or do they look dated?",Is the counter surface large enough to hold toothbrushes and wash bags for the whole family without feeling cluttered?,"With the mirror positioned right behind the high-arch faucet, does it get constantly splashed when kids wash their hands?","Is there a rack or shelf nearby to hang multiple wet towels, since the counter stack won't be enough for everyone?"
image_159_jpg.rf.c97cafdd155d340bccf5d2ad6d00f226.jpg,mirror,0.1287922114133834,56.53005599975586,3.0255889892578125,608.62255859375,406.0577087402344,"Do the sconce lights mounted directly on the mirror provide bright, even illumination for detailed grooming like shaving or applying makeup?",Is the mirror tall enough to provide a decent upper-body reflection for checking my appearance before heading out?,"Does the large glass surface stay clear, or does it tend to fog up quickly after a hot shower?","Since there are dual sinks, is the mirror wide enough for both of us to get ready simultaneously without fighting for reflection space?",Does the positioning of the lighting fixtures on the mirror cast shadows if two people are standing at the vanity at the same time?,"Is the mirror continuous across the wall, allowing us to communicate easily via reflection while getting ready for dinner?",Does the mirror extend low enough towards the counter so that younger children can see themselves while brushing their teeth?,"Given the large size of the mirror, does it make the bathroom feel spacious enough to handle the morning rush with a family?",Is the mirror easy to wipe down and clean if kids splash water onto the glass while washing their hands?
image_149_jpg.rf.f46cbc33b2e08a9a66f3517509d6202b.jpg,mirror,0.1204964071512222,136.9195556640625,0.3543853759765625,414.2153930664063,234.32931518554688,Is this round mirror wide enough to give me a clear view of my outfit from the waist up before I head out?,Is the lighting shown in the reflection bright enough to use this mirror for detailed grooming or makeup application?,Is the glass high-quality and free of distortion so I can get ready quickly without issues?,Is the mirror large enough for two people to stand side-by-side and check our appearance before dinner?,"Does the unique rope-textured frame feel sturdy and premium, or does it look cheap in person?",Is the mirror positioned in a way that allows us both to get ready without bumping into each other?,"Is the mirror mounted securely on the wall, given the seemingly heavy rope frame, to ensure safety with kids running around?",Is the mirror hung at a height where children or shorter family members can easily see themselves?,"Is that textured frame easy to keep clean, or is it likely to collect dust and grime in a busy family space?"
image_149_jpg.rf.f46cbc33b2e08a9a66f3517509d6202b.jpg,mirror,0.222441479563713,274.9219970703125,-0.2838706970214844,415.6506958007813,225.70721435546875,Is the overhead lighting visible in the reflection bright enough for doing detailed makeup or shaving?,"Is this round mirror large enough to see my upper body, or is the viewing area limited by the thick frame?","Is the glass quality high and distortion-free for getting ready, or is it mostly just a decorative piece?",Is the mirror wide enough for two people to stand side-by-side and brush their teeth at the same time?,The reflection shows a standard door; does this mirror sit above a?,Can both partners see clearly without crowding?,Is the rope texture on the frame durable and easy to clean if kids touch it with sticky hands?,"Is the mirror hung at a height where children can see themselves, or is it positioned strictly for adults?","Since this is a smaller decorative mirror, is there a larger full-length mirror available in the room for everyone to use?"
image_149_jpg.rf.f46cbc33b2e08a9a66f3517509d6202b.jpg,mirror,0.2588017284870147,96.3570556640625,7.591762542724609,426.750244140625,275.9916381835937,Is the lighting reflected in the mirror bright enough for detailed grooming tasks like shaving or applying makeup?,"Does the thick rope frame obstruct the view at the edges, or does it still offer a generous amount of reflective space?",Is the mirror positioned at a comfortable height so I can get close to the glass without leaning awkwardly over the faucet?,Is this round mirror wide enough for both of us to stand side-by-side and check our appearance before going out?,Is the mirror mounted at a versatile height that accommodates partners with a significant height difference?,Does the mirror's reflection show enough of the room to help the bathroom feel spacious for two people sharing the space?,Is the mirror mounted low enough for children to check their faces while brushing their teeth?,Is the heavy-looking rope frame securely attached to the wall to ensure safety in a high-traffic family bathroom?,Does the large size of the mirror help open up the room so it feels less crowded when multiple family members are getting ready?
image_190_jpg.rf.0655c657076ce885ce2be88080bb7c09.jpg,mirror,0.139265775680542,382.4917297363281,144.64796447753906,413.0411071777344,399.7647705078125,Is the lighting above the mirror bright and even enough for detailed grooming like shaving or applying makeup?,"Does the mirror provide a clear, distortion-free reflection for a quick check before I head out?",Is the mirror positioned at a comfortable height relative to the sink for easy solo use?,Is the mirror wide enough for both of us to stand side-by-side and brush our teeth at the same time?,Does the overhead lighting cast a flattering glow for checking our outfits together before dinner?,Is there enough elbow room in front of the mirror for two people to get ready without bumping into each other?,Does the mirror span a large enough section of the wall for multiple people to fix their hair simultaneously?,Is the bottom edge of the mirror low enough for children to see themselves while washing up?,Is the mirror large enough to reflect enough light to keep the bathroom bright for a family getting ready?
image_190_jpg.rf.0655c657076ce885ce2be88080bb7c09.jpg,mirror,0.1189438849687576,321.1085510253906,9.575843811035156,553.74365234375,632.6937255859375,Is the lighting from the three-bulb fixture bright enough for detailed grooming tasks like shaving or applying makeup without casting harsh shadows?,Does the vanity counter offer enough surface area next to the sink to spread out my toiletries and styling tools while I get ready?,"Since the mirror is quite tall, does it provide a clear enough view to check my appearance from the waist up before heading out?",Is the mirror wide enough for two people to stand side-by-side and brush their teeth or get ready for the evening simultaneously?,"Since the vanity area is open to the bedroom (as seen in the reflection), will turning on these bright vanity lights disturb my partner if they are still sleeping?","Is there enough room on the shelf or counter for two separate washbags, or is the space around the?",Does the placement of the mirror outside the private bathroom door allow one person to do their hair while another family member uses the shower?,Does the mirror reflect enough of the main room to let me keep an eye on the kids in the bedroom area while I'm washing up at the sink?,Is the mirror mounted low enough to the backsplash so that younger children can easily see their reflection while brushing their teeth?
image_190_jpg.rf.0655c657076ce885ce2be88080bb7c09.jpg,mirror,0.1738210171461105,407.9778442382813,79.85856628417969,524.984619140625,410.9677734375,"Does the three-bulb lighting fixture above the mirror provide bright, shadow-free illumination for detailed grooming like shaving or applying makeup?",Is the wall-mounted hairdryer positioned close enough to the mirror to make styling my hair convenient?,Is the mirror tall enough to let me check my outfit from the waist up before I head out for the day?,"Since the mirror reflects the bed directly, will turning on the vanity lights disturb my partner if they are still sleeping?",Is the mirror wide enough for two people to stand side-by-side and brush their teeth at the same time?,Is there enough counter space directly in front of the mirror to hold toiletry kits for two people?,Does the reflection in the mirror allow me to keep an eye on children in the bedroom area while I'm washing up at the sink?,Is the mirror mounted low enough for children to see themselves while they brush their teeth?,Is the area around the mirror spacious enough for a parent to stand next to a child and help them get ready?
image_190_jpg.rf.0655c657076ce885ce2be88080bb7c09.jpg,mirror,0.2256335616111755,354.6986389160156,47.7644157409668,522.0908203125,413.7222290039063,"Does the three-bulb fixture provide enough bright, even lighting for detailed tasks like shaving or applying makeup?",Is the mirror tall enough to serve as a partial full-length mirror for checking my outfit before leaving the room?,Is there enough counter space directly in front of the mirror to spread out my toiletries while I get ready?,Is the mirror wide enough for two people to stand side-by-side and get ready simultaneously without bumping elbows?,"Since the mirror reflects the bed, does this vanity area have a door for privacy, or is it open to the sleeping area?","Is there sufficient space on the ledge for two people's washbags, or will the sink area feel cluttered?",Does the mirror's reflection allow me to keep an eye on children in the bedroom area while I'm at the sink?,Is the bottom edge of the mirror low enough for younger children to see themselves while brushing their teeth?,Is the wall-mounted hairdryer positioned well enough so someone can dry their hair while another person uses the sink?
image_259_jpg.rf.7cfa541dcfb0cc701bbe3bd790b8b070.jpg,mirror,0.2068539559841156,209.2962951660156,81.51336669921875,354.5740966796875,289.2254943847656,Is that a lighted magnifying mirror visible on the left edge for detailed grooming or makeup application?,"Does the ambient backlighting behind the stone panel provide enough brightness for shaving, or is it mostly decorative?","Is the oval shape large enough to check my upper body outfit, or is it strictly a face-level vanity mirror?",Is the mirror wide enough for both of us to stand in front of it and brush our teeth at the same time?,"Since the reflection shows the bedroom door, does using this mirror means the light will shine directly on my partner sleeping in the other room?","Is there a second vanity mirror nearby, or will we need to take turns using this?",Is the mirror mounted low enough for children to see themselves while washing their hands?,"Since this is an oval cutout rather than a large wall-to-wall mirror, will it be difficult for a family to get ready here simultaneously?",Does the angle of the reflection allow me to see into the main room to keep an eye on the kids while I'm at the sink?
image_17_jpg.rf.de4440c01cc7474fde357f1781245cfc.jpg,mirror,0.2525761723518371,448.9639587402344,33.4156608581543,579.2033081054688,377.2003784179688,Is that attached round mirror magnifying and lit well enough for detailed grooming like shaving or applying makeup?,"Does the backlighting on the large mirror provide bright enough illumination for getting ready, or is it mostly decorative?",Is there enough counter space directly in front of the mirror to lay out all my toiletries and styling tools?,Is the main mirror wide enough for two people to stand side-by-side and check our outfits before a night out?,"Can the lighting be dimmed to create a softer, more romantic mood, or is the backlight always this bright?","Even though there is only one sink, does the mirror extend far enough to let us both get ready at the same time?",Does the mirror have an anti-fog feature so it stays clear even after back-to-back family showers?,Is the small extendable mirror sturdy enough to handle frequent adjustments by different family members?,"Does the main mirror hang low enough for younger children to see themselves, or is it positioned mostly for adults?"
image_17_jpg.rf.de4440c01cc7474fde357f1781245cfc.jpg,mirror,0.1120116710662841,481.0737915039063,-8.453731536865234,631.1019287109375,265.5585327148437,Does the small round mirror have strong magnification and a dedicated ring light for precise makeup application or shaving?,"Is the backlighting behind the main mirror bright enough to get ready by, or is it mostly just for decoration?",How far does the arm on the magnifying mirror extend if I need to pull it closer for detailed grooming?,Is the large rectangular mirror wide enough for two people to stand side-by-side and get ready for dinner simultaneously?,"Does the ambient lighting behind the mirror create a soft, relaxing atmosphere for a romantic evening?",Can the swinging vanity mirror be folded completely flat against the wall so it doesn't block the view for the second person?,Is the main mirror mounted low enough on the wall for children to easily see themselves while brushing their teeth?,Does the mirror glass have an anti-fog feature so the bathroom is usable for the next person immediately after a hot shower?,Is the adjustable arm on the round mirror sturdy enough to withstand frequent repositioning by multiple family members?
image_17_jpg.rf.de4440c01cc7474fde357f1781245cfc.jpg,mirror,0.1060217693448066,598.2880249023438,160.1832733154297,637.0218505859375,218.40989685058597,Is the magnification on this wall-mounted mirror strong enough for detailed grooming tasks like shaving or applying makeup?,Does the extendable arm pull out far enough so I don't have to lean uncomfortably over the sink?,"Since this is a smaller cosmetic mirror, is there also a full-sized mirror available for checking my outfit?",Can the angle of the mirror be adjusted easily to accommodate two people of significantly different heights?,Is there enough counter space around this mirror for two people to have their toiletries out simultaneously?,"Does the bathroom have a large main mirror in addition to this one, so we can both get ready for dinner at the same time?",Is the mounting mechanism sturdy enough to handle frequent adjustments by different family members without becoming loose?,"When the arm is fully extended, does it block the flow of the bathroom for others trying to pass by?",Can the mirror be folded back flush against the wall to keep it safe and out of the way of active children?
image_17_jpg.rf.de4440c01cc7474fde357f1781245cfc.jpg,mirror,0.1873607039451599,441.8171691894531,165.8595428466797,458.6515808105469,309.60565185546875,Do those bright vertical lights provide enough illumination for detailed grooming like shaving or applying makeup?,"Is the mirror tall enough to verify my outfit, or does it only show the face and shoulders?",Is there enough open counter space near the base of the mirror to hold my toiletry bag?,Is the mirror wide enough for both of us to stand and brush our teeth at the same time?,"Does the lighting near the mirror offer a dimmer switch, or is it always fully bright?",Is the glass treated to resist fogging so one of us can use it while the other is showering?,Is the vanity area around the mirror large enough to accommodate toiletries for a whole family?,"Are the light fixtures attached to the side of the mirror safe for children to be near, or do they get hot?",Is the mirror mounted low enough for kids to see themselves while washing their hands?
image_17_jpg.rf.de4440c01cc7474fde357f1781245cfc.jpg,mirror,0.5392708778381348,537.1243896484375,175.29873657226562,572.4754638671875,259.5930480957031,Is the ring light bright enough to apply makeup or shave precisely without using the main overhead lights?,Does the arm extend out far enough so I can see clearly without having to lean comfortably over the sink?,"Is this a magnifying mirror, and if so, is the zoom strong enough for putting in contact lenses?",Does the mirror swivel far enough to the side so I can use it while my partner uses the main sink?,Is the mounting arm adjustable enough to accommodate the height difference between two people?,Does having this extra illuminated mirror help speed up our routine when we are both getting ready for a night out?,Is the wall mount sturdy and durable enough to withstand being adjusted constantly by a large family?,Does the light stay cool to the touch to ensure it is safe if kids grab onto it?,Can the mirror angle be tilted down low enough for teenagers or shorter family members to use?
image_17_jpg.rf.de4440c01cc7474fde357f1781245cfc.jpg,mirror,0.1967364698648452,446.1693115234375,127.22451782226562,571.5088500976562,313.67681884765625,"Does that small, attached circular mirror offer magnification and its own light for detailed grooming?","Is the backlighting on the main mirror bright enough for applying makeup, or is it mostly decorative?",Can the arm of the cosmetic mirror be fully extended or angled to get the best view while shaving?,Is the main rectangular mirror wide enough for both of us to stand side-by-side and get ready for dinner?,"Does the soft halo lighting behind the mirror create a nice ambiance, or is there a brighter overhead option?",Can the small magnifying mirror be pushed flat against the wall so it doesn't block the view for the second person?,Is the mirror mounted low enough for children to see themselves while brushing their teeth?,Does the glass have an anti-fog feature so the next person doesn't have to wait for the steam to clear after a shower?,Is the swing-arm on that smaller mirror sturdy and securely attached in case curious kids pull on it?
image_17_jpg.rf.de4440c01cc7474fde357f1781245cfc.jpg,mirror,0.1470985561609268,408.4774169921875,189.55003356933597,431.0832214355469,323.0516967773437,Is that vertical LED light strip bright enough for detailed grooming like shaving or applying makeup?,"Since the mirror is positioned right next to the shower, does it have an anti-fog feature so I can use it immediately after washing?",Is this a full-length mirror that will allow me to check my entire outfit from head to toe before I head out?,Is the mirror wide enough for both of us to stand side-by-side and get ready for dinner at the same time?,"Does the reflection of the shower imply an open-concept bathroom layout, or is there enough privacy if one person is showering while the other uses the sink?","Does the backlight feature provide a softer, ambient setting for a relaxing evening, or is it only bright task lighting?","Seeing the towels stacked at the bottom, is there enough ledge space in front of the mirror for multiple people's toiletries?","Is the mirror mounted securely and made of safety glass, considering we have active children running around?",Is the mirror positioned far enough from the shower splash zone to keep it clean when multiple people are cycling through the bathroom?
image_17_jpg.rf.de4440c01cc7474fde357f1781245cfc.jpg,mirror,0.1154777035117149,443.9419860839844,23.63319396972656,583.176513671875,439.68597412109375,Does the circular magnifying mirror have its own integrated light for detailed grooming or makeup application?,"Is the backlighting behind the large mirror bright enough to illuminate my face clearly, or is it just for decoration?","Does the mirror fog up quickly after a shower, or does it have a heating function to stay clear?",Is the main rectangular mirror wide enough for two people to get ready side-by-side without bumping elbows?,Can the arm on the smaller round mirror extend far enough so one person can use it while the other uses the sink?,Is the soft ambient lighting behind the mirror adjustable to create a relaxing mood for a bath?,"Is the mirror mounted low enough for children to see themselves, or would they need a step stool?",Is the vanity counter spacious enough to hold toiletries and wash bags for a whole family?,Does the mirror provide a wide enough field of view for multiple people to do a final outfit check before heading out?
image_152_jpg.rf.c48b1ea62c9071d91d693d8c5ab19c50.jpg,mirror,0.1013351306319236,10.523881912231444,23.52102279663086,224.612548828125,365.414794921875,Is the backlit LED lighting bright enough to eliminate shadows for detailed tasks like shaving or applying makeup?,Does the mirror have any anti-fog features so I can use it immediately after a hot shower?,"Is the mirror tall enough to give me a good look at my upper body outfit, or is it just for face-level grooming?",Is the mirror wide enough for two people to stand side-by-side and brush their teeth at the same time?,Can the ambient backlighting be turned on separately to serve as a softer nightlight for the bathroom?,Is the mirror mounted at a height that works comfortably for partners who have a significant height difference?,Does the bottom edge of the mirror sit low enough for children to see themselves while washing their hands?,Does the combination of the top fixture and the mirror light provide enough brightness for a busy family getting ready?,Is the mirror glass durable and securely mounted to withstand high traffic and splashing from kids?
image_152_jpg.rf.c48b1ea62c9071d91d693d8c5ab19c50.jpg,mirror,0.2535320222377777,8.217439651489258,10.057659149169922,227.88592529296875,385.33203125,Is the built-in LED border lighting bright enough for detailed grooming tasks like shaving or applying makeup without casting shadows?,Is the mirror tall enough to provide a decent outfit check from the waist up before I head out for the day?,Does the mirror have an anti-fog function so I can use it immediately after taking a hot shower?,Is the mirror wide enough for two people to stand side-by-side and brush their teeth at the same time?,Does the soft backlighting serve as a good nightlight so one of us can use the bathroom without waking the other with the main overhead fixture?,Does the vertical height of the mirror accommodate a significant height difference between partners?,Does the mirror start low enough on the wall for younger children to see themselves while washing their hands?,Is the lighting from the mirror strong enough to illuminate the rest of the small bathroom for safety when multiple people are moving around?,Is the glass surface large and clear enough to help speed up the morning routine when the whole family is trying to get ready?
image_175_jpg.rf.41d442a1b7082b997b497c1e9d6ed243.jpg,mirror,0.4748571515083313,172.93678283691406,52.06794738769531,344.0670166015625,313.25177001953125,Is the built-in LED ring light bright enough for doing detailed makeup or shaving without casting shadows?,Is the round shape large enough to get a good view of my upper body and hair while getting ready?,Does the mirror have anti-fog functionality so I don't have to wipe it down after a hot shower?,Does the backlit glow provide enough ambient lighting to create a romantic atmosphere for a relaxing bath?,Is the mirror wide enough for two people to stand side-by-side and brush their teeth at the same time?,Does the modern design and terrazzo tile background feel luxurious enough for a special getaway?,Is the mirror mounted at a height where children or shorter family members can easily see themselves?,Does the integrated light illuminate the rest of the bathroom well enough to help get multiple people ready quickly?,Is the glass durable and securely mounted to withstand use by a busy family with active kids?
image_213_jpg.rf.fac6dfc17a038f782caf87dda8e78927.jpg,mirror,0.1246414631605148,107.72034454345705,67.2109603881836,210.64944458007807,417.7359008789063,Is the overhead lighting bright enough for detailed grooming tasks like applying makeup or shaving?,"Is the mirror tall enough to serve as a full-length mirror for checking my outfit, or does the ledge block the view?",Are the outlets located on the side panel convenient for plugging in a hair dryer or straightener while standing there?,Is the mirror wide enough for two people to brush their teeth or get ready side-by-side without bumping elbows?,"Is there enough surface area on the ledge to hold two separate washbags, or is it mostly occupied by the tissue box?","Since the lighting is fixed at the top, does it provide even illumination for people of significantly different heights?",Is this vanity area separated from the main bathroom so one person can use the mirror while another showers?,"Since the mirror sits directly on the shelf, does it get splashed frequently when kids are washing their hands?",Are there extra outlets on the panel so we can charge multiple devices here while the room is occupied?
image_213_jpg.rf.fac6dfc17a038f782caf87dda8e78927.jpg,mirror,0.2675411403179168,292.67254638671875,18.49838256835937,630.5975952148438,471.6647033691406,Is the LED border lighting bright enough to illuminate my face evenly for shaving or applying makeup without casting weird shadows?,Does the extra mirror reflected on the side wall allow me to see the back of my head when styling my hair?,Is that extended counter ledge to the right spacious enough to lay out my full toiletries bag and styling tools while I get ready?,"Since there is only one sink, is the mirror wide enough for both of us to stand side-by-side and get ready for dinner without bumping elbows?","Does the lighting around the mirror frame create a nice ambiance, or is it too harsh for a relaxing evening routine together?",Is there enough counter space on that long vanity for us to keep two separate washbags out without it feeling cluttered?,"Does the mirror fog up quickly when the shower opposite it is running, making it hard for the next person to use it during the morning rush?",Can one person brush their teeth at the sink while another family member uses the empty counter space to dry their hair in the mirror?,Does the mirror start low enough on the wall for younger children to see themselves while washing their hands?
image_2_jpg.rf.3d472990ce4597d3466db2d80b13d323.jpg,mirror,0.175586849451065,-0.8539009094238281,108.35274505615234,92.7957992553711,366.8959045410156,"Is the overhead lighting strong enough to use this mirror for detailed grooming like makeup or shaving, or is it too dim?","Does the mirror extend high enough to check my hair and torso, or is it strictly a face-level mirror?","Is the glass quality good enough to provide a clear, distortion-free reflection for getting ready for business meetings or outings?",Is the mirror wide enough for two people to stand side-by-side and get ready for dinner without blocking each other's view?,"Since the mirror reflects the shower area, does it tend to fog up completely when one person is showering while the other is at the sink?","Does the lighting above the mirror provide even illumination for both people, or will one person be standing in a shadow?",Is the bottom edge of the mirror low enough for children to see themselves while brushing their teeth?,"Is the mirror large enough to handle the ""morning rush"" with multiple family members needing to check their appearance at once?","Since the mirror is frameless, are the edges smooth and safe, or should we be careful with active kids around it?"
image_214_jpg.rf.4905043e82fa75c7eaa0ddc62d9279ff.jpg,mirror,0.100758172571659,294.6708679199219,2.7664756774902344,637.0582275390625,293.76300048828125,"Since the lighting appears to be recessed in the ceiling, is it bright enough on the face for detailed shaving or makeup application?",Is the shelf running underneath the mirror wide enough to securely hold my full toiletry bag while I get ready?,"Does the mirror offer a clear, streak-free reflection for checking my outfit before heading out for the day?","The mirror looks wide, but is there enough actual standing room for two people to brush their teeth side-by-side without bumping elbows?","Since we have separate washbags, does that ledge provide enough surface area for both of us to lay out our items simultaneously?",Is the ventilation good enough to keep such a large mirror from fogging up completely while one of us showers?,Is the bottom edge of the mirror low enough for children to see their reflection while using the sink?,"Given the large size, can multiple family members squeeze in to check their hair or wash up during the morning rush?",Is the shelf below the mirror sturdy and spacious enough to stack toothbrushes and supplies for a whole group?
image_128_jpg.rf.1d9a19472451e8ec0c5a3263a1d9b77a.jpg,mirror,0.2170907706022262,346.830078125,1.5477943420410156,621.8295288085938,297.29815673828125,Is the built-in backlighting bright enough for detailed grooming tasks like shaving or applying makeup?,Does the mirror capture enough natural light from the room to make getting ready in the morning easier?,Is the glass high quality and free of distortion so I can get a clear view of my outfit?,Is the mirror wide enough for two people to stand side-by-side and brush their teeth at the same time?,"Does the soft lighting around the mirror edges create a relaxing, romantic ambiance in the bathroom?",Is the mirror tall enough to comfortably accommodate partners of significantly different heights?,Is the mirror large enough to let multiple family members check their hair simultaneously during the morning rush?,Is the glass positioned high enough above the faucet to avoid constant water splashes from kids washing their hands?,Does the mirror's lighting illuminate the rest of the bathroom well enough for a group to navigate the space easily?
image_248_jpg.rf.d3d10cadb5e6a560a87954201da0e5c0.jpg,mirror,0.3028817176818847,225.45579528808597,82.15389251708984,416.8646240234375,327.01080322265625,Do the overhead lights and wall sconces provide enough shadow-free illumination for detailed grooming like shaving or makeup?,Is there enough counter space around that vessel sink to set down a full-size toiletry bag?,Does the mirror fog up quickly when using the rainfall shower visible in the reflection?,"Even though there is only one sink, is the mirror wide enough for two people to stand side-by-side and get ready simultaneously?",Is the mirror tall enough to comfortably accommodate partners of significantly different heights?,Do the side lights provide even lighting so we don't cast shadows on each other when using the mirror together?,"Is the mirror mounted too high for children to see themselves, especially given the height of the raised vessel sink?",Is the mirror wide enough to allow one family member to fix their hair while another uses the sink to speed up the morning routine?,Does the large surface area of the mirror reflect enough light to brighten the rest of the room for family members waiting their turn?
image_248_jpg.rf.d3d10cadb5e6a560a87954201da0e5c0.jpg,mirror,0.1247237026691436,226.65603637695312,93.21867370605467,410.04107666015625,327.86346435546875,Is the lighting from the overhead bulbs and side sconces bright and shadow-free enough for detailed shaving or makeup application?,Is there enough usable counter space on the ledge behind the sink to set down a full-sized toiletries bag?,Does the large mirror offer a distortion-free reflection for checking my appearance before heading out?,Is the mirror wide enough for two people to stand side-by-side and get ready simultaneously?,"Since there is only one sink, is there enough room on the surrounding vanity area to separate our personal items?",Do the side lights provide flattering illumination for getting ready for an evening out?,Is the vessel-style sink too high for younger children to reach the faucet without assistance?,Is the ledge behind the faucet large enough to hold toothbrushes and toiletries for a family of four?,"With only one basin visible, is the bathroom spacious enough for a parent to help a child wash up without feeling cramped?"
image_202_jpg.rf.09662e917837750c336c46fcd32720e4.jpg,mirror,0.3189049661159515,152.39620971679688,0.2273750305175781,256.6955261230469,330.4957580566406,"Is the mirror wide enough to comfortably get ready, or does the narrow frame feel restrictive?","Can I use this tall mirror to check my full outfit, or does the sink block the lower view?","Since there are no built-in lights, is the room lighting bright enough around the mirror for detailed grooming?","Given how narrow the mirror is, is it impossible for two people to check their appearance side-by-side?",Does the reflection of the shower in the mirror compromise privacy if one person is using the sink while the other showers?,Does the design allow enough counter space on either side of the mirror for two people's toiletry bags?,"Is the bottom of the mirror low enough for children to see themselves, or is it mounted too high up?",Does the narrow shape make it difficult for a parent to stand next to a child to help them brush their teeth?,Is this framed mirror securely attached to the wall to handle the wear and tear of a busy family trip?
image_145_jpg.rf.af56452ebd078bf27b77e9c5d6de3eb8.jpg,mirror,0.1275490373373031,375.9095458984375,4.457569122314453,605.3002319335938,381.0546875,Is the vertical side lighting attached to the mirror bright enough for detailed grooming like shaving or applying makeup?,"Since the mirror is quite narrow, does it offer a wide enough field of view to easily get ready in the morning?","Is the mirror mounted at a comfortable height to check my appearance from the waist up, or is it positioned too high?",The mirror looks very slim; is there a second mirror in the room so we don't have to take turns getting ready?,"Is the space in front of the sink wide enough for two people to stand together, or is it strictly a one-person area?","Does the brass finish and warm lighting give the bathroom a luxurious, romantic feel in person?",Is the mirror mounted low enough for children to see themselves while brushing their teeth?,"Since the sink area is so compact, is this the only mirror available for a whole family trying to get ready for an outing?","Is the mirror sturdy and securely mounted, or does it feel delicate for a bathroom used by active kids?"
image_145_jpg.rf.af56452ebd078bf27b77e9c5d6de3eb8.jpg,mirror,0.1568302363157272,189.48800659179688,92.00051879882812,276.0693054199219,344.6553955078125,"Since this mirror is located inside the shower, is it fog-resistant so I can shave or remove makeup easily?",Is the built-in ledge at the bottom of the mirror wide enough to hold my personal razor and face wash securely?,Is the lighting from the shower area bright enough to see a clear reflection in this mirror?,Does the mirror's placement in the wet area offer enough privacy if one person is showering while the other uses the bathroom?,Is the mirror tall enough to accommodate significant height differences between partners?,"Does the glass surface tend to spot easily with water, or is it treated to stay clear for two people getting ready?","Is this mirror made of tempered or safety glass, which is a major concern with children in a slippery space?","Can the small shelf hold full-sized toiletry bottles for a whole family, or just the mini samples shown?","Is the mirror positioned at a height that allows children to see themselves, or is it strictly for adults?"
image_145_jpg.rf.af56452ebd078bf27b77e9c5d6de3eb8.jpg,mirror,0.2286728471517563,482.90240478515625,-1.9199943542480469,574.4264526367188,296.8129577636719,"Those side sconces look stylish, but do they provide enough bright, even light for doing detailed makeup or shaving without casting shadows?","Is the mirror tall enough to check my upper-body outfit, or is it strictly sized just for face-level grooming?","The brass finish looks elegant, but does the mirror itself have anti-fog features so I can get ready quickly after a hot shower?","Since the mirror looks quite narrow, is there enough room for two people to stand side-by-side and brush their teeth at the same time?",Do those decorative wall lights have a dimmer switch so we can adjust the ambiance from functional to relaxing?,"Is there a full-length mirror elsewhere in the room, or is this?","With only one narrow mirror over the sink, will this create a bottleneck when the whole family is trying to get ready in the morning?",Is the mirror mounted low enough on the wall for younger children to see themselves while washing their hands?,Those glass light fixtures stick out quite a bit; are they sturdy and safely positioned so kids won't accidentally bump into them?
image_145_jpg.rf.af56452ebd078bf27b77e9c5d6de3eb8.jpg,mirror,0.1183823347091674,375.7609558105469,0.15167236328125,473.6041870117188,354.44598388671875,Does the wall sconce mounted right next to the mirror provide bright enough lighting for detailed shaving or applying makeup?,"Is the mirror tall enough to see my hair and torso clearly, or is it strictly a face-level reflection?",Does the glass appear to be high-quality and fog-resistant for a quick morning routine?,Is the mirror wide enough for both of us to check our reflections at the same time before heading out for dinner?,"Since the design is tall and narrow, will we have to take turns using the sink area to get ready?",Does the elegant gold frame and lighting add a nice touch of luxury to the room's atmosphere?,"Is the mirror hung low enough for children to see themselves while washing their hands, or is it mounted quite high?",Is this the only mirror available in the bathroom for multiple people trying to get ready at once?,Is the mirror securely mounted flush to the wall to ensure safety with active kids around?
image_238_jpg.rf.94e336768b81acc5fab342d705cd27d3.jpg,mirror,0.1205133870244026,345.84716796875,7.061862945556641,539.159912109375,555.115478515625,"Is the sliding glass door easy to operate with one hand, or does it tend to stick on the track?",Is the lighting inside the shower bright enough for detailed tasks like shaving or grooming?,"Is the wall niche inside the shower large enough to hold my full-sized toiletries, or is it too shallow?","Is the shower stall spacious enough for two people to stand comfortably, or is it strictly a?",Are there dual sinks with individual mirror space?,Can both partners see clearly without crowding?,Is the penny-tile flooring inside the shower textured enough to prevent children or elderly family members from slipping?,Is the glass enclosure durable and tempered to withstand accidental bumps from active kids?,Is there enough floor space between the toilet and the shower to easily help a child dry off and get dressed?
image_238_jpg.rf.94e336768b81acc5fab342d705cd27d3.jpg,mirror,0.1156097427010536,115.82237243652344,96.26708221435548,220.4206085205078,287.88836669921875,Is that electrical outlet next to the mirror close enough to comfortably use a hair dryer or shaver while looking in the glass?,Is the overhead light reflected in the mirror bright enough for detailed grooming like shaving or applying makeup?,"Since this isn't a full-length mirror, is the frame large enough to at least get a good view of my upper body outfit?",Is the mirror wide enough for two people to squeeze in and brush their teeth at the same time?,"Given the fixed mounting height, does the mirror provide a good angle for two partners of significantly different heights?","Is the lighting around the vanity sufficient for getting ready for a date night, or does it cast shadows on the face?",Is the mirror mounted too high on the wall for younger children to see themselves while washing up?,Since this looks like a?,Are there additional mirrors in the room for convenience?
image_238_jpg.rf.94e336768b81acc5fab342d705cd27d3.jpg,mirror,0.1531232446432113,151.58746337890625,168.19175720214844,211.04083251953125,274.54132080078125,Is the lighting reflected in the glass bright enough for detailed grooming tasks like shaving or applying makeup?,Is the ledge on the bottom of the grey frame wide enough to hold my toiletries kit while I get ready?,"Is the mirror tall enough to check my upper body outfit, or is it strictly sized for face-level use?","Since the frame appears narrow, is there enough room in front of this mirror for two people to brush their teeth simultaneously?","Is the bright ceiling light seen in the reflection the only light source, or are there softer lighting options for a relaxed evening atmosphere?",Does the glass stay clear after a hot shower so the second person doesn't have to wait for the fog to clear?,Is the mirror mounted at a convenient height so that children can see themselves to brush their teeth without being lifted?,The reflection shows a doorway structure nearby; is there enough floor space around the mirror for multiple family members to move past each other?,Is the grey frame securely mounted and durable enough to withstand accidental bumps from active kids?
image_153_jpg.rf.b3abaf6db151f46a1a8cf62887427827.jpg,mirror,0.1190980300307273,-0.5138731002807617,144.4629669189453,95.2469253540039,410.5874938964844,Is the mirror large enough to clearly check my upper-body outfit and grooming before heading out for the day?,"Does the lighting above or around the mirror provide a bright, shadow-free reflection for detailed tasks like shaving or applying makeup?",Is the shelf visible in the reflection close enough to the mirror to keep my toiletries easily accessible while getting ready?,Is the mirror wide enough for two people to stand side-by-side and brush their teeth or get ready for dinner simultaneously?,"Does the mirror span across a double vanity setup, or would we have to crowd around a?",Can both partners see clearly without crowding?,Does the mirror extend across the entire wall so multiple family members can fix their hair or wash up at the same time?,"Is the bottom edge of the mirror low enough for younger children to see themselves, or is it positioned only for adult height?",Does the large size of the mirror help the bathroom feel spacious enough to handle the morning rush of a whole group?
image_153_jpg.rf.b3abaf6db151f46a1a8cf62887427827.jpg,mirror,0.3022668957710266,-0.2974128723144531,6.818904876708984,232.9818420410156,435.6731567382813,Is the overhead three-bulb lighting bright enough for detailed grooming like shaving or applying makeup?,"Does the mirror provide a crisp, distortion-free reflection for checking my appearance before heading out?",Is the counter space and the adjacent glass shelving sufficient to spread out all my personal toiletries?,Is the mirror wide enough for both of us to stand side-by-side and get ready for dinner simultaneously?,"Since there is only one sink, does the expansive width of the mirror allow enough elbow room for two people to use the space at once?",Is the mirror mounted at a height that accommodates partners with significant height differences comfortably?,Is the mirror large enough to handle the traffic of multiple family members trying to brush their teeth or wash up at the same time?,Does the mirror's reflection of the doorway allow me to easily keep an eye on children in the other room while I'm at the sink?,Are the glass shelves to the right of the mirror sturdy and spacious enough to hold extra towels or supplies for the whole group?
image_144_jpg.rf.5d0e48b7e1de7889e0d7667bafcdf333.jpg,mirror,0.1092388406395912,114.8830108642578,4.531173706054688,293.73748779296875,345.4123229980469,Is the mirror positioned at a comfortable height so I can easily see myself while shaving or applying makeup without leaning too far over the sink?,Does the lighting around this large wooden-framed mirror provide clear enough visibility for my morning routine?,"Reflected in the glass, I see a bathtub behind me; is the mirror close enough to the shower area to easily grab a towel or check myself after bathing?","Since I can see two separate faucets in the image, is this mirror wide enough to span a double vanity so we can both get ready at the same time?",Does the rustic wooden frame add a nice aesthetic touch that makes the bathroom feel more upscale for a romantic getaway?,Is there enough counter space reflected in front of the mirror to hold two people's worth of toiletries and cosmetic bags?,Is the mirror large enough that multiple family members can brush their teeth at once without crowding each other?,"Looking at the reflection of the tub in the background, is the bathroom layout spacious enough for someone to shower while others use the mirror?",Is that thick wooden frame durable and sealed well enough to handle inevitable water splashes from kids washing their hands?
image_144_jpg.rf.5d0e48b7e1de7889e0d7667bafcdf333.jpg,mirror,0.1148116290569305,36.802730560302734,0.8627700805664062,298.2453308105469,399.7046203613281,Is the lighting around the mirror bright enough for detailed grooming tasks like shaving or applying makeup?,"Does the vertical orientation of the mirror provide a good view of my upper body outfit, or is it mostly just face-level?",Is there enough dry counter space near the base of the mirror to set down my personal toiletry bag?,Is the mirror wide enough for two people to stand side-by-side to brush teeth or get ready simultaneously?,"Since the shower/tub is visible in the reflection, does the mirror fog up quickly when the hot water is running?",Is the hairdryer seen in the reflection located close enough to use while looking in this mirror?,Is the mirror mounted low enough that younger children can see themselves while washing their hands?,Does the thick wooden frame feel securely attached to the wall to ensure safety with active kids in the room?,Does the reflection clearly show the bathtub area behind me so I can supervise children while I'm at the sink?
image_144_jpg.rf.5d0e48b7e1de7889e0d7667bafcdf333.jpg,mirror,0.416605532169342,5.864086151123047,1.7623329162597656,435.7431640625,440.1548767089844,Is the lighting around this wood-framed mirror bright enough for detailed grooming tasks like shaving or applying makeup?,"Since the hairdryer is wall-mounted right next to the frame, is the mirror positioned well for styling my hair easily?","Does the mirror provide a distortion-free reflection for checking my appearance before heading out, or does it tend to fog up from the shower visible behind it?",Is the mirror wide enough for both of us to do a quick check in the glass side-by-side before dinner?,"With the sink centered, is there enough room in front of the mirror for one person to dry their hair while the other uses the sink?","Does the height of the mirror accommodate partners of different heights comfortably, or is the frame mounted too high?","Because the mirror is mounted above a raised vessel sink, will it be too high for younger children to see themselves while brushing their teeth?",Is the mirror large enough to reflect the shower area behind me so I can keep an eye on kids while I'm at the sink?,Is the glass quality durable and easy to wipe down if multiple people are splashing water near the sink area?
image_84_jpg.rf.75a7b46bd18f72cb4352ca3d40635dfd.jpg,mirror,0.2392815798521042,410.0308837890625,1.004619598388672,640.210205078125,367.3907470703125,Does the adjustable magnifying mirror on the left offer enough flexibility and strong lighting for precise shaving or applying makeup?,Is the vanity counter spacious enough to lay out my toiletries bag and styling tools next to the sink while I get ready?,"Does the large wall mirror provide a full enough reflection to check my outfit before heading out, or does it cut off at the waist?",Is the main mirror wide enough for two people to stand side-by-side and freshen up before dinner without bumping elbows?,Does the swing arm on the round cosmetic mirror extend far enough so one of us can use it while the other uses the main sink?,Is the bathroom well-ventilated enough to keep the large mirror from steaming up completely while one of us is in the shower?,Does the main mirror start low enough on the wall so that my younger children can see themselves while brushing their teeth?,Is the counter space around the mirror large enough to hold toothbrushes and toiletries for a family of four without things feeling cluttered?,"Is the magnifying mirror mounted securely enough to withstand daily use by multiple people, or should we be careful with the hinge?"
image_84_jpg.rf.75a7b46bd18f72cb4352ca3d40635dfd.jpg,mirror,0.1294598132371902,408.1813049316406,-2.4935531616210938,646.1815795898438,459.39556884765625,"Is the small, wall-mounted circular mirror magnifying for detailed grooming like shaving or applying makeup?",Does the main mirror extend high enough to allow me to check my upper body outfit before heading out?,"Is the lighting above the mirror bright and even, or will I be dealing with shadows while getting ready alone?",Is the main mirror wide enough to allow both of us to stand there and get ready at the same time?,Can the adjustable arm on the smaller mirror be tucked away so it doesn't obstruct the view for the second person?,Is there enough counter space on either side of the sink for us to lay out two separate toiletry bags?,Does the mirror start low enough at the backsplash so that younger children can easily see themselves while brushing their teeth?,Is the circular mirror on the arm mounted high enough to be safely out of reach for curious toddlers?,"Since there is only one sink and mirror station, is the area spacious enough to handle the ""morning rush"" for a family?"
image_84_jpg.rf.75a7b46bd18f72cb4352ca3d40635dfd.jpg,mirror,0.5417618751525879,356.103271484375,94.4114227294922,400.61126708984375,155.52687072753906,"Does this magnifying mirror have a built-in light, or will I need to rely on the general bathroom lighting for detailed grooming?",Does the extendable arm reach far enough so I don't have to lean uncomfortably over the sink while shaving or applying makeup?,Is the mirror dual-sided with different magnification levels on the back for precision tasks?,Is the mirror mounted on a swivel that allows it to be easily adjusted to accommodate partners of significantly different heights?,Does the arm fold flush against the wall so it doesn't clutter the vanity area when we are both trying to use the bathroom?,"Is the mirror large enough to be functional, or is it too small to be useful for checking my hair while my partner uses the main mirror?",Is the mounting hardware sturdy enough to handle frequent adjustments by multiple family members throughout the day?,Is the mirror positioned high enough on the wall to be safely out of reach of curious toddlers or small children?,Can the mirror generally stay tucked away to save space when several people are moving around the bathroom at once?
image_84_jpg.rf.75a7b46bd18f72cb4352ca3d40635dfd.jpg,mirror,0.1115326285362243,434.84381103515625,45.60823440551758,477.47412109375,357.21258544921875,"Is the small round mirror on the extendable arm magnifying, making it suitable for detailed grooming like shaving or applying makeup?",Does the overhead lighting reflect clearly in the main mirror without casting shadows on my face?,Is the sink ledge beneath the mirror wide enough to hold my toiletry bag while I get ready?,Is the main rectangular mirror wide enough for two people to brush their teeth side-by-side without bumping elbows?,Can the adjustable cosmetic mirror be pushed flat against the wall so it doesn't obstruct the view when we are both using the sink?,Does the lighting provide a flattering ambiance for getting ready for a dinner date together?,Is the extendable arm on the circular mirror sturdy enough to handle frequent adjustments by different family members?,Is the wall-mounted soap dispenser placed at a height that is accessible for children using the sink?,Is there enough standing room in front of the mirror for a parent to comfortably help a child wash their hands?
image_84_jpg.rf.75a7b46bd18f72cb4352ca3d40635dfd.jpg,mirror,0.1098550856113433,260.07452392578125,-2.578678131103516,635.40087890625,445.7019653320313,Is the small round magnifying mirror on the extendable arm adjustable enough for precise shaving or applying makeup?,"Does the overhead lighting reflect well in the main mirror to provide a bright, shadow-free view for getting ready?",Is the main vertical mirror tall enough to serve as a convenient half-body mirror for checking my outfit?,Is the main wall mirror wide enough for two people to stand side-by-side and get ready for dinner without crowding each other?,"Since the mirror is located right next to the shower partition, does it fog up quickly when one person is showering while the other uses the sink?",Can the magnifying mirror be pulled out to the side so one person can use it while the other uses the main sink mirror simultaneously?,Does the bottom edge of the large mirror start low enough for children to easily see themselves while brushing their teeth?,Is the counter space in front of the mirror large enough to hold toiletries for a whole family without blocking the view?,Is the extendable arm on the circular mirror sturdy enough to withstand frequent adjustments by different family members?
image_84_jpg.rf.75a7b46bd18f72cb4352ca3d40635dfd.jpg,mirror,0.3177083730697632,352.9444580078125,92.27415466308594,402.13580322265625,194.49159240722656,Does this vanity mirror offer magnification on one side for precise shaving or makeup application?,How far does the extendable arm reach so I don't have to lean comfortably over the sink?,"Is the mirror face large enough to see my whole face at once, or is it strictly for detailed spot checks?","Since my partner and I are different heights, does the arm adjust vertically or only swing side-to-side?",Can the mirror fold completely flat against the wall so it doesn't block the space when we are both in the bathroom?,Is the unit double-sided so we can easily flip between a standard view and a zoomed-in reflection?,Is the wall mount sturdy enough to handle constant pulling and adjusting by multiple family members?,Does the arm extend far enough to allow someone to use this mirror while another person occupies the main sink?,Is the mirror positioned high enough to be safely out of reach of small children running through the bathroom?
image_84_jpg.rf.75a7b46bd18f72cb4352ca3d40635dfd.jpg,mirror,0.1187451034784317,448.405517578125,86.11488342285156,540.532470703125,358.84722900390625,Does that small extendable mirror on the side offer magnification for precise shaving or applying makeup?,"Is the main mirror tall enough to see my full outfit from the waist up, or is it just for face-level grooming?",Is the lighting reflected in the mirror bright and even enough for doing detailed grooming work alone?,Is the mirror wide enough for both of us to stand side-by-side and brush our teeth without bumping elbows?,"Can one person use the extendable mirror while the other uses the main glass, or does the arm block the view?",Is the ledge running along the bottom of the mirror spacious enough to hold two separate toiletry bags?,does the bottom of the mirror sit low enough for children to see themselves while washing their hands?,"Is that adjustable side mirror mounted high enough to be out of reach of small, curious toddlers?",Is the mirror large enough to help multiple family members do quick checks before heading out for the day?
image_84_jpg.rf.75a7b46bd18f72cb4352ca3d40635dfd.jpg,mirror,0.3845726549625397,408.4845581054688,36.42799377441406,643.0732421875,382.9355163574219,Does the small magnifying mirror on the left extend out far enough to be comfortable for close-up shaving or applying makeup?,"Is the main mirror tall enough to check my outfit, or does it cut off just below the shoulders?","Since there are no lights directly on the glass, is the overhead lighting bright enough to use this mirror for detailed grooming?",Is the mirror wide enough for both of us to stand in front of it and brush our teeth at the same time?,Does the glass have a heated demister pad behind it so it doesn't fog up completely after one of us takes a hot shower?,Is the mirror mounted high enough on the wall to accommodate a significant height difference between partners?,"Is that magnifying mirror attached securely to the wall, or is it fragile if kids try to play with the extendable arm?",Does the bottom of the main mirror start low enough for children to see themselves while washing their hands?,Is the mirror positioned safely away from the door swing so it won't get hit when family members are coming in and out?
image_82_jpg.rf.44ba1dc226e21753e2dd1acc68253677.jpg,mirror,0.2189765572547912,440.3591613769531,17.95821762084961,512.6717529296875,147.95306396484375,Does the extendable arm reach far enough so I can use the mirror comfortably without leaning over the counter?,Is the magnification on the flip side strong enough for detailed grooming like shaving or applying makeup?,"Does the mirror swivel smoothly and hold its angle, or does it drift down while you're trying to use it?",Does the arm fold back flat against the wall so it doesn't block the main mirror when my partner is using the sink?,Is the vertical tilt adjustable enough to accommodate the height difference between my partner and me?,Is the mirror positioned far enough away from the main vanity area to allow both of us to get ready simultaneously?,Is the mounting bracket sturdy enough to handle frequent adjustments by different family members without becoming loose?,"Since it looks close to the shower area, does the mirror retract fully out of the way to prevent people from bumping into it?","Is the mirror face large enough for quick checks, or is it too small for multiple people trying to get ready in a rush?"
image_82_jpg.rf.44ba1dc226e21753e2dd1acc68253677.jpg,mirror,0.1139377653598785,377.5437927246094,10.848388671875,629.6304321289062,341.46343994140625,"Is that smaller round attachment a magnifying mirror, and is the lighting bright enough for detailed grooming like shaving or makeup?","Does the extending arm for the small mirror stay firmly in place, or is it loose and hard to position?",Is the shelf space on the bottom of the wooden frame wide enough to hold my personal toiletries kit?,Is the large rectangular mirror wide enough for two people to stand side-by-side and get ready at the same time?,Can the swing-arm mirror be folded flat against the wall so it doesn't block the view for the second person using the sink?,Is the height of the magnifying mirror adjustable so partners of different heights can both use it comfortably?,Is the extending arm of the vanity mirror sturdy enough to withstand frequent use or kids pulling on it?,Does the reflection show that the mirror is positioned far enough from the shower to avoid getting constantly splashed?,"Since the towel rack is right next to the mirror, does the space feel too cramped when the bathroom is full of people?"
image_82_jpg.rf.44ba1dc226e21753e2dd1acc68253677.jpg,mirror,0.100538931787014,376.2801818847656,120.92349243164062,453.3811645507813,268.75067138671875,Is that round magnifying mirror attached to the side adjustable for easier shaving or makeup application?,Is the wooden ledge at the bottom of the frame wide enough to hold my personal toiletries?,"Does the mirror offer a clear, well-lit reflection for getting ready quickly in the morning?",Is the main mirror wide enough for two people to stand side-by-side to brush teeth at the same time?,Can the small magnifying mirror swing out so one person can use it while the other uses the main glass?,"Does the mirror tend to fog up completely after one person showers, or is the ventilation good enough for the second person to use it?",Is the mirror mounted at a height where children can easily see themselves to wash up?,"Based on the reflection of the shower, does the bathroom area look spacious enough for a parent to help a child get ready?","Is that large stack of towels visible in the corner standard, ensuring there are enough for the whole family?"
image_82_jpg.rf.44ba1dc226e21753e2dd1acc68253677.jpg,mirror,0.1374973207712173,84.17987060546875,31.82392120361328,351.65338134765625,528.093994140625,"Since the window is inside the shower area, is there dedicated lighting over the mirror bright enough for shaving or applying makeup?",Does the mirror tend to fog up immediately after a shower given how close it is to the tub?,"Is the mirror tall enough to check my appearance from the waist up, or is it just a face-level reflection?",Is the wood-framed mirror wide enough for both of us to stand in front of it and brush our teeth at the same time?,Is there enough counter space directly in front of the mirror to hold two separate toiletry bags?,"Does the mirror reflect the shower area, and if so, is there enough privacy if one person is using the sink while the other showers?",Is the mirror mounted low enough for children to see themselves while washing their hands?,Is the mirror large enough to help speed up the morning routine when multiple people need to get ready?,"With the bathroom being so compact, is the mirror area spacious enough for a parent to help a child get ready without bumping into the toilet?"
image_82_jpg.rf.44ba1dc226e21753e2dd1acc68253677.jpg,mirror,0.1202121153473854,473.82421875,31.217145919799805,623.4064331054688,268.8389587402344,Does the swing arm extend far enough over the sink so I can apply makeup or shave closely without leaning awkwardly?,Is the magnification level on this mirror strong enough for detailed grooming tasks?,"Since the mirror is mounted on an arm, does it hold its position steadily or does it drift while you're trying to use it?","When the swing arm is extended, does it block the view of the main large mirror for a second person trying to get ready at the same time?",Can the small mirror be folded completely flat against the wall so we have maximum space at the vanity when it's not in use?,"Is the mirror dual-sided with a standard reflection on the reverse, or is it exclusively for magnification?",Is the mirror mounted high enough to be safely out of reach of small children who might swing on the arm?,Does the integrated towel holder near the mirror mount make the area feel cluttered when multiple people are using the bathroom?,Is the metal construction durable enough to withstand frequent adjustments by different family members throughout a trip?
image_82_jpg.rf.44ba1dc226e21753e2dd1acc68253677.jpg,mirror,0.1347205340862274,571.818603515625,76.23084259033203,626.1629028320312,278.3499450683594,"Is that a secondary magnifying mirror reflected in the glass, which would be helpful for shaving or applying makeup?",Is the lighting shown in the reflection bright enough for getting ready for a night out?,Is that wooden shelf at the bottom deep enough to hold my toiletry bag while I'm using the sink?,Is the main mirror wide enough for both of us to stand side-by-side while brushing our teeth?,"Does that towel rack have enough space to hang two large bath towels, or will they overlap?",Is the towel bar positioned in a way that allows us to move around the vanity area without bumping into it?,Is the towel bar sturdy enough to hold multiple wet towels for the whole family without sagging?,Is the mirror large enough to give a full view so we can quickly check our outfits before heading out together?,Is the wooden ledge low enough for children to reach if they need to grab their toothbrushes?
image_82_jpg.rf.44ba1dc226e21753e2dd1acc68253677.jpg,mirror,0.4940656423568725,361.9230651855469,-3.280677795410156,639.0703735351562,302.6786804199219,"Is that round, extendable magnifying mirror adjustable enough for close-up shaving or applying makeup?",Does the overhead lighting combined with the window provide enough brightness for detailed grooming in front of the mirror?,Is the main mirror positioned at a comfortable height for a?,Is the large rectangular mirror wide enough for two people to stand side-by-side and get ready simultaneously?,Does the swing-arm of the circular mirror fold back flush against the glass so it doesn't get in the way when we are sharing the sink space?,"Is the wooden frame ledge deep enough to hold two sets of toiletries, or is it purely decorative?",Is the extendable arm on the magnifying mirror sturdy and securely mounted to withstand frequent use by a whole family?,"Is the bottom of the mirror low enough for children to see themselves, or is it mounted too high up on the wall?",Does the large size of the mirror help reflect light into the rest of the bathroom to make the space feel less cramped when multiple people are using the area?
image_82_jpg.rf.44ba1dc226e21753e2dd1acc68253677.jpg,mirror,0.1627969145774841,367.4541015625,5.986843109130859,628.0016479492188,293.2340087890625,Does the extendable arm on the circular mirror reach far enough out for easy close-up grooming without having to lean over the sink?,Is the wooden ledge at the bottom of the mirror frame wide enough to serve as a shelf for my personal toiletries?,Is the lighting in the reflection bright enough to use the magnifying mirror effectively for detailed shaving or makeup application?,Is the large rectangular mirror wide enough for two people to stand side-by-side and get ready for dinner at the same time?,Can the smaller cosmetic mirror be swung far to the side so one person can use it while the other uses the main faucet area?,Is the height of the magnifying mirror adjustable to accommodate a significant height difference between partners?,Does the metal arm holding the round mirror feel sturdy enough to withstand constant adjusting by different family members?,Does the extendable mirror fold back completely flat against the wall to save space when multiple people are moving around the bathroom?,"Is the bottom of the main mirror frame mounted low enough for children to see themselves, or would they need a step stool?"
image_245_jpg.rf.7ecbdbd14d610b7e055d6a75557d6564.jpg,mirror,0.1184080243110656,82.77896881103516,5.063304901123047,312.4000549316406,391.0634765625,Is the three-bulb light fixture above the mirror bright enough for detailed grooming tasks like shaving or applying makeup?,Is the granite countertop spacious enough to spread out my toiletries kit and devices while using the mirror?,Is the mirror tall enough to get a decent look at my upper body outfit before heading out for the day?,Is the mirror wide enough for two people to stand side-by-side and get ready for dinner simultaneously?,Does the reflection show enough depth in the room to make the bathroom feel spacious rather than cramped for two people?,"Since there is only one sink, does the long mirror allow one person to do their hair while the other uses the basin?",Does the mirror reflect the shower area well enough to keep an eye on kids in the bath while I'm at the sink?,Is the mirror mounted low enough on the wall for children to see themselves while washing their hands?,Is the vanity area large enough to handle multiple people trying to brush their teeth in front of the mirror at the same time?
image_245_jpg.rf.7ecbdbd14d610b7e055d6a75557d6564.jpg,mirror,0.423992246389389,75.94578552246094,3.38846206665039,305.29217529296875,392.5562133789063,"Does the three-bulb light fixture above the mirror provide bright, even lighting for detailed tasks like shaving or applying makeup?","Is the mirror tall enough to check my upper-body appearance before heading out, or is it strictly for face-level grooming?",Is the mirror positioned close enough to the edge of the granite counter so I can lean in easily for contact lenses or skincare?,Is the mirror wide enough for both of us to stand side-by-side and get ready for dinner at the same time?,"Since there is only one sink, does the glass extend far enough over the counter space so one person can do hair while the other uses the faucet?","Does the mirror fog up quickly when someone is showering, or is the ventilation good enough for us to keep using it?",Is the bottom of the frame low enough for children to see themselves while they brush their teeth?,Does the wide reflection give me a good view of the shower area so I can keep an eye on kids while I'm at the sink?,"Is the mirror large enough to handle the ""morning rush"" where multiple family members might need to check their hair or brush teeth simultaneously?"
image_221_jpg.rf.1d8fd5bbbe96bde46c60970e234415d5.jpg,mirror,0.1131269633769989,40.1612663269043,-2.42462158203125,272.0326538085937,261.9560852050781,Are the integrated LED lights on the mirror bright enough for detailed grooming tasks like shaving or applying makeup?,"Is there any extra room on that glass shelf for my own toiletry bag, or do the provided soap bottles take up all the space?","Is the mirror positioned well for a taller person, or will I have to hunch over to see my reflection?",Is the mirror wide enough for two people to stand side-by-side and brush their teeth at the same time?,"Since the shelf looks full, is there additional counter space nearby where we can put two separate washbags?",Does the mirror fog up immediately when one person is using the shower seen in the reflection?,"Is that glass shelf securely mounted to the brick wall, or should we worry about children accidentally knocking it loose?","Is the mirror mounted low enough for younger family members to use, or is it strictly at adult height?","With the shower right opposite the mirror, is the ventilation good enough to keep the glass clear for the next person in line?"
image_85_jpg.rf.2de7198dec9d943e22d0f170e44f27f7.jpg,mirror,0.2449313849210739,141.08827209472656,64.0032958984375,302.27655029296875,354.51910400390625,Is the round magnifying mirror on the left adjustable and high-quality enough for precise shaving or applying makeup?,Does the overhead lighting reflect well enough in the mirror to provide shadow-free visibility for my morning routine?,"Since the main mirror is quite tall, does it provide enough of a vertical view to double as a full-length mirror for checking my outfit?",Is the main rectangular mirror wide enough for two people to stand side-by-side and get ready for dinner at the same time?,Does the counter space in front of the mirror have enough room to hold two separate washbags and sets of toiletries?,"Since the mirror extends all the way to the ceiling, does it comfortably accommodate partners of significantly different heights without cutting anyone off?",Can the extendable magnifying mirror be pulled out far enough so one person can use it while another person uses the main mirror and sink?,Is the glass surface easy to wipe clean if children splash water or toothpaste on the lower section near the sink?,"Does the mirror provide a wide enough angle to see into the room behind, helping a parent keep an eye on kids while getting ready?"
image_85_jpg.rf.2de7198dec9d943e22d0f170e44f27f7.jpg,mirror,0.3343652784824371,85.33102416992188,154.69741821289062,131.08055114746094,212.04124450683597,Does the mirror feature high magnification on one side for precise tasks like shaving or applying makeup?,"How far does the extendable arm reach, and does it hold its position steadily without wobbling?",Can the mirror face be tilted to different angles to catch the best lighting in the bathroom?,Does the extendable arm swing out far enough to create a separate grooming station while my partner uses the main sink?,Can the mirror be folded completely flat against the wall to maximize space when we are both in the bathroom?,Is the pivot mechanism stiff enough to hold the angle if we frequently adjust it for different heights?,Does the wall mount look durable enough to handle frequent pulling and adjusting by multiple family members?,Is the mirror mounted high enough on the wall to be safely out of reach of small children?,"Is the mirror face large enough to be actually useful for a quick check, or is it too small for general use?"
image_85_jpg.rf.2de7198dec9d943e22d0f170e44f27f7.jpg,mirror,0.1102189570665359,1.0803461074829102,156.72152709960938,151.5379638671875,265.39959716796875,Does the extendable arm on the makeup mirror reach far enough out so I can apply makeup without leaning uncomfortably over the sink?,Is the small round mirror magnified on one or both sides to help with detailed grooming like shaving?,"Is the wall-mounted hair dryer powerful enough for quick styling, or should I pack my own travel dryer?",Can the small magnifying mirror be pushed flat against the wall to create more elbow room when we are both at the vanity?,"Is the mounting height of the makeup mirror adjustable, or will it be awkward for two people of significantly different heights?",Does the larger wall mirror (visible in the reflection) offer enough space for one person to fix their hair while the other uses the small mirror?,"Does the mounting arm for the mirror feel sturdy enough to withstand children pulling on it, or does it seem fragile?","Since the hair dryer is attached to the wall, does the coiled cord stretch far enough to dry a child's hair if they aren't standing right next to the counter?",Is the vanity area spacious enough for multiple family members to brush their teeth while someone uses the magnifying mirror?
image_85_jpg.rf.2de7198dec9d943e22d0f170e44f27f7.jpg,mirror,0.1213719248771667,0.6946015357971191,179.4337158203125,75.55801391601562,267.4877624511719,"Is that a magnifying mirror on the extendable arm, which would make detailed makeup application or shaving much easier?",Does the arm extend far enough from the wall so I don't have to lean uncomfortably over the counter to use it?,"Since the mirror doesn't seem to have a built-in light ring, is the general bathroom lighting bright enough for close-up grooming in that spot?",Is that small mirror positioned well enough that one of us can use it while the other person uses the main sink mirror?,Does the mirror swivel and tilt easily to accommodate two people of significantly different heights?,"Is the mirror double-sided with a standard reflection on the back, giving us more options when getting ready for a night out?","Is the extendable arm on the mirror sturdy, or does it feel loose like it might break if the kids pull on it?",Does having this extra mirror actually help reduce the bottleneck when the whole family is trying to get ready in the morning?,Is the mirror mounted high enough on the wall to keep it safely out of reach of toddlers running around the bathroom?
image_85_jpg.rf.2de7198dec9d943e22d0f170e44f27f7.jpg,mirror,0.2486841827630996,122.02043151855467,185.4605407714844,186.6192321777344,367.9078674316406,Is that round magnifying mirror on the extendable arm adjustable enough for precise makeup application or shaving?,Does the position of the wall-mounted hairdryer allow me to easily see my styling progress in the main mirror?,Is the lighting around the mirror bright and clear enough for getting ready early in the morning for a meeting?,Is the large rectangular mirror wide enough for two people to stand side-by-side and brush their teeth at the same time?,Can the small cosmetic mirror be folded flat against the wall so it doesn't obstruct the view for my partner?,Is there enough elbow room in front of the mirror to use the hairdryer without bumping into someone using the sink?,"Is the extendable arm on the round mirror sturdy, or does it feel fragile if children were to pull on it?",Does the main mirror span enough of the wall to allow multiple family members to do a quick appearance check before heading out?,"Is the mirror mounted low enough for kids to see themselves while washing up, or is it positioned only for adults?"
image_85_jpg.rf.2de7198dec9d943e22d0f170e44f27f7.jpg,mirror,0.1188980862498283,11.630926132202148,73.73196411132812,207.35476684570312,385.1460571289063,"Is the small, adjustable magnifying mirror positioned well for detailed grooming or makeup application?",Does the overhead lighting reflect brightly enough in the main mirror for shaving without casting shadows?,Is the power outlet next to the mirror convenient for plugging in my own styling tools?,Is the main mirror wide enough for two people to check their appearance side-by-side?,Does the wall-mounted hairdryer placement interfere with the mirror space if one person is drying hair while the other uses the sink?,Is the glass shelf under the mirror large enough to hold toiletries for two people without feeling cluttered?,Does the main mirror extend low enough for children to see themselves while brushing their teeth?,"Is the vanity area spacious enough, or will it feel cramped if multiple family members are trying to use the mirror at once?",Is the glass shelf sturdy and large enough to handle the weight of multiple toiletry bags?
image_85_jpg.rf.2de7198dec9d943e22d0f170e44f27f7.jpg,mirror,0.121381901204586,0.290226936340332,21.016502380371094,150.57313537597656,492.7448120117188,Is the small round magnifying mirror fully adjustable for detailed grooming like shaving or applying makeup?,Is the power outlet located next to the mirror convenient for plugging in my own styling tools?,"Does the overhead lighting reflect well in the mirror to provide bright, shadow-free visibility for getting ready?",Is the large wall mirror wide enough for two people to stand side-by-side and brush their teeth simultaneously?,Is there enough surface area on the glass shelf below the mirror to hold two separate toiletry bags?,Can the extendable makeup mirror be folded back against the wall so it doesn't block the view for the second person?,Does the mirror extend low enough for children to see themselves while washing their hands at the sink?,Is the glass shelf under the mirror sturdy enough to handle heavy use and multiple toiletry kits from a family?,Is the vanity area spacious enough to avoid crowding if someone is using the wall-mounted hair dryer while others are nearby?
image_85_jpg.rf.2de7198dec9d943e22d0f170e44f27f7.jpg,mirror,0.2530113458633423,3.243637084960937,28.370285034179688,189.14212036132807,435.3434753417969,Is the overhead lighting bright enough to use the main mirror for detailed makeup or shaving without shadows?,Does that small round magnifying mirror extend or tilt so I can easily use it for close-up grooming?,Is the mirror positioned at a comfortable height for me to see my hair styling while standing at the sink?,Is the main mirror wide enough for both of us to do a quick appearance check at the same time?,"Does the mirror tend to fog up completely after a hot shower, making it hard for the second person to get ready?",Is there enough room in front of the mirror for one person to dry their hair while the other uses the sink?,Is the bottom edge of the mirror low enough for children to see themselves while brushing their teeth?,Is the main mirror large enough to handle the chaos of a whole family trying to get ready in the morning?,"Is that magnifying mirror attachment sturdy, or do I need to worry about kids accidentally pulling it off the wall?"
image_198_jpg.rf.771bcf51120446aab08414f255d1cf55.jpg,mirror,0.171538770198822,410.9553833007813,164.26324462890625,524.5218505859375,341.84442138671875,Is the recessed light above the mirror bright enough for detailed grooming like shaving or applying makeup?,Does the handle on the side of the frame indicate that this slides open for extra storage space for my toiletries?,"Is the mirror tall enough to see my whole upper body, or is it just sized for a face check?",Is the mirror wide enough for two people to stand side-by-side and brush their teeth at the same time?,Does the sliding cabinet feature provide enough shelf space to keep both of our bathroom kits organized?,"Is the overhead lighting soft and flattering, or does it cast harsh shadows on your face?","Is the mirror mounted at a height that allows children to see themselves, or is it positioned too high up?",Does the cabinet behind the mirror have deep enough shelves to hide the clutter of toiletries for a whole family?,Is the sliding mechanism on the mirror sturdy enough to handle frequent use by multiple people?
image_198_jpg.rf.771bcf51120446aab08414f255d1cf55.jpg,mirror,0.2112946659326553,294.9042358398437,67.03361511230469,543.5408935546875,356.8859558105469,Is the LED strip lighting along the edge bright enough for detailed grooming like shaving or applying makeup?,"Does the mirror extend high enough to check my upper-body outfit, or is it mostly focused on the face?",Is the wall-mounted hairdryer positioned close enough to the mirror for easy styling without stretching the cord?,Is the mirror wide enough for both of us to stand side-by-side and get ready for dinner at the same time?,Is there enough counter space on that left-hand shelf for two separate toiletry bags?,"Does the back-lighting create a nice ambiance in the room, or is it purely functional?",Can multiple family members squeeze in front of that wide mirror to brush teeth simultaneously?,Is the bottom edge of the mirror low enough for children to see themselves while washing their hands?,Does the large mirror surface help the bathroom feel spacious enough for a family to move around without feeling cramped?
image_209_jpg.rf.6d880fb6ae14ca6ee609c28998624e08.jpg,mirror,0.3541178405284881,87.67638397216797,29.988784790039062,369.47796630859375,375.4055786132813,Does the built-in LED light border provide bright enough illumination for detailed grooming like shaving or applying makeup?,Is the wall-mounted hair dryer on the left positioned close enough to be easily used while standing in front of the mirror?,"Is the mirror large enough to get a decent view of my upper body outfit, or is it strictly for face-level use?",Is the mirror wide enough for two people to stand side-by-side and get ready for dinner simultaneously?,"Looking at the counter space around the sink, is there enough room for two separate toiletry bags?","Does the integrated lighting cast a flattering glow for photos together, or is it harsh fluorescent light?","Since there is only one sink, is the mirror area spacious enough for someone to fix their hair while another person brushes their teeth?","Is the bottom edge of the mirror low enough for younger children to see themselves, or is it mounted high up?","Does the reflection of the open closet area suggest the bathroom is open-concept, which might limit privacy for a family sharing the room?"
image_209_jpg.rf.6d880fb6ae14ca6ee609c28998624e08.jpg,mirror,0.1212977543473243,106.62303924560548,55.74501800537109,246.4854736328125,352.24346923828125,Does the integrated LED lighting border provide enough brightness for detailed grooming tasks like shaving or applying makeup?,Is the mirror positioned comfortably for use with the wall-mounted hairdryer visible on the left side?,"Since the mirror reflects the room entryway, is it large enough to serve as a quick check for my upper-body outfit before heading out?",Is the mirror wide enough for two people to stand side-by-side and brush their teeth at the same time?,"Does the back-lit frame provide flattering lighting for both of us, or does it cast shadows if we are standing next to each other?","Given the reflection shows the main room area, does the bathroom layout offer enough privacy while one person is using the mirror and the other is in the bedroom?",Is the mirror mounted low enough to the faucet so that younger children can easily see themselves to wash their faces?,Does the reflection showing the TV and door area allow me to keep an eye on the kids in the main room while I'm getting ready?,Can the lighted border be used as a soft nightlight for the bathroom so family members don't trip in the dark?
image_132_jpg.rf.996072d85417f2f38443df1a1389ca4f.jpg,mirror,0.3297690749168396,372.9759216308594,-0.1947498321533203,543.9020385742188,311.1972351074219,Does the light fixture mounted above the mirror provide enough brightness for detailed grooming like shaving or applying makeup?,"Is the glass shelf at the bottom deep enough to hold my travel toiletry bag, or is it too narrow?","Is the mirror tall enough for me to check my upper body outfit before heading out, or is it face-height only?",Is the mirror wide enough for both of us to stand side-by-side and brush our teeth at the same time?,Are there dual sinks with individual mirror space?,Can both partners see clearly without crowding?,"Is the glass shelf attached to the mirror sturdy and safe, or should we be worried about kids bumping into it?","Is the mirror mounted low enough on the wall for children to see themselves, or will they need a step stool?","Given the limited shelf space shown, is there additional storage nearby for a whole family's toothbrushes and supplies?"
image_132_jpg.rf.996072d85417f2f38443df1a1389ca4f.jpg,mirror,0.1223359331488609,388.1753845214844,159.4766082763672,428.224365234375,304.5666198730469,Is the glass shelf underneath the mirror wide enough to hold my entire toiletry bag securely?,Does the mirror provide good enough clarity and lighting for detailed grooming like shaving or applying makeup?,"Based on the reflection, is that curved shower stall spacious enough for a comfortable wash, or is it a tight squeeze?",Is the mirror wide enough for two people to brush their teeth side-by-side without bumping elbows?,"Does the mosaic tile design reflected in the mirror give the bathroom a clean, modern feel for our stay?",Can both partners see clearly without crowding?,Is the glass shelf positioned high enough or sturdy enough to be safe around active children?,Is the mirror large enough so that multiple family members can do a quick appearance check before we head out?,"Looking at the shower reflection, do the doors slide easily for quick transitions when getting a whole group ready?"
image_132_jpg.rf.996072d85417f2f38443df1a1389ca4f.jpg,mirror,0.123140662908554,426.4120178222656,147.82095336914062,529.3387451171875,304.07843017578125,Is the glass shelf directly under the mirror sturdy and deep enough to hold a large toiletry bag?,Does the lighting around this mirror provide clear enough visibility for detailed grooming like shaving or applying makeup?,Is the mirror positioned at a comfortable height for an average-sized adult to use without bending or stretching?,Is the mirror wide enough for two people to stand side-by-side and brush their teeth at the same time?,"Since the shower is right next to the mirror, does the glass fog up quickly while one person is showering and the other is getting ready?",Is there enough space on that lower ledge to separate two sets of personal items without things looking cluttered?,"Is the glass shelf beneath the mirror safely secured, or should we be worried about children accidentally pulling on it?",Is the mirror mounted low enough for kids to see themselves while washing their hands?,Is the mirror large enough to allow multiple family members to do a quick final check before heading out for the day?
image_132_jpg.rf.996072d85417f2f38443df1a1389ca4f.jpg,mirror,0.1141161918640136,355.284423828125,139.58522033691406,535.27734375,312.5360717773437,Is the lighting around the mirror bright enough for detailed grooming like shaving or applying makeup?,"Is that glass shelf sturdy and wide enough to hold my toiletry bag, or just a toothbrush?",Is the mirror positioned high enough that I can see my reflection comfortably without stooping?,Is the mirror wide enough for two people to check their appearance side-by-side before dinner?,Does the mirror fog up immediately since the shower is located right next to it?,"Is the shelf space sufficient for two sets of toiletries, or will we need to leave items in our luggage?",Is the mirror mounted at a height where children can also see themselves to brush their teeth?,Is the glass shelf securely attached and durable enough to withstand accidental bumps from kids?,"Since the shelf is small, is there other surface area nearby to handle the clutter of a whole family?"
image_233_jpg.rf.18618509e0d72ef5867c22b8fa39cf18.jpg,mirror,0.2413177341222763,48.89091491699219,3.22793960571289,216.65103149414065,373.2069396972656,Is this mirror full-length so I can check my entire outfit from head-to-toe before heading out?,Is the lighting controlled by the panel next to the mirror bright enough for detailed grooming or applying makeup?,Is the mirror positioned at a comfortable height for a quick final check without me having to crouch or stand on tiptoes?,"Since the mirror appears quite narrow, is there enough space in front of it for both of us to get ready side-by-side?",Does the control panel on the wall allow us to adjust the lighting ambiance for a more romantic or relaxed mood?,"Is the mirror tall enough to accommodate both of us easily, even if we have a significant height difference?",Is the mirror mounted securely to the wall so it's safe if energetic children are running around the bathroom?,Does the reflective glass extend low enough for younger kids to see themselves while brushing their teeth?,Is the area around the sink and mirror spacious enough to prevent a bottleneck when the whole family is trying to get ready in the morning?
image_165_jpg.rf.4d5d45b75786902f0fd6a13bb0a7a89e.jpg,mirror,0.1915034651756286,343.287353515625,155.09585571289062,431.9891357421875,359.847412109375,Is the overhead recessed lighting bright enough for doing detailed makeup or shaving close to the mirror?,"Does the mirror extend high enough to provide a good view for checking my outfit, or is it mostly just for face-level grooming?","Since there's a large vase there, is there actually enough shelf space left in front of the mirror for my personal toiletries bag?",Is this mirror wide enough for two people to stand side-by-side and get ready for dinner at the same time?,"Since the shower is visible in the reflection, does the mirror tend to fog up quickly when one person is showering while the other is at the sink?",Does the reflection show enough floor space behind the sink for two of us to move around comfortably?,Does the mirror start low enough to the sink so that younger children can see themselves while brushing their teeth?,"Is the bathroom area spacious enough to handle the morning rush, or does the mirror placement create a bottleneck?",Are the towel hooks seen in the reflection reachable from the sink area for multiple people using the space?
image_165_jpg.rf.4d5d45b75786902f0fd6a13bb0a7a89e.jpg,mirror,0.1122553646564483,413.0981750488281,85.153564453125,622.9468383789062,387.121337890625,Is the lighting reflected in the mirror bright enough for detailed grooming tasks like shaving or applying makeup?,"Is the mirror tall enough to check my outfit, or does it only show my face and shoulders?","Since the hair dryer is mounted right next to the mirror, is it positioned conveniently for easy styling?",Is the mirror wide enough for two people to stand side-by-side and get ready for dinner at the same time?,Does the mirror fog up completely when the shower seen in the reflection is being used by my partner?,Does the large size of the mirror help the bathroom feel spacious enough for two people sharing the room?,Is the mirror mounted low enough for children to see themselves while washing their hands?,Is the mirror wide enough to accommodate multiple family members brushing their teeth simultaneously?,Are the edges of the frameless mirror smooth and safe for a busy bathroom with active kids?
image_165_jpg.rf.4d5d45b75786902f0fd6a13bb0a7a89e.jpg,mirror,0.1137910857796669,538.5206909179688,145.70559692382812,637.6533813476562,422.6676025390625,Does the wall-mounted hairdryer attached to the mirror obstruct the view when I'm trying to get ready?,Is the lighting reflected in the upper part of the mirror bright enough for detailed grooming like shaving or makeup?,"Is the mirror tall enough to see my full reflection comfortably, or is it cut off by the amenities below?",Is the mirror wide enough for both of us to stand side-by-side and brush our teeth at the same time?,"Does the mirror reflect the bathroom door, and does the layout offer enough privacy for two people sharing the room?","Is the vanity space reflected in the mirror large enough to hold two washbags, or is it crowded by the hairdryer installation?","Is the mirror mounted at a height that is accessible for children to use, or is it too high up?","Is the mirror glass durable and securely mounted, considering the heavy hairdryer attached to it?","Are the cups and amenities visible at the bottom of the mirror plastic or glass, in case the kids knock them over?"
image_165_jpg.rf.4d5d45b75786902f0fd6a13bb0a7a89e.jpg,mirror,0.1468401700258255,350.42498779296875,115.23433685302734,631.596923828125,381.347412109375,Is the lighting above the mirror bright enough for detailed grooming tasks like shaving or applying makeup?,"Does the location of the wall-mounted hair dryer make it easy to dry my hair while looking in the mirror, or is the cord restrictive?","Is the mirror tall enough to provide a decent view of my upper-body outfit, or is it strictly for face-level use?",Is the mirror wide enough for both of us to stand side-by-side and check our appearance before heading out?,"Since the shower is visible in the reflection, does the mirror fog up instantly when one person is showering while the other gets ready?","Is the counter space in front of the mirror sufficient to hold two washbags, or is it cramped?",Is the bottom edge of the mirror low enough for children to see themselves while brushing their teeth?,"With only one sink but a wide mirror, is there enough elbow room for a parent to help a child get ready without bumping into the wall?",Is the wall-mounted hair dryer positioned safely so that cords aren't dangling in the way when multiple family members are using the sink area?
image_165_jpg.rf.4d5d45b75786902f0fd6a13bb0a7a89e.jpg,mirror,0.1544529050588607,342.6527404785156,21.880226135253903,639.2296752929688,497.1695251464844,Does the overhead lighting reflected in the mirror provide enough brightness for detailed grooming tasks like applying makeup or shaving?,Is the mirror positioned conveniently close to the wall-mounted hairdryer so I can easily style my hair while looking at my reflection?,"Since the mirror sits above a raised sink, does it offer a large enough vertical viewing area to check my appearance from the waist up?",Is the mirror wide enough for both of us to stand side-by-side and get ready for dinner at the same time?,Does the mirror extend far enough across the wall so one person can use the glass for grooming while the other uses the sink?,Does the large mirror help reflect light and make the bathroom feel spacious enough for two people to share comfortably?,"Because the mirror is mounted above a tall vessel sink, does the glass start too high up for younger children to see themselves?","With the shower located right next to the mirror, does the glass tend to fog up quickly when multiple family members are showering in a row?","Is the mirror wide enough to allow a ""production line"" where one person dries their hair while another brushes their teeth to save time?"
image_165_jpg.rf.4d5d45b75786902f0fd6a13bb0a7a89e.jpg,mirror,0.2416283041238784,308.9059143066406,10.44841766357422,641.2384033203125,640.1974487304688,Is the overhead lighting reflected in the mirror bright enough for detailed grooming like shaving or applying makeup?,Does the mirror tend to fog up quickly since the shower enclosure is immediately next to it?,Is the wall-mounted hair dryer positioned close enough to the mirror to allow for easy styling without the cord pulling?,Is the mirror wide enough for two people to stand side-by-side and freshen up at the same time?,Does the large reflection help the bathroom feel spacious and romantic rather than cramped?,"Does the angle of the mirror provide enough privacy, or is the reflection visible from the bedroom door seen in the background?","Is the mirror mounted low enough for children to see themselves, or does the raised vessel sink make it too high for them?",Is there enough standing room in front of the mirror for a parent to help a child get ready?,"With the shower right there, is the ventilation good enough to keep the mirror clear so one person can use it while another showers?"
image_187_jpg.rf.a5ab513cb625ae83775b80642a46ab55.jpg,mirror,0.1536226421594619,257.81451416015625,0.0069022178649902,332.2811889648437,56.762001037597656,Is the magnification on this vanity mirror strong enough for detailed grooming like shaving or applying makeup?,"How far does that extendable arm reach, or is it stuck close to the wall?",Does the mirror swivel smoothly so I can get the right angle without struggling with the hardware?,Does this mirror swing completely out of the way so my partner can use the main sink while I'm getting ready?,"Is the vertical height adjustable, or will it be awkward if one of us is much taller than the other?","Is the metal finish rust-free and clean, or does it look worn out for a romantic getaway?",Is the mounting arm sturdy enough to handle being pulled and adjusted by multiple people throughout the day?,Does the mirror fold back flat against the wall so it’s not a hazard for kids running in and out of the bathroom?,"Is the mirror surface large enough to be actually useful, or is it too small for a family trying to get ready quickly?"
image_187_jpg.rf.a5ab513cb625ae83775b80642a46ab55.jpg,mirror,0.1706909388303756,99.45053100585938,-1.5163707733154297,217.2147521972656,162.0342254638672,"Since I don't see vanity bulbs attached, is the overhead lighting bright enough for detailed grooming like shaving or applying makeup?","Is that a heated towel rack reflected on the left, and does it help keep the mirror from fogging up after a hot shower?","Is the mirror tall enough to check my upper-body outfit, or is it strictly positioned for face-level use?","Is the mirror wide enough for two people to check their appearance side-by-side, or will we have to take turns in front of the sink?","Since there is only one faucet set visible, is there enough counter space reflected in the mirror for two separate toiletry bags?","Does the mirror reflect the bathroom door directly, or is it positioned to offer some privacy while one person is using the sink area?","Because the mirror sits directly on the countertop, does it get constantly splashed and smudged when kids wash their hands?","Is the mirror placed low enough for children to see themselves to brush their teeth, or will they need a step stool?",Does the reflection show enough of the bathroom behind me to keep an eye on younger family members while I'm getting ready?
image_135_jpg.rf.6d3fcad55c0e60b66c7e0bfc3bdcbfb8.jpg,mirror,0.2746792137622833,-0.3734588623046875,10.285301208496094,193.1435546875,269.53863525390625,Are the three bulbs above the mirror bright enough for detailed grooming tasks like shaving or applying makeup?,Is the narrow shelf immediately below the mirror sturdy enough to hold a full-sized toiletry bag?,"Does the tall, vertical shape of the mirror allow me to check my outfit, or does it only show my head and shoulders?",Is the mirror wide enough for two people to stand side-by-side to brush their teeth without bumping elbows?,"Since the mirror is quite tall, does it easily accommodate a significant height difference between partners?","Is that small shelf under the glass the only spot for toiletries, or is there enough room for both of our kits around the sink?","Is the bottom of the mirror low enough for children to see themselves, or will they need a step stool?",Is the shelf securely attached to the wall in case kids grab onto it or we stack multiple heavy items on it?,"With only one mirror and sink, is the lighting strong enough to illuminate the whole bathroom for multiple people moving around?"
image_135_jpg.rf.6d3fcad55c0e60b66c7e0bfc3bdcbfb8.jpg,mirror,0.1145108640193939,474.16644287109375,39.88313293457031,545.153076171875,107.9311752319336,Is this exhaust fan quiet enough to ensure a peaceful environment while I'm relaxing in the room?,Does the ventilation unit run on a timer so I don't have to worry about turning it off?,Is the fan effective enough to quickly clear humidity so my toiletries and clothes stay dry?,Does this extraction fan clear steam fast enough so the bathroom mirror doesn't stay fogged up for the second person?,Is the unit quiet enough that using the bathroom at night won't disturb my partner sleeping nearby?,Is the ventilation powerful enough to keep the bathroom smelling fresh when two people are sharing the space?,Can this small exhaust fan handle the heavy moisture build-up from a family taking back-to-back showers?,Does the airflow from this unit help damp towels or swimsuits dry faster for the whole group?,Is the plastic casing on this fixture secure enough to prevent children from tampering with it?
image_135_jpg.rf.6d3fcad55c0e60b66c7e0bfc3bdcbfb8.jpg,mirror,0.2088358700275421,1.2923908233642578,25.534639358520508,182.5188446044922,257.82257080078125,Do the three vanity lights above the mirror provide enough brightness for detailed grooming like shaving or applying makeup?,"Is that white shelf underneath the mirror deep enough to actually hold my toiletry bag, or is it too narrow?","Is the mirror tall enough to check my appearance from the waist up, or is it strictly just for face-level use?",Is the mirror wide enough for two people to stand side-by-side and get ready for dinner at the same time?,"Does the shelf below the mirror have enough space to hold toiletries for two, or will we have to clutter the sink area?","Do the overhead bulbs create a warm, flattering light, or is the bathroom lighting harsh?",Is the mirror mounted low enough on the wall for children to be able to see themselves while brushing their teeth?,"Does the wood frame and mounting look sturdy and secure, or should we be careful with kids playing near it?",Is the shelf large enough to keep multiple toothbrushes and items off the sink to avoid a mess?
image_135_jpg.rf.6d3fcad55c0e60b66c7e0bfc3bdcbfb8.jpg,mirror,0.1125258281826973,1.3265419006347656,26.200284957885746,184.99087524414065,263.9293212890625,Do the vanity bulbs at the top provide bright enough lighting for detailed grooming like shaving or applying makeup?,"Is the small white shelf underneath wide enough to hold a full-sized toiletry bag, or is it just for small items?","Since the mirror is portrait-oriented, is it tall enough to check my upper-body outfit before heading out?",Is the mirror wide enough for two people to stand side-by-side and get ready for dinner simultaneously?,"Given that the shelf looks narrow, is there additional counter space nearby for two sets of bathroom essentials?","Does the overhead lighting cast shadows on faces, or is it even enough for both of us to use the mirror effectively?",Is the mirror mounted low enough on the wall for children to see themselves while washing their hands?,Is the shelf sturdy and spacious enough to hold toothbrushes and supplies for a whole family?,"Do the lights on top illuminate the entire bathroom well, or is the brightness mostly concentrated just over the sink area?"
image_135_jpg.rf.6d3fcad55c0e60b66c7e0bfc3bdcbfb8.jpg,mirror,0.4180629253387451,25.77925109863281,136.06182861328125,123.32566833496094,257.0808410644531,Is the overhead light bright enough for precise grooming tasks like shaving or applying makeup?,Is the shelf immediately below the mirror wide enough to hold a full-sized toiletry bag?,"Is the mirror tall enough to check my outfit, or is it strictly for head-and-shoulders viewing?",Is the mirror wide enough for two people to stand side-by-side and get ready at the same time?,"Is there enough space on that narrow shelf for two sets of toiletries, or will it get cluttered?","Does the mirror fog up easily, making it hard to use if one person just finished a shower?",Is the mirror mounted low enough for children to see themselves while brushing their teeth?,Is the shelf secure and reachable for kids to access their items without help?,"Is the glass area large enough to reflect the whole bathroom, or does the thick wooden frame limit the view?"
image_223_jpg.rf.3b17afe83164c2c92f83ef8ec80289c0.jpg,mirror,0.2001489549875259,414.9856262207031,55.90347290039063,551.3453369140625,299.61444091796875,Is the overhead recessed lighting reflected in the mirror bright enough for detailed grooming like shaving or applying makeup?,Does the bathroom include that magnifying mirror seen on the left for close-up needs?,Is the main mirror tall enough to allow for a full upper-body check before I head out for the day?,Is the mirror wide enough for both of us to stand side-by-side to brush our teeth or get ready for dinner at the same time?,Does the high-quality wood frame give the room a more upscale and romantic atmosphere compared to a standard plain mirror?,Is there enough counter space directly under the mirror to hold toiletry bags for two people?,Is the mirror mounted low enough that children can see themselves while using the sink?,Is the large glass surface easy to clean if multiple family members are splashing water around while getting ready?,Is the wooden frame sturdy and sealed well enough to withstand heavy daily use by a whole family?
image_223_jpg.rf.3b17afe83164c2c92f83ef8ec80289c0.jpg,mirror,0.1404405832290649,437.7648620605469,68.00825500488281,551.8399658203125,303.5009155273437,Is the overhead recessed light visible in the reflection bright enough for detailed grooming tasks like shaving or applying makeup?,Is the counter space at the base of the mirror spacious enough to hold a full-sized toiletry bag while I'm using the sink?,"Does the mirror provide a clear, distortion-free reflection for checking my upper-body appearance before heading out?",Is the mirror wide enough to allow both of us to stand side-by-side and brush our teeth without bumping elbows?,"Does the warm wood frame add a nice aesthetic touch to the room, or does it make the vanity area feel cramped for two people?","Is the lighting sufficient for two people getting ready at once, or will one person cast a shadow on the other?",Is the mirror mounted low enough on the wall for children to see themselves while washing their hands?,Is the mirror large enough that I can supervise my kids getting ready while still being able to see myself?,Is that wide wooden frame durable and easy to wipe down if the kids accidentally splash water or toothpaste on it?
image_223_jpg.rf.3b17afe83164c2c92f83ef8ec80289c0.jpg,mirror,0.1083497703075409,385.1077880859375,88.35748291015625,435.24072265625,310.4387512207031,Is that smaller circular attachment a magnifying mirror for detailed grooming tasks like shaving or applying makeup?,Does the main mirror offer good lighting and a clear enough reflection for me to quickly check my appearance before heading out?,Is the mirror positioned well relative to the sink so I can easily lean in for my morning routine without straining?,Is the mirror wide enough for two people to stand side-by-side and brush their teeth at the same time?,"Does the wood framing and marble reflection give the bathroom an upscale, romantic feel for our trip?","Since there appears to be only one sink faucet, is the mirror area spacious enough for us to take turns getting ready without bumping into each other?",Is the mirror mounted low enough for children to see their reflection while washing their hands or brushing their teeth?,Does the reflection show enough of the shower area behind me so I can keep an eye on the kids while I'm at the sink?,Is that attached makeup mirror sturdy and positioned high enough to be safe from curious toddlers?
image_223_jpg.rf.3b17afe83164c2c92f83ef8ec80289c0.jpg,mirror,0.190823882818222,352.8746337890625,10.503597259521484,564.0751953125,320.82281494140625,Does the small magnifying mirror sitting on the counter have its own built-in light for detailed grooming tasks like shaving or applying makeup?,"Is the combination of the overhead recessed light and the two wall sconces bright enough, or does the room feel dim?","With the tissue box, amenity tray, and extra mirror taking up space, is there enough room left on the vanity top for my personal toiletry bag?",Is the large framed mirror wide enough for two people to stand side-by-side and get ready for dinner at the same time?,"Since there is only one sink, is there enough counter space on the sides for both of us to set down our toothbrushes and toiletries without mixing them up?",Is the height of the mirror sufficient to comfortably accommodate partners who might have a significant height difference?,"Is the freestanding makeup mirror heavy and stable, or is it likely to get knocked over easily by children?","Does the large wall mirror offer enough of a vertical view to check full outfits for the whole family, or is it strictly waist-up?","Is the wooden frame durable and securely mounted, given that this is a high-traffic area for a family?"
image_223_jpg.rf.3b17afe83164c2c92f83ef8ec80289c0.jpg,mirror,0.2159270793199539,343.3948974609375,5.153560638427734,572.966552734375,337.3348999023437,Is the lighting from the wall sconces bright enough for detailed grooming like shaving or applying makeup?,"Does the small magnifying mirror on the left have its own light, or does it rely on the main room lighting?","Is the large mirror tall enough to provide a decent view of my outfit, or is it strictly for face-level use?",Is the mirror wide enough for two people to stand side-by-side and get ready for dinner at the same time?,"Since there is only one sink, is the counter space in front of the mirror large enough to hold toiletries for both of us?",Do the side lights cast shadows that might make it difficult for one person to check their hair while the other uses the sink?,Is the bottom edge of the mirror low enough for children to see themselves while brushing their teeth?,Is the mirror area spacious enough for me to keep an eye on the kids in the reflection while I'm getting ready?,"With only one basin, does the mirror get foggy quickly when multiple people are taking showers back-to-back?"
image_223_jpg.rf.3b17afe83164c2c92f83ef8ec80289c0.jpg,mirror,0.3575645387172699,345.57769775390625,5.839214324951172,580.02392578125,352.552734375,Is the lighting from the side sconces bright and even enough for precise shaving or applying makeup without casting shadows?,"Does the portable magnifying mirror on the counter include a light, or does it rely solely on the room lighting for detailed grooming?",Is the main mirror tall enough to give me a clear view of my upper body and outfit before I head out for meetings?,Is the wood-framed mirror wide enough for both of us to stand side-by-side and check our appearance before dinner?,"Since there is only one sink, is the area in front of the mirror spacious enough for us to brush our teeth together without bumping elbows?","Do the wall lights provide a flattering, warm glow, or is the lighting too harsh for a relaxing evening routine?",Is the bottom of the mirror low enough for children to see themselves while they wash their hands?,"Is the small round mirror secured to the countertop, or is it loose and at risk of being knocked over by active kids?",Do the lights around the mirror illuminate the rest of the bathroom well enough for family members to get dressed in the background?
image_223_jpg.rf.3b17afe83164c2c92f83ef8ec80289c0.jpg,mirror,0.1049412712454795,-2.388753890991211,14.761505126953123,290.7899780273437,640.6148681640625,Is that small standing mirror on the counter magnified and lighted for precise grooming or makeup application?,Does the wall sconce next to the main mirror provide bright enough illumination for shaving?,Is the large wood-framed mirror positioned at a good height for checking my appearance before heading out?,Is the main wall mirror wide enough for both of us to stand side-by-side and get ready for dinner at the same time?,Can one person use the portable makeup mirror while the other uses the sink without the vanity area feeling too crowded?,"Since the shower is open to the room, does the mirror fog up quickly while one of us is showering?",Is the large vanity mirror hung low enough for children to be able to see themselves while brushing their teeth?,"Is the standing makeup mirror sturdy and heavy, or is it fragile and easily knocked over by energetic kids?",Is the mirror large enough to help get multiple family members ready simultaneously during the morning rush?
image_223_jpg.rf.3b17afe83164c2c92f83ef8ec80289c0.jpg,mirror,0.1296112686395645,369.0765075683594,273.072021484375,391.4070434570313,314.7452392578125,Is that small standing mirror dual-sided with magnification for detailed grooming or makeup application?,Can I easily move the mirror around the countertop to get the best natural light from the window?,"Is the mirror surface clear and high-quality, or does it show signs of age and wear?","Is this portable mirror an addition to a larger wall mirror, allowing us both to get ready at the same time?",Is there enough space on the vanity around the mirror stand for two people's toiletries?,Does the mirror angle adjust easily so we can both use it comfortably despite height differences?,Can this tabletop mirror be moved to a desk in the bedroom so someone can get ready while the bathroom is occupied?,Is the mirror stand stable and heavy enough that children won't easily knock it over?,Is the mirror large enough to be functional for quick checks before the whole family heads out?
image_223_jpg.rf.3b17afe83164c2c92f83ef8ec80289c0.jpg,mirror,0.5561076402664185,332.6928100585937,268.4969482421875,373.5926818847656,325.7965393066406,Is one side of this swivel mirror magnified to help with precise tasks like shaving or applying makeup?,Is the mirror lightweight enough to move over to a window if I need natural light while getting ready?,"Is the face of the mirror large enough to see my entire reflection clearly, or is it quite small?",Is this portable mirror useful for a second person to get ready while the main bathroom mirror is occupied?,Does the swivel mechanism stay in place securely so we can adjust the angle for our different heights?,Does the base of the mirror take up a lot of counter space where we would need to place two sets of toiletries?,Is the stand heavy and stable enough that children won't accidentally knock it over?,Can we easily move this mirror to a desk or table in the main room so someone can use the bathroom while others get ready?,"Is the glass quality good and free of scratches, or does it show signs of wear from previous guests?"
image_223_jpg.rf.3b17afe83164c2c92f83ef8ec80289c0.jpg,mirror,0.1038264706730842,28.910999298095703,224.24835205078125,203.67184448242188,398.7750549316406,Is the handheld showerhead on that slide bar easy to adjust to my preferred height?,"Are the wall-mounted toiletries high-quality brands, or should I pack my own shampoo?","Is there a ledge or shelf nearby for my personal razor, since the wall only shows the dispensers?","Does the natural stone tiling give the bathroom a luxurious, spa-like feel for our stay?",Is the shower stall spacious enough for two people to move around comfortably?,"Is there a rainfall showerhead overhead, or is that?",Are the grab bars sturdy and well-placed for our elderly family members to use safely?,Can the shower wand be lowered far enough on the sliding rail to easily wash small children?,Are those large pump bottles kept full enough to handle back-to-back showers for a family of four?
image_223_jpg.rf.3b17afe83164c2c92f83ef8ec80289c0.jpg,mirror,0.4372183680534363,329.806884765625,265.7870178222656,374.263916015625,365.0530395507813,"Does the button on the base turn on a built-in light, and is it bright enough for detailed makeup application or shaving?",Is this a dual-sided mirror with magnification on one side to help with putting in contact lenses?,Is the mirror lightweight and cordless so I can move it to a different part of the room for better lighting?,"Does this vanity mirror take up a lot of counter space, or will there still be room for both of our toiletry bags?","Since there is a large wall mirror behind it, is this smaller unit easy to push aside so we can both use the main sink area at the same time?",Does the mirror swivel easily so we can adjust the angle for different heights without constantly moving the base?,Is the mirror base heavy and stable enough that it won't tip over if children accidentally bump the counter?,Can this portable mirror be moved to a desk in the main room so one person can get ready there while others use the bathroom?,Does the light on the mirror stay cool to the touch so it's safe if little hands grab it?
image_217_jpg.rf.bc6f05d7d215c939eeef29df2a2b8434.jpg,mirror,0.1212491691112518,357.23321533203125,245.62716674804688,393.9923095703125,292.937255859375,Is the magnification on this mirror strong enough for detailed tasks like applying contact lenses or precise shaving?,Does the extendable arm reach far enough so I can use it comfortably without leaning over the sink?,Is there good natural or artificial lighting directed at this specific spot for getting ready in the morning?,Is this mirror positioned away from the main vanity so we can both get ready at the same time?,Can the angle be easily adjusted to accommodate two people of significantly different heights?,"Does the arm hold its position firmly, or does it drift after being adjusted?",Does the mirror fold completely flat against the wall to create more space when multiple people are moving around the bathroom?,Is the wall mount sturdy and durable enough to handle frequent adjustments by different family members?,Is the mirror mounted high enough to be safely out of reach of curious toddlers?
image_217_jpg.rf.bc6f05d7d215c939eeef29df2a2b8434.jpg,mirror,0.1062170192599296,355.0798034667969,247.4110565185547,399.3670043945313,316.7262878417969,"Is this a magnifying mirror, and if so, what is the magnification level for detailed grooming?",How far does the extendable arm reach so I can use it comfortably without leaning over the vanity?,Is that switch below the mirror specifically to turn on a built-in light for better visibility?,Can the mirror fold flat against the wall so it doesn't block the space when two of us are in the bathroom?,Is the vertical tilt adjustable enough to accommodate partners of significantly different heights?,Does the mirror flip around to offer both a standard reflection and a magnified view for different needs?,Is the wall mount sturdy enough to handle frequent adjustments by multiple family members throughout the day?,"Is this positioned in a way that creates a second ""getting ready"" station so someone can use the main sink while another uses this mirror?",Is the mirror mounted high enough to be out of reach of small children to prevent accidents?
image_217_jpg.rf.bc6f05d7d215c939eeef29df2a2b8434.jpg,mirror,0.1010890826582908,204.34310913085935,193.06939697265625,306.0639953613281,363.9534912109375,"Is the integrated lighting around the mirror bright enough for detailed makeup application or shaving, or is it too dim?","Does the small magnifying mirror on the right side extend far enough for easy use, or is it fixed against the wall?",Are the power outlets visible next to the mirror compatible with standard hair styling tools?,Is the main mirror wide enough for two people to stand side-by-side and get ready for dinner simultaneously?,"Does the soft backlighting create a nice ambiance in the room, or is it purely functional?","Given the reflection of the glass doors, does the mirror positioning compromise privacy if one person is showering while the other uses the sink?",Is the mirror expansive enough to handle the morning rush with multiple people trying to brush their teeth at once?,Is the ledge at the bottom of the mirror deep enough to hold toiletries for a whole family?,"Is the mirror mounted low enough for children to see themselves, or would they need a step stool?"
image_206_jpg.rf.54909b0ff791f44a27be7ef0c041a82f.jpg,mirror,0.1104142293334007,379.4192504882813,38.60985565185547,587.3138427734375,273.7691955566406,"Is the LED backlighting bright enough for detailed grooming like shaving or makeup application, or is it mostly just for ambiance?",Does this mirror have a built-in anti-fog feature so I can use it immediately after taking a hot shower?,Is there a dimmer switch for those edge lights so I can keep the bathroom relaxing while I unwind in the evening?,Is the mirror wide enough for both of us to stand side-by-side and get ready for dinner without bumping elbows?,Does the soft glow from the border act as a good nightlight so one of us can use the bathroom without turning on the harsh overheads and waking the other?,"Since the mirror is so large, does it sit above a double sink vanity, or are we fighting over a?",Is the bottom edge of the mirror low enough for children to see themselves while brushing their teeth?,Is the light cast by the mirror strong enough to illuminate the whole bathroom when multiple family members are trying to get dressed at once?,"Does the glass surface resist smudges and fingerprints easily, considering how many people will be touching it during our stay?"
image_206_jpg.rf.54909b0ff791f44a27be7ef0c041a82f.jpg,mirror,0.5937864184379578,371.7923278808594,13.310461044311523,615.0560302734375,321.1378479003906,Is the LED backlighting bright and even enough for detailed grooming tasks like shaving or applying makeup?,"Does the mirror offer a clear, high-quality reflection without distortion for checking my appearance before heading out?",Is the light positioned well enough to illuminate my face clearly without casting harsh shadows?,Is the mirror wide enough for two people to stand side-by-side and get ready for an evening out?,"Can the bright backlighting be dimmed to create a softer, more romantic atmosphere in the bathroom?","Since there is only one faucet visible, is there enough space in front of the mirror for both of us to use it without bumping elbows?","Is the mirror mounted low enough for children to see their reflection, or will we need a step stool?",Is the integrated lighting powerful enough to illuminate the entire bathroom for a family sharing the space?,"Is the mirror wide enough to accommodate multiple people brushing their teeth at the same time, despite the?"
image_206_jpg.rf.54909b0ff791f44a27be7ef0c041a82f.jpg,mirror,0.2324205040931701,377.36724853515625,33.14228820800781,604.1390991210938,297.8021545410156,Is the LED backlighting bright enough for detailed tasks like shaving or applying makeup without casting shadows?,Does the mirror have an anti-fog feature so I can use it immediately after a hot shower?,Is the reflection crisp and distortion-free to ensure I look my best before heading out?,Is the mirror wide enough for both of us to stand side-by-side and get ready for dinner at the same time?,"Does the backlighting provide a soft, ambient glow to set a relaxing mood, or is it strictly bright white light?","Since the mirror spans the vanity, does it help reflect light to make the bathroom feel more spacious for two people sharing the room?","Is the mirror mounted at a height where children can easily see themselves, or will they need a step stool?",Is the perimeter lighting soft enough to leave on as a nightlight for family members navigating the bathroom in the dark?,Is the mirror large enough to allow multiple people to do a final check before the whole group heads out for the day?
image_206_jpg.rf.54909b0ff791f44a27be7ef0c041a82f.jpg,mirror,0.230171263217926,389.910400390625,164.33392333984375,544.6024780273438,294.11199951171875,Is the integrated LED backlighting bright enough for precise tasks like shaving or applying makeup without needing extra overhead lights?,Does this modern mirror have a built-in anti-fog feature so I can use it immediately after a hot shower?,"Does the mirror provide a clear, distortion-free reflection for checking my appearance before heading out?",Is the mirror wide enough for two people to stand side-by-side and brush their teeth comfortably?,"Does the ambient glow from the backlight create a nice mood, or is it too harsh for a relaxing evening?","Since the mirror is landscape-oriented, does it span across a double vanity or just a?",Is the mirror mounted low enough on the wall for children to see themselves while washing up?,Does the backlit lighting serve as a sufficient nightlight for family members navigating the bathroom in the dark?,Is the frameless glass design sturdy and safely mounted to withstand high traffic from a whole family?
image_201_jpg.rf.d1ce8605caec8393d3e08a43f17970c6.jpg,mirror,0.1653980612754821,320.23370361328125,26.984214782714844,639.654052734375,367.4593811035156,Is the lighting directly above the main mirror bright and even enough for detailed shaving or makeup application?,"Does the small, circular magnifying mirror attached to the side wall have its own built-in light for precision grooming?",Is the glass quality clear and streak-free to ensure I can get ready quickly without distortions?,Is the mirror wide enough for two people to stand side-by-side and get ready for dinner without bumping elbows?,"Since there appears to be only one sink, does the mirror span far enough across the counter so one of us can fix our hair while the other washes up?",Does the large reflective surface help brighten the whole room so we aren't fighting for the well-lit spot?,Does the mirror extend across the entire length of the vanity so multiple family members can check their appearance at the same time?,Is the bottom edge of the mirror close enough to the marble backsplash so that younger children can see themselves?,Does the wide angle of the mirror allow me to easily see the shower and doorway behind me to keep an eye on everything while I get ready?
image_201_jpg.rf.d1ce8605caec8393d3e08a43f17970c6.jpg,mirror,0.5417966246604919,309.3206787109375,231.7347412109375,338.3799743652344,273.10968017578125,Is the ring light on this mirror bright enough for detailed makeup application or shaving early in the morning?,Does the arm extend far enough from the wall so I don't have to lean awkwardly over the sink to use it?,Is the magnification level on this mirror high enough for precision tasks like putting in contact lenses?,Is this extra mirror positioned in a way that allows one of us to use it while the other uses the main sink mirror?,Does the mirror fold back flat against the wall so it doesn't cramp the space when we are both in the bathroom?,"Is the LED lighting dimmable to create a softer light, or is it strictly a bright functional light?",Is the mounting arm sturdy enough to handle constant adjusting by multiple family members throughout the day?,Does the mirror pivot easily to accommodate family members of different heights?,"Does the glass or metal rim get hot when the light is left on, which might be a concern for children?"
image_201_jpg.rf.d1ce8605caec8393d3e08a43f17970c6.jpg,mirror,0.143913596868515,209.42037963867188,235.9794464111328,233.82943725585935,280.45611572265625,"Is this mirror large enough to check my full outfit, or is it too small for a proper view?",Does the segmented design of the glass distort the reflection when I'm trying to shave or apply makeup?,Is the lighting around this unique mirror bright enough for me to use it for detailed grooming?,Is this mirror wide enough for two people to do a quick appearance check before heading out to dinner?,"Does the vintage style of the mirror add a nice, romantic touch to the room's atmosphere?",Is the mirror mounted at a convenient height that works for both of us?,"Is this the only mirror in the main room, or will our family be stuck waiting for the bathroom mirror?",Is the mirror securely mounted to the wall so we don't have to worry about kids bumping into it?,"Is the reflection clear enough for practical use, or is this piece mostly just for decoration?"
image_201_jpg.rf.d1ce8605caec8393d3e08a43f17970c6.jpg,mirror,0.1702341139316558,340.7145690917969,168.12362670898438,455.93359375,333.5697937011719,Is that lighted magnifying mirror on the left adjustable so I can easily use it for shaving or makeup?,"Does the recessed lighting above the mirror provide bright, even illumination for getting ready, or does it cast shadows?",Is the main mirror tall enough to let me check my upper-body outfit before I head out for the day?,Is the mirror wide enough for both of us to stand side-by-side and get ready for dinner without bumping elbows?,"Since there is only one magnifying mirror, is the main glass clear and large enough for the other person to use simultaneously?","Do the overhead lights create a nice ambiance, or are they too harsh for a relaxing evening routine?",Is there enough space in front of this wide mirror for three people to brush their teeth at the same time?,Is the bottom of the mirror frame low enough for children to see their reflection without being lifted up?,"With such a large glass surface, does it have an anti-fog feature so we can still use it after back-to-back family showers?"
image_201_jpg.rf.d1ce8605caec8393d3e08a43f17970c6.jpg,mirror,0.5254077315330505,329.03082275390625,31.73574447631836,641.8563842773438,367.1969604492188,"Does the small, circular magnifying mirror on the left have its own built-in light for detailed grooming or shaving?",Is the overhead lighting above the main mirror bright enough to see clearly without casting shadows on my face?,"Since the mirror spans the whole wall, can I easily see my torso and outfit, or is it positioned too high above the backsplash?","Is the mirror wide enough for both of us to stand side-by-side and get ready simultaneously, despite there being only one sink?",Can one person use the magnifying mirror on the far left without blocking the other person using the main basin?,Does the wide ledge below the mirror provide enough space for two separate toiletry bags?,Is the mirror mounted low enough on the wall for children to see themselves without needing to be lifted up?,"Since there is only one sink, is the vanity area in front of the mirror spacious enough for multiple people to brush their teeth at once?","Does the large mirror reflect the shower area directly, and does that affect privacy if family members are using the bathroom at the same time?"
image_125_jpg.rf.eb81a74b2db33c40f967b5b764871f42.jpg,mirror,0.2695820927619934,373.49517822265625,5.710697174072266,601.7963256835938,358.77752685546875,Is the lighting from those round side sconces bright and even enough for doing detailed makeup or shaving?,Is there enough counter space directly in front of the mirror to lay out my toiletries while I get ready?,Is the mirror positioned at a comfortable height so I can see my full reflection without having to lean over the sink?,Is the round mirror wide enough for two people to stand side-by-side and brush their teeth at the same time?,Does the stylish gold frame and modern tile design feel high-end enough for a special romantic getaway?,since the mirror is over a?,"Is the mirror mounted low enough for children to see themselves, or would we need to request a step stool?","Does the reflection of the bedroom in the mirror suggest the bathroom is open-concept, which might limit privacy for a family?",Is the large glass surface and frame sturdy and securely mounted for a high-traffic family bathroom?
image_240_jpg.rf.a1085f984d5fa4640dcb6e0a76b55a36.jpg,mirror,0.1348728984594345,128.43177795410156,2.4390602111816406,354.0204162597656,374.9647521972656,Does the small circular mirror have a bright enough ring light for detailed grooming like shaving or applying makeup?,"Is the main oval mirror tall enough to provide a view of my outfit, or does it only show my face?",Can the arm on the smaller magnifying mirror be adjusted to different angles for easier use?,Is the main mirror wide enough for two people to quickly check their reflection before heading out to dinner?,Can the smaller lighted mirror be extended to the side so one person can use it while the other uses the sink?,"Does the wood finish on the mirror frame match a higher-end aesthetic, or does it feel like a basic budget fixture?",Is the bottom of the oval mirror positioned low enough for children to see themselves while brushing their teeth?,Is the mounting of the magnifying mirror sturdy enough to handle frequent adjustments by different family members?,"With the mirror positioned so close to the shower, does the glass fog up immediately if someone is showering while others get ready?"
image_240_jpg.rf.a1085f984d5fa4640dcb6e0a76b55a36.jpg,mirror,0.2394282966852188,205.88922119140625,41.74446868896485,293.51434326171875,352.0068664550781,"Since there are no vanity lights attached to the frame, is the overhead lighting bright enough for detailed grooming like shaving or makeup?","Is this oval mirror positioned at a comfortable height, or will I need to crouch down to see my full reflection?","Does the glass provide a crisp, distortion-free reflection for checking my appearance before heading out to meetings?",Is this mirror wide enough for two people to stand side-by-side and brush their teeth at the same time?,Does the vertical oval shape allow partners of different heights to both use the mirror comfortably?,Is the mirror large enough to give us a good view of our outfits before we go out for dinner?,Does the bottom of the mirror start low enough for children to see themselves while washing their hands?,Is the wood frame securely mounted to the wall so it's safe if kids accidentally bump into it?,Is the mirror large enough to help speed up the morning routine when the whole family is trying to get ready at once?
image_240_jpg.rf.a1085f984d5fa4640dcb6e0a76b55a36.jpg,mirror,0.3021317720413208,127.04302978515624,1.5064048767089844,301.1963195800781,369.42193603515625,Does the smaller round mirror have adjustable built-in lighting bright enough for detailed makeup application or shaving?,Is the large oval mirror positioned at a good height to serve as a partial full-length mirror for checking my outfit?,Is the vanity lighting around the wooden frame sufficient for getting ready early in the morning without shadows?,Is the oval mirror wide enough for two people to brush their teeth or check their appearance side-by-side?,Is there enough elbow room between the main mirror and the lighted magnifying mirror for us to get ready simultaneously?,Can the angle of the smaller cosmetic mirror be adjusted so we can both use it comfortably despite our height difference?,Is the large heavy-looking mirror securely mounted to the wall to ensure safety with active children in the bathroom?,"Since the mirror is quite large, is there still enough shelf space around the sink for multiple toiletry bags?",Is the lower lighted mirror positioned high enough to be out of reach for toddlers who might play with it?
image_193_jpg.rf.f5d1cfc602914f2b2c852ce7096b00a5.jpg,mirror,0.1320797502994537,3.0760955810546875,-4.142818450927734,225.5591735839844,203.3798828125,"Does the overhead lighting placement create shadows on your face, or is it bright enough for detailed grooming like shaving or applying makeup?","Is that small, round magnifying mirror attached to the wall adjustable so I can position it exactly where I need it?","Is the large mirror tall enough to serve as a full-length mirror for checking my outfit, or is it only waist-up?",Is the main mirror wide enough for two people to stand side-by-side and get ready for a night out simultaneously?,Can the smaller cosmetic mirror be extended far enough so one person can use it while the other uses the main mirror space?,"Does the bright white lighting make the bathroom feel spacious for two, or does it feel a bit clinical and harsh?","Since the mirror seems vertically oriented, will it be difficult for multiple family members to brush their teeth at the same time during the morning rush?",Is the small magnifying mirror mounted high enough on the wall to be safely out of reach of curious toddlers?,"Is the lighting sufficient to illuminate the whole room for a family, or is it mostly focused just as a spotlight over the sink area?"
image_193_jpg.rf.f5d1cfc602914f2b2c852ce7096b00a5.jpg,mirror,0.2311518490314483,268.8975830078125,177.69967651367188,295.8221740722656,217.31390380859372,"Is this oval mirror full-length so I can check my whole outfit, or is it just for the face and torso?",Is there a shelf or ledge immediately below the mirror to set down my toiletries while I get ready?,Does this mirror offer good lighting for detailed grooming like shaving or applying makeup?,Is this mirror wide enough for two people to stand side-by-side and brush their teeth together?,Is the mirror mounted at a height that works comfortably for partners who have a significant height difference?,Does the mirror have an anti-fog feature so one of us can use it immediately after the other takes a hot shower?,"Is this the only mirror in the space, or are there additional mirrors to help a whole family get ready faster?",Is the mirror securely mounted flat against the wall so it is safe around active children?,Is the mirror positioned low enough for younger kids to see themselves without needing to be lifted up?
image_193_jpg.rf.f5d1cfc602914f2b2c852ce7096b00a5.jpg,mirror,0.125665545463562,182.6463928222656,108.4007339477539,239.4552764892578,333.32733154296875,Is that smaller magnifying mirror attached to the wall adjustable for detailed grooming like shaving or applying makeup?,"Does the main mirror extend high enough to give a clear view of my upper body and outfit, or is it just for the face?",Is the ledge underneath the mirror deep enough to hold my own toiletry bag alongside those mounted amenity bottles?,Is the mirror wide enough for two people to stand side-by-side and brush their teeth at the same time?,Does the wall-mounted tissue box crowd the standing area if we are both trying to use the mirror to get ready?,Is the lighting above the mirror bright enough for both of us to see clearly without casting shadows on each other?,Does the bottom edge of the mirror start low enough for children to see themselves while washing their hands?,"Are the soap bottles on the shelf fixed in place, or can we move them to make space for multiple toothbrushes and family toiletries?",Is the mirror securely mounted flush to the wall to ensure safety with active kids using the bathroom?
image_193_jpg.rf.f5d1cfc602914f2b2c852ce7096b00a5.jpg,mirror,0.1632599532604217,0.0516700744628906,109.6781005859375,88.17245483398438,372.47650146484375,Is the lighting reflected in the mirror bright enough for detailed grooming like shaving or applying makeup?,"Is the ledge immediately in front of the mirror wide enough to hold my toiletry bag, or just the provided glasses?",Does the mirror extend high enough to provide a decent view of my upper body and outfit?,Is the mirror wide enough for two people to stand side-by-side and brush their teeth at the same time?,"Since there are two glasses set out, is there actually enough counter space for both of our personal items?",Does the mirror stay clear after a hot shower so we can both get ready quickly without waiting for it to defog?,Is the bottom of the mirror low enough for children to see themselves while washing their hands?,Is the tiled surface beneath the mirror easy to wipe down if kids make a mess with toothpaste or water?,Is the mirror large enough to accommodate the morning rush when multiple family members are trying to use the bathroom?
image_193_jpg.rf.f5d1cfc602914f2b2c852ce7096b00a5.jpg,mirror,0.4505812525749206,2.369384765625,82.71941375732422,193.6786193847656,376.6519470214844,"Is that small, round magnifying mirror attached to the side wall adjustable for detailed grooming or shaving?",Does the overhead recessed lighting reflect well enough in the main mirror to apply makeup without creating shadows?,Is the mirror tall enough to give me a decent view of my outfit from the waist up before I head out?,Is the mirror wide enough for both of us to stand side-by-side and get ready for dinner at the same time?,"Since there is only one faucet, does the counter space in front of the mirror allow enough room for two toiletry bags?",Does the mirror area feel spacious enough so we aren't bumping elbows while brushing our teeth together?,Is the bottom of the mirror mounted low enough for children to see themselves while washing their hands?,Does the wide design of the mirror help speed up the morning rush by allowing one person to do hair while another uses the sink?,Is the lighting bright enough across the whole vanity area to keep track of everyone’s toothbrushes and items on that ledge?
image_193_jpg.rf.f5d1cfc602914f2b2c852ce7096b00a5.jpg,mirror,0.1639317721128463,0.9165668487548828,29.908370971679688,250.633056640625,441.1262512207031,"Is that small, round mirror on the right magnified for precise grooming tasks like shaving or applying makeup?","Does the overhead lighting provide a clear, bright reflection for getting ready, or does it cast shadows on the face?","Since the mirror stops at the sink, does it offer enough vertical coverage to check my upper-body outfit before heading out?","Is the mirror wide enough for both of us to stand side-by-side and check our hair, even with only one sink?",Can the adjustable side mirror be extended so one person can use it while the other uses the main mirror?,Does the large mirror surface help the bathroom feel less cramped when two people are trying to get ready for dinner at the same time?,Does the mirror start low enough at the backsplash for children to see themselves while brushing their teeth?,"With such a large glass surface, is it easy to keep clean from splashes if multiple family members are using the sink area?",Is the magnifying mirror mounted high enough to be out of reach of small children who might pull on it?
image_193_jpg.rf.f5d1cfc602914f2b2c852ce7096b00a5.jpg,mirror,0.10754956305027,-2.336616516113281,77.70753479003906,196.68089294433597,567.799560546875,Is the overhead lighting reflected in the mirror bright and even enough for detailed grooming tasks like applying makeup or shaving?,Does the small magnifying mirror mounted on the side wall extend or pivot so I can use it comfortably without leaning over the sink?,"Is the main mirror tall enough to give me a decent view of my outfit, or is it strictly positioned for face-level use?","Is the mirror wide enough for both of us to do a quick appearance check side-by-side, or is it strictly a one-person-at-a-time situation?",Is the mirror positioned at a height that works comfortably for partners with significant height differences?,Does the bathroom have good ventilation or an anti-fog feature so the mirror doesn't stay steamed up while one of us is showering?,Does the mirror extend low enough towards the backsplash for children to see themselves while washing their hands?,"Given the narrow shape of the mirror, will it be a bottleneck during the morning rush if multiple people need to get ready?","Is the mirror durable and securely mounted, considering it's right next to the towel rack where kids might be grabbing things?"
image_77_jpg.rf.33cd00a56e7b79a404be50e516bc7349.jpg,mirror,0.4450999498367309,429.20843505859375,128.77413940429688,492.7992248535156,348.1871032714844,Does the attached magnifying mirror extend and tilt enough for precise shaving or makeup application?,"Do those vertical light strips provide bright, even illumination for getting ready, or are they mostly decorative?",Does the angled corner design allow me to easily check my hair or outfit from side and back angles?,Is the mirror setup wide enough for two people to stand side-by-side and get ready for dinner simultaneously?,"Is that glass shelf sturdy and large enough to hold toiletries for two people, or is it already full with the hotel's glasses?",Is the electrical outlet positioned well enough that I can use a hair straightener while my partner uses the sink without cords getting in the way?,Does the bottom edge of the mirror sit low enough for children to see themselves while brushing their teeth?,Is the magnifying mirror firmly attached and foldable so it doesn't get damaged by active kids using the bathroom?,"With the corner design, is there enough ventilation to keep such a large glass surface from staying fogged up after multiple showers?"
image_77_jpg.rf.33cd00a56e7b79a404be50e516bc7349.jpg,mirror,0.2514825761318207,392.6258850097656,75.57035827636719,627.6721801757812,401.8215942382813,"Is that small, extendable round mirror magnifying, and is it positioned well for detailed grooming like makeup or shaving?","Do the vertical light strips integrated into the mirror provide bright, shadow-free illumination for my morning routine?",Does the angled side section of the mirror allow me to see the side or back of my head when styling my hair?,Does the main mirror span the entire width of the double vanity so we can both get ready for dinner simultaneously without fighting for space?,"Is the lighting bright enough for two people to use the mirror at once, or is it dimmer for a more romantic atmosphere?",Does the large surface area of the mirror tend to steam up completely if one of us takes a hot shower while the other is at the sink?,Is the mirror wide enough to accommodate the morning rush where multiple family members might be brushing teeth at the same time?,Is the mirror installed low enough near the sink basin for children to easily see themselves while washing their hands?,Does the wide reflection angle help me keep an eye on the rest of the bathroom space if I'm helping kids get ready?
image_77_jpg.rf.33cd00a56e7b79a404be50e516bc7349.jpg,mirror,0.1186669692397117,605.8558349609375,171.1309814453125,639.2547607421875,369.8733215332031,Is the lighting above this mirror bright and even enough for detailed grooming like shaving or applying makeup?,Does the ledge area directly in front of the mirror offer enough space to set down a toiletry bag?,Is the mirror tall enough to provide a decent upper-body reflection for checking my appearance before heading out?,Is this mirror wide enough for two people to stand side-by-side to brush teeth or get ready for dinner?,Does the bathroom layout allow enough elbow room for a?,Can both partners see clearly without crowding?,Is the mirror mounted low enough for children to see themselves while washing their hands or brushing their teeth?,Does the bathroom have enough ventilation to clear steam from the mirror quickly when multiple people need to shower in a row?,Is the mirror large enough to allow a parent to help a child get ready while still seeing their own reflection?
image_77_jpg.rf.33cd00a56e7b79a404be50e516bc7349.jpg,mirror,0.4881488084793091,411.8104248046875,206.21339416503903,446.8642883300781,252.1671905517578,Does the extendable arm reach far enough over the counter so I don't have to lean in uncomfortably while shaving or applying makeup?,Is the magnification level strong enough for precise grooming tasks like putting in contact lenses?,"Does this mirror feature a built-in light for detailed work, or will I need to rely on the ambient bathroom lighting shown in the reflection?",Is this secondary mirror positioned far enough from the main sink so my partner and I can both get ready at the same time without bumping elbows?,Does the mirror tilt and swivel easily to accommodate the height difference between my partner and me?,"Is the mirror surface large enough to see my whole face, or is it strictly for close-up detailing while we share the bathroom?",Can this mirror fold completely flat against the wall to maximize space when the bathroom is crowded with our luggage and toiletries?,Is the wall mount sturdy enough to handle frequent adjustments and pulling if everyone in the family uses it throughout the stay?,Is the mirror mounted at a safe height where small children won't accidentally bump their heads or pull on the arm?
image_77_jpg.rf.33cd00a56e7b79a404be50e516bc7349.jpg,mirror,0.228360116481781,500.8840942382813,169.46311950683594,626.31298828125,378.1207580566406,Is the vertical lighting next to the mirror bright enough for detailed makeup application or shaving?,"Does that small magnifying mirror attached to the wall have an integrated light, or does it rely on the room lighting?","Is the main mirror tall enough to check my full outfit before leaving the room, or is it only waist-up?",Is the mirror wide enough for both of us to stand at the sink and get ready for dinner at the same time?,Does the mirror fog up quickly when one person is showering while the other is trying to use it?,Is there enough counter space in front of the mirror for two separate toiletry bags without it feeling cluttered?,Is the mirror mounted low enough for children to see themselves while brushing their teeth?,Is the mirror area large enough for multiple people to fix their hair simultaneously before an event?,Is that extending magnifying arm mounted high enough to be out of reach of toddlers who might pull on it?
image_77_jpg.rf.33cd00a56e7b79a404be50e516bc7349.jpg,mirror,0.1355718523263931,168.37326049804688,141.01846313476562,365.5914916992188,445.8981323242188,Is that wall-mounted magnifying mirror double-sided with a high-zoom option for detailed shaving or makeup application?,Does the arm on the circular mirror extend far enough to be used comfortably without leaning over the vanity counter?,Is the overhead lighting above the tub bright enough to make that small mirror actually useful for grooming?,Is the magnifying mirror positioned far enough from the main sink that we can both get ready at the same time?,Does the mirror's arm have enough vertical adjustability to accommodate significant height differences between my partner and me?,"Is that mirror fog-resistant, or will it become unusable if my partner is taking a hot shower right next to it?",Does the magnifying mirror fold completely flat against the wall so it doesn't get bumped while we are bathing the kids?,Is the mirror mounted high enough to be safely out of reach of toddlers playing in the bathtub?,"Is the mounting arm sturdy and secure, or does the mirror feel fragile if a child were to accidentally grab it?"
image_77_jpg.rf.33cd00a56e7b79a404be50e516bc7349.jpg,mirror,0.1672218590974807,430.6467895507813,138.39051818847656,494.6206970214844,349.779052734375,Is the vertical lighting integrated into the mirror bright enough for detailed grooming tasks like applying makeup or shaving?,Does the circular magnifying mirror on the left extend out far enough to be used comfortably without having to lean over the sink?,Are the power outlets visible on the wall positioned conveniently for plugging in a hair dryer or straightener while facing the mirror?,"Since the mirror is set in a corner, is the vanity area wide enough for two people to stand and get ready for dinner at the same time?",Does the angled design of the corner mirrors provide a good view for checking outfits from different angles before heading out?,Is there enough surface area on the counter and that glass corner shelf to hold two separate toiletry bags without it feeling cluttered?,"I see a stack of glasses on that open glass shelf; is the shelf mounted high enough to be out of reach of small, curious toddlers?",Is the magnifying mirror on the arm adjustable enough that family members of different heights can all use it easily?,"With the decorative plant and glassware taking up space, is there enough room left on the vanity for a whole family's toothbrushes and necessities?"
image_77_jpg.rf.33cd00a56e7b79a404be50e516bc7349.jpg,mirror,0.1641049981117248,502.9531555175781,171.35638427734375,620.1311645507812,359.6348571777344,Is that circular magnifying mirror on the adjustable arm distinct enough for precise grooming tasks like shaving or applying eyeliner?,"Does the vertical light strip next to the mirror provide bright enough illumination on its own, or is the bathroom generally dim?",Can the extendable arm on the small mirror be pulled out far enough to use comfortably without leaning over the sink?,Is the main mirror wide enough for two people to stand side-by-side and get ready for dinner without bumping elbows?,"If one of us is using the pull-out magnifying mirror, does it obstruct the view for the other person trying to use the main glass?","Does the reflection show enough counter space in front of the mirror for both of our toiletry bags, or is it cramped?",Is the bottom of the main mirror low enough for children to see themselves while brushing their teeth?,Does the large mirror span the entire length of the vanity so multiple family members can do a final check before heading out?,Is the adjustable mirror arm mounted high enough to be out of reach of toddlers who might pull on it?
image_77_jpg.rf.33cd00a56e7b79a404be50e516bc7349.jpg,mirror,0.1171214580535888,546.2073364257812,343.3221435546875,585.143310546875,402.7554931640625,Is the lighting around the mirror bright enough for detailed grooming tasks like shaving or applying makeup?,"Does the mirror provide a clear, distortion-free reflection for checking my appearance before heading out?","Is there a magnifying mirror attachment available, or just the main wall mirror shown behind the amenities?",Is the mirror wide enough for two people to stand side-by-side and get ready for dinner simultaneously?,"With the amenities displayed on the counter, is there still enough space in front of the mirror for two toiletry bags?","Does the mirror tend to fog up quickly when one person is showering, or is the ventilation good?",Is the mirror large enough for a parent and child to use it together while brushing teeth?,Is the mirror mounted at a height that allows younger children to see themselves easily?,Does the vanity layout allow enough room for multiple people to stand in front of the mirror without feeling crowded?
image_186_jpg.rf.63fae8f5db1d231c25616bd19a2e829e.jpg,mirror,0.1291699409484863,3.62858772277832,39.33099365234375,274.9769592285156,182.50343322753903,Is the overhead light reflected in the glass bright enough for detailed grooming tasks like applying makeup or shaving?,Does the vent visible in the reflection effectively clear steam so the mirror is usable immediately after a hot shower?,Is the mirror positioned at a comfortable height for a?,Is this mirror wide enough for two people to stand side-by-side and brush their teeth simultaneously?,Does the reflection of the heated towel rail indicate the mirror area stays warm and cozy while we both get ready?,"Since there seems to be only one main light reflected, does it provide even illumination for two people, or will one of us be in the shadows?","Is the mirror mounted low enough on the wall for children to see themselves, or is it strictly adult-height?",Does the wide reflection allow a parent to easily keep an eye on the shower area while using the sink?,Reflected in the glass is a large towel rack; is the mirror area spacious enough to handle the traffic of multiple people grabbing towels and getting ready?
image_186_jpg.rf.63fae8f5db1d231c25616bd19a2e829e.jpg,mirror,0.1588323563337326,-2.133150100708008,48.87653350830078,226.7115020751953,238.38796997070312,Is the overhead light reflected in the mirror bright enough for detailed grooming like shaving or applying makeup?,"Does the mirror stay clear after a shower, given the ventilation grate visible in the reflection?","Is the mirror tall enough to check my appearance, or does it cut off since it's mounted so close to the ceiling?",Is the mirror wide enough for both of us to stand side-by-side and brush our teeth at the same time?,"Does the reflection show a cramped layout, or is there enough space behind us to move around without bumping into the towel rack?",Can both partners see clearly without crowding?,"Is the mirror mounted too high for children to see themselves, considering it touches the ceiling tiles?",Does the large mirror help the bathroom feel less claustrophobic for a family sharing the space?,Is the mirror wide enough to handle the morning rush when multiple people need to use the sink?
image_186_jpg.rf.63fae8f5db1d231c25616bd19a2e829e.jpg,mirror,0.2860103547573089,2.590179443359375,39.67682647705078,265.7032775878906,354.3360595703125,Is the overhead lighting reflected in the mirror bright enough for detailed grooming tasks like shaving or applying makeup?,"Does the mirror provide a clear, distortion-free reflection from the waist up for checking my outfit before meetings or sightseeing?",Is the counter space directly in front of the mirror large enough to hold my full toiletry bag while I get ready?,"Since there is only one sink, is the mirror wide enough for both of us to stand side-by-side and fix our hair at the same time?",Does the bathroom ventilation keep the mirror from fogging up completely if one person is showering while the other is getting ready?,Is the lighting above the mirror strong enough to illuminate both sides of the vanity area equally?,Does the mirror extend low enough towards the backsplash so that younger children can see themselves while washing their hands?,"Is the mirror wide enough to accommodate the ""morning rush"" where multiple family members might need to check their appearance simultaneously?",Does the mirror's angle allow me to keep an eye on children in the bathtub (visible in the reflection) while I am standing at the sink?
image_186_jpg.rf.63fae8f5db1d231c25616bd19a2e829e.jpg,mirror,0.1347308903932571,464.9439086914063,78.16421508789062,632.919921875,258.8501281738281,Does this heated rack get warm enough to quickly dry my swimsuit or rain jacket overnight?,Is the separate shelf on the left reachable from the shower so I can easily grab a fresh towel?,"Since I'm traveling alone, is the rack easy to turn off so I don't overheat the bathroom unnecessarily?",Is the rail wide enough for us to hang two large bath towels side-by-side without them overlapping and staying damp?,Does this radiator give off enough ambient heat to keep the bathroom cozy for a romantic evening bath?,"With the extra stack of towels on the side shelf, are enough linens provided for two people to have fresh ones daily?","With all those horizontal bars, is there enough capacity to dry wet swimsuits for a whole family of four at the same time?","Does the chrome surface get dangerously hot, or is it safe for young children who might grab the lower rungs?",Is that side shelf high enough to keep the clean towel stack dry when multiple people are splashing in the shower?
image_186_jpg.rf.63fae8f5db1d231c25616bd19a2e829e.jpg,mirror,0.3252210617065429,-2.4935340881347656,114.12395477294922,337.8125,353.70947265625,Is the overhead lighting reflected in the mirror bright enough for detailed grooming like shaving or applying makeup?,"Does the mirror stay clear of fog after a hot shower, or does the ventilation struggle to keep it usable?",Is the mirror positioned comfortably for someone of average height to use while leaning over the sink?,"Since there is only one sink, is the mirror wide enough for both of us to get ready side-by-side without crowding each other?","Does the mirror reflect the shower area, potentially affecting privacy if one person is at the sink while the other showers?",Is the counter space in front of the mirror large enough to hold two distinct sets of toiletries without getting cluttered?,Does the mirror span the full length of that long counter so multiple family members can brush their teeth at the same time?,Does the angle of the mirror allow parents at the sink to easily keep an eye on children using the bathtub reflected behind them?,Is the bottom of the mirror sealed well against the backsplash to handle water splashes from kids washing their hands?
image_186_jpg.rf.63fae8f5db1d231c25616bd19a2e829e.jpg,mirror,0.218372493982315,152.32357788085938,105.31134033203124,341.0519714355469,338.93426513671875,Is the overhead lighting reflected in the mirror bright enough for detailed grooming tasks like shaving or applying makeup?,Does the mirror tend to fog up quickly given how close the shower stall appears to be in the reflection?,"Is the mirror positioned comfortably for a solo traveler to use while leaning over the sink, or is it set too far back?",Is the mirror wide enough for two people to stand side-by-side and get ready for dinner without bumping elbows?,"Since there is only one sink, does the long mirror allow one person to fix their hair on the side while the other brushes their teeth?","Does the mirror reflect enough of the room to help us check our full outfits, or is it strictly waist-up?",does the mirror extend low enough towards the counter so that children can see themselves while brushing their teeth?,Is the mirror wide enough to accommodate the morning rush of multiple family members trying to use it at the same time?,Does the wide reflection help parents keep an eye on kids near the shower or towel rack while using the sink?
image_186_jpg.rf.63fae8f5db1d231c25616bd19a2e829e.jpg,mirror,0.2079017907381057,0.4461860656738281,-1.0661125183105469,375.96771240234375,454.6691284179688,Is the overhead lighting positioned well enough against the mirror to provide shadow-free visibility for shaving or applying makeup?,"Given how deep the granite counter is, do I have to lean uncomfortably far forward to get a close-up view in the mirror?","Does the mirror tend to fog up completely when using the shower visible in the reflection, or is the ventilation sufficient?","Since the mirror spans the entire wall, is it wide enough for two people to stand side-by-side and get ready simultaneously despite having only one sink?",Does the large size of the mirror help the bathroom feel spacious enough for two people to move around without feeling cramped?,Is the mirror clean and distortion-free across its entire width so we can both check our outfits before heading out for the evening?,Is the mirror wide enough to accommodate 3 or 4 people trying to do hair and makeup at the same time before a group outing?,Does the glass extend low enough towards the backsplash so that younger children standing at the sink can see themselves to brush their teeth?,"Since the mirror reflects the towel racks and shelves, does it make it easier to keep track of everyone's toiletries spread out across the bathroom?"
image_186_jpg.rf.63fae8f5db1d231c25616bd19a2e829e.jpg,mirror,0.1659347414970398,62.20512390136719,59.64339447021485,340.5013732910156,350.74566650390625,Is the overhead lighting reflected in the mirror bright enough for detailed grooming like shaving or applying makeup without shadows?,"Does the mirror tend to fog up quickly when using the shower visible in the reflection, or is there good ventilation?",Is the mirror surface clean and distortion-free so I can quickly check my appearance before heading out?,"The mirror looks wide, but is there actually enough standing room for two people to get ready side-by-side despite having only one sink?",Does the expansive mirror help the bathroom feel less cramped when two people are trying to use the space at the same time?,Is the granite counter in front of the mirror spacious enough to hold two separate toiletry bags without cluttering the view?,Is the bottom edge of the mirror low enough for children to see themselves while washing their hands?,"Since the mirror spans the whole wall, can multiple family members brush their teeth or fix their hair simultaneously to save time in the morning?",Is the mirror large enough to reflect the whole room so I can easily keep track of where towels and amenities are placed?
image_186_jpg.rf.63fae8f5db1d231c25616bd19a2e829e.jpg,mirror,0.2996835708618164,10.831246376037598,165.63941955566406,147.42941284179688,351.22137451171875,Is the lighting directly above the mirror bright enough for detailed grooming like shaving or applying makeup?,Is the granite counter space in front of the mirror wide enough to lay out my toiletry bag comfortably?,"Does the mirror provide a decent upper-body view, or is it positioned too high or low for an average-height person?",Is the mirror wide enough for both of us to stand side-by-side and brush our teeth at the same time?,I see a vent in the reflection; does it clear the steam quickly so the mirror doesn't stay fogged up while the other person showers?,Reflected in the mirror is a towel warmer—is it large enough to dry two bath towels effectively?,Is the mirror large enough for multiple people to do a quick hair check before we all head out for the day?,"Does the mirror reflection give a clear view of the bathtub, so I can keep an eye on kids in the bath while I'm at the sink?",Is the bathroom layout spacious enough that someone can use the mirror without blocking access to the shower seen in the reflection?
image_186_jpg.rf.63fae8f5db1d231c25616bd19a2e829e.jpg,mirror,0.162624180316925,22.521015167236328,176.13140869140625,144.43707275390625,344.3064880371094,Is the lighting above the mirror bright enough for detailed grooming tasks like shaving or applying makeup?,Does that ventilation grate reflected in the glass actually keep the mirror from fogging up during a hot shower?,"Is the mirror tall enough to provide a decent view of my outfit, or is it strictly for face-level use?",Is the mirror wide enough for both of us to stand side-by-side and get ready for dinner at the same time?,"Since the mirror reflects the glass shower door directly, does the bathroom layout feel too exposed if one person is showering while the other uses the sink?",Is the mirror mounted at a height that works comfortably for two people with a significant height difference?,Does the large reflection of the tub area allow me to keep an eye on children in the bath while I'm washing up at the sink?,Does the wide mirror help open up the space so the bathroom doesn't feel claustrophobic when the whole family is trying to use it?,Is the bottom edge of the mirror positioned high enough above the faucet to avoid constant splash marks from kids washing their hands?
image_186_jpg.rf.63fae8f5db1d231c25616bd19a2e829e.jpg,mirror,0.1728648394346237,4.392337799072266,21.914005279541016,394.39886474609375,463.591552734375,Is the overhead lighting above the mirror bright enough for detailed grooming tasks like shaving or applying makeup without casting shadows?,"Does the mirror extend low enough towards the faucet to provide a good view while washing my face, or is it mounted too high?","Since the mirror reflects the shower area, does it tend to fog up completely after a hot shower, or is there ventilation to keep it clear?","Although there is only one sink, is the mirror wide enough for both of us to stand side-by-side and get ready for dinner simultaneously?",Does the large granite counter in front of the mirror offer enough dry space for two separate toiletry bags?,Is the lighting consistent across the entire width of the mirror so neither of us is left in the dark if we share the vanity space?,"Is the mirror mounted low enough for children to see themselves while brushing their teeth, or will they need a step stool?","With the mirror spanning the full wall, can multiple family members use the counter space at once to speed up the morning routine?",Does the mirror's angle allow parents at the sink to easily keep an eye on children in the bathtub through the reflection?
image_186_jpg.rf.63fae8f5db1d231c25616bd19a2e829e.jpg,mirror,0.1066539958119392,-1.2130165100097656,48.35395812988281,418.8541259765625,621.205810546875,Is the lighting above the mirror bright and even enough for detailed grooming tasks like shaving or applying makeup?,"Does the mirror fog up quickly when the shower is running, or is the ventilation strong enough to keep the glass clear for use?","Since the mirror is wide but the sink is off to one side, is the glass centered well enough for me to see myself easily while washing up?","Even though there is only one sink, is the mirror wide enough for both of us to stand in front of it and get ready simultaneously?",Does the reflection of the heated towel rack in the mirror make the room feel spacious enough for two people to maneuver comfortably?,Is the counter space running along the bottom of the mirror substantial enough to hold two separate toiletry bags without feeling cluttered?,Can the wall-to-wall width of the mirror accommodate three or four family members brushing teeth side-by-side during the morning rush?,Does the mirror's reflection of the bathtub allow a parent at the sink to keep an eye on children taking a bath behind them?,"Is the bottom edge of the mirror low enough for younger children to see themselves, or is it positioned strictly for adult height?"
image_134_jpg.rf.0912fd9c728e11eea3a5907a1ac77f43.jpg,mirror,0.3048194646835327,-1.177988052368164,6.069927215576172,313.4362487792969,379.2619323730469,Does the overhead lighting reflected in the mirror provide enough brightness for detailed grooming like shaving or applying makeup?,Is the mirror tall enough to give me a decent view of my upper body outfit before I head out for the day?,Is the glass clear and distortion-free so I can get ready quickly without struggling to see?,"Since there is only one sink, is the mirror wide enough for both of us to stand side-by-side and get ready for dinner at the same time?","Does the mirror reflect the shower area entirely, and does that impact privacy if one of us is using the sink while the other showers?",Does the ventilation prevent the mirror from fogging up completely so we don't have to wait to use it after a hot shower?,Is the countertop space reflected in the mirror large enough to hold toiletry bags for the whole family without feeling cluttery?,Can three or four people squeeze in front of that wide mirror to brush teeth simultaneously during the morning rush?,Does the mirror start low enough to the counter so that younger children can see themselves without needing to be lifted up?
image_134_jpg.rf.0912fd9c728e11eea3a5907a1ac77f43.jpg,mirror,0.2679356336593628,0.1601886749267578,121.72309112548828,274.8576354980469,375.7626647949219,Is the overhead lighting reflected in the mirror bright and even enough for detailed grooming like shaving or applying makeup?,Does the mirror extend across the entire counter length so I can spread out my toiletries and still use the glass?,Is the mirror positioned well to offer a full-length view of my upper body for checking my outfit before heading out?,"Since there is only one sink, is the mirror wide enough for both of us to stand side-by-side and get ready for dinner simultaneously?",Is the dry section of the counter in front of the mirror large enough for one person to do hair and makeup while the other uses the faucet?,Does the large surface area of the mirror cause it to fog up significantly when one of us is showering?,Does the mirror span the full wall width so that multiple people can brush teeth or fix hair without fighting for space in front of the sink?,Is the mirror installed low enough to the countertop that children can easily see themselves while washing their hands?,Does the reflection show enough room behind the vanity for a parent to stand comfortably while helping a child get ready?
image_134_jpg.rf.0912fd9c728e11eea3a5907a1ac77f43.jpg,mirror,0.1297415196895599,370.5508117675781,101.8838119506836,641.0662841796875,558.8377075195312,Is the overhead lighting bright enough to use this mirror for detailed grooming tasks like shaving or applying makeup?,"Does the mirror fog up quickly since it is located right next to the shower stall, or is the ventilation adequate?",Is the mirror tall enough to provide a good viewing angle for a taller person standing at the vanity?,Is the mirror wide enough for two people to stand side-by-side and get ready for the evening simultaneously?,Does the large mirror help the bathroom feel more spacious and less cramped when two people are sharing the room?,"If my partner is taking a hot shower in the glass stall, will the steam completely obscure the mirror for me?",Is the vanity mirror expansive enough for a few of us to do a quick hair or face check at the same time before heading out?,Is the bottom edge of the mirror low enough for children to see themselves while brushing their teeth?,"With multiple people using the sink, is the mirror easy to wipe down if it gets splashed with water?"
image_134_jpg.rf.0912fd9c728e11eea3a5907a1ac77f43.jpg,mirror,0.1603316515684127,-0.0220108032226562,164.03622436523438,107.1407241821289,377.1688537597656,"Is the lighting around the mirror bright enough for detailed tasks like shaving or applying makeup, since the reflection looks quite dark in the photo?","Does the mirror provide a clear, distortion-free reflection for getting ready in the morning?",Is the mirror positioned at a comfortable height for a taller person to see their full reflection without stooping?,Is the mirror wide enough for two people to stand side-by-side and check their appearance before heading out for dinner?,Is there enough counter space in front of the mirror for two separate toiletry bags?,Does the bathroom have good ventilation to keep the mirror from fogging up while one person showers and the other gets ready?,Is the bottom of the mirror low enough for children to see themselves while brushing their teeth?,Is the vanity area spacious enough for multiple family members to crowd around the mirror during the morning rush?,"Does the mirror surface stay relatively clean, or does the high-arc faucet cause a lot of water splashes on the glass?"
image_134_jpg.rf.0912fd9c728e11eea3a5907a1ac77f43.jpg,mirror,0.1785801500082016,-1.4586257934570312,109.42076110839844,359.9702453613281,481.91900634765625,Is the overhead lighting above the mirror bright and even enough for detailed grooming tasks like shaving or applying makeup?,"Does the mirror stay fog-free after using the adjacent shower, so I can get ready without waiting?",Is the reflection clear and distortion-free to ensure I look my best before heading out?,Is the mirror wide enough for both of us to stand side-by-side and get ready for dinner simultaneously?,"Since there is only one sink, does the mirror extension over the long counter allow the second person enough space to do their hair or makeup?",Is the lighting flattering and sufficient for two people using the vanity area at the same time?,Does the mirror span the full length of that large granite countertop so multiple family members can brush their teeth or get ready at once?,Is the mirror mounted low enough to the backsplash for children to easily see themselves while washing their hands?,Does the large size of the mirror help make the bathroom feel spacious rather than cramped when the whole family is trying to use the space?
image_60_jpg.rf.f7e5c7e1af61f05099909c343c38765d.jpg,mirror,0.1066340059041976,327.8431701660156,-15.142765045166016,626.8917236328125,621.0894775390625,Is the lighting above the mirror bright enough for detailed grooming tasks like shaving or applying makeup?,"Does the mirror provide a clear, distortion-free reflection for my morning routine?",Is there enough granite counter space directly in front of the mirror to hold my toiletry bag?,Is the mirror wide enough for two people to stand side-by-side and get ready for dinner?,Does the mirror tend to fog up quickly since it is located right next to the shower?,Is there ample space on the vanity ledge for both of our grooming kits to sit accessible to the mirror?,Is the mirror large enough to accommodate the morning rush of multiple family members brushing their teeth?,Is the mirror mounted at a height that allows younger children to see themselves easily?,Is the vanity area around the mirror durable and easy to wipe down after heavy use by a group?
image_60_jpg.rf.f7e5c7e1af61f05099909c343c38765d.jpg,mirror,0.3395287990570068,24.24647331237793,24.941940307617188,239.06109619140625,393.4119262695313,Is the overhead lighting shown in the reflection bright enough for detailed tasks like shaving or applying makeup?,"Does the mirror provide enough vertical visibility to check my upper-body outfit, or is it strictly for face-level grooming?",Is the mirror mounted at a comfortable height for a solo traveler to use without having to crouch or stretch?,Is the mirror wide enough for two people to stand side-by-side and get ready for dinner at the same time?,"Since the shower curtain is reflected right next to it, does the mirror fog up quickly when one person is showering?",Is there enough counter space reflected in the mirror for two separate toiletry bags?,Can I use the mirror's reflection to keep an eye on the kids in the bedroom area while I'm washing up?,Is the mirror large enough for a quick group check before we all head out for the day?,Is the granite ledge under the mirror easy to wipe down if multiple people splash water while getting ready?
image_60_jpg.rf.f7e5c7e1af61f05099909c343c38765d.jpg,mirror,0.1133725121617317,195.7056427001953,102.81686401367188,244.58865356445312,310.5740966796875,Is the lighting shown reflecting off the top of the mirror bright enough for detailed grooming like shaving or applying makeup?,Does the mirror extend high enough to provide a clear view for a tall person standing at the sink?,Is the glass quality clear and free of distortion for a quick and efficient morning routine?,Is the mirror wide enough for two people to stand side-by-side and get ready for an evening out without bumping elbows?,"Since the shower is reflected right nearby, does the mirror tend to fog up completely while one person is showering?",Is there enough granite counter space at the base of the mirror for two separate toiletry bags?,Does the mirror mount all the way down to the countertop so that younger children can see themselves to brush their teeth?,Is the mirror positioned safely away from the shower entrance to avoid accidental bumps when the bathroom is busy?,Is the mirror surface large enough to help the bathroom feel more spacious when the whole family is trying to use the area?
image_60_jpg.rf.f7e5c7e1af61f05099909c343c38765d.jpg,mirror,0.2038138061761856,22.881879806518555,53.8899040222168,134.13723754882812,394.80963134765625,Is the mirror large enough for full outfit checks?,Can I see myself clearly for detailed makeup or shaving?,Is there good lighting for solo grooming tasks?,Is the mirror wide enough for both of us to stand side-by-side and brush our teeth at the same time?,"Since the mirror reflects directly into the bedroom area, will using the vanity light disturb my partner if they are still sleeping in bed?",Is the mirror tall enough to comfortably accommodate partners with a significant height difference?,Does the reflection in the mirror allow me to keep an eye on the children in the bedroom area while I'm at the sink?,Is the bottom of the mirror low enough for kids to see themselves when they are brushing their teeth?,Is the mirror large enough for a few of us to do a quick hair-check at the same time before we head out?
image_60_jpg.rf.f7e5c7e1af61f05099909c343c38765d.jpg,mirror,0.3904005885124206,20.105152130126957,10.239734649658203,242.2292938232422,389.9272155761719,Is the overhead recessed lighting visible in the reflection bright enough for detailed grooming like shaving or applying makeup?,Is there enough free space on the granite countertop to set out my toiletries without knocking over the tissue box?,Does the mirror provide a clear enough reflection of the room behind me to check my full outfit before heading out?,Is the mirror wide enough for both of us to stand side-by-side to brush our teeth or get ready for dinner?,"Since the mirror reflects the bedroom area, does the bathroom light disturb the person sleeping in the bed?",Is there enough counter space on either side of the sink for two separate toiletry bags?,Is the bottom edge of the mirror low enough for children to see themselves while washing their hands?,Is the sink area large enough to handle the clutter of toothbrushes and products for multiple people?,Does the mirror's angle allow parents to easily keep an eye on kids in the main room while getting ready in the bathroom?
image_60_jpg.rf.f7e5c7e1af61f05099909c343c38765d.jpg,mirror,0.1300525963306427,209.43267822265625,118.19603729248048,241.39340209960935,373.7046508789063,Is the lighting fixture above the mirror bright enough for detailed grooming like shaving or applying makeup?,"Does the mirror extend high enough to verify my outfit, or is it strictly for viewing the face?",Is the reflection clear and distortion-free to ensure I look my best before heading out?,Is the mirror wide enough for two people to stand side-by-side to brush teeth or get ready for dinner?,"Since the mirror reflects the shower, does it tend to fog up quickly when my partner is bathing?",Is the position of the mirror convenient for sharing the sink space without bumping elbows?,Is the bottom of the mirror mounted low enough to the countertop so children can see themselves while washing up?,"Is the mirror large enough to handle the ""morning rush"" when multiple family members are trying to use the bathroom?",Is the mirror positioned well to avoid water splashes from the sink when kids are using the granite counter?
image_192_jpg.rf.d1124adacdbb7b356372729fda7a3926.jpg,mirror,0.5167108178138733,404.0124816894531,136.54742431640625,549.3056640625,339.6600341796875,Are the overhead lights built into the wooden frame bright enough for detailed grooming tasks like shaving or applying makeup?,"Is the small holder on the left designed for a toothbrush or tumbler, so I can keep my personal items organized?","Does the oval shape provide a clear, distortion-free reflection for getting ready, or is the viewing angle limited?",Is the mirror wide enough for two people to check their appearance side-by-side before heading out?,"Since there isn't a visible shelf, is there enough counter space below the wooden panel for two separate toiletry bags?","Do the downlights cast harsh shadows, or is the lighting flattering for getting ready for a date night?",Is the mirror mounted low enough on the wall for children to see themselves while brushing their teeth?,Does the reflection of the shower stall suggest the bathroom is tight on space if multiple family members are trying to use it?,Are the soap dish and metal fixtures securely attached to handle daily use by a whole family?
image_192_jpg.rf.d1124adacdbb7b356372729fda7a3926.jpg,mirror,0.1661448627710342,415.8370971679688,203.16036987304688,536.6513061523438,337.0927429199219,Is the downlighting from the top of the wooden panel bright enough for detailed tasks like shaving or applying makeup?,"Are those small metal fixtures below the mirror actually usable holders for my toothbrush and razor, or just decorative?","Is the round shape large enough to check my outfit, or does it strictly provide a face-level reflection?","Since the mirror reflects the shower directly opposite, does it fog up immediately when one person is showering while the other gets ready?","Is the mirror wide enough for two people to stand side-by-side and brush their teeth, or will we be fighting for space?",Is the mirror mounted at a versatile height on that panel so it works comfortably for partners with a significant height difference?,"Considering the shower is reflected so close by, is the floor space in front of the mirror too cramped for a parent helping a child get ready?","Since there are only two small accessory holders visible, is there extra counter space nearby for a whole family's toiletries?",Is that large wooden panel securely mounted to the wall so we don't have to worry about safety if kids are playing in the bathroom?
image_265_jpg.rf.322d27c9b41e414d2e5fb8461f89a0b6.jpg,mirror,0.1775636225938797,212.53207397460935,32.61993408203125,388.1486511230469,352.1119384765625,Is the overhead lighting above the mirror bright enough for detailed grooming like shaving or applying makeup?,"Since the sink area looks compact, is the mirror tall enough to double as a full-length check for my outfit?",Are the outlets and switches on the left wall easily accessible for plugging in hair tools while using the mirror?,Is the mirror wide enough for two people to stand side-by-side and get ready at the same time?,"Since the mirror reflects directly into the sleeping area, is there a door or curtain to ensure privacy in the bathroom?","Is there enough counter space below the mirror for two separate washbags, or will we need to use the shelf above?",Is the mirror mounted low enough for children to see themselves when washing their hands?,Does that high towel rack reflected in the upper right hold enough extra towels for a whole family?,Is the area around the sink durable and spacious enough to handle the morning rush of a group getting ready?
image_265_jpg.rf.322d27c9b41e414d2e5fb8461f89a0b6.jpg,mirror,0.101146325469017,384.351318359375,274.8597717285156,410.6042175292969,365.8421325683594,Is the towel rack positioned close enough to the mirror so I can easily grab a towel while washing my face?,Is that ledge below the mirror deep enough to hold my makeup bag or shaving kit securely?,"Does the lighting in this area seem bright enough for detailed grooming, or is it dim?",Is the towel bar long enough to hang two bath towels side-by-side to dry?,"Is the shelf space under the mirror generous enough for two people's toiletries, or will it be crowded?",Does the vanity layout allow us to keep our towels separate from the hand towels?,"Is the towel rack mounted securely enough to handle the weight of multiple heavy, wet towels?",Is the shelf height accessible for children to reach their toothbrushes?,Is there enough space around this area to stack extra washcloths for the whole family?
image_163_jpg.rf.8cca7c42035351dd5d463e8ff81421a4.jpg,mirror,0.4504743814468384,235.55056762695312,113.95309448242188,393.9763793945313,356.0381774902344,"Do those vertical LED strips provide bright, even lighting for detailed tasks like shaving or applying makeup?","Is the mirror tall enough to check my outfit from the waist up, or is it strictly positioned for face-level use?",Are the wooden shelves on the left easily accessible from the mirror area for keeping my personal toiletries organized?,Is the mirror wide enough for two people to stand side-by-side and brush their teeth at the same time?,"Does the modern lighting have a dimmer setting to create a relaxing atmosphere for a bath, or is it always fully bright?",Does the mirror have an anti-fog feature so we don't have to wait to use it after one of us takes a hot shower?,"Since the mirror is mounted vertically, does it extend low enough for children to see themselves?",Do the integrated lights provide enough illumination for the entire bathroom when multiple people are trying to get ready?,Does the mirror's angle allow me to see into the reflected hallway behind me to keep an eye on family members in the main room?
image_163_jpg.rf.8cca7c42035351dd5d463e8ff81421a4.jpg,mirror,0.1562972515821457,144.98629760742188,221.03411865234372,163.51690673828125,237.8917236328125,"Is this small, round mirror the only one in the room, or is there a full-length one for checking my outfit?",Is the lighting around this mirror bright enough for detailed grooming like shaving or applying makeup?,Is the shelf underneath the mirror wide enough to hold my toiletry bag while I get ready?,Is the vanity area around this mirror spacious enough for two people to get ready simultaneously?,"Since the mirror is quite compact, does it provide a wide enough angle for both of us to use it if needed?","Is the shelf below large enough to accommodate toiletries for two people, or is space limited?","Given the small size of this mirror, are there additional mirrors in the suite so our group isn't waiting in line?",Is the mirror mounted securely on the wall so it's safe around active children?,Is the height of the mirror accessible for kids to use when brushing their teeth?
image_163_jpg.rf.8cca7c42035351dd5d463e8ff81421a4.jpg,mirror,0.1477392762899398,167.58688354492188,220.8380889892578,185.86370849609372,237.45989990234372,"Is that small round mirror a magnifying one, which would be great for detailed shaving or applying makeup?",Is the mirror portable so I can move it to a spot with better lighting if needed?,"Does the mirror feel stable on that shelf, or is it flimsy and difficult to position for personal use?",Is this extra mirror functional enough that one of us can use it while the other occupies the main bathroom mirror?,Does the mirror tilt or adjust angles easily so it works for two people of different heights?,"Since the mirror sits on the ledge, is there still enough counter space left for two separate toiletry bags?","Is the mirror securely attached to the stand, or is it loose and likely to get knocked over by active children?",Can this mirror be moved out of the bathroom so someone can get ready in the bedroom while others use the shower?,"Is the mirror large enough to actually be useful for a family, or is it just a small decorative item?"
image_163_jpg.rf.8cca7c42035351dd5d463e8ff81421a4.jpg,mirror,0.1097042113542556,192.0831298828125,220.14215087890625,208.8150787353516,237.26644897460935,Is the lighting around this mirror bright enough for detailed grooming tasks like shaving or applying makeup?,Is the mirror mounted at a comfortable height for an average-sized person to see their face clearly?,Does the glass offer a distortion-free reflection so I can check my appearance accurately before heading out?,Is this mirror wide enough for two people to stand side-by-side and get ready for dinner simultaneously?,Is there enough counter space or room in front of the mirror so we aren't bumping elbows while brushing our teeth?,"Does the arched design of the mirror add a nice, modern touch to the room's decor?","Is the mirror positioned low enough for children to use, or will we need to provide a step stool?",Is the mirror securely mounted to the wall so we don't have to worry about safety with kids running around?,Is the area in front of the mirror spacious enough to avoid a bottleneck when the whole family is trying to get ready in the morning?
image_163_jpg.rf.8cca7c42035351dd5d463e8ff81421a4.jpg,mirror,0.2185452580451965,290.9214782714844,253.05712890625,321.9320068359375,307.41748046875,Is this mirror strictly full-length so I can easily check my entire outfit before heading out for the day?,Is the lighting visible in the reflection bright enough for detailed grooming or applying makeup?,"Does the position of the mirror allow me to see clearly without distortion, or does the reflection of the opposite wall make it confusing?","Since the reflection shows another mirror directly opposite, is the space between them wide enough for two people to get ready simultaneously?",Does the placement of this mirror on the door compromise privacy if one person is inside the bathroom while the other is outside?,"Does the infinite reflection effect make the room feel spacious and romantic, or does the layout feel cramped for a?",Is the mirror mounted securely on the door or wall so there's no risk of children knocking it loose?,Is the hallway reflected in the mirror wide enough for a family with luggage to pass through without bumping the glass?,Is the mirror positioned low enough that younger children can also use it to check their appearance?
image_117_jpg.rf.b2de23c7f82b0fdbc33d0affc4beb5fd.jpg,mirror,0.2765815556049347,115.58997344970705,-1.3102912902832031,299.90447998046875,350.5390014648437,"Do those vertical LED light strips provide enough bright, even illumination for detailed tasks like shaving or applying makeup?",Is the mirror surface treated to be anti-fog so I can use it immediately after a hot shower?,"Does the glass offer a clear, distortion-free reflection for a quick and efficient morning routine?",Is the mirror wide enough for two people to stand side-by-side and check our appearances before heading out?,"Do the embedded lights provide a flattering, warm glow suitable for getting ready for a date night?","Since there is only one sink, is the mirror large enough for one person to do their hair while the other uses the tap?","Does the tall vertical design of the mirror make it accessible for family members of different heights, including children?",Is the lighting from the mirror bright enough to illuminate the entire bathroom for safety when multiple people are moving around?,Does the large reflection area help parents keep an eye on children in the shower area while standing at the sink?
image_239_jpg.rf.78a4a5ffafea76a1a4408304393c1873.jpg,mirror,0.2774959802627563,-4.29107666015625,0.5961894989013672,324.2963256835937,311.76397705078125,Do those vertical LED strips built into the glass provide bright enough lighting for detailed shaving or makeup application?,"Is the magnifying mirror on the right wall adjustable, or is it fixed in that position?",Does the high vessel sink make it difficult to lean in close to the main mirror for grooming?,Is the main mirror wide enough for two people to stand side-by-side and get ready for dinner at the same time?,Does pulling out the magnifying arm interfere with the other person using the sink or main mirror space?,"Do the integrated lights cast shadows if you aren't standing directly in the center, making it harder for a second person to see clearly?","Since the mirror sits above a countertop vessel sink, does it start low enough for children or shorter family members to see themselves?",Is the extending arm on the small round mirror sturdy enough to withstand frequent adjustments by multiple people?,Does the large surface area of the mirror have any anti-fog features for when the bathroom gets steamy from back-to-back showers?
image_239_jpg.rf.78a4a5ffafea76a1a4408304393c1873.jpg,mirror,0.3003646433353424,351.56640625,114.62337493896484,405.9609375,201.30755615234372,Does this mirror feature magnification on one side to help with detailed shaving or makeup application?,Is the mounting arm extendable so I can pull the mirror closer to my face without leaning over the sink?,Is the lighting in this corner bright enough to use this small mirror effectively for grooming?,Is this mirror positioned far enough to the side that one of us can use it while the other uses the main sink?,Can the angle be easily adjusted to accommodate the height difference between my partner and me?,Does the mirror fold flat against the wall to save space when we are both trying to move around the bathroom?,Is the mount sturdy and durable enough to withstand frequent adjustments by different family members?,Does having this extra vanity mirror help speed up the morning routine when multiple people need to get ready?,Is the mirror mounted high enough to be safe from small children bumping into it?
image_239_jpg.rf.78a4a5ffafea76a1a4408304393c1873.jpg,mirror,0.1549366414546966,1.5208053588867188,-1.5385627746582031,336.4234924316406,296.247314453125,Do those vertical LED light strips provide strong enough illumination for detailed makeup application or shaving?,Does the small circular mirror mounted on the side wall offer magnification for precise grooming tasks?,Is the main mirror tall enough to get a clear view of my upper body and outfit before heading out?,Is the mirror wide enough for both of us to stand side-by-side and brush our teeth at the same time?,"Does the integrated lighting provide a flattering, warm glow suitable for getting ready for a romantic dinner?",Is the ledge beneath the mirror spacious enough to hold toiletry bags for two people without cluttering the sink?,Is the mirror mounted low enough on the wall for children to see themselves easily without needing to be lifted?,Does the mirror's lighting illuminate the whole bathroom well enough to help us keep track of everyone's belongings?,Is the glass sturdy and securely mounted to withstand heavy use by a busy family?
image_239_jpg.rf.78a4a5ffafea76a1a4408304393c1873.jpg,mirror,0.1154427826404571,2.0481491088867188,-0.3291797637939453,332.5933837890625,305.324951171875,"Do the vertical LED strips provide bright, shadow-free illumination for detailed tasks like shaving or applying makeup?",Does the wall-mounted magnifying mirror extend far enough to be used comfortably without leaning over the vessel sink?,Is the shelf space below the mirror wide enough to hold my entire toiletry kit while I'm getting ready?,Is the main mirror wide enough for both of us to stand side-by-side and get ready for dinner without bumping elbows?,"Since the sink is a bowl style, is there enough remaining counter space underneath the mirror for two separate toiletry bags?","Is the magnifying mirror positioned at a height that works for both partners, or is it fixed in one spot?","Is the mirror mounted low enough for children to see themselves, or does the raised vessel sink block the view for shorter family members?",Does the large reflective surface help light up the rest of the bathroom so multiple people can navigate the space easily?,Does the mirror's width allow one person to fix their hair while another brushes their teeth to speed up our morning routine?
image_239_jpg.rf.78a4a5ffafea76a1a4408304393c1873.jpg,mirror,0.1088307574391365,0.4970550537109375,10.048465728759766,364.0792236328125,521.1724243164062,Do the vertical LED light strips on the main mirror provide shadow-free lighting for shaving or applying makeup?,Is the small magnifying mirror on the side wall adjustable enough for detailed grooming tasks?,Is there enough free space on the black countertop to lay out my toiletry bag while using the sink?,Is the main mirror wide enough for two people to stand side-by-side and check their outfits before dinner?,"Since there is only one sink, does the counter offer enough room for two separate washbags?",Can the side cosmetic mirror be used by one person without blocking the other person's view of the main mirror?,Is the vessel-style sink too high for younger children to reach comfortably when brushing their teeth?,"Looking at the reflection, is the towel rack large enough to hold towels for a whole family?","Are the drinking glasses on the counter made of real glass, or are they shatterproof for safety with kids?"
image_136_jpg.rf.cbb9795eebbcb79abf51ccd22d6e0509.jpg,mirror,0.2378017306327819,318.4721069335937,18.93896102905273,487.7923278808594,387.0170593261719,"Does the small, round magnifying mirror on the left extend out for easier close-up grooming or makeup application?",Can I see myself clearly for detailed makeup or shaving?,Is there good lighting for solo grooming tasks?,Is the main mirror wide enough for two people to stand side-by-side and brush their teeth simultaneously?,Does the shelf ledge at the bottom provide enough surface area for two separate toiletry bags?,"Is the lighting balanced, or will one person be in the shadow since the light is only on the right side?",Is the recessed nook too narrow for a parent to stand next to a child to help them wash up?,"Is the mirror installed low enough for children to see themselves, or is it positioned too high?",Does the extendable mirror on the side fold back flush against the wall so kids don't accidentally bump into it?
image_136_jpg.rf.cbb9795eebbcb79abf51ccd22d6e0509.jpg,mirror,0.14296455681324,291.9882507324219,149.90353393554688,350.6981201171875,249.82913208007807,Is the magnification on this mirror strong enough for detailed grooming like shaving or applying makeup?,"Does the extendable arm hold the mirror steady in place, or does it drift after I position it?","Is there a built-in light on the rim of this mirror, or will I need to rely on the overhead bathroom lighting?",Does the swing arm extend far enough to allow two of us to use the vanity area simultaneously without bumping into each other?,Can the mirror's angle be easily adjusted to accommodate partners of significantly different heights?,Does the mirror surface stay clear and fog-free if my partner has just taken a hot shower?,Does the mirror fold flat against the wall so it doesn't obstruct the walkway when the bathroom is crowded?,Is the mounting hardware sturdy enough to handle frequent pulling and adjusting by multiple family members?,"Is the mirror mounted at a height that is accessible for teenagers, or is it positioned strictly for adults?"
image_136_jpg.rf.cbb9795eebbcb79abf51ccd22d6e0509.jpg,mirror,0.204591691493988,291.2421264648437,149.51382446289062,364.6965942382813,337.6629333496094,Does the small circular mirror offer magnification suitable for detailed makeup application or shaving?,Can I easily slide the mirror up and down that vertical bar to adjust it to my exact height?,Is the lighting around the vanity bright enough to make effective use of that close-up mirror?,"Is there enough space at the vanity for two people to get ready simultaneously, using the large mirror and the small one?",Does the adjustable arm extend far enough out so one person can use the magnifying mirror without blocking the main mirror for their partner?,My partner and I have a significant height difference; does the slide mechanism allow us to quickly change the mirror's position?,Is the mounting arm sturdy enough to withstand frequent adjustments by multiple family members throughout the stay?,Can the mirror slide down low enough on that bar for children to see themselves while brushing their teeth?,Is the large mirror in the background a full-length panel so everyone can check their outfits before heading out?
image_266_jpg.rf.6071abcfb67da0dd25e481a85236f707.jpg,mirror,0.1385007202625274,318.3404846191406,1.0626792907714844,495.4319458007813,396.1353149414063,"Is the tall oval shape of the mirror large enough to check my outfit from the waist up, or is it strictly for face-level grooming?",Does the small magnifying mirror mounted on the wall extend out comfortably for precise makeup application or shaving?,Are the power outlets located next to the mirror compatible with standard hair styling tools?,Does the edge of the second mirror on the left indicate a double vanity setup so we can both get ready for dinner at the same time?,Is there enough counter space around the vessel sink for two people to place their toiletry bags without it feeling cluttered?,"Is the lighting around the mirror bright and even enough for both of us to use, or is it more dim and atmospheric?",Is the mirror mounted low enough for younger children to see themselves when brushing their teeth?,Is the vessel-style sink deep enough to prevent water from splashing onto the counter when kids are washing their hands?,Does the bathroom layout allow enough standing room for multiple family members to be near the mirrors without bumping into each other?
image_212_jpg.rf.3edadda382bd563f56c2f0f2cea7a8f5.jpg,mirror,0.1096743866801261,74.97732543945312,89.87539672851562,209.7498321533203,408.4801635742188,Does the Roman shade on the window lower completely to ensure total privacy from the outside while I'm showering?,"Is the rainfall showerhead adjustable for better pressure, or should I rely on the handheld wand for a quick wash?",Is the built-in toiletry dispenser mounted at a convenient height to reach while standing under the water?,Is the shower enclosure spacious enough for two people to stand comfortably under the ceiling-mounted rainfall head?,"Does the frosted gradient on the glass provide enough visual privacy from the bedroom, or is the top half too revealing?","Does the window offer a romantic view of the landscape when the blinds are raised, or is it overlooked by other buildings?",Does the partial frosting on the glass partition offer enough coverage so family members can use the rest of the bathroom while someone showers?,Is the handheld shower wand long enough to easily reach down for washing small children?,"Is the floor material slip-resistant for safety, given that the glass screen doesn't fully enclose the wet area?"
image_212_jpg.rf.3edadda382bd563f56c2f0f2cea7a8f5.jpg,mirror,0.3691380023956299,461.4161376953125,4.245281219482422,638.3257446289062,427.1097412109375,Does the reflection of the window mean there is plenty of natural light at the mirror for detailed grooming like shaving or applying makeup?,Is there enough free space on the marble countertop to lay out my own toiletries bag alongside the provided amenity tray?,"Since the mirror reflects a heated towel rail, is it positioned close enough to easily grab a warm towel after washing my face?",Is the mirror wide enough for two people to do a final outfit check side-by-side before heading out for the evening?,"I see two glasses provided, but is the sink area spacious enough for both of us to get ready simultaneously without bumping elbows?","Does the window reflected in the glass have blackout blinds for privacy, or can people from the buildings outside see in while we use the bathroom?",That heated rail reflected in the mirror looks useful—is it large enough to dry four different towels for a whole family overnight?,Is the bottom edge of the mirror low enough for children to see themselves while they are brushing their teeth?,"With the tray and soap dish taking up room, is the remaining counter surface durable and large enough to handle the clutter of a whole group's toiletries?"
image_212_jpg.rf.3edadda382bd563f56c2f0f2cea7a8f5.jpg,mirror,0.110267162322998,426.0627746582031,-1.1825942993164062,644.5336303710938,637.4571533203125,Does the mirror reflect enough natural light from that window to make applying makeup or shaving easy?,"Is the mirror tall enough to check my outfit from the waist up, or is it strictly for face-level grooming?",Is the counter space directly in front of the mirror large enough to hold my full toiletries bag while I get ready?,Is the mirror wide enough for both of us to stand side-by-side and get ready for dinner at the same time?,Does the heated towel rail reflected in the mirror help keep the room warm and prevent the glass from fogging up when we shower?,"Since there are two glasses provided, is the lighting around the mirror bright enough for two people to use the vanity simultaneously?",Is the mirror mounted low enough for children to see themselves while brushing their teeth at the sink?,Is the mirror large enough to accommodate the morning rush when multiple family members are trying to use the bathroom?,Does the mirror provide a wide enough view of the room so I can keep an eye on younger kids while I'm washing my hands?
image_219_jpg.rf.134388f60c5ea0039523276e66a8cb8c.jpg,mirror,0.1775730848312378,343.939453125,4.112644195556641,567.3357543945312,372.78509521484375,"Is the LED backlighting bright enough for detailed tasks like shaving or applying makeup, or is it mostly just for ambiance?","Since the shower is right next to the mirror, does the glass tend to fog up immediately, or is there a heated demister feature?","Is the mirror positioned at a comfortable height for a quick check before heading out, or will I need to crouch or stand on tiptoes?",Is the mirror wide enough for both of us to stand side-by-side and brush our teeth at the same time?,"Does the soft backlighting create a nice, relaxing mood for the bathroom, or is it too harsh?","Given the mirror's vertical placement, does it accommodate partners with a significant height difference equally well?","Can this mirror area handle the ""morning rush"" with multiple kids trying to wash up at once?",Is the lighting sufficient to illuminate the whole bathroom so we can keep an eye on everyone during bath time?,"Since the design is frameless and sleek, are the edges smoothed out for safety in case children bump into it?"
image_62_jpg.rf.e5a661b59a29e45f9c21c846aa924ed0.jpg,mirror,0.5020862221717834,46.74401092529297,9.01336669921875,249.6009063720703,306.9653015136719,Is the lighting fixture above the mirror bright enough for detailed grooming like shaving or applying makeup?,Is the mirror positioned close enough to the wall-mounted hair dryer for convenient styling?,"Does the glass offer a clear, distortion-free reflection for checking my appearance before heading out?",Is the mirror wide enough for two people to stand side-by-side and get ready for dinner simultaneously?,Is there sufficient counter space in front of the mirror to hold toiletry bags for two people without feeling cluttered?,Does the reflection of the door suggest the bathroom offers enough privacy from the rest of the room?,Is the mirror mounted at a height that is accessible for children to use when brushing their teeth?,Does the bathroom have enough ventilation to keep the mirror from steaming up completely during back-to-back showers?,Is the towel rack next to the mirror large enough to hold fresh towels for the whole family?
image_65_jpg.rf.e3c28e94e10849e75845111c17aa0beb.jpg,mirror,0.2751283645629883,-0.3732109069824219,0.0390625,243.9432373046875,476.8081359863281,Is the overhead lighting above the mirror bright and even enough for detailed grooming tasks like shaving or applying makeup?,Does the visible water damage and desilvering along the bottom edge of the frame extend further up into the main reflection area?,"Is the mirror positioned close enough to the sink to lean in comfortably, or is the counter too deep?",Is the mirror wide enough for two people to stand side-by-side and get ready for a night out simultaneously?,Does the mirror's height accommodate partners of different statures so both can see themselves easily?,"Does the worn condition of the mirror frame suggest the bathroom might feel dated, or is it just cosmetic wear in an otherwise nice vanity?",Is the mirror large enough to monitor multiple children or family members moving around the bathroom at once?,Does the glass extend low enough for younger children to see themselves without needing to be lifted up to the counter?,Is the vanity area in front of the mirror spacious enough to hold toiletry bags for multiple people without blocking the view?
image_204_jpg.rf.88620ed738f00488787cf48db379d653.jpg,mirror,0.2814420461654663,405.641357421875,7.230873107910156,607.1521606445312,365.6878662109375,Is the vanity lighting located above the frame bright enough for detailed grooming like shaving or applying makeup?,"Is this mirror tall enough to check my upper-body outfit, or is it strictly sized for face-level use?",Is the glass quality clear and distortion-free so I can get ready quickly and efficiently on my own?,"Is the mirror wide enough for two people to stand side-by-side and use the sink area simultaneously, or will we have to take turns?",Does the vertical orientation of the mirror accommodate partners with a significant height difference?,Is there enough granite counter space visible in front of the mirror to hold two separate toiletry bags without clutter?,"Is the mirror mounted low enough for children to see themselves while brushing their teeth, or is it positioned too high?",Is the thick dark frame securely mounted to the wall to ensure safety with active kids using the bathroom?,"Is the mirror large enough to help check multiple family members' faces before heading out, or is the viewing angle too narrow?"
image_197_jpg.rf.824c184ef37f14f7d8507a6dbc74a88e.jpg,mirror,0.2561514377593994,533.2488403320312,-1.2497472763061523,626.9946899414062,132.0205841064453,Is the built-in ring light bright enough for detailed grooming tasks like shaving or applying makeup?,Does the extendable arm reach far enough so I can see clearly without leaning uncomfortably over the sink?,What level of magnification does this mirror offer for precise tasks like putting in contact lenses?,Is the mirror positioned far enough from the main vanity so we can both get ready at the same time?,Can the arm and angle be easily adjusted to accommodate the height difference between my partner and me?,Is the lighting on the mirror accurate enough for checking our look before a dinner date?,Is the wall mount sturdy enough to handle frequent adjustments by different family members throughout the stay?,Is the mirror mounted high enough to be safely out of reach of small children who might pull on it?,Does having this secondary mirror help speed up the morning routine when the whole family is trying to get ready?
image_197_jpg.rf.824c184ef37f14f7d8507a6dbc74a88e.jpg,mirror,0.1065954938530922,356.5495300292969,95.1290512084961,520.6393432617188,286.7744140625,Is the overhead lighting reflected in the glass bright enough for detailed grooming like shaving or applying makeup?,Does the magnifying mirror attached to the right wall swing out so I can use it easily in conjunction with the main mirror?,"Is this mirror tall enough to see my torso for checking my outfit, or is it strictly for face-level use?",Is the mirror wide enough for two people to stand side-by-side and brush their teeth at the same time?,"Since the shower is directly opposite and visible in the reflection, does this mirror have an anti-fog feature for when one of us is showering?",Does the positioning of the soap dispenser and hair dryer on either side leave enough elbow room for two people to get ready together?,"Is the mirror mounted low enough on the wall for children to see their reflection, or is it positioned only for adult height?",Is the dark wooden frame sturdy and securely mounted to handle the wear and tear of a busy family bathroom?,"With the hair dryer mounted immediately to the left, can one person dry their hair in front of the mirror without blocking access for everyone else?"
image_197_jpg.rf.824c184ef37f14f7d8507a6dbc74a88e.jpg,mirror,0.1560019254684448,368.9982604980469,117.08222198486328,404.2473754882813,284.7510986328125,Is the lighting above the mirror bright enough for detailed grooming like shaving or applying makeup?,"Is this mirror tall enough to serve as a full-length check for my outfit, or does it cut off at the waist?","Does the reflection of the dark tiles indicate a modern, spacious shower area behind me?",Is the mirror wide enough for both of us to stand side-by-side and brush our teeth at the same time?,"Since the ceiling vent is visible in the reflection, is it powerful enough to keep the mirror steam-free while my partner showers?",Is that ledge at the bottom of the mirror spacious enough to hold two separate toiletry bags?,Is the mirror positioned in a way that helps me keep an eye on kids in the shower area while I'm at the sink?,Does the ventilation shown in the reflection clear the steam quickly so the mirror is usable when multiple people need to shower back-to-back?,Is the mirror mounted low enough for children to see their reflection when brushing their teeth?
image_197_jpg.rf.824c184ef37f14f7d8507a6dbc74a88e.jpg,mirror,0.1866225004196167,360.7775573730469,1.7842960357666016,518.269287109375,290.0556030273437,Does the overhead light reflected in the mirror provide enough brightness for detailed shaving or applying makeup?,Is that a separate magnifying mirror attached to the wall on the right for close-up grooming needs?,Is the main mirror tall enough to check my appearance from the waist up before heading out?,Is the mirror wide enough for two people to stand side-by-side and brush their teeth at the same time?,Does the mirror tend to fog up quickly while the shower seen in the reflection is running?,Does the mirror's reflection show that the bathroom layout is spacious enough for two people to move around?,Is the mirror mounted at a height where children can easily see themselves to wash up?,Does the mirror provide a clear view of the shower stall behind it so I can keep an eye on younger kids while I'm at the sink?,Is the dark frame around the mirror sturdy and securely mounted for a high-traffic family bathroom?
image_197_jpg.rf.824c184ef37f14f7d8507a6dbc74a88e.jpg,mirror,0.4270122945308685,349.4778137207031,0.964984893798828,528.09130859375,298.9712219238281,Is the overhead lighting reflected in the glass bright enough for detailed grooming like shaving or applying makeup?,Does the smaller round magnifying mirror on the right extend out far enough to be easily used alongside the main mirror?,"Is the hair dryer mounted on the left powerful enough for quick styling, or should I pack my own travel dryer?",Is this vertical mirror wide enough for two people to stand side-by-side and brush their teeth at the same time?,"Does the mirror offer a full enough view for us to check our outfits before heading out for dinner, or is it just head-and-shoulders?","Is the counter space below the mirror large enough to hold two separate washbags, or will things get crowded?","Does the mirror fog up heavily when someone uses the shower visible in the reflection, or is the ventilation good enough for the next person to use it immediately?","With the soap dispenser and hair dryer mounted so close, is the area durable and sturdy enough for high-traffic use by kids or teenagers?",Is the bathroom spacious enough that someone can use the mirror while another person is getting into the shower behind them?
image_180_jpg.rf.88e581fb7fc4e402e63102167f297b4e.jpg,mirror,0.1763215959072113,453.4338073730469,0.4724597930908203,635.7930908203125,246.9879913330078,Is that overhead lighting reflected in the glass bright enough for detailed grooming like shaving or applying makeup without casting shadows?,"Is the small shelf ledge below the mirror wide enough to hold a full-sized toiletry bag, or just small items?","Since the mirror reflects the shower directly, does it have an anti-fog feature so I can use it immediately after washing?","Is the mirror wide enough for two people to stand side-by-side and get ready for dinner, or will we be fighting for space?",Is there enough surface area on that ledge and the surrounding wall for two separate sets of toiletries?,Does the proximity to the shower mean the mirror steams up instantly if one person showers while the other is trying to use the sink?,"Is the mirror mounted low enough for children to see themselves, or is it positioned strictly for adult height?","Given that the visible shelf looks quite narrow, is there additional storage nearby to handle toothbrushes and supplies for a whole family?",Is the glass securely mounted and durable enough to handle the traffic of a busy group sharing one bathroom?
image_180_jpg.rf.88e581fb7fc4e402e63102167f297b4e.jpg,mirror,0.1238305419683456,456.0934143066406,132.497314453125,600.4852905273438,246.96234130859372,Is the overhead lighting reflected in the mirror bright and clear enough for detailed grooming like shaving or applying makeup?,Is that narrow shelf running along the bottom of the mirror wide enough to securely hold my toiletry bag?,Is the wall-mounted organizer to the left useful for keeping my personal items off the counter while I get ready?,Is the mirror wide enough for two people to stand side-by-side and brush their teeth at the same time?,"Is there enough room on the ledge below the mirror for both of our washbags, or will it feel cluttered?","Does the mirror fog up quickly when the shower (visible in the reflection) is used, making it hard for the second person to get ready?","Is the mirror mounted at a height that is accessible for children, or is it too high for younger family members?","With a whole family using the shower, does the glass stay clear enough for others to use the sink area efficiently?",Are the hooks on the dark organizer next to the mirror sturdy enough to hold towels or washcloths for multiple people?
image_171_jpg.rf.a3afe79b9f3d3fe4ee7ddcb53d80649b.jpg,mirror,0.1665597707033157,311.1618347167969,1.9886589050292969,587.5269165039062,348.37652587890625,"Do the vertical LED strips on the sides provide bright, shadow-free lighting for detailed grooming like shaving or applying makeup?","Is that ""TH"" logo on the glass a touch sensor, and is it responsive enough for quick operation when I'm in a rush?","Given the mirror's height, does it provide a good upper-body reflection to check my outfit before heading out?",Is the mirror wide enough for two people to stand side-by-side and brush their teeth without elbowing each other?,"Are the integrated lights dimmable to create a softer, more romantic atmosphere compared to the harsh overhead ceiling tiles?","Since the shower is reflected right next to the mirror, does the glass have a defogger so one of us can use the mirror while the other showers?",Is the mirror mounted low enough for children to see themselves while washing their hands at the sink?,Do the LED strips function as a gentle nightlight so family members don't have to turn on the main lights in the middle of the night?,"With the touch controls built into the surface, is the glass easy to wipe clean of fingerprints and water splashes from multiple users?"
image_171_jpg.rf.a3afe79b9f3d3fe4ee7ddcb53d80649b.jpg,mirror,0.3081604540348053,307.1370544433594,11.559219360351562,588.4277954101562,354.7540283203125,Are those two vertical LED strips bright enough for doing detailed makeup or shaving without casting shadows?,"Since the shower is right next to the mirror, does the glass have a defogger so I don't have to wipe it down constantly?","Is the mirror tall enough to check my upper-body outfit, or is it strictly just for face-level grooming?",Is the mirror wide enough for both of us to stand in front of it and brush our teeth at the same time?,Do the integrated lights have a dimmer setting so we don't wake each other up with bright glare during the night?,Is the reflection quality high and distortion-free so we can both double-check our look before a night out?,Can the LED lights be left on as a soft nightlight for children navigating the bathroom in the dark?,"Is the mirror mounted low enough for kids to see themselves, or will we need to lift them up to wash their faces?","Since it looks frameless, are the edges durable and safe if kids are moving around quickly in that tight space?"
image_154_jpg.rf.bf88b3482c8a0d5235deea36053cea80.jpg,mirror,0.1510366201400756,1.148681640625,-0.1999855041503906,390.8179016113281,382.818359375,Do the built-in square LED lights on the sides provide enough brightness for detailed makeup application or shaving without casting shadows?,"Is that smaller, illuminated round mirror on the wall a magnifying mirror for close-up grooming?","Since there is only one sink, is the mirror positioned close enough to the edge for me to easily lean in for contact lens removal?",Is the main rectangular mirror wide enough for both of us to stand side-by-side and check our appearance before a night out?,"Can one of us use the wall-mounted round mirror while the other uses the main sink area, so we can get ready simultaneously?","Do the integrated lights create a nice ambiance for the room, or are they strictly bright functional lights?",Does the mirror extend low enough towards the counter so that younger children can see themselves while brushing their teeth?,"With the shower right behind the mirror, is the glass heated or anti-fog so the next person can use it immediately after someone showers?",Do the lights on the mirror provide enough general illumination for the whole bathroom if multiple family members are trying to organize things?
image_154_jpg.rf.bf88b3482c8a0d5235deea36053cea80.jpg,mirror,0.1773695647716522,193.5136260986328,5.343990325927734,386.1315307617188,366.5031433105469,"Those vertical light strips look bright, but are they adjustable for doing detailed makeup or shaving?",Does the small circular mirror on the wall offer magnification for putting in contacts or precise grooming?,Is there enough counter space right in front of the mirror to spread out my full toiletry kit?,Is the mirror wide enough for two people to stand side-by-side to get ready for dinner at the same time?,"Since the shower is right there in the reflection, does the mirror have an anti-fog feature so I can use it while my partner showers?","Do the integrated lights provide a nice ambient glow for the room, or are they only bright task lighting?",Is the mirror mounted low enough that younger children can see themselves to brush their teeth?,Are those square lights covered or cool to the touch so they're safe around curious kids?,Is that small shelf on the side sturdy and large enough to hold toothbrushes and cups for a family of four?
image_154_jpg.rf.bf88b3482c8a0d5235deea36053cea80.jpg,mirror,0.1955395191907882,205.01953125,12.888031005859377,350.2787475585937,366.988525390625,Are the square lights along the sides bright enough for detailed grooming like shaving or applying makeup?,Does the mirror feature a defogger so I can use it immediately after taking a hot shower in the stall behind me?,"Is the mirror tall enough to see my outfit, or does it only show the face and shoulders?",Is the mirror wide enough for two people to stand side-by-side and get ready for dinner at the same time?,"Do the integrated side lights provide flattering, even lighting for both of us without casting shadows?","Since the shower is right behind the mirror, does steam build up quickly and block the view when one person is showering while the other uses the sink?",Is the bottom edge of the mirror low enough for children to see themselves while washing their hands at the sink?,Do the lights on the mirror provide enough illumination to light up the rest of the bathroom and shower area for safety?,Is the mirror glass durable and easy to wipe clean if it gets splashed by multiple people using the sink?
image_154_jpg.rf.bf88b3482c8a0d5235deea36053cea80.jpg,mirror,0.4832322895526886,402.7622985839844,98.12020111083984,459.8789978027344,183.06460571289065,Does the built-in ring light provide enough brightness for detailed grooming tasks like shaving or applying makeup?,"Is this a magnifying mirror, and if so, is the reflection clear and distortion-free?",Can the angle of the mirror be adjusted easily so I can see myself without having to lean awkwardly?,"Is this the only mirror in the bathroom, or is there a larger one we can use simultaneously to get ready for dinner?",Does the integrated lighting offer a dimmer setting to create a relaxing ambiance for a bath?,"Is the mirror large enough for two people to quickly check their appearance before heading out, or is it strictly for one person?","Is the mirror mounted at a height that children can reach to brush their teeth, or is it positioned only for adults?","Given the small size shown in the photo, is there a full-length mirror elsewhere in the room for checking outfits?",Is the wall mounting sturdy enough to withstand frequent adjustments by different family members of varying heights?
image_137_jpg.rf.3480ed0d1710eab21da1bc66bff1daf3.jpg,mirror,0.1141007915139198,508.3026123046875,0.1601696014404297,615.1187744140625,168.7596435546875,Does the LED ring light provide bright enough illumination for precise makeup application or shaving in a dim bathroom?,Is the magnification level strong enough for detailed grooming tasks without creating too much distortion?,Does the extendable arm reach far enough from the wall so I don't have to lean awkwardly over the sink to use it?,Does the mirror tilt and pivot easily to accommodate the height difference between my partner and me?,Is the mirror positioned far enough from the main vanity so we can both get ready for dinner at the same time?,Does the touch-activated light have a dimming feature so it can be used as a soft nightlight without disturbing my partner?,Does the mirror fold back completely flat against the wall to maximize space when the bathroom is crowded with family members?,Is the metal mounting arm sturdy enough to withstand constant adjustment by multiple people throughout the day?,Is the mirror mounted high enough to be out of reach of small children to prevent accidental damage?
image_137_jpg.rf.3480ed0d1710eab21da1bc66bff1daf3.jpg,mirror,0.1679183095693588,155.02120971679688,-4.364147186279297,518.3828735351562,336.04852294921875,"Is that smaller, wall-mounted round mirror magnified and lit well enough for detailed grooming like shaving or applying makeup?","Does the LED border on the main mirror provide bright, even front-facing light, or will I need to rely on overhead lighting?","Is the main mirror tall enough to see my upper body outfit, or is it strictly positioned for face-level use?",Is the main rectangular mirror wide enough for two people to stand side-by-side and get ready at the same time?,Can the swing arm on the round mirror extend far enough out so one person can use it while the other uses the main sink area?,"Do the lights on the mirrors have a dimmer setting so we can have softer, less harsh lighting in the evening?",Does the main mirror have a heated anti-fog feature so the next person can use it immediately after someone takes a hot shower?,Is the extendable round mirror adjustable enough for family members of different heights to use comfortably?,"Is the lighting from the mirror bright enough to illuminate the whole bathroom, helping us avoid fumbling around for switches during night visits?"
image_203_jpg.rf.f71b0a1ed01d66d2ffa973e33be4a2eb.jpg,mirror,0.1921668350696563,2.5672340393066406,-0.1425552368164062,377.2857055664063,320.1018981933594,Is the lighting above the mirror bright and shadow-free enough for detailed grooming like shaving or applying makeup?,Does the large mirror help the bathroom feel more spacious and open for a comfortable solo stay?,Is the mirror positioned at a good height relative to that vessel sink so I can get close without leaning uncomfortably?,Is the mirror wide enough for two people to stand side-by-side and get ready for a night out simultaneously?,"Since the mirror directly reflects the glass shower next to it, does that impact privacy if one of us is using the vanity while the other showers?",Does the mirror reflect enough light to make the bathroom bright and inviting for two people sharing the space?,"With the shower located right next to the mirror, does the glass fog up immediately, preventing the rest of the group from using it?",Is the mirror large enough to allow one person to fix their hair while another brushes their teeth to speed up our morning routine?,Does the mirror extend low enough for children to see themselves without needing to be lifted up to the counter?
image_203_jpg.rf.f71b0a1ed01d66d2ffa973e33be4a2eb.jpg,mirror,0.1489961892366409,-0.0619411468505859,7.250385284423828,196.79916381835935,270.4073486328125,Does the overhead recessed lighting provide enough brightness on the mirror for detailed grooming like shaving or applying makeup?,"Since the mirror reflects the shower area so closely, does it have a demister function to prevent it from fogging up after a hot shower?",Is the mirror mounted high enough above that wall-mounted faucet to avoid getting splashed every time I wash my face?,Is the mirror wide enough for two people to stand side-by-side and brush their teeth at the same time without bumping elbows?,Does the glass extend low enough to the countertop to comfortably accommodate partners of significantly different heights?,"Based on the reflection, is the bathroom layout spacious enough for one person to use the mirror while the other uses the shower behind the sliding doors?",Does the mirror sit low enough on the backsplash so that younger children can see themselves while using the sink?,Is the large glass surface durable and securely mounted to withstand accidental bumps from active kids?,Does the mirror span the entire length of the vanity so multiple family members can do a final appearance check before leaving for the day?
image_203_jpg.rf.f71b0a1ed01d66d2ffa973e33be4a2eb.jpg,mirror,0.1555355489253997,104.0195083618164,5.420503616333008,483.9145202636719,286.8011474609375,Is the overhead lighting bright enough to use this mirror for detailed grooming like shaving or applying makeup?,Does the mirror fog up immediately after using the shower since it is positioned right next to the glass enclosure?,"Does the mirror extend low enough to provide a view of my torso for checking my outfit, or is it only for face-level use?",Is the mirror wide enough for both of us to stand side-by-side and get ready for dinner at the same time?,Does the mirror allow for a second person to fix their hair while the other person is using the sink?,"Since the mirror reflects the shower area, does the steam from a hot shower obscure the reflection for the person trying to use the vanity?","Is the mirror mounted low enough for children to see themselves, or does the raised vessel sink block their view?","Can multiple family members crowd around this mirror to brush teeth, or is the standing space too narrow?","Because the faucet is wall-mounted, does water tend to splash up onto the mirror glass when kids are washing their hands?"
image_203_jpg.rf.f71b0a1ed01d66d2ffa973e33be4a2eb.jpg,mirror,0.1003377735614776,0.5500030517578125,38.646629333496094,287.89080810546875,275.1288146972656,Is the overhead lighting reflected in the mirror bright enough for detailed grooming like shaving or applying makeup?,"Since the mirror is positioned right next to the shower, does it have good ventilation to keep from fogging up completely after a hot shower?",Is the mirror positioned high enough above the wall-mounted faucet to avoid getting constantly splashed while I'm washing up?,Is the mirror wide enough for two people to stand side-by-side and get ready for a night out without being crowded?,Does the reflection of the clear glass shower compromise privacy if one person is using the sink while the other is showering?,"Does the large, wall-to-wall design of the mirror make the bathroom feel spacious enough for two people to share comfortably?",Does the mirror span the full length of the vanity so multiple family members can brush their teeth at the same time?,"Is the bottom edge of the mirror low enough for children to see their reflection, or is it mounted too high up?","With the mirror sitting directly on the backsplash, is it difficult to keep clean and smudge-free when a whole group is using the bathroom?"
image_203_jpg.rf.f71b0a1ed01d66d2ffa973e33be4a2eb.jpg,mirror,0.1061193272471427,-0.7635974884033203,29.46043968200684,208.73873901367188,271.9674987792969,Is the overhead lighting reflected in the mirror bright and even enough for detailed grooming tasks like shaving or applying makeup?,Does the mirror extend low enough to the backsplash to give me a complete view while using the sink?,"Is the mirror positioned close enough to the faucet handle for easy reach, or will I have to lean far over the counter to see up close?",Is this mirror wide enough to allow two people to stand side-by-side and get ready for dinner without bumping elbows?,"Since the mirror reflects the shower directly, does the bathroom have strong ventilation to keep the glass from fogging up while my partner showers?",Does the mirror offer a tall enough vertical reflection to comfortably accommodate two people of significantly different heights?,Does the mirror span the full length of the wall so multiple family members can brush their teeth or check their hair at the same time?,Is the glass mounted high enough above the faucet to prevent it from getting constantly splashed by kids washing their hands?,Does the large size of the mirror help the bathroom feel more spacious and less claustrophobic when the whole family is trying to use the area?
image_203_jpg.rf.f71b0a1ed01d66d2ffa973e33be4a2eb.jpg,mirror,0.1307007372379303,197.7709045410156,34.17285919189453,351.298828125,282.16357421875,Is the lighting above the mirror bright and neutral enough for detailed grooming tasks like shaving or applying makeup?,"Does the mirror extend high enough to provide a full head-and-shoulders view, or is it cut off near the top?","Since the mirror is positioned directly above the wall-mounted faucet, does it stay clear of water splashes during quick uses?",Is the mirror wide enough for two people to stand side-by-side and brush their teeth at the same time without bumping elbows?,"Given that the mirror reflects the shower area, does it tend to fog up completely when the shower is in use?","Is there enough reflected light to make the bathroom feel spacious for two people, or does the placement make the sink area feel cramped?","Is the bottom edge of the mirror low enough for children to see themselves, or is it mounted too high above the sink?",Does the mirror provide a wide enough field of view for a parent to help a child get ready while standing next to them?,Can I use the mirror's reflection to keep an eye on kids in the glass shower enclosure while I'm at the sink?
image_203_jpg.rf.f71b0a1ed01d66d2ffa973e33be4a2eb.jpg,mirror,0.1233463287353515,86.93246459960938,120.20447540283205,191.3407287597656,271.6580505371094,Does the overhead lighting reflected in the mirror provide enough brightness for detailed grooming like shaving or applying makeup?,"Is the mirror tall enough to see my upper body clearly, or is it positioned too high relative to the counter?",Is the glass clear and distortion-free to ensure I can get ready efficiently on my own?,Is the mirror wide enough for both of us to stand side-by-side and get ready for dinner at the same time?,Does the mirror fog up quickly when the shower visible in the reflection is running?,"Does the large, frameless design make the bathroom feel spacious and luxurious for a romantic stay?",Is the mirror mounted low enough above the backsplash for children to be able to see themselves while brushing their teeth?,Is the reflective surface expansive enough for multiple family members to check their hair or makeup simultaneously to save time?,"given the reflection of the shower doors, is the bathroom layout spacious enough for someone to use the mirror while another person accesses the shower?"
image_130_jpg.rf.476cff32d98996883f4ff292bb5853aa.jpg,mirror,0.1204748079180717,375.8687744140625,102.74041748046876,593.012939453125,362.53326416015625,Is that long light bar above the mirror bright enough for detailed grooming tasks like shaving or applying makeup?,Does the mirror provide a large enough vertical reflection to check my full outfit before I head out for the day?,Is there enough counter space directly in front of the mirror to lay out my toiletries bag without it feeling cramped?,Is the mirror wide enough for both of us to stand side-by-side and freshen up without bumping elbows?,Does the overhead lighting illuminate the whole vanity width evenly so we can both get ready for dinner at the same time?,"Since there is only one sink, is the mirror spacious enough to let one person do their hair while the other uses the basin?",Does the mirror start low enough to the counter so that younger children can see themselves while washing their hands?,"Since the mirror reflects the bedroom area, can I use it to keep an eye on the kids or watch the TV while I'm in the bathroom?",Is the mirror surface large enough for multiple people to do quick checks simultaneously during the morning rush?
image_167_jpg.rf.984b4ef6ed6d741ce9b956c8459d21dd.jpg,mirror,0.1004222631454467,355.0865173339844,182.9939422607422,401.1885986328125,348.06085205078125,"Is the overhead showerhead height adjustable, or is it fixed in that position?",Are the toiletries provided in the wall-mounted rack high-quality brands?,Does the glass door handle double as a convenient place to hang a towel within reach?,Is the shower enclosure spacious enough for two people to move around comfortably?,Does the clear glass partition offer enough privacy from the rest of the bathroom area?,"Is the water pressure from that showerhead strong enough for a relaxing, luxurious experience?","Since there is no handheld wand visible, will it be difficult to wash small children in this shower?",Does the glass door effectively prevent water from splashing out onto the floor when used by multiple people?,Are the refillable bottles in the rack large enough to last for a whole family's stay?
image_167_jpg.rf.984b4ef6ed6d741ce9b956c8459d21dd.jpg,mirror,0.364923745393753,-0.4549551010131836,2.584457397460937,136.8933868408203,400.0831298828125,Is the integrated LED ring light bright and even enough for detailed grooming tasks like applying makeup or shaving?,"Does the tall, vertical shape of the mirror provide a sufficient view of my upper body and outfit, or is it mostly just for face-level use?","Does the modern, backlit design contribute to a luxurious and relaxing atmosphere for my solo trip?","Is the mirror wide enough for two people to stand side-by-side and check their appearance before dinner, or will we have to take turns?","Does the soft backlighting around the frame create a nice, ambient mood in the bathroom for a romantic getaway?",given the mirror is centered over a?,Since this is a?,Is there enough mirror space for a family getting ready?,Are there additional mirrors in the room for convenience?
image_267_jpg.rf.229d48eef8076db5aa091bfa8de23edb.jpg,mirror,0.1212938502430915,62.12035369873047,-0.3211212158203125,381.0653381347656,637.7620849609375,"Since the mirror is quite tall and reaches the ceiling, does it reflect enough of my body to check my outfit, or is it strictly for face-level grooming?",Is the overhead lighting reflected in the top of the mirror bright enough for detailed tasks like shaving or applying makeup?,Does the narrow width of the mirror feel restrictive or cramped when I'm trying to get ready quickly in the morning?,The mirror appears to be the same width as the sink; is there actually enough elbow room for two people to stand side-by-side and get ready for dinner?,Does the vertical design of the mirror accommodate partners with a significant height difference without cutting anyone's reflection off?,Does the natural light from the blinds next to the mirror cause difficult glare when we are both trying to use the bathroom space?,"Is the bottom of the mirror mounted low enough for children to see themselves while washing their hands, or is it positioned too high?","With the mirror placed in such a compact corner, does the area become a bottleneck when multiple family members need to brush their teeth?","Is the glass quality durable and securely mounted, given that this looks like a high-traffic area for a group?"
image_267_jpg.rf.229d48eef8076db5aa091bfa8de23edb.jpg,mirror,0.1152543351054191,197.1661376953125,-5.228900909423828,330.6053161621094,432.7901611328125,"Is this narrow mirror wide enough to check my outfit properly, or is it just for face-level grooming?",Is the lighting directly above the mirror bright enough for detailed tasks like shaving or applying makeup?,"Since the mirror is so tall, does it allow me to see my full reflection without having to step back into the hallway?",Is the vanity area around this slim mirror spacious enough to hold toiletry bags for two people?,"Does the mirror's reflection show the shower area behind it, which might be a privacy concern if we are using the bathroom at the same time?","Is the mirror wide enough for us to stand side-by-side for a quick check, or is it strictly for one person at a time?","Is the mirror glass durable and securely mounted, considering it appears to span all the way from the counter to the ceiling?",Does the narrow width make it difficult to help a child with brushing teeth or hair while standing next to them?,Is the lower part of the mirror accessible for younger children to see themselves while washing their hands?
image_267_jpg.rf.229d48eef8076db5aa091bfa8de23edb.jpg,mirror,0.3349460363388061,192.05491638183597,-1.0463905334472656,329.86212158203125,430.461669921875,"Since the mirror is quite narrow, does it provide a wide enough viewing angle to easily check my full outfit before leaving?",Is the lighting reflected in the upper part of the glass bright enough for detailed grooming tasks like shaving or applying makeup?,"Does the mirror's tall design allow me to see my full reflection from a distance, or is the bathroom too tight for that?","Given how slim this mirror is, will we need to take turns getting ready, or is there enough room for two people to stand side-by-side?","Is the small wooden niche to the right the only storage, or is there enough ledge space under the mirror for both of our toiletries?",The mirror extends very high up—does the height accommodate partners with significant height differences comfortably?,"With such a narrow mirror and sink area, is it difficult for a parent to help a child brush their teeth at the same time?",Does the mirror glass start low enough on the wall for younger children to see their reflection without being lifted up?,Is the area around the narrow mirror spacious enough for multiple people to move around without bumping into the blinds or door?
image_267_jpg.rf.229d48eef8076db5aa091bfa8de23edb.jpg,mirror,0.1438542753458023,103.50968170166016,-0.903034210205078,336.8539123535156,466.8233642578125,"Is the mirror tall enough to use as a full-length mirror for checking my outfit, or does the sink block the lower view?",Is the overhead lighting reflected in the mirror bright enough for detailed grooming like shaving or applying makeup?,"Since the mirror is quite narrow, is it positioned well enough to see my whole reflection without moving around?","Is the mirror wide enough for two people to stand side-by-side and get ready, or will we need to take turns?",Is there enough counter space or shelving near the mirror for both of our toiletry bags?,Do the blinds next to the mirror close tightly to ensure privacy while we are using the bathroom area?,Is the mirror mounted low enough for children to see themselves while brushing their teeth?,Does the mirror open up as a cabinet to store extra toiletries for the whole family?,Is the space around the sink large enough for a parent to help a child without blocking the view of the mirror?
image_267_jpg.rf.229d48eef8076db5aa091bfa8de23edb.jpg,mirror,0.1669909209012985,303.88726806640625,40.46335220336914,333.6504821777344,398.8948059082031,Is the lighting near this mirror bright enough for applying makeup or detailed grooming?,"Since this appears to be a cabinet, is there storage space inside for my toiletries?","Is the mirror tall enough to check my outfit, or does it only show my face?",Is the counter space around the sink wide enough for two people to place their toiletry bags?,Is the bathroom area spacious enough for us to get ready simultaneously without bumping elbows?,Do the window shutters provide total privacy while still letting in natural light?,Is the mirror mounted low enough for children to see themselves while washing their hands?,Is the cabinet mechanism sturdy and safe for use by younger family members?,"Is this the only mirror in the unit, or is there another one to prevent a bottleneck in the morning?"
image_267_jpg.rf.229d48eef8076db5aa091bfa8de23edb.jpg,mirror,0.1532198935747146,205.18521118164065,210.59014892578125,243.55247497558597,432.6676940917969,Is this mirror actually full-length so I can check my entire outfit from shoes to head before heading out?,"Since the mirror looks quite narrow on that panel, do I have to stand far back to see my full reflection?","Is the lighting in this hallway or closet area bright enough for detailed grooming, or is it too dim?",Is this mirror located outside the bathroom so one of us can check our look while the other is showering?,Does opening the door that the mirror is mounted on block the walkway for my partner?,"Is the mirror wide enough for a quick joint outfit check, or is it strictly sized for one person at a time?",Does the mirror start low enough to the ground for children to be able to see themselves?,Is the mirror securely mounted to that wood panel so it won't rattle or break if kids slam the door?,"Is this the only mirror available in the main room, or will we need to wait in line to use it?"
image_267_jpg.rf.229d48eef8076db5aa091bfa8de23edb.jpg,mirror,0.2208285927772522,262.2509155273437,187.48985290527344,299.5486755371094,413.7932739257813,"Since the mirror appears quite narrow, is it wide enough to easily check my appearance before heading out?",Is the lighting around this vanity area bright enough for detailed grooming like shaving or applying makeup?,Is the faucet positioned far enough away from the glass so I don't constantly splash the mirror while washing up?,Is this mirror too narrow for two people to stand side-by-side and get ready at the same time?,Is there enough counter space next to that sink faucet to hold two distinct sets of toiletries?,"Is this the only mirror available in the room, or is there a separate full-length mirror so we don't have to wait for each other?",Is the mirror mounted low enough for children to see themselves while brushing their teeth?,"Given the slim design, does this bathroom setup create a bottleneck when a whole family is trying to get ready in the morning?",Is the mirror securely mounted and durable enough to handle high traffic from a group staying in the room?
image_122_jpg.rf.0df75f7179e29603796b3c0ebe114cec.jpg,mirror,0.1221913620829582,249.96763610839844,65.550048828125,348.9820556640625,308.447021484375,"Is the vertical oval shape tall enough for me to check my outfit, or does it only show my face and shoulders?",Does the window reflected in the glass provide enough natural light for applying makeup or shaving closely?,Is the mirror positioned at a comfortable height so I don't have to lean too far over the sink to see clearly?,Is this mirror wide enough for both of us to stand side-by-side and brush our teeth at the same time?,"Since the mirror looks a bit narrow, is there a second mirror in the room so we don't delay each other getting ready?",Does the glass fog up easily when one person is showering while the other is trying to use the mirror?,Is the mirror mounted low enough for children to see themselves while washing their hands?,"With the soap dispensers mounted right there, is there enough surrounding shelf space for a whole family's toiletries?",Is the mirror securely mounted and durable enough to handle the high traffic of a busy family bathroom?
image_97_jpg.rf.63c4d7b7127328ba942d158b97c4bea1.jpg,mirror,0.1655774265527725,502.6763610839844,0.0596809387207031,638.3416137695312,442.10693359375,Is the lighting from the side sconce bright enough for detailed grooming tasks like shaving or applying makeup?,"Does the mirror provide a clear, distortion-free reflection so I can quickly check my appearance before heading out?",Is the shelf space below the mirror ample enough to hold my toiletry bag without blocking my view?,"Since there are dual faucets, is the mirror wide enough for both of us to get ready side-by-side without crowding each other?","Does the elegant gold frame and marble setup give the bathroom a romantic, upscale vibe for our stay?","Is the mirror positioned to catch natural light from the window, ensuring we both have good lighting for evening prep?",Is the mirror expansive enough to allow multiple family members to brush their teeth or wash faces simultaneously?,"Is the bottom edge of the mirror mounted low enough for children to see themselves, or is it strictly at adult height?",Does the large reflective surface help the bathroom feel more spacious and less cramped when the whole family is getting ready?
image_97_jpg.rf.63c4d7b7127328ba942d158b97c4bea1.jpg,mirror,0.3161265254020691,500.26458740234375,1.6529083251953125,640.2021484375,434.2467041015625,Does the natural light reflected from the window make it easy to apply makeup or shave in this mirror?,"Is the mirror tall enough to give me a decent view of my outfit, even though it's mounted over the vanity?","Does the elaborate gold frame give the bathroom the high-end, luxurious feel I'm looking for in a solo getaway?","Since there appear to be multiple faucets, is the?",Are there dual sinks with individual mirror space?,Can both partners see clearly without crowding?,"Is the vanity mirror expansive enough to handle the ""morning rush"" with multiple family members brushing their teeth at once?",Does the mirror start low enough above the backsplash so that younger children can see themselves while washing their hands?,Is the marble countertop shown in the reflection large enough to hold toiletry bags for the whole family without cluttering the sink area?
image_97_jpg.rf.63c4d7b7127328ba942d158b97c4bea1.jpg,mirror,0.111591912806034,510.9913635253906,203.0433654785156,625.6812133789062,401.7576904296875,Does the window reflection provide enough natural light to apply makeup accurately without needing extra lamps?,"Is the mirror tall enough to check my upper-body outfit, or is it strictly focused on face-level grooming?",Are the wall sconces visible on the side bright enough for shaving or skincare if I'm getting ready at night?,Is the mirror wide enough for both of us to stand side-by-side and brush our teeth without bumping elbows?,Is the vanity counter below the mirror spacious enough to hold two separate toiletry bags?,"Since the lighting comes from the sides and window, does it provide even illumination for two people standing at opposite ends?",Does the mirror start low enough above the sink for children to see themselves while washing up?,Is the large glass surface easy to wipe down if multiple people are splashing water during the morning rush?,"Is the ornate gold frame durable and securely mounted, or is it delicate and prone to damage with kids around?"
