image,label,score,x1,y1,x2,y2
image_246_jpg.rf.bf654f9bea58522d45bd35f379a46590.jpg,"framed mirror in bathroom or bedroom, above sink or dresser",0.216194286942482,265.70208740234375,-5.431108474731445,367.9784851074219,268.67578125
image_246_jpg.rf.bf654f9bea58522d45bd35f379a46590.jpg,"framed mirror in bathroom or bedroom, above sink or dresser",0.3454543948173523,257.38323974609375,-7.736349105834961,371.8577880859375,272.3477783203125
image_246_jpg.rf.bf654f9bea58522d45bd35f379a46590.jpg,"framed mirror in bathroom or bedroom, above sink or dresser",0.15445803105831146,285.87664794921875,141.9791259765625,352.16644287109375,276.3892822265625
image_246_jpg.rf.bf654f9bea58522d45bd35f379a46590.jpg,"framed mirror in bathroom or bedroom, above sink or dresser",0.18064050376415253,250.03265380859375,145.36737060546875,282.47808837890625,252.7610626220703
image_246_jpg.rf.bf654f9bea58522d45bd35f379a46590.jpg,"framed mirror in bathroom or bedroom, above sink or dresser",0.27758046984672546,250.87362670898438,197.89993286132812,282.3146667480469,253.67408752441406
image_246_jpg.rf.bf654f9bea58522d45bd35f379a46590.jpg,"framed mirror in bathroom or bedroom, above sink or dresser",0.16856393218040466,352.58984375,136.66897583007812,366.95880126953125,269.78179931640625
image_246_jpg.rf.bf654f9bea58522d45bd35f379a46590.jpg,"framed mirror in bathroom or bedroom, above sink or dresser",0.17927326261997223,575.3399047851562,107.63067626953125,592.6735229492188,372.8311767578125
image_246_jpg.rf.bf654f9bea58522d45bd35f379a46590.jpg,"framed mirror in bathroom or bedroom, above sink or dresser",0.15722663700580597,47.788246154785156,117.1788330078125,63.515098571777344,371.6893310546875
image_6_jpg.rf.5928fc1c05757811bf00692239e4d68d.jpg,"framed mirror in bathroom or bedroom, above sink or dresser",0.10052791237831116,2.0630836486816406,1.5191650390625,638.6156616210938,637.6690063476562
image_6_jpg.rf.5928fc1c05757811bf00692239e4d68d.jpg,"framed mirror in bathroom or bedroom, above sink or dresser",0.10210061818361282,26.85673713684082,20.613994598388672,278.16046142578125,645.4613647460938
image_6_jpg.rf.5928fc1c05757811bf00692239e4d68d.jpg,"framed mirror in bathroom or bedroom, above sink or dresser",0.11252043396234512,574.629150390625,102.2991943359375,609.0463256835938,335.8068542480469
image_6_jpg.rf.5928fc1c05757811bf00692239e4d68d.jpg,"framed mirror in bathroom or bedroom, above sink or dresser",0.1336824893951416,121.57991027832031,137.81704711914062,170.01971435546875,326.57330322265625
image_6_jpg.rf.5928fc1c05757811bf00692239e4d68d.jpg,"framed mirror in bathroom or bedroom, above sink or dresser",0.14202840626239777,568.4453125,106.41605377197266,594.6714477539062,330.65618896484375
image_6_jpg.rf.5928fc1c05757811bf00692239e4d68d.jpg,"framed mirror in bathroom or bedroom, above sink or dresser",0.3752427399158478,567.1752319335938,42.52641677856445,618.02880859375,332.6397705078125
image_179_jpg.rf.2046e017069821bdb6bfbb1423ec8b18.jpg,"framed mirror in bathroom or bedroom, above sink or dresser",0.3005388379096985,283.46636962890625,50.85685729980469,457.1495361328125,347.17083740234375
image_179_jpg.rf.2046e017069821bdb6bfbb1423ec8b18.jpg,"framed mirror in bathroom or bedroom, above sink or dresser",0.13742370903491974,284.87445068359375,56.463287353515625,450.1539306640625,341.3827209472656
image_179_jpg.rf.2046e017069821bdb6bfbb1423ec8b18.jpg,"framed mirror in bathroom or bedroom, above sink or dresser",0.14425905048847198,292.48248291015625,140.8264923095703,349.35443115234375,335.77764892578125
image_13_jpg.rf.43c588bd000b72d6d9552f97c2f42db5.jpg,"framed mirror in bathroom or bedroom, above sink or dresser",0.13927775621414185,531.0904541015625,48.5394287109375,636.9183959960938,370.1455993652344
image_13_jpg.rf.43c588bd000b72d6d9552f97c2f42db5.jpg,"framed mirror in bathroom or bedroom, above sink or dresser",0.1282612681388855,-1.5800690650939941,96.31844329833984,74.21659851074219,365.8523254394531
image_13_jpg.rf.43c588bd000b72d6d9552f97c2f42db5.jpg,"framed mirror in bathroom or bedroom, above sink or dresser",0.19604425132274628,533.1267700195312,70.57621765136719,638.43212890625,362.70208740234375
image_114_jpg.rf.518343caea84887259cea3d8eee11a21.jpg,"framed mirror in bathroom or bedroom, above sink or dresser",0.22926931083202362,466.424560546875,78.92762756347656,625.5933837890625,573.0670166015625
image_114_jpg.rf.518343caea84887259cea3d8eee11a21.jpg,"framed mirror in bathroom or bedroom, above sink or dresser",0.149436816573143,476.362548828125,86.36112213134766,595.6199951171875,429.0895080566406
image_218_jpg.rf.6558100503069405cca71993550d65eb.jpg,"framed mirror in bathroom or bedroom, above sink or dresser",0.11535852402448654,0.6834030151367188,0.9867286682128906,639.3037719726562,636.2554321289062
image_218_jpg.rf.6558100503069405cca71993550d65eb.jpg,"framed mirror in bathroom or bedroom, above sink or dresser",0.151798278093338,217.0636749267578,62.95185089111328,271.21490478515625,312.7487487792969
image_218_jpg.rf.6558100503069405cca71993550d65eb.jpg,"framed mirror in bathroom or bedroom, above sink or dresser",0.1239941343665123,252.08970642089844,64.32516479492188,381.3815002441406,316.3556213378906
image_10_jpg.rf.bbc7a29849eff29343a718a01f749d57.jpg,"framed mirror in bathroom or bedroom, above sink or dresser",0.13779868185520172,121.06916809082031,-0.19678115844726562,333.96966552734375,635.8541870117188
image_10_jpg.rf.bbc7a29849eff29343a718a01f749d57.jpg,"framed mirror in bathroom or bedroom, above sink or dresser",0.12700898945331573,241.5009765625,2.7036070823669434,297.0382080078125,48.412811279296875
image_10_jpg.rf.bbc7a29849eff29343a718a01f749d57.jpg,"framed mirror in bathroom or bedroom, above sink or dresser",0.2980671525001526,376.799560546875,40.61836242675781,473.7797546386719,358.0353088378906
image_10_jpg.rf.bbc7a29849eff29343a718a01f749d57.jpg,"framed mirror in bathroom or bedroom, above sink or dresser",0.17363221943378448,380.4075622558594,55.44837188720703,469.66339111328125,350.4490966796875
image_133_jpg.rf.d4c6f845d488683069c325645fbb3425.jpg,"framed mirror in bathroom or bedroom, above sink or dresser",0.11453515291213989,2.6528549194335938,4.0865325927734375,637.100341796875,641.4026489257812
image_133_jpg.rf.d4c6f845d488683069c325645fbb3425.jpg,"framed mirror in bathroom or bedroom, above sink or dresser",0.21628768742084503,132.13116455078125,2.738666534423828,533.777587890625,465.839599609375
image_133_jpg.rf.d4c6f845d488683069c325645fbb3425.jpg,"framed mirror in bathroom or bedroom, above sink or dresser",0.12471650540828705,136.80172729492188,118.42214965820312,237.6398468017578,454.20892333984375
image_61_jpg.rf.a7730c74b553fed1b043c12f4a71c9ec.jpg,"framed mirror in bathroom or bedroom, above sink or dresser",0.13700081408023834,0.8045578002929688,-4.300708770751953,224.96568298339844,313.41082763671875
image_61_jpg.rf.a7730c74b553fed1b043c12f4a71c9ec.jpg,"framed mirror in bathroom or bedroom, above sink or dresser",0.13072635233402252,1.2441825866699219,96.37399291992188,205.81063842773438,367.34161376953125
image_61_jpg.rf.a7730c74b553fed1b043c12f4a71c9ec.jpg,"framed mirror in bathroom or bedroom, above sink or dresser",0.15100403130054474,0.5141830444335938,23.722858428955078,212.0868682861328,362.678466796875
image_61_jpg.rf.a7730c74b553fed1b043c12f4a71c9ec.jpg,"framed mirror in bathroom or bedroom, above sink or dresser",0.1380549520254135,-0.052585601806640625,4.507198333740234,253.69505310058594,600.5001831054688
image_146_jpg.rf.436ccc11f3e69461d441c8f6369cb2a9.jpg,"framed mirror in bathroom or bedroom, above sink or dresser",0.10743223130702972,-0.4941844940185547,4.826831817626953,191.1741943359375,361.88134765625
image_146_jpg.rf.436ccc11f3e69461d441c8f6369cb2a9.jpg,"framed mirror in bathroom or bedroom, above sink or dresser",0.16287563741207123,44.852272033691406,151.59173583984375,109.52467346191406,350.72088623046875
image_146_jpg.rf.436ccc11f3e69461d441c8f6369cb2a9.jpg,"framed mirror in bathroom or bedroom, above sink or dresser",0.1281484067440033,1.3736724853515625,143.76007080078125,125.3450927734375,352.0180969238281
image_146_jpg.rf.436ccc11f3e69461d441c8f6369cb2a9.jpg,"framed mirror in bathroom or bedroom, above sink or dresser",0.10573776811361313,157.07928466796875,3.7091636657714844,215.2918701171875,341.6729736328125
image_146_jpg.rf.436ccc11f3e69461d441c8f6369cb2a9.jpg,"framed mirror in bathroom or bedroom, above sink or dresser",0.10889825969934464,52.36286163330078,154.6043701171875,105.88707733154297,345.7141418457031
image_237_jpg.rf.01a26266609c357f003b7baeda4e1334.jpg,"framed mirror in bathroom or bedroom, above sink or dresser",0.11698831617832184,214.21450805664062,20.44358253479004,349.33453369140625,336.6719055175781
image_237_jpg.rf.01a26266609c357f003b7baeda4e1334.jpg,"framed mirror in bathroom or bedroom, above sink or dresser",0.2551839351654053,213.28460693359375,20.355606079101562,350.6753234863281,335.49676513671875
image_200_jpg.rf.2b4e56fc4f50e4cd654b07d53f5e5ceb.jpg,"framed mirror in bathroom or bedroom, above sink or dresser",0.1530781090259552,1.1907291412353516,0.28682708740234375,207.2271728515625,327.489990234375
image_55_jpg.rf.ad0587faf29e3d674bac9922e9c784b4.jpg,"framed mirror in bathroom or bedroom, above sink or dresser",0.1253078430891037,-3.271923065185547,-3.930377960205078,632.666015625,633.8573608398438
image_55_jpg.rf.ad0587faf29e3d674bac9922e9c784b4.jpg,"framed mirror in bathroom or bedroom, above sink or dresser",0.14229866862297058,179.07498168945312,1.2306690216064453,291.7274169921875,199.01321411132812
image_118_jpg.rf.4efa5830a77adb53ece8e2f80e2b399c.jpg,"framed mirror in bathroom or bedroom, above sink or dresser",0.10527326166629791,2.0079994201660156,4.829730987548828,639.7732543945312,640.9403076171875
image_118_jpg.rf.4efa5830a77adb53ece8e2f80e2b399c.jpg,"framed mirror in bathroom or bedroom, above sink or dresser",0.2224089652299881,171.19065856933594,89.62832641601562,247.46603393554688,351.0567626953125
image_118_jpg.rf.4efa5830a77adb53ece8e2f80e2b399c.jpg,"framed mirror in bathroom or bedroom, above sink or dresser",0.44841375946998596,296.152099609375,62.46601104736328,395.08782958984375,369.8704528808594
image_118_jpg.rf.4efa5830a77adb53ece8e2f80e2b399c.jpg,"framed mirror in bathroom or bedroom, above sink or dresser",0.18960976600646973,297.26409912109375,65.38410186767578,393.55859375,369.4047546386719
image_118_jpg.rf.4efa5830a77adb53ece8e2f80e2b399c.jpg,"framed mirror in bathroom or bedroom, above sink or dresser",0.1515827476978302,162.79205322265625,80.66967010498047,255.1219482421875,424.7256164550781
image_173_jpg.rf.ce2a81f81adb2151fe45f2b56031abee.jpg,"framed mirror in bathroom or bedroom, above sink or dresser",0.17093652486801147,417.220703125,125.78666687011719,562.045654296875,610.6954956054688
image_173_jpg.rf.ce2a81f81adb2151fe45f2b56031abee.jpg,"framed mirror in bathroom or bedroom, above sink or dresser",0.10501038283109665,413.1717224121094,127.15896606445312,562.38330078125,617.89990234375
image_173_jpg.rf.ce2a81f81adb2151fe45f2b56031abee.jpg,"framed mirror in bathroom or bedroom, above sink or dresser",0.18463832139968872,50.66749572753906,7.689056396484375,348.70220947265625,396.5670471191406
image_173_jpg.rf.ce2a81f81adb2151fe45f2b56031abee.jpg,"framed mirror in bathroom or bedroom, above sink or dresser",0.15746711194515228,439.619873046875,168.19351196289062,495.2830810546875,358.2308349609375
image_253_jpg.rf.fbb288d5deb3e9c26ffb4e277f35a244.jpg,"framed mirror in bathroom or bedroom, above sink or dresser",0.18155555427074432,195.2706756591797,33.808067321777344,307.65234375,325.6828308105469
image_253_jpg.rf.fbb288d5deb3e9c26ffb4e277f35a244.jpg,"framed mirror in bathroom or bedroom, above sink or dresser",0.2096155434846878,344.95068359375,33.331642150878906,451.4927978515625,321.61138916015625
image_182_jpg.rf.61b5c8c71de50ed76c315fec72f7527f.jpg,"framed mirror in bathroom or bedroom, above sink or dresser",0.10602297633886337,1.1460494995117188,0.9188079833984375,639.6339721679688,639.903076171875
image_182_jpg.rf.61b5c8c71de50ed76c315fec72f7527f.jpg,"framed mirror in bathroom or bedroom, above sink or dresser",0.18232403695583344,338.33807373046875,1.3942337036132812,636.9973754882812,313.71099853515625
image_182_jpg.rf.61b5c8c71de50ed76c315fec72f7527f.jpg,"framed mirror in bathroom or bedroom, above sink or dresser",0.13524258136749268,359.79193115234375,157.4111328125,387.9703369140625,215.676025390625
image_182_jpg.rf.61b5c8c71de50ed76c315fec72f7527f.jpg,"framed mirror in bathroom or bedroom, above sink or dresser",0.3958881199359894,294.50128173828125,164.53103637695312,337.5360107421875,224.6145477294922
image_182_jpg.rf.61b5c8c71de50ed76c315fec72f7527f.jpg,"framed mirror in bathroom or bedroom, above sink or dresser",0.15602722764015198,349.5500183105469,110.15780639648438,422.13079833984375,301.13372802734375
image_182_jpg.rf.61b5c8c71de50ed76c315fec72f7527f.jpg,"framed mirror in bathroom or bedroom, above sink or dresser",0.38462626934051514,340.7548522949219,0.2744579315185547,635.0711669921875,313.816650390625
image_182_jpg.rf.61b5c8c71de50ed76c315fec72f7527f.jpg,"framed mirror in bathroom or bedroom, above sink or dresser",0.104775071144104,345.890380859375,50.46238708496094,632.7765502929688,307.11328125
image_182_jpg.rf.61b5c8c71de50ed76c315fec72f7527f.jpg,"framed mirror in bathroom or bedroom, above sink or dresser",0.13030686974525452,348.40997314453125,175.58554077148438,392.0625305175781,296.63214111328125
image_182_jpg.rf.61b5c8c71de50ed76c315fec72f7527f.jpg,"framed mirror in bathroom or bedroom, above sink or dresser",0.20933881402015686,347.0223693847656,1.396169662475586,617.2965698242188,306.5234680175781
image_182_jpg.rf.61b5c8c71de50ed76c315fec72f7527f.jpg,"framed mirror in bathroom or bedroom, above sink or dresser",0.1386246383190155,264.701416015625,493.8468017578125,489.20135498046875,640.3568115234375
image_75_jpg.rf.d16642b220f8490112a4a090baeeb146.jpg,"framed mirror in bathroom or bedroom, above sink or dresser",0.13846933841705322,153.963134765625,107.80785369873047,319.7421875,148.36489868164062
image_75_jpg.rf.d16642b220f8490112a4a090baeeb146.jpg,"framed mirror in bathroom or bedroom, above sink or dresser",0.1505962759256363,146.29776000976562,104.462890625,329.0008239746094,317.9082946777344
image_75_jpg.rf.d16642b220f8490112a4a090baeeb146.jpg,"framed mirror in bathroom or bedroom, above sink or dresser",0.28201448917388916,145.7451171875,100.48930358886719,332.5686950683594,321.050537109375
image_75_jpg.rf.d16642b220f8490112a4a090baeeb146.jpg,"framed mirror in bathroom or bedroom, above sink or dresser",0.36335504055023193,144.87576293945312,100.4902572631836,332.5783996582031,320.08038330078125
image_75_jpg.rf.d16642b220f8490112a4a090baeeb146.jpg,"framed mirror in bathroom or bedroom, above sink or dresser",0.10730802267789841,198.9907989501953,177.44876098632812,266.5440673828125,207.5218505859375
image_75_jpg.rf.d16642b220f8490112a4a090baeeb146.jpg,"framed mirror in bathroom or bedroom, above sink or dresser",0.24376140534877777,145.26596069335938,123.2103042602539,325.59271240234375,318.4718017578125
image_75_jpg.rf.d16642b220f8490112a4a090baeeb146.jpg,"framed mirror in bathroom or bedroom, above sink or dresser",0.1171645000576973,535.7787475585938,162.9217529296875,639.5126953125,358.93621826171875
image_75_jpg.rf.d16642b220f8490112a4a090baeeb146.jpg,"framed mirror in bathroom or bedroom, above sink or dresser",0.12013758718967438,314.6858215332031,163.73138427734375,331.3870849609375,303.0726318359375
image_75_jpg.rf.d16642b220f8490112a4a090baeeb146.jpg,"framed mirror in bathroom or bedroom, above sink or dresser",0.13215820491313934,53.81114196777344,53.282432556152344,371.9470520019531,336.48992919921875
image_75_jpg.rf.d16642b220f8490112a4a090baeeb146.jpg,"framed mirror in bathroom or bedroom, above sink or dresser",0.14671996235847473,155.61117553710938,181.55929565429688,203.1536102294922,315.48992919921875
image_75_jpg.rf.d16642b220f8490112a4a090baeeb146.jpg,"framed mirror in bathroom or bedroom, above sink or dresser",0.10944774746894836,536.2522583007812,170.54019165039062,572.1390991210938,342.6392822265625
image_139_jpg.rf.940f7ad0f3dc9dae2ea48a181201db26.jpg,"framed mirror in bathroom or bedroom, above sink or dresser",0.13968127965927124,6.228446960449219,-1.8789863586425781,644.7470092773438,636.4124755859375
image_139_jpg.rf.940f7ad0f3dc9dae2ea48a181201db26.jpg,"framed mirror in bathroom or bedroom, above sink or dresser",0.12851302325725555,452.27508544921875,15.320262908935547,616.4856567382812,418.9384460449219
image_139_jpg.rf.940f7ad0f3dc9dae2ea48a181201db26.jpg,"framed mirror in bathroom or bedroom, above sink or dresser",0.12957972288131714,452.45123291015625,15.065288543701172,614.3292846679688,424.2686462402344
image_139_jpg.rf.940f7ad0f3dc9dae2ea48a181201db26.jpg,"framed mirror in bathroom or bedroom, above sink or dresser",0.3369578719139099,450.0854797363281,11.06130599975586,619.0455932617188,430.5567932128906
image_32_jpg.rf.38a2c7818f6adeec9a63045f3234fe0f.jpg,"framed mirror in bathroom or bedroom, above sink or dresser",0.1141992062330246,8.165512084960938,2.9858779907226562,646.0477294921875,640.0880126953125
image_32_jpg.rf.38a2c7818f6adeec9a63045f3234fe0f.jpg,"framed mirror in bathroom or bedroom, above sink or dresser",0.29030904173851013,479.4352722167969,54.482757568359375,570.4486083984375,366.1455078125
image_32_jpg.rf.38a2c7818f6adeec9a63045f3234fe0f.jpg,"framed mirror in bathroom or bedroom, above sink or dresser",0.11547946184873581,362.4612121582031,200.277099609375,399.96905517578125,279.04522705078125
image_32_jpg.rf.38a2c7818f6adeec9a63045f3234fe0f.jpg,"framed mirror in bathroom or bedroom, above sink or dresser",0.1061638817191124,489.3423767089844,242.4193572998047,513.6777954101562,306.93902587890625
image_32_jpg.rf.38a2c7818f6adeec9a63045f3234fe0f.jpg,"framed mirror in bathroom or bedroom, above sink or dresser",0.38327157497406006,465.083740234375,38.18634033203125,585.67041015625,395.9195556640625
image_32_jpg.rf.38a2c7818f6adeec9a63045f3234fe0f.jpg,"framed mirror in bathroom or bedroom, above sink or dresser",0.11846514791250229,460.33203125,38.521156311035156,587.1294555664062,400.2728576660156
image_53_jpg.rf.36b0dfee974de0cd6ce3450ef8605a4d.jpg,"framed mirror in bathroom or bedroom, above sink or dresser",0.178091898560524,-1.6903877258300781,1.1728858947753906,636.3750610351562,638.59814453125
image_53_jpg.rf.36b0dfee974de0cd6ce3450ef8605a4d.jpg,"framed mirror in bathroom or bedroom, above sink or dresser",0.10510540753602982,-3.6690568923950195,-1.9171142578125,87.53228759765625,572.6749267578125
image_53_jpg.rf.36b0dfee974de0cd6ce3450ef8605a4d.jpg,"framed mirror in bathroom or bedroom, above sink or dresser",0.15025125443935394,-2.3336124420166016,-0.5895233154296875,260.60986328125,574.99609375
image_53_jpg.rf.36b0dfee974de0cd6ce3450ef8605a4d.jpg,"framed mirror in bathroom or bedroom, above sink or dresser",0.2188125103712082,258.16363525390625,-3.4502410888671875,406.9332580566406,306.61114501953125
image_53_jpg.rf.36b0dfee974de0cd6ce3450ef8605a4d.jpg,"framed mirror in bathroom or bedroom, above sink or dresser",0.11226062476634979,258.2209777832031,-2.9126644134521484,407.3564147949219,312.80194091796875
image_53_jpg.rf.36b0dfee974de0cd6ce3450ef8605a4d.jpg,"framed mirror in bathroom or bedroom, above sink or dresser",0.16038765013217926,366.0699768066406,105.69235229492188,389.6850280761719,226.50946044921875
image_53_jpg.rf.36b0dfee974de0cd6ce3450ef8605a4d.jpg,"framed mirror in bathroom or bedroom, above sink or dresser",0.10022493451833725,263.78179931640625,2.833690643310547,642.0297241210938,589.6414794921875
image_53_jpg.rf.36b0dfee974de0cd6ce3450ef8605a4d.jpg,"framed mirror in bathroom or bedroom, above sink or dresser",0.1225815862417221,18.780227661132812,18.980388641357422,80.80615997314453,574.121826171875
image_53_jpg.rf.36b0dfee974de0cd6ce3450ef8605a4d.jpg,"framed mirror in bathroom or bedroom, above sink or dresser",0.1949794739484787,365.0382080078125,102.93827819824219,390.06988525390625,291.4607238769531
image_53_jpg.rf.36b0dfee974de0cd6ce3450ef8605a4d.jpg,"framed mirror in bathroom or bedroom, above sink or dresser",0.12884855270385742,285.4322204589844,116.80516052246094,308.0492248535156,283.4509582519531
image_53_jpg.rf.36b0dfee974de0cd6ce3450ef8605a4d.jpg,"framed mirror in bathroom or bedroom, above sink or dresser",0.16170264780521393,266.4624328613281,43.83953857421875,384.917724609375,299.4927673339844
image_53_jpg.rf.36b0dfee974de0cd6ce3450ef8605a4d.jpg,"framed mirror in bathroom or bedroom, above sink or dresser",0.34727942943573,224.30142211914062,224.51412963867188,254.44320678710938,270.9044189453125
image_53_jpg.rf.36b0dfee974de0cd6ce3450ef8605a4d.jpg,"framed mirror in bathroom or bedroom, above sink or dresser",0.13132086396217346,457.5686950683594,4.240512847900391,637.1143188476562,429.91156005859375
image_53_jpg.rf.36b0dfee974de0cd6ce3450ef8605a4d.jpg,"framed mirror in bathroom or bedroom, above sink or dresser",0.1120404452085495,226.75628662109375,219.80064392089844,263.02203369140625,291.15704345703125
image_53_jpg.rf.36b0dfee974de0cd6ce3450ef8605a4d.jpg,"framed mirror in bathroom or bedroom, above sink or dresser",0.4357825219631195,264.4562072753906,-2.026348114013672,411.5589599609375,308.65155029296875
image_87_jpg.rf.9f514888f4a0ab4e2e39a6227aaac74c.jpg,"framed mirror in bathroom or bedroom, above sink or dresser",0.21330885589122772,-0.15145540237426758,7.128257751464844,60.70554733276367,332.14501953125
image_87_jpg.rf.9f514888f4a0ab4e2e39a6227aaac74c.jpg,"framed mirror in bathroom or bedroom, above sink or dresser",0.29818928241729736,137.4658966064453,64.90803527832031,210.2611083984375,312.9435729980469
image_87_jpg.rf.9f514888f4a0ab4e2e39a6227aaac74c.jpg,"framed mirror in bathroom or bedroom, above sink or dresser",0.13416558504104614,140.55540466308594,68.87035369873047,210.85348510742188,314.5753173828125
image_87_jpg.rf.9f514888f4a0ab4e2e39a6227aaac74c.jpg,"framed mirror in bathroom or bedroom, above sink or dresser",0.10839855670928955,0.3275489807128906,5.830249786376953,170.22218322753906,339.006591796875
image_111_jpg.rf.070571d3586f5fcab68762aa53d93558.jpg,"framed mirror in bathroom or bedroom, above sink or dresser",0.11428426951169968,165.09457397460938,-0.1551532745361328,262.0361328125,236.29066467285156
image_111_jpg.rf.070571d3586f5fcab68762aa53d93558.jpg,"framed mirror in bathroom or bedroom, above sink or dresser",0.15567392110824585,303.7257080078125,-2.244396209716797,389.691650390625,243.38670349121094
image_111_jpg.rf.070571d3586f5fcab68762aa53d93558.jpg,"framed mirror in bathroom or bedroom, above sink or dresser",0.16192728281021118,-0.2800273895263672,0.05948066711425781,264.9473876953125,238.634521484375
image_140_jpg.rf.4d2f450a006ca7c7aa661efc24f3cbf9.jpg,"framed mirror in bathroom or bedroom, above sink or dresser",0.3151310384273529,269.8663635253906,-7.224140167236328,533.1400756835938,349.89569091796875
image_199_jpg.rf.918792f3e8b6dcfef3a9f6d0b2875159.jpg,"framed mirror in bathroom or bedroom, above sink or dresser",0.12465038895606995,125.93588256835938,-2.7271080017089844,257.9004211425781,360.1497802734375
image_199_jpg.rf.918792f3e8b6dcfef3a9f6d0b2875159.jpg,"framed mirror in bathroom or bedroom, above sink or dresser",0.2357594519853592,123.64009094238281,-3.6145591735839844,265.16632080078125,373.79425048828125
image_199_jpg.rf.918792f3e8b6dcfef3a9f6d0b2875159.jpg,"framed mirror in bathroom or bedroom, above sink or dresser",0.11583766341209412,267.23089599609375,56.81373596191406,339.41778564453125,353.2658386230469
image_199_jpg.rf.918792f3e8b6dcfef3a9f6d0b2875159.jpg,"framed mirror in bathroom or bedroom, above sink or dresser",0.10951659828424454,131.42892456054688,175.04730224609375,162.064453125,354.0476989746094
image_158_jpg.rf.f0287dbf13b348dd94163bc0c772d71b.jpg,"framed mirror in bathroom or bedroom, above sink or dresser",0.21895834803581238,430.76739501953125,37.97492980957031,635.455810546875,448.4124755859375
image_158_jpg.rf.f0287dbf13b348dd94163bc0c772d71b.jpg,"framed mirror in bathroom or bedroom, above sink or dresser",0.10435135662555695,3.1954479217529297,5.172824859619141,302.3106689453125,444.736083984375
image_48_jpg.rf.58417ceffef427283fb8b8f28281bc90.jpg,"framed mirror in bathroom or bedroom, above sink or dresser",0.22258667647838593,394.447021484375,5.773401260375977,545.93896484375,307.70062255859375
image_48_jpg.rf.58417ceffef427283fb8b8f28281bc90.jpg,"framed mirror in bathroom or bedroom, above sink or dresser",0.3036460876464844,349.5086975097656,216.1622772216797,375.3900451660156,251.41905212402344
image_48_jpg.rf.58417ceffef427283fb8b8f28281bc90.jpg,"framed mirror in bathroom or bedroom, above sink or dresser",0.12104995548725128,410.7188720703125,219.62368774414062,429.1403503417969,254.37721252441406
image_48_jpg.rf.58417ceffef427283fb8b8f28281bc90.jpg,"framed mirror in bathroom or bedroom, above sink or dresser",0.4589442014694214,397.2176818847656,95.83407592773438,451.26416015625,304.5271301269531
image_48_jpg.rf.58417ceffef427283fb8b8f28281bc90.jpg,"framed mirror in bathroom or bedroom, above sink or dresser",0.38583314418792725,459.3326416015625,12.50218391418457,546.2706909179688,304.77880859375
image_80_jpg.rf.8bd153e3d312291f93accafcd2d9b128.jpg,"framed mirror in bathroom or bedroom, above sink or dresser",0.1398799568414688,-2.3528099060058594,-0.9869003295898438,239.8069610595703,397.94061279296875
image_80_jpg.rf.8bd153e3d312291f93accafcd2d9b128.jpg,"framed mirror in bathroom or bedroom, above sink or dresser",0.12472815811634064,-1.2132501602172852,109.61547088623047,88.4981918334961,400.5577392578125
image_176_jpg.rf.e4084663237b1a7bc0ad0c35b9432b7a.jpg,"framed mirror in bathroom or bedroom, above sink or dresser",0.1956554502248764,209.94894409179688,41.22138977050781,485.3239440917969,379.1691589355469
image_176_jpg.rf.e4084663237b1a7bc0ad0c35b9432b7a.jpg,"framed mirror in bathroom or bedroom, above sink or dresser",0.11714981496334076,156.181396484375,30.559139251708984,628.6725463867188,386.244873046875
image_229_jpg.rf.083633a03e7022f46fc922c9e09e332f.jpg,"framed mirror in bathroom or bedroom, above sink or dresser",0.3121771514415741,151.27391052246094,5.616455078125,342.53173828125,269.05279541015625
image_229_jpg.rf.083633a03e7022f46fc922c9e09e332f.jpg,"framed mirror in bathroom or bedroom, above sink or dresser",0.13548022508621216,478.042724609375,151.95433044433594,525.225341796875,259.36761474609375
image_181_jpg.rf.02c595c47cdd01d482646573cd3a072d.jpg,"framed mirror in bathroom or bedroom, above sink or dresser",0.2855263352394104,477.86639404296875,145.2139892578125,580.1273193359375,408.287109375
image_181_jpg.rf.02c595c47cdd01d482646573cd3a072d.jpg,"framed mirror in bathroom or bedroom, above sink or dresser",0.1256365180015564,409.4328308105469,85.67671203613281,611.4193115234375,409.6846008300781
image_236_jpg.rf.b11ac0c8efde1da1ac1c6ff44f54b05c.jpg,"framed mirror in bathroom or bedroom, above sink or dresser",0.1367565542459488,0.4055309295654297,1.8881416320800781,306.14276123046875,324.38848876953125
image_236_jpg.rf.b11ac0c8efde1da1ac1c6ff44f54b05c.jpg,"framed mirror in bathroom or bedroom, above sink or dresser",0.12387926131486893,0.11793136596679688,80.08271026611328,156.334228515625,288.0997314453125
image_236_jpg.rf.b11ac0c8efde1da1ac1c6ff44f54b05c.jpg,"framed mirror in bathroom or bedroom, above sink or dresser",0.10461200028657913,376.3492126464844,250.69482421875,391.1303405761719,306.7904968261719
image_236_jpg.rf.b11ac0c8efde1da1ac1c6ff44f54b05c.jpg,"framed mirror in bathroom or bedroom, above sink or dresser",0.11454446613788605,427.42242431640625,344.85546875,439.3167724609375,364.1610412597656
image_57_jpg.rf.707a1812cabc5fa5d365dc80e82c570c.jpg,"framed mirror in bathroom or bedroom, above sink or dresser",0.14593902230262756,-1.4593505859375,-0.1529693603515625,635.140625,637.7946166992188
image_57_jpg.rf.707a1812cabc5fa5d365dc80e82c570c.jpg,"framed mirror in bathroom or bedroom, above sink or dresser",0.34672051668167114,4.655179977416992,11.93838119506836,228.22970581054688,336.78369140625
image_57_jpg.rf.707a1812cabc5fa5d365dc80e82c570c.jpg,"framed mirror in bathroom or bedroom, above sink or dresser",0.15065638720989227,35.60955047607422,158.21759033203125,139.13771057128906,201.75320434570312
image_57_jpg.rf.707a1812cabc5fa5d365dc80e82c570c.jpg,"framed mirror in bathroom or bedroom, above sink or dresser",0.24281130731105804,6.980953216552734,24.83107566833496,227.4311065673828,339.2802734375
image_57_jpg.rf.707a1812cabc5fa5d365dc80e82c570c.jpg,"framed mirror in bathroom or bedroom, above sink or dresser",0.15327367186546326,33.003536224365234,162.15634155273438,142.97784423828125,339.20068359375
image_57_jpg.rf.707a1812cabc5fa5d365dc80e82c570c.jpg,"framed mirror in bathroom or bedroom, above sink or dresser",0.15203025937080383,155.96786499023438,171.38925170898438,215.99581909179688,333.48291015625
image_57_jpg.rf.707a1812cabc5fa5d365dc80e82c570c.jpg,"framed mirror in bathroom or bedroom, above sink or dresser",0.2968147099018097,154.00851440429688,168.57894897460938,215.03741455078125,329.8336181640625
image_57_jpg.rf.707a1812cabc5fa5d365dc80e82c570c.jpg,"framed mirror in bathroom or bedroom, above sink or dresser",0.11929892748594284,598.3694458007812,161.8201446533203,627.44970703125,337.4227294921875
image_57_jpg.rf.707a1812cabc5fa5d365dc80e82c570c.jpg,"framed mirror in bathroom or bedroom, above sink or dresser",0.2218959778547287,603.4159545898438,164.00970458984375,634.0770263671875,337.57757568359375
image_57_jpg.rf.707a1812cabc5fa5d365dc80e82c570c.jpg,"framed mirror in bathroom or bedroom, above sink or dresser",0.11713812500238419,325.8276672363281,10.25930404663086,636.6455688476562,640.743408203125
image_57_jpg.rf.707a1812cabc5fa5d365dc80e82c570c.jpg,"framed mirror in bathroom or bedroom, above sink or dresser",0.16175569593906403,229.1085205078125,108.64338684082031,265.6362609863281,354.7864074707031
image_57_jpg.rf.707a1812cabc5fa5d365dc80e82c570c.jpg,"framed mirror in bathroom or bedroom, above sink or dresser",0.23555444180965424,152.74484252929688,181.04583740234375,179.93463134765625,328.0059509277344
image_57_jpg.rf.707a1812cabc5fa5d365dc80e82c570c.jpg,"framed mirror in bathroom or bedroom, above sink or dresser",0.3602011501789093,29.79546546936035,161.9072723388672,134.64169311523438,334.03509521484375
image_57_jpg.rf.707a1812cabc5fa5d365dc80e82c570c.jpg,"framed mirror in bathroom or bedroom, above sink or dresser",0.11469759792089462,351.46844482421875,21.41012191772461,632.3699340820312,500.6242370605469
image_57_jpg.rf.707a1812cabc5fa5d365dc80e82c570c.jpg,"framed mirror in bathroom or bedroom, above sink or dresser",0.1323363184928894,320.7971496582031,112.08738708496094,364.36444091796875,483.508056640625
image_195_jpg.rf.b43ec3a8f41340a23d9a72b15d2ec12b.jpg,"framed mirror in bathroom or bedroom, above sink or dresser",0.14974269270896912,34.61463165283203,0.4082489013671875,189.06207275390625,352.8370666503906
image_195_jpg.rf.b43ec3a8f41340a23d9a72b15d2ec12b.jpg,"framed mirror in bathroom or bedroom, above sink or dresser",0.30416861176490784,31.81484603881836,1.8480110168457031,189.3826141357422,355.443359375
image_195_jpg.rf.b43ec3a8f41340a23d9a72b15d2ec12b.jpg,"framed mirror in bathroom or bedroom, above sink or dresser",0.11319202929735184,24.80936050415039,-1.3332366943359375,209.2092742919922,446.56494140625
image_66_jpg.rf.581d87789d3f94d55a49ccce2f1d2b85.jpg,"framed mirror in bathroom or bedroom, above sink or dresser",0.10738003253936768,0.5770301818847656,1.290435791015625,638.5736083984375,637.8737182617188
image_66_jpg.rf.581d87789d3f94d55a49ccce2f1d2b85.jpg,"framed mirror in bathroom or bedroom, above sink or dresser",0.2966783344745636,209.419677734375,116.31488800048828,258.80059814453125,191.69058227539062
image_66_jpg.rf.581d87789d3f94d55a49ccce2f1d2b85.jpg,"framed mirror in bathroom or bedroom, above sink or dresser",0.19461384415626526,1.6699028015136719,19.70623016357422,173.94052124023438,387.05621337890625
image_66_jpg.rf.581d87789d3f94d55a49ccce2f1d2b85.jpg,"framed mirror in bathroom or bedroom, above sink or dresser",0.1648586392402649,110.88737487792969,-1.0482215881347656,630.313232421875,554.52978515625
image_66_jpg.rf.581d87789d3f94d55a49ccce2f1d2b85.jpg,"framed mirror in bathroom or bedroom, above sink or dresser",0.14984898269176483,-2.993173599243164,1.2610816955566406,288.62908935546875,471.6130065917969
image_188_jpg.rf.d700146a57be81bb638f8b256a54b804.jpg,"framed mirror in bathroom or bedroom, above sink or dresser",0.14831110835075378,314.77972412109375,-0.4871559143066406,569.9140625,439.9708557128906
image_188_jpg.rf.d700146a57be81bb638f8b256a54b804.jpg,"framed mirror in bathroom or bedroom, above sink or dresser",0.14635197818279266,317.16607666015625,-3.505077362060547,571.1324462890625,425.9284973144531
image_188_jpg.rf.d700146a57be81bb638f8b256a54b804.jpg,"framed mirror in bathroom or bedroom, above sink or dresser",0.11453402787446976,433.085693359375,73.64620208740234,529.5282592773438,363.897216796875
image_188_jpg.rf.d700146a57be81bb638f8b256a54b804.jpg,"framed mirror in bathroom or bedroom, above sink or dresser",0.10966382920742035,529.3944091796875,183.02874755859375,591.0306396484375,258.5522155761719
image_188_jpg.rf.d700146a57be81bb638f8b256a54b804.jpg,"framed mirror in bathroom or bedroom, above sink or dresser",0.16963274776935577,480.9159851074219,192.8126220703125,518.238525390625,253.58441162109375
image_188_jpg.rf.d700146a57be81bb638f8b256a54b804.jpg,"framed mirror in bathroom or bedroom, above sink or dresser",0.2786632180213928,531.0343017578125,185.0878143310547,595.2025756835938,262.5497741699219
image_188_jpg.rf.d700146a57be81bb638f8b256a54b804.jpg,"framed mirror in bathroom or bedroom, above sink or dresser",0.3236173689365387,339.3096618652344,2.2080039978027344,568.1124267578125,378.73046875
image_188_jpg.rf.d700146a57be81bb638f8b256a54b804.jpg,"framed mirror in bathroom or bedroom, above sink or dresser",0.12369991838932037,532.1029052734375,192.59011840820312,614.8123779296875,274.6015625
image_4_jpg.rf.96e1bb4845099a80d95ba42b67b68308.jpg,"framed mirror in bathroom or bedroom, above sink or dresser",0.18966534733772278,331.9333190917969,-6.539173126220703,641.7926025390625,454.3278503417969
image_4_jpg.rf.96e1bb4845099a80d95ba42b67b68308.jpg,"framed mirror in bathroom or bedroom, above sink or dresser",0.10631588101387024,511.0748291015625,144.57142639160156,639.1409301757812,216.76327514648438
image_4_jpg.rf.96e1bb4845099a80d95ba42b67b68308.jpg,"framed mirror in bathroom or bedroom, above sink or dresser",0.10088355094194412,504.44366455078125,180.56439208984375,624.743896484375,383.97137451171875
image_4_jpg.rf.96e1bb4845099a80d95ba42b67b68308.jpg,"framed mirror in bathroom or bedroom, above sink or dresser",0.163649782538414,504.7967224121094,181.57302856445312,626.208251953125,375.2168273925781
image_4_jpg.rf.96e1bb4845099a80d95ba42b67b68308.jpg,"framed mirror in bathroom or bedroom, above sink or dresser",0.11710717529058456,304.1027526855469,-2.3487472534179688,615.990966796875,429.8078918457031
image_45_jpg.rf.20874c941a274b3c132cb5f54148b49e.jpg,"framed mirror in bathroom or bedroom, above sink or dresser",0.10190726071596146,2.745361328125,-0.4448699951171875,640.0821533203125,636.5423583984375
image_45_jpg.rf.20874c941a274b3c132cb5f54148b49e.jpg,"framed mirror in bathroom or bedroom, above sink or dresser",0.10588358342647552,105.74720764160156,6.545553207397461,284.0123596191406,308.162109375
image_45_jpg.rf.20874c941a274b3c132cb5f54148b49e.jpg,"framed mirror in bathroom or bedroom, above sink or dresser",0.15974922478199005,132.5804443359375,43.79603576660156,283.9193115234375,329.5859375
image_45_jpg.rf.20874c941a274b3c132cb5f54148b49e.jpg,"framed mirror in bathroom or bedroom, above sink or dresser",0.2203730344772339,332.1754455566406,0.9568977355957031,613.8668823242188,469.32305908203125
image_45_jpg.rf.20874c941a274b3c132cb5f54148b49e.jpg,"framed mirror in bathroom or bedroom, above sink or dresser",0.15001703798770905,207.26980590820312,90.35737609863281,279.94451904296875,309.9446716308594
image_45_jpg.rf.20874c941a274b3c132cb5f54148b49e.jpg,"framed mirror in bathroom or bedroom, above sink or dresser",0.14073580503463745,2.0679855346679688,20.546112060546875,277.4630432128906,343.7596130371094
image_225_jpg.rf.4ee16ac58de475713cd6bd42f03ef0e7.jpg,"framed mirror in bathroom or bedroom, above sink or dresser",0.13131903111934662,209.2386474609375,145.82833862304688,646.1773071289062,608.0606689453125
image_225_jpg.rf.4ee16ac58de475713cd6bd42f03ef0e7.jpg,"framed mirror in bathroom or bedroom, above sink or dresser",0.11962325125932693,286.9396667480469,203.34432983398438,352.8161926269531,318.7569580078125
image_225_jpg.rf.4ee16ac58de475713cd6bd42f03ef0e7.jpg,"framed mirror in bathroom or bedroom, above sink or dresser",0.1444312036037445,260.59686279296875,149.06187438964844,640.4712524414062,383.64398193359375
image_225_jpg.rf.4ee16ac58de475713cd6bd42f03ef0e7.jpg,"framed mirror in bathroom or bedroom, above sink or dresser",0.11510038375854492,280.0046081542969,193.796875,349.05426025390625,358.87982177734375
image_225_jpg.rf.4ee16ac58de475713cd6bd42f03ef0e7.jpg,"framed mirror in bathroom or bedroom, above sink or dresser",0.10708802938461304,508.01177978515625,208.60171508789062,637.7530517578125,375.01800537109375
image_228_jpg.rf.4c20d24733d45a38130037a2926c8190.jpg,"framed mirror in bathroom or bedroom, above sink or dresser",0.20412328839302063,224.57017517089844,1.1126899719238281,603.2799682617188,470.85296630859375
image_228_jpg.rf.4c20d24733d45a38130037a2926c8190.jpg,"framed mirror in bathroom or bedroom, above sink or dresser",0.1641840934753418,185.2987823486328,4.133872985839844,299.7514953613281,458.40460205078125
image_228_jpg.rf.4c20d24733d45a38130037a2926c8190.jpg,"framed mirror in bathroom or bedroom, above sink or dresser",0.15488354861736298,431.278076171875,-0.7633590698242188,600.633056640625,461.9786376953125
image_228_jpg.rf.4c20d24733d45a38130037a2926c8190.jpg,"framed mirror in bathroom or bedroom, above sink or dresser",0.15319043397903442,193.71319580078125,-1.5209197998046875,598.1139526367188,457.2650146484375
image_183_jpg.rf.850de5e898b1278b433e2286e8a6d7b9.jpg,"framed mirror in bathroom or bedroom, above sink or dresser",0.26747259497642517,260.15582275390625,18.000431060791016,411.8556213378906,276.71246337890625
image_183_jpg.rf.850de5e898b1278b433e2286e8a6d7b9.jpg,"framed mirror in bathroom or bedroom, above sink or dresser",0.1806952804327011,411.77655029296875,189.57400512695312,440.4140930175781,241.5631103515625
image_22_jpg.rf.325a5e8603d31dca32e1bcad011ccde8.jpg,"framed mirror in bathroom or bedroom, above sink or dresser",0.15728163719177246,424.72662353515625,-9.201583862304688,640.5684814453125,626.9678344726562
image_22_jpg.rf.325a5e8603d31dca32e1bcad011ccde8.jpg,"framed mirror in bathroom or bedroom, above sink or dresser",0.3656645715236664,131.59925842285156,105.5274658203125,340.8797607421875,341.0547180175781
image_22_jpg.rf.325a5e8603d31dca32e1bcad011ccde8.jpg,"framed mirror in bathroom or bedroom, above sink or dresser",0.11876675486564636,129.21475219726562,114.03336334228516,338.6761474609375,342.2589416503906
image_14_jpg.rf.663c96ad8dd7a1e0e1e263270fc69756.jpg,"framed mirror in bathroom or bedroom, above sink or dresser",0.14783884584903717,4.117393493652344,-0.6097984313964844,642.48291015625,636.9708251953125
image_14_jpg.rf.663c96ad8dd7a1e0e1e263270fc69756.jpg,"framed mirror in bathroom or bedroom, above sink or dresser",0.15181607007980347,450.9972839355469,-1.8748283386230469,639.7852172851562,395.18182373046875
image_14_jpg.rf.663c96ad8dd7a1e0e1e263270fc69756.jpg,"framed mirror in bathroom or bedroom, above sink or dresser",0.1276703029870987,2.743673324584961,25.76183319091797,282.468017578125,376.7088623046875
image_14_jpg.rf.663c96ad8dd7a1e0e1e263270fc69756.jpg,"framed mirror in bathroom or bedroom, above sink or dresser",0.15254296362400055,482.98748779296875,15.641212463378906,641.6336059570312,387.6411437988281
image_14_jpg.rf.663c96ad8dd7a1e0e1e263270fc69756.jpg,"framed mirror in bathroom or bedroom, above sink or dresser",0.166834756731987,14.223518371582031,174.64764404296875,99.10396575927734,349.8836975097656
image_14_jpg.rf.663c96ad8dd7a1e0e1e263270fc69756.jpg,"framed mirror in bathroom or bedroom, above sink or dresser",0.2685360908508301,17.17728614807129,88.13628387451172,268.91583251953125,374.239013671875
image_14_jpg.rf.663c96ad8dd7a1e0e1e263270fc69756.jpg,"framed mirror in bathroom or bedroom, above sink or dresser",0.10198193043470383,25.714799880981445,176.7496337890625,105.28569030761719,352.4049377441406
image_14_jpg.rf.663c96ad8dd7a1e0e1e263270fc69756.jpg,"framed mirror in bathroom or bedroom, above sink or dresser",0.12300162017345428,3.0902576446533203,47.62971878051758,276.5166931152344,370.0240478515625
image_14_jpg.rf.663c96ad8dd7a1e0e1e263270fc69756.jpg,"framed mirror in bathroom or bedroom, above sink or dresser",0.3530506491661072,459.56781005859375,6.777286529541016,642.4152221679688,385.9244384765625
image_16_jpg.rf.f3672cf2cfc9fe50e8a752abaaa01a83.jpg,"framed mirror in bathroom or bedroom, above sink or dresser",0.18993094563484192,-2.0748233795166016,-0.29972076416015625,210.5493927001953,383.103515625
image_16_jpg.rf.f3672cf2cfc9fe50e8a752abaaa01a83.jpg,"framed mirror in bathroom or bedroom, above sink or dresser",0.10616623610258102,184.7231903076172,0.02567291259765625,220.4029998779297,341.1276550292969
image_63_jpg.rf.41f13f019986f4f16dc1a7573cdb1797.jpg,"framed mirror in bathroom or bedroom, above sink or dresser",0.2269451916217804,100.84715270996094,75.20185852050781,206.246826171875,441.7816162109375
image_208_jpg.rf.6e6e0622121954acc981112239b55a2e.jpg,"framed mirror in bathroom or bedroom, above sink or dresser",0.16503727436065674,77.71622467041016,33.6741828918457,221.0222625732422,378.6915588378906
image_208_jpg.rf.6e6e0622121954acc981112239b55a2e.jpg,"framed mirror in bathroom or bedroom, above sink or dresser",0.18438619375228882,59.68243408203125,16.21429443359375,336.2814025878906,394.93896484375
image_208_jpg.rf.6e6e0622121954acc981112239b55a2e.jpg,"framed mirror in bathroom or bedroom, above sink or dresser",0.1722937971353531,77.22257995605469,36.61529541015625,225.61929321289062,379.8982238769531
image_208_jpg.rf.6e6e0622121954acc981112239b55a2e.jpg,"framed mirror in bathroom or bedroom, above sink or dresser",0.10263366252183914,77.19771575927734,55.24484634399414,127.15029907226562,381.3936767578125
image_49_jpg.rf.3f9d8f8ceed2edb7957c9fcf3e0da913.jpg,"framed mirror in bathroom or bedroom, above sink or dresser",0.10054919123649597,440.499755859375,2.0051956176757812,630.6019287109375,412.56982421875
image_49_jpg.rf.3f9d8f8ceed2edb7957c9fcf3e0da913.jpg,"framed mirror in bathroom or bedroom, above sink or dresser",0.25312861800193787,450.4286193847656,80.19820404052734,513.8333129882812,324.70208740234375
image_49_jpg.rf.3f9d8f8ceed2edb7957c9fcf3e0da913.jpg,"framed mirror in bathroom or bedroom, above sink or dresser",0.10897251963615417,412.706298828125,228.08059692382812,440.8903503417969,266.880126953125
image_49_jpg.rf.3f9d8f8ceed2edb7957c9fcf3e0da913.jpg,"framed mirror in bathroom or bedroom, above sink or dresser",0.15319372713565826,452.50897216796875,83.13228607177734,515.072998046875,326.4175720214844
image_49_jpg.rf.3f9d8f8ceed2edb7957c9fcf3e0da913.jpg,"framed mirror in bathroom or bedroom, above sink or dresser",0.1893804520368576,529.698974609375,-0.31345367431640625,639.54541015625,341.53424072265625
image_52_jpg.rf.48c7a9b7a28b120992f7ae1f94f622a7.jpg,"framed mirror in bathroom or bedroom, above sink or dresser",0.12225425988435745,419.9044189453125,29.096946716308594,643.462158203125,476.0043640136719
image_27_jpg.rf.cac2f599a7b8dafb539302a05ea00f4f.jpg,"framed mirror in bathroom or bedroom, above sink or dresser",0.10145948082208633,-0.2125072479248047,-1.1300468444824219,199.98684692382812,636.6195068359375
image_27_jpg.rf.cac2f599a7b8dafb539302a05ea00f4f.jpg,"framed mirror in bathroom or bedroom, above sink or dresser",0.11005700379610062,254.2021942138672,92.93055725097656,454.4869384765625,308.70550537109375
image_27_jpg.rf.cac2f599a7b8dafb539302a05ea00f4f.jpg,"framed mirror in bathroom or bedroom, above sink or dresser",0.34513425827026367,257.8786926269531,93.45417785644531,453.0398864746094,286.62957763671875
image_27_jpg.rf.cac2f599a7b8dafb539302a05ea00f4f.jpg,"framed mirror in bathroom or bedroom, above sink or dresser",0.10926882922649384,497.72955322265625,8.261451721191406,571.98486328125,585.3824462890625
image_27_jpg.rf.cac2f599a7b8dafb539302a05ea00f4f.jpg,"framed mirror in bathroom or bedroom, above sink or dresser",0.12283306568861008,425.72967529296875,110.99568176269531,445.2488708496094,278.844970703125
image_27_jpg.rf.cac2f599a7b8dafb539302a05ea00f4f.jpg,"framed mirror in bathroom or bedroom, above sink or dresser",0.12160371989011765,416.74420166015625,109.88331604003906,445.90228271484375,279.060302734375
image_27_jpg.rf.cac2f599a7b8dafb539302a05ea00f4f.jpg,"framed mirror in bathroom or bedroom, above sink or dresser",0.17688515782356262,261.2787170410156,102.93833923339844,288.1299133300781,280.91717529296875
image_27_jpg.rf.cac2f599a7b8dafb539302a05ea00f4f.jpg,"framed mirror in bathroom or bedroom, above sink or dresser",0.10925579816102982,401.3363952636719,99.14430236816406,451.27703857421875,287.25164794921875
image_27_jpg.rf.cac2f599a7b8dafb539302a05ea00f4f.jpg,"framed mirror in bathroom or bedroom, above sink or dresser",0.1637134999036789,347.5094299316406,259.3858642578125,370.9410400390625,285.60443115234375
image_27_jpg.rf.cac2f599a7b8dafb539302a05ea00f4f.jpg,"framed mirror in bathroom or bedroom, above sink or dresser",0.10571720451116562,400.7995910644531,151.1107635498047,442.799560546875,284.59661865234375
image_224_jpg.rf.3414c3de41c195c50d9c5faa11076183.jpg,"framed mirror in bathroom or bedroom, above sink or dresser",0.27688708901405334,4.003019332885742,56.329498291015625,228.87969970703125,377.8976135253906
image_224_jpg.rf.3414c3de41c195c50d9c5faa11076183.jpg,"framed mirror in bathroom or bedroom, above sink or dresser",0.26668602228164673,236.394775390625,238.28651428222656,274.80169677734375,277.90386962890625
image_124_jpg.rf.746e64b6015d812b0e46d4251cb0a31f.jpg,"framed mirror in bathroom or bedroom, above sink or dresser",0.268094927072525,110.40469360351562,19.588546752929688,303.3883361816406,410.09698486328125
image_124_jpg.rf.746e64b6015d812b0e46d4251cb0a31f.jpg,"framed mirror in bathroom or bedroom, above sink or dresser",0.14381100237369537,113.63201141357422,22.642288208007812,303.60638427734375,412.75433349609375
image_116_jpg.rf.92631eb5707ae2832e578291a1735406.jpg,"framed mirror in bathroom or bedroom, above sink or dresser",0.16249361634254456,441.9070739746094,14.112963676452637,507.30145263671875,121.78167724609375
image_116_jpg.rf.92631eb5707ae2832e578291a1735406.jpg,"framed mirror in bathroom or bedroom, above sink or dresser",0.1999974399805069,231.16485595703125,120.40885925292969,383.0542297363281,313.274658203125
image_116_jpg.rf.92631eb5707ae2832e578291a1735406.jpg,"framed mirror in bathroom or bedroom, above sink or dresser",0.12900710105895996,205.22256469726562,114.99839782714844,263.9661560058594,319.20501708984375
image_43_jpg.rf.de52b6bb0f223cc0eced319995f1729c.jpg,"framed mirror in bathroom or bedroom, above sink or dresser",0.1242244690656662,10.90627670288086,-0.4465484619140625,647.8797607421875,637.720458984375
image_43_jpg.rf.de52b6bb0f223cc0eced319995f1729c.jpg,"framed mirror in bathroom or bedroom, above sink or dresser",0.14758500456809998,94.30780029296875,6.141815185546875,295.44598388671875,563.341796875
image_43_jpg.rf.de52b6bb0f223cc0eced319995f1729c.jpg,"framed mirror in bathroom or bedroom, above sink or dresser",0.16697224974632263,102.98214721679688,159.92657470703125,275.3057556152344,339.5447082519531
image_43_jpg.rf.de52b6bb0f223cc0eced319995f1729c.jpg,"framed mirror in bathroom or bedroom, above sink or dresser",0.138185515999794,105.46429443359375,160.20367431640625,182.6585235595703,287.05242919921875
image_43_jpg.rf.de52b6bb0f223cc0eced319995f1729c.jpg,"framed mirror in bathroom or bedroom, above sink or dresser",0.1104169487953186,104.85980224609375,154.87539672851562,276.2225036621094,450.58746337890625
image_43_jpg.rf.de52b6bb0f223cc0eced319995f1729c.jpg,"framed mirror in bathroom or bedroom, above sink or dresser",0.1293589174747467,102.62396240234375,165.97958374023438,159.20001220703125,295.3808898925781
image_43_jpg.rf.de52b6bb0f223cc0eced319995f1729c.jpg,"framed mirror in bathroom or bedroom, above sink or dresser",0.12167636305093765,109.56363677978516,158.8912811279297,277.9354553222656,492.47625732421875
image_43_jpg.rf.de52b6bb0f223cc0eced319995f1729c.jpg,"framed mirror in bathroom or bedroom, above sink or dresser",0.18922646343708038,110.23896789550781,288.263671875,154.42193603515625,402.59063720703125
image_231_jpg.rf.c3db7a64b2b948a65439d6af84007289.jpg,"framed mirror in bathroom or bedroom, above sink or dresser",0.12889835238456726,3.3540916442871094,0.4053306579589844,641.3248291015625,638.4898681640625
image_231_jpg.rf.c3db7a64b2b948a65439d6af84007289.jpg,"framed mirror in bathroom or bedroom, above sink or dresser",0.4106124937534332,371.76641845703125,137.83486938476562,505.98748779296875,342.17584228515625
image_231_jpg.rf.c3db7a64b2b948a65439d6af84007289.jpg,"framed mirror in bathroom or bedroom, above sink or dresser",0.11519124358892441,378.6341552734375,166.33349609375,459.20330810546875,212.5274658203125
image_231_jpg.rf.c3db7a64b2b948a65439d6af84007289.jpg,"framed mirror in bathroom or bedroom, above sink or dresser",0.1003163605928421,382.89849853515625,216.35353088378906,411.66778564453125,335.4222106933594
image_47_jpg.rf.96293245cfc6b122bb2f913bac78d186.jpg,"framed mirror in bathroom or bedroom, above sink or dresser",0.1659287065267563,62.1278076171875,-2.2231674194335938,291.1194152832031,325.92071533203125
image_47_jpg.rf.96293245cfc6b122bb2f913bac78d186.jpg,"framed mirror in bathroom or bedroom, above sink or dresser",0.19469110667705536,55.788299560546875,2.780895233154297,294.0618896484375,329.36041259765625
image_47_jpg.rf.96293245cfc6b122bb2f913bac78d186.jpg,"framed mirror in bathroom or bedroom, above sink or dresser",0.5019776821136475,56.91205978393555,1.8024063110351562,295.7534484863281,330.4416198730469
image_210_jpg.rf.524fedaaee06a23b9aad779da252d277.jpg,"framed mirror in bathroom or bedroom, above sink or dresser",0.23984040319919586,109.75689697265625,-1.5259170532226562,417.28778076171875,363.207275390625
image_210_jpg.rf.524fedaaee06a23b9aad779da252d277.jpg,"framed mirror in bathroom or bedroom, above sink or dresser",0.17137661576271057,397.27850341796875,120.256103515625,435.54052734375,182.14300537109375
image_40_jpg.rf.9fc17f4e3b919476d1733b32feff8798.jpg,"framed mirror in bathroom or bedroom, above sink or dresser",0.17416751384735107,527.0220947265625,112.13511657714844,637.6619873046875,335.7907409667969
image_40_jpg.rf.9fc17f4e3b919476d1733b32feff8798.jpg,"framed mirror in bathroom or bedroom, above sink or dresser",0.10535651445388794,412.8841552734375,20.955533981323242,518.4213256835938,340.04754638671875
image_40_jpg.rf.9fc17f4e3b919476d1733b32feff8798.jpg,"framed mirror in bathroom or bedroom, above sink or dresser",0.1942063421010971,494.08367919921875,207.97506713867188,525.6507568359375,263.45074462890625
image_40_jpg.rf.9fc17f4e3b919476d1733b32feff8798.jpg,"framed mirror in bathroom or bedroom, above sink or dresser",0.10337400436401367,527.7908935546875,112.06144714355469,617.7787475585938,322.7498779296875
image_40_jpg.rf.9fc17f4e3b919476d1733b32feff8798.jpg,"framed mirror in bathroom or bedroom, above sink or dresser",0.2513161897659302,345.2012939453125,209.07272338867188,381.33831787109375,261.9994812011719
image_40_jpg.rf.9fc17f4e3b919476d1733b32feff8798.jpg,"framed mirror in bathroom or bedroom, above sink or dresser",0.10822544246912003,425.22393798828125,42.32142639160156,625.7301025390625,345.55108642578125
image_15_jpg.rf.55cc3c84bf8dca181c1ef944868d077d.jpg,"framed mirror in bathroom or bedroom, above sink or dresser",0.12517762184143066,4.867954254150391,1.6447639465332031,207.964111328125,332.2745361328125
image_15_jpg.rf.55cc3c84bf8dca181c1ef944868d077d.jpg,"framed mirror in bathroom or bedroom, above sink or dresser",0.15553157031536102,240.06410217285156,0.38834571838378906,369.4403076171875,265.9423522949219
image_15_jpg.rf.55cc3c84bf8dca181c1ef944868d077d.jpg,"framed mirror in bathroom or bedroom, above sink or dresser",0.10555039346218109,2.1002769470214844,0.9649467468261719,229.91392517089844,616.5503540039062
image_15_jpg.rf.55cc3c84bf8dca181c1ef944868d077d.jpg,"framed mirror in bathroom or bedroom, above sink or dresser",0.2293381243944168,234.04104614257812,-4.532032012939453,393.6498718261719,311.7687683105469
image_129_jpg.rf.b5356df627ed84175194965e97859281.jpg,"framed mirror in bathroom or bedroom, above sink or dresser",0.1294429898262024,404.06231689453125,5.050754547119141,599.6558227539062,382.2660827636719
image_129_jpg.rf.b5356df627ed84175194965e97859281.jpg,"framed mirror in bathroom or bedroom, above sink or dresser",0.34394896030426025,398.50665283203125,-3.198699951171875,635.4282836914062,400.1394958496094
image_129_jpg.rf.b5356df627ed84175194965e97859281.jpg,"framed mirror in bathroom or bedroom, above sink or dresser",0.21786145865917206,402.9881591796875,-1.8811798095703125,634.4454345703125,393.2015380859375
image_24_jpg.rf.6a7d78c47adef10fb649fd107894a4ea.jpg,"framed mirror in bathroom or bedroom, above sink or dresser",0.15940846502780914,342.7259521484375,6.278009414672852,637.6558837890625,292.1829528808594
image_24_jpg.rf.6a7d78c47adef10fb649fd107894a4ea.jpg,"framed mirror in bathroom or bedroom, above sink or dresser",0.12515054643154144,331.87213134765625,2.829618453979492,634.9613037109375,302.34259033203125
image_11_jpg.rf.6af76083f056298acdccf90e1f265184.jpg,"framed mirror in bathroom or bedroom, above sink or dresser",0.1487063318490982,4.66217041015625,-0.3765106201171875,199.05723571777344,637.2064208984375
image_11_jpg.rf.6af76083f056298acdccf90e1f265184.jpg,"framed mirror in bathroom or bedroom, above sink or dresser",0.39635908603668213,349.37591552734375,82.41911315917969,497.3382568359375,298.48895263671875
image_79_jpg.rf.e72d5f9e6baa24e6613e1123dad9a526.jpg,"framed mirror in bathroom or bedroom, above sink or dresser",0.10421868413686752,118.20869445800781,-1.1617374420166016,228.97132873535156,174.90283203125
image_79_jpg.rf.e72d5f9e6baa24e6613e1123dad9a526.jpg,"framed mirror in bathroom or bedroom, above sink or dresser",0.12217346578836441,-0.3780364990234375,-2.0973873138427734,251.26065063476562,239.74075317382812
image_79_jpg.rf.e72d5f9e6baa24e6613e1123dad9a526.jpg,"framed mirror in bathroom or bedroom, above sink or dresser",0.10059551894664764,-0.9788894653320312,2.4674415588378906,144.0966033935547,232.6639404296875
image_177_jpg.rf.15324dec7b3f4506a7dcb58d22f505ac.jpg,"framed mirror in bathroom or bedroom, above sink or dresser",0.1399346888065338,335.8630065917969,-4.599800109863281,495.05322265625,403.3136291503906
image_123_jpg.rf.943b9913de130d5ff94bae1426dd44ad.jpg,"framed mirror in bathroom or bedroom, above sink or dresser",0.14550773799419403,464.6893615722656,0.7965588569641113,524.3091430664062,64.29317474365234
image_123_jpg.rf.943b9913de130d5ff94bae1426dd44ad.jpg,"framed mirror in bathroom or bedroom, above sink or dresser",0.16048432886600494,229.46929931640625,0.5305957794189453,391.7872619628906,153.9889678955078
image_123_jpg.rf.943b9913de130d5ff94bae1426dd44ad.jpg,"framed mirror in bathroom or bedroom, above sink or dresser",0.11179041862487793,295.70269775390625,124.62230682373047,333.4871826171875,174.58534240722656
image_123_jpg.rf.943b9913de130d5ff94bae1426dd44ad.jpg,"framed mirror in bathroom or bedroom, above sink or dresser",0.2290363907814026,247.76870727539062,169.669677734375,297.8007507324219,380.8926086425781
image_123_jpg.rf.943b9913de130d5ff94bae1426dd44ad.jpg,"framed mirror in bathroom or bedroom, above sink or dresser",0.12076915055513382,245.9521484375,169.36935424804688,298.7947082519531,380.3868408203125
image_123_jpg.rf.943b9913de130d5ff94bae1426dd44ad.jpg,"framed mirror in bathroom or bedroom, above sink or dresser",0.1503019630908966,255.81130981445312,214.21878051757812,286.74591064453125,358.66265869140625
image_123_jpg.rf.943b9913de130d5ff94bae1426dd44ad.jpg,"framed mirror in bathroom or bedroom, above sink or dresser",0.2701391875743866,481.58258056640625,293.7254943847656,543.940185546875,376.29412841796875
image_110_jpg.rf.03ca2c6a0464eea913da755c1223ffda.jpg,"framed mirror in bathroom or bedroom, above sink or dresser",0.10156531631946564,579.4007568359375,112.61959838867188,642.4423217773438,227.8418731689453
image_110_jpg.rf.03ca2c6a0464eea913da755c1223ffda.jpg,"framed mirror in bathroom or bedroom, above sink or dresser",0.3234480023384094,505.5435791015625,131.50770568847656,631.4320068359375,306.4322509765625
image_110_jpg.rf.03ca2c6a0464eea913da755c1223ffda.jpg,"framed mirror in bathroom or bedroom, above sink or dresser",0.2732943892478943,487.03973388671875,108.92161560058594,637.5692749023438,315.5810241699219
image_110_jpg.rf.03ca2c6a0464eea913da755c1223ffda.jpg,"framed mirror in bathroom or bedroom, above sink or dresser",0.13789954781532288,488.47662353515625,106.28907775878906,638.2181396484375,312.37017822265625
image_262_jpg.rf.48490d312868fe80b472c5a457d6fcac.jpg,"framed mirror in bathroom or bedroom, above sink or dresser",0.11973515897989273,326.38433837890625,3.8154983520507812,430.69549560546875,203.0693359375
image_262_jpg.rf.48490d312868fe80b472c5a457d6fcac.jpg,"framed mirror in bathroom or bedroom, above sink or dresser",0.1244576945900917,175.65887451171875,82.76658630371094,240.06607055664062,332.82476806640625
image_262_jpg.rf.48490d312868fe80b472c5a457d6fcac.jpg,"framed mirror in bathroom or bedroom, above sink or dresser",0.10020405054092407,209.09054565429688,217.15548706054688,274.85174560546875,271.8057861328125
image_262_jpg.rf.48490d312868fe80b472c5a457d6fcac.jpg,"framed mirror in bathroom or bedroom, above sink or dresser",0.20831122994422913,249.8431396484375,213.9771270751953,282.0361022949219,262.01837158203125
image_262_jpg.rf.48490d312868fe80b472c5a457d6fcac.jpg,"framed mirror in bathroom or bedroom, above sink or dresser",0.104368656873703,104.08260345458984,154.0321502685547,142.4480438232422,340.477294921875
image_262_jpg.rf.48490d312868fe80b472c5a457d6fcac.jpg,"framed mirror in bathroom or bedroom, above sink or dresser",0.18682076036930084,64.84678649902344,10.38421630859375,143.69825744628906,342.21636962890625
image_262_jpg.rf.48490d312868fe80b472c5a457d6fcac.jpg,"framed mirror in bathroom or bedroom, above sink or dresser",0.17368531227111816,163.83416748046875,43.26515197753906,256.52593994140625,344.64532470703125
image_262_jpg.rf.48490d312868fe80b472c5a457d6fcac.jpg,"framed mirror in bathroom or bedroom, above sink or dresser",0.1876353919506073,57.59031295776367,7.511310577392578,276.5100402832031,366.54638671875
image_243_jpg.rf.d42caef7e0ad356ea22c0f29e6940d02.jpg,"framed mirror in bathroom or bedroom, above sink or dresser",0.267828106880188,487.42437744140625,-1.7414379119873047,571.1712036132812,94.07928466796875
image_243_jpg.rf.d42caef7e0ad356ea22c0f29e6940d02.jpg,"framed mirror in bathroom or bedroom, above sink or dresser",0.10832387953996658,494.5759582519531,2.7661705017089844,602.30712890625,254.96572875976562
image_243_jpg.rf.d42caef7e0ad356ea22c0f29e6940d02.jpg,"framed mirror in bathroom or bedroom, above sink or dresser",0.24577461183071136,222.63644409179688,4.477014541625977,605.5735473632812,256.569091796875
image_174_jpg.rf.b7bef1ea56a509ff7a64481e29d97585.jpg,"framed mirror in bathroom or bedroom, above sink or dresser",0.297128826379776,98.52306365966797,16.229419708251953,529.5453491210938,335.2811279296875
image_174_jpg.rf.b7bef1ea56a509ff7a64481e29d97585.jpg,"framed mirror in bathroom or bedroom, above sink or dresser",0.11561361700296402,113.92958068847656,19.6633243560791,531.8899536132812,318.39776611328125
image_174_jpg.rf.b7bef1ea56a509ff7a64481e29d97585.jpg,"framed mirror in bathroom or bedroom, above sink or dresser",0.12704998254776,454.80096435546875,46.67382049560547,514.4924926757812,331.1776123046875
image_174_jpg.rf.b7bef1ea56a509ff7a64481e29d97585.jpg,"framed mirror in bathroom or bedroom, above sink or dresser",0.12068825215101242,33.04372787475586,8.203506469726562,610.1019287109375,500.1641845703125
image_83_jpg.rf.c8ad6a5e31ddebb4e4dfbd7e1a25c8cd.jpg,"framed mirror in bathroom or bedroom, above sink or dresser",0.16088153421878815,432.4349670410156,7.835044860839844,643.329833984375,392.175048828125
image_83_jpg.rf.c8ad6a5e31ddebb4e4dfbd7e1a25c8cd.jpg,"framed mirror in bathroom or bedroom, above sink or dresser",0.10172045230865479,388.287353515625,80.30278015136719,463.5391845703125,363.5665283203125
image_83_jpg.rf.c8ad6a5e31ddebb4e4dfbd7e1a25c8cd.jpg,"framed mirror in bathroom or bedroom, above sink or dresser",0.10137868672609329,562.9345092773438,161.26126098632812,640.3251953125,377.85345458984375
image_83_jpg.rf.c8ad6a5e31ddebb4e4dfbd7e1a25c8cd.jpg,"framed mirror in bathroom or bedroom, above sink or dresser",0.1281602829694748,408.90985107421875,59.14764404296875,626.1371459960938,385.1886291503906
image_83_jpg.rf.c8ad6a5e31ddebb4e4dfbd7e1a25c8cd.jpg,"framed mirror in bathroom or bedroom, above sink or dresser",0.1299145370721817,447.02978515625,89.21607971191406,577.6677856445312,369.0975341796875
image_160_jpg.rf.9aefe5c0bc4398fa1eed24f128181101.jpg,"framed mirror in bathroom or bedroom, above sink or dresser",0.13506339490413666,1.067657470703125,3.702850341796875,638.05810546875,641.5184936523438
image_160_jpg.rf.9aefe5c0bc4398fa1eed24f128181101.jpg,"framed mirror in bathroom or bedroom, above sink or dresser",0.15521180629730225,3.8875198364257812,1.4007568359375,354.4403381347656,459.8833923339844
image_160_jpg.rf.9aefe5c0bc4398fa1eed24f128181101.jpg,"framed mirror in bathroom or bedroom, above sink or dresser",0.23343317210674286,68.0862045288086,3.6588668823242188,350.7008361816406,406.3992004394531
image_160_jpg.rf.9aefe5c0bc4398fa1eed24f128181101.jpg,"framed mirror in bathroom or bedroom, above sink or dresser",0.12517113983631134,456.3487243652344,296.7528076171875,510.082763671875,372.6480407714844
image_255_jpg.rf.ca2d5d1e4d3a509d285d92fc3119cb41.jpg,"framed mirror in bathroom or bedroom, above sink or dresser",0.13572341203689575,407.8134765625,43.33860397338867,483.05450439453125,261.6309814453125
image_255_jpg.rf.ca2d5d1e4d3a509d285d92fc3119cb41.jpg,"framed mirror in bathroom or bedroom, above sink or dresser",0.10432912409305573,520.00537109375,3.348379135131836,635.521728515625,117.81616973876953
image_255_jpg.rf.ca2d5d1e4d3a509d285d92fc3119cb41.jpg,"framed mirror in bathroom or bedroom, above sink or dresser",0.24555566906929016,315.8499450683594,4.034271240234375,496.4797668457031,277.2972412109375
image_255_jpg.rf.ca2d5d1e4d3a509d285d92fc3119cb41.jpg,"framed mirror in bathroom or bedroom, above sink or dresser",0.11600393056869507,258.00091552734375,1.0545825958251953,504.5625,286.11297607421875
image_5_jpg.rf.629ead75396fb78961dfea847bad035e.jpg,"framed mirror in bathroom or bedroom, above sink or dresser",0.2782596945762634,159.9342498779297,81.05388641357422,302.01031494140625,281.2178039550781
image_5_jpg.rf.629ead75396fb78961dfea847bad035e.jpg,"framed mirror in bathroom or bedroom, above sink or dresser",0.16010162234306335,157.7974090576172,79.14437866210938,300.4501647949219,284.2848815917969
image_5_jpg.rf.629ead75396fb78961dfea847bad035e.jpg,"framed mirror in bathroom or bedroom, above sink or dresser",0.10383953899145126,128.97877502441406,267.0162658691406,152.31622314453125,300.6516418457031
image_8_jpg.rf.592d23f9ef8c222f69137feeb0ddf1b7.jpg,"framed mirror in bathroom or bedroom, above sink or dresser",0.10677483677864075,435.482421875,5.460395812988281,640.0298461914062,642.2268676757812
image_8_jpg.rf.592d23f9ef8c222f69137feeb0ddf1b7.jpg,"framed mirror in bathroom or bedroom, above sink or dresser",0.26267769932746887,168.55567932128906,109.8189926147461,372.02825927734375,344.4211120605469
image_8_jpg.rf.592d23f9ef8c222f69137feeb0ddf1b7.jpg,"framed mirror in bathroom or bedroom, above sink or dresser",0.21950453519821167,375.843994140625,152.38339233398438,412.18310546875,222.52667236328125
image_8_jpg.rf.592d23f9ef8c222f69137feeb0ddf1b7.jpg,"framed mirror in bathroom or bedroom, above sink or dresser",0.20592810213565826,163.88571166992188,102.87728118896484,371.3496398925781,340.5373840332031
image_8_jpg.rf.592d23f9ef8c222f69137feeb0ddf1b7.jpg,"framed mirror in bathroom or bedroom, above sink or dresser",0.11005338281393051,287.71826171875,211.57046508789062,355.1019287109375,329.8524169921875
image_92_jpg.rf.493a9db2aefd40d22d58c48bbad3c15a.jpg,"framed mirror in bathroom or bedroom, above sink or dresser",0.10016917437314987,4.846229553222656,0.32466888427734375,640.96630859375,638.2095947265625
image_92_jpg.rf.493a9db2aefd40d22d58c48bbad3c15a.jpg,"framed mirror in bathroom or bedroom, above sink or dresser",0.2782529592514038,11.801896095275879,4.363346099853516,150.7826385498047,365.4329833984375
image_92_jpg.rf.493a9db2aefd40d22d58c48bbad3c15a.jpg,"framed mirror in bathroom or bedroom, above sink or dresser",0.16426460444927216,15.323019027709961,4.712619781494141,155.09121704101562,364.9039306640625
image_92_jpg.rf.493a9db2aefd40d22d58c48bbad3c15a.jpg,"framed mirror in bathroom or bedroom, above sink or dresser",0.20134237408638,-0.2729606628417969,-3.0912208557128906,273.4493103027344,371.7008056640625
image_92_jpg.rf.493a9db2aefd40d22d58c48bbad3c15a.jpg,"framed mirror in bathroom or bedroom, above sink or dresser",0.20566463470458984,191.00308227539062,111.4208984375,262.87615966796875,350.0923156738281
image_92_jpg.rf.493a9db2aefd40d22d58c48bbad3c15a.jpg,"framed mirror in bathroom or bedroom, above sink or dresser",0.12726867198944092,193.39662170410156,107.2281723022461,265.40301513671875,351.9384460449219
image_92_jpg.rf.493a9db2aefd40d22d58c48bbad3c15a.jpg,"framed mirror in bathroom or bedroom, above sink or dresser",0.1525832712650299,-1.6840934753417969,5.429840087890625,271.1460876464844,373.4127502441406
image_92_jpg.rf.493a9db2aefd40d22d58c48bbad3c15a.jpg,"framed mirror in bathroom or bedroom, above sink or dresser",0.1267382800579071,523.1756591796875,30.300464630126953,603.0724487304688,471.35260009765625
image_92_jpg.rf.493a9db2aefd40d22d58c48bbad3c15a.jpg,"framed mirror in bathroom or bedroom, above sink or dresser",0.1029668003320694,421.9366455078125,214.07928466796875,441.01385498046875,273.6935729980469
image_92_jpg.rf.493a9db2aefd40d22d58c48bbad3c15a.jpg,"framed mirror in bathroom or bedroom, above sink or dresser",0.1356433629989624,366.6739501953125,180.01388549804688,410.3594970703125,324.765625
image_92_jpg.rf.493a9db2aefd40d22d58c48bbad3c15a.jpg,"framed mirror in bathroom or bedroom, above sink or dresser",0.13921338319778442,401.16436767578125,198.9920196533203,418.8087158203125,322.7401428222656
image_92_jpg.rf.493a9db2aefd40d22d58c48bbad3c15a.jpg,"framed mirror in bathroom or bedroom, above sink or dresser",0.12138810008764267,239.25949096679688,131.546630859375,264.0306091308594,351.5213317871094
image_92_jpg.rf.493a9db2aefd40d22d58c48bbad3c15a.jpg,"framed mirror in bathroom or bedroom, above sink or dresser",0.15383441746234894,149.9055938720703,172.49496459960938,198.216064453125,350.8732604980469
image_92_jpg.rf.493a9db2aefd40d22d58c48bbad3c15a.jpg,"framed mirror in bathroom or bedroom, above sink or dresser",0.11150912195444107,414.888427734375,210.48345947265625,443.7498779296875,359.14495849609375
image_143_jpg.rf.ff4c6e9577f4ae6e86fa112621637a17.jpg,"framed mirror in bathroom or bedroom, above sink or dresser",0.1045357882976532,298.3673400878906,104.62602233886719,523.8079223632812,446.30462646484375
image_143_jpg.rf.ff4c6e9577f4ae6e86fa112621637a17.jpg,"framed mirror in bathroom or bedroom, above sink or dresser",0.10160231590270996,255.9088134765625,82.58136749267578,559.2761840820312,631.7115478515625
image_143_jpg.rf.ff4c6e9577f4ae6e86fa112621637a17.jpg,"framed mirror in bathroom or bedroom, above sink or dresser",0.10078155249357224,281.7217712402344,93.10311889648438,560.7269897460938,429.46563720703125
image_88_jpg.rf.52395872547769a3146a373b4bd0c11e.jpg,"framed mirror in bathroom or bedroom, above sink or dresser",0.13435138761997223,3.0011558532714844,1.4013862609863281,640.73486328125,639.14892578125
image_88_jpg.rf.52395872547769a3146a373b4bd0c11e.jpg,"framed mirror in bathroom or bedroom, above sink or dresser",0.29020193219184875,339.8106689453125,37.1497917175293,492.6592712402344,302.8222351074219
image_88_jpg.rf.52395872547769a3146a373b4bd0c11e.jpg,"framed mirror in bathroom or bedroom, above sink or dresser",0.22755202651023865,339.64892578125,31.588430404663086,501.8505554199219,307.4656677246094
image_88_jpg.rf.52395872547769a3146a373b4bd0c11e.jpg,"framed mirror in bathroom or bedroom, above sink or dresser",0.13878783583641052,482.6619873046875,99.58313751220703,551.8020629882812,151.41680908203125
image_88_jpg.rf.52395872547769a3146a373b4bd0c11e.jpg,"framed mirror in bathroom or bedroom, above sink or dresser",0.42946168780326843,337.0514221191406,31.51815414428711,498.7840576171875,305.5029602050781
image_88_jpg.rf.52395872547769a3146a373b4bd0c11e.jpg,"framed mirror in bathroom or bedroom, above sink or dresser",0.12892621755599976,575.099609375,20.897216796875,640.8755493164062,420.08819580078125
image_88_jpg.rf.52395872547769a3146a373b4bd0c11e.jpg,"framed mirror in bathroom or bedroom, above sink or dresser",0.12978361546993256,497.67510986328125,145.9689178466797,530.9888305664062,270.8958740234375
image_88_jpg.rf.52395872547769a3146a373b4bd0c11e.jpg,"framed mirror in bathroom or bedroom, above sink or dresser",0.11195888370275497,431.4859313964844,165.85610961914062,492.09063720703125,305.95379638671875
image_88_jpg.rf.52395872547769a3146a373b4bd0c11e.jpg,"framed mirror in bathroom or bedroom, above sink or dresser",0.10768105089664459,600.9976806640625,215.724853515625,639.6929321289062,443.19207763671875
image_88_jpg.rf.52395872547769a3146a373b4bd0c11e.jpg,"framed mirror in bathroom or bedroom, above sink or dresser",0.16903716325759888,314.0370178222656,170.59097290039062,343.9913330078125,294.81683349609375
image_88_jpg.rf.52395872547769a3146a373b4bd0c11e.jpg,"framed mirror in bathroom or bedroom, above sink or dresser",0.22230395674705505,408.80859375,180.556396484375,435.75006103515625,302.5919494628906
image_88_jpg.rf.52395872547769a3146a373b4bd0c11e.jpg,"framed mirror in bathroom or bedroom, above sink or dresser",0.3704800009727478,286.7056579589844,268.3978576660156,313.439697265625,303.1592102050781
image_88_jpg.rf.52395872547769a3146a373b4bd0c11e.jpg,"framed mirror in bathroom or bedroom, above sink or dresser",0.10197005420923233,339.86358642578125,116.53633117675781,493.6246337890625,323.503173828125
image_88_jpg.rf.52395872547769a3146a373b4bd0c11e.jpg,"framed mirror in bathroom or bedroom, above sink or dresser",0.1615447849035263,601.4238891601562,216.565185546875,621.0889282226562,437.41424560546875
image_251_jpg.rf.c974038d0ef1a9d1343f56bb97c541fa.jpg,"framed mirror in bathroom or bedroom, above sink or dresser",0.10337094217538834,11.80074691772461,22.54526138305664,150.67735290527344,343.95538330078125
image_251_jpg.rf.c974038d0ef1a9d1343f56bb97c541fa.jpg,"framed mirror in bathroom or bedroom, above sink or dresser",0.11599563807249069,132.8664093017578,72.841064453125,217.29209899902344,343.9886779785156
image_251_jpg.rf.c974038d0ef1a9d1343f56bb97c541fa.jpg,"framed mirror in bathroom or bedroom, above sink or dresser",0.11057531833648682,149.46737670898438,168.52352905273438,207.98727416992188,321.2620544433594
image_251_jpg.rf.c974038d0ef1a9d1343f56bb97c541fa.jpg,"framed mirror in bathroom or bedroom, above sink or dresser",0.3836909532546997,-1.3988685607910156,2.630176544189453,220.05140686035156,363.68310546875
image_73_jpg.rf.da4b5993c70574c4df31b62e3e270b01.jpg,"framed mirror in bathroom or bedroom, above sink or dresser",0.12879179418087006,334.8257141113281,73.01956939697266,452.8186340332031,287.9811096191406
image_1_jpg.rf.af829be1a492568651bc26ffd8a569ef.jpg,"framed mirror in bathroom or bedroom, above sink or dresser",0.10845281183719635,36.515071868896484,34.701995849609375,64.04769134521484,196.92218017578125
image_1_jpg.rf.af829be1a492568651bc26ffd8a569ef.jpg,"framed mirror in bathroom or bedroom, above sink or dresser",0.2216951698064804,39.25675964355469,17.52767562866211,107.94569396972656,223.2232666015625
image_1_jpg.rf.af829be1a492568651bc26ffd8a569ef.jpg,"framed mirror in bathroom or bedroom, above sink or dresser",0.21941134333610535,164.8948974609375,179.9436798095703,193.78848266601562,221.68592834472656
image_1_jpg.rf.af829be1a492568651bc26ffd8a569ef.jpg,"framed mirror in bathroom or bedroom, above sink or dresser",0.14628909528255463,48.550052642822266,10.122098922729492,118.12435150146484,287.132568359375
image_1_jpg.rf.af829be1a492568651bc26ffd8a569ef.jpg,"framed mirror in bathroom or bedroom, above sink or dresser",0.10609610378742218,449.5799255371094,5.476665496826172,642.6934814453125,591.7493896484375
image_81_jpg.rf.934639c428f0a3326ed74e1943b744b1.jpg,"framed mirror in bathroom or bedroom, above sink or dresser",0.14241740107536316,1.558837890625,1.5283775329589844,638.9977416992188,639.0111694335938
image_81_jpg.rf.934639c428f0a3326ed74e1943b744b1.jpg,"framed mirror in bathroom or bedroom, above sink or dresser",0.2888968884944916,429.381591796875,-0.09700775146484375,640.5917358398438,475.06396484375
image_81_jpg.rf.934639c428f0a3326ed74e1943b744b1.jpg,"framed mirror in bathroom or bedroom, above sink or dresser",0.14157232642173767,439.66595458984375,52.50269317626953,492.1499328613281,148.85104370117188
image_81_jpg.rf.934639c428f0a3326ed74e1943b744b1.jpg,"framed mirror in bathroom or bedroom, above sink or dresser",0.10395147651433945,429.82183837890625,10.18606185913086,510.50286865234375,391.3138427734375
image_81_jpg.rf.934639c428f0a3326ed74e1943b744b1.jpg,"framed mirror in bathroom or bedroom, above sink or dresser",0.1938020884990692,400.2340393066406,6.443824768066406,438.7987060546875,330.4881286621094
image_81_jpg.rf.934639c428f0a3326ed74e1943b744b1.jpg,"framed mirror in bathroom or bedroom, above sink or dresser",0.25068527460098267,443.97747802734375,18.883647918701172,636.94189453125,418.09423828125
image_81_jpg.rf.934639c428f0a3326ed74e1943b744b1.jpg,"framed mirror in bathroom or bedroom, above sink or dresser",0.13644716143608093,400.44183349609375,0.17953872680664062,644.9738159179688,623.694091796875
image_232_jpg.rf.3100ae9dd7214e086b3d9d5b873bf7d5.jpg,"framed mirror in bathroom or bedroom, above sink or dresser",0.10695041716098785,334.3595886230469,0.0067996978759765625,521.068359375,192.83981323242188
image_232_jpg.rf.3100ae9dd7214e086b3d9d5b873bf7d5.jpg,"framed mirror in bathroom or bedroom, above sink or dresser",0.19696342945098877,339.5610046386719,1.7154884338378906,522.1021728515625,190.19918823242188
image_68_jpg.rf.71a873dfe17e5818f54276734c6d5d63.jpg,"framed mirror in bathroom or bedroom, above sink or dresser",0.31307968497276306,78.74878692626953,57.11277770996094,253.909423828125,268.8461608886719
image_68_jpg.rf.71a873dfe17e5818f54276734c6d5d63.jpg,"framed mirror in bathroom or bedroom, above sink or dresser",0.10153808444738388,85.5812759399414,120.60685729980469,140.4427947998047,253.39796447753906
image_68_jpg.rf.71a873dfe17e5818f54276734c6d5d63.jpg,"framed mirror in bathroom or bedroom, above sink or dresser",0.1185818761587143,90.83930969238281,94.58881378173828,243.12991333007812,255.80978393554688
image_68_jpg.rf.71a873dfe17e5818f54276734c6d5d63.jpg,"framed mirror in bathroom or bedroom, above sink or dresser",0.23144061863422394,30.172893524169922,238.62026977539062,63.82975769042969,284.3609924316406
image_115_jpg.rf.3b791207d3edf294474bc28d95f7edd2.jpg,"framed mirror in bathroom or bedroom, above sink or dresser",0.14636026322841644,-1.4938926696777344,4.421939849853516,636.666259765625,641.4777221679688
image_115_jpg.rf.3b791207d3edf294474bc28d95f7edd2.jpg,"framed mirror in bathroom or bedroom, above sink or dresser",0.10609130561351776,50.46173858642578,84.82359313964844,259.5095520019531,281.9479064941406
image_115_jpg.rf.3b791207d3edf294474bc28d95f7edd2.jpg,"framed mirror in bathroom or bedroom, above sink or dresser",0.2752770781517029,26.75328254699707,50.89103698730469,271.64349365234375,295.90362548828125
image_115_jpg.rf.3b791207d3edf294474bc28d95f7edd2.jpg,"framed mirror in bathroom or bedroom, above sink or dresser",0.31192994117736816,371.53546142578125,231.96282958984375,417.3888854980469,263.6291198730469
image_115_jpg.rf.3b791207d3edf294474bc28d95f7edd2.jpg,"framed mirror in bathroom or bedroom, above sink or dresser",0.1996321976184845,16.449932098388672,55.18719482421875,55.81550979614258,313.1658630371094
image_70_jpg.rf.c0bddaa7617b72a8a266307276ab6649.jpg,"framed mirror in bathroom or bedroom, above sink or dresser",0.16809304058551788,6.765117645263672,3.7234878540039062,643.1331787109375,641.9990234375
image_70_jpg.rf.c0bddaa7617b72a8a266307276ab6649.jpg,"framed mirror in bathroom or bedroom, above sink or dresser",0.12337805330753326,248.9599609375,66.06527709960938,400.8949279785156,525.469970703125
image_70_jpg.rf.c0bddaa7617b72a8a266307276ab6649.jpg,"framed mirror in bathroom or bedroom, above sink or dresser",0.1317230463027954,251.91275024414062,64.97850036621094,395.69610595703125,527.8148193359375
image_70_jpg.rf.c0bddaa7617b72a8a266307276ab6649.jpg,"framed mirror in bathroom or bedroom, above sink or dresser",0.12173841893672943,436.6541748046875,-5.718898773193359,640.9488525390625,624.1715087890625
image_70_jpg.rf.c0bddaa7617b72a8a266307276ab6649.jpg,"framed mirror in bathroom or bedroom, above sink or dresser",0.22655507922172546,553.9605102539062,158.49058532714844,638.1861572265625,400.298095703125
image_70_jpg.rf.c0bddaa7617b72a8a266307276ab6649.jpg,"framed mirror in bathroom or bedroom, above sink or dresser",0.22850224375724792,466.7349548339844,94.2828369140625,576.4655151367188,394.2749328613281
image_70_jpg.rf.c0bddaa7617b72a8a266307276ab6649.jpg,"framed mirror in bathroom or bedroom, above sink or dresser",0.13740763068199158,466.49072265625,155.91004943847656,506.70892333984375,421.5043640136719
image_70_jpg.rf.c0bddaa7617b72a8a266307276ab6649.jpg,"framed mirror in bathroom or bedroom, above sink or dresser",0.16997195780277252,466.5667419433594,116.61559295654297,571.14306640625,371.45843505859375
image_70_jpg.rf.c0bddaa7617b72a8a266307276ab6649.jpg,"framed mirror in bathroom or bedroom, above sink or dresser",0.1002778708934784,468.4906005859375,58.21735382080078,641.397705078125,550.521240234375
image_70_jpg.rf.c0bddaa7617b72a8a266307276ab6649.jpg,"framed mirror in bathroom or bedroom, above sink or dresser",0.15428607165813446,413.63153076171875,115.09219360351562,441.27593994140625,272.16046142578125
image_70_jpg.rf.c0bddaa7617b72a8a266307276ab6649.jpg,"framed mirror in bathroom or bedroom, above sink or dresser",0.22781749069690704,29.19382095336914,67.30903625488281,255.0933837890625,453.4167785644531
image_70_jpg.rf.c0bddaa7617b72a8a266307276ab6649.jpg,"framed mirror in bathroom or bedroom, above sink or dresser",0.10232312977313995,328.4991149902344,162.55197143554688,343.1536560058594,274.4656982421875
image_70_jpg.rf.c0bddaa7617b72a8a266307276ab6649.jpg,"framed mirror in bathroom or bedroom, above sink or dresser",0.10689001530408859,547.7617797851562,207.8884735107422,564.5565185546875,372.3370361328125
image_70_jpg.rf.c0bddaa7617b72a8a266307276ab6649.jpg,"framed mirror in bathroom or bedroom, above sink or dresser",0.13495413959026337,417.4874267578125,248.535888671875,438.354248046875,292.96942138671875
image_70_jpg.rf.c0bddaa7617b72a8a266307276ab6649.jpg,"framed mirror in bathroom or bedroom, above sink or dresser",0.11961337178945541,465.81219482421875,169.65802001953125,503.9035339355469,357.4061279296875
image_70_jpg.rf.c0bddaa7617b72a8a266307276ab6649.jpg,"framed mirror in bathroom or bedroom, above sink or dresser",0.10778176039457321,605.3330688476562,161.94664001464844,640.1851806640625,394.3286437988281
image_70_jpg.rf.c0bddaa7617b72a8a266307276ab6649.jpg,"framed mirror in bathroom or bedroom, above sink or dresser",0.1570199877023697,556.7501220703125,171.14596557617188,604.2212524414062,387.9087829589844
image_222_jpg.rf.3407573eeab1ae08029b9b2a1f6791bc.jpg,"framed mirror in bathroom or bedroom, above sink or dresser",0.14368928968906403,3.3774375915527344,28.87371063232422,283.49188232421875,445.4171142578125
image_222_jpg.rf.3407573eeab1ae08029b9b2a1f6791bc.jpg,"framed mirror in bathroom or bedroom, above sink or dresser",0.3154366910457611,-3.0545806884765625,28.381671905517578,278.91680908203125,465.51568603515625
image_222_jpg.rf.3407573eeab1ae08029b9b2a1f6791bc.jpg,"framed mirror in bathroom or bedroom, above sink or dresser",0.2513219714164734,3.0922603607177734,23.513507843017578,297.67138671875,488.10980224609375
image_222_jpg.rf.3407573eeab1ae08029b9b2a1f6791bc.jpg,"framed mirror in bathroom or bedroom, above sink or dresser",0.11279933899641037,30.100120544433594,198.93629455566406,172.68507385253906,423.8862609863281
image_93_jpg.rf.9b82bb53d6516f48bfbacb0b342ea576.jpg,"framed mirror in bathroom or bedroom, above sink or dresser",0.1060047596693039,2.9479598999023438,1.2177276611328125,641.2396240234375,636.7296752929688
image_93_jpg.rf.9b82bb53d6516f48bfbacb0b342ea576.jpg,"framed mirror in bathroom or bedroom, above sink or dresser",0.1154802069067955,0.3798961639404297,18.75080108642578,313.29736328125,640.906982421875
image_93_jpg.rf.9b82bb53d6516f48bfbacb0b342ea576.jpg,"framed mirror in bathroom or bedroom, above sink or dresser",0.1311858594417572,274.2901916503906,109.12342071533203,346.2948913574219,263.69097900390625
image_93_jpg.rf.9b82bb53d6516f48bfbacb0b342ea576.jpg,"framed mirror in bathroom or bedroom, above sink or dresser",0.10845917463302612,10.764837265014648,106.18074035644531,210.93692016601562,442.07098388671875
image_93_jpg.rf.9b82bb53d6516f48bfbacb0b342ea576.jpg,"framed mirror in bathroom or bedroom, above sink or dresser",0.17624926567077637,307.4716491699219,182.42349243164062,334.8255615234375,245.74571228027344
image_93_jpg.rf.9b82bb53d6516f48bfbacb0b342ea576.jpg,"framed mirror in bathroom or bedroom, above sink or dresser",0.21982678771018982,4.857196807861328,80.05204772949219,220.14060974121094,516.255859375
image_93_jpg.rf.9b82bb53d6516f48bfbacb0b342ea576.jpg,"framed mirror in bathroom or bedroom, above sink or dresser",0.1904197633266449,183.17184448242188,171.22665405273438,243.58001708984375,412.4453125
image_93_jpg.rf.9b82bb53d6516f48bfbacb0b342ea576.jpg,"framed mirror in bathroom or bedroom, above sink or dresser",0.223848357796669,238.75772094726562,222.41629028320312,282.1775207519531,338.3595275878906
image_93_jpg.rf.9b82bb53d6516f48bfbacb0b342ea576.jpg,"framed mirror in bathroom or bedroom, above sink or dresser",0.10890762507915497,187.17889404296875,266.6346130371094,228.6282196044922,363.4530944824219
image_93_jpg.rf.9b82bb53d6516f48bfbacb0b342ea576.jpg,"framed mirror in bathroom or bedroom, above sink or dresser",0.11380835622549057,188.76527404785156,282.45916748046875,231.65658569335938,362.9039001464844
image_147_jpg.rf.6d15cedec199572c4b7d7fd9139dd058.jpg,"framed mirror in bathroom or bedroom, above sink or dresser",0.10691699385643005,7.581996917724609,0.12258529663085938,644.9890747070312,637.635986328125
image_147_jpg.rf.6d15cedec199572c4b7d7fd9139dd058.jpg,"framed mirror in bathroom or bedroom, above sink or dresser",0.13694947957992554,176.37921142578125,133.70982360839844,476.37957763671875,355.93896484375
image_147_jpg.rf.6d15cedec199572c4b7d7fd9139dd058.jpg,"framed mirror in bathroom or bedroom, above sink or dresser",0.5468578934669495,101.63446044921875,199.74966430664062,149.54734802246094,259.8620910644531
image_147_jpg.rf.6d15cedec199572c4b7d7fd9139dd058.jpg,"framed mirror in bathroom or bedroom, above sink or dresser",0.10300158709287643,99.68356323242188,213.0384521484375,116.014892578125,250.3856658935547
image_147_jpg.rf.6d15cedec199572c4b7d7fd9139dd058.jpg,"framed mirror in bathroom or bedroom, above sink or dresser",0.10897520929574966,102.6401138305664,199.63453674316406,148.62371826171875,261.3240966796875
image_147_jpg.rf.6d15cedec199572c4b7d7fd9139dd058.jpg,"framed mirror in bathroom or bedroom, above sink or dresser",0.11739279329776764,269.645751953125,239.4534454345703,331.8174743652344,352.3885498046875
image_147_jpg.rf.6d15cedec199572c4b7d7fd9139dd058.jpg,"framed mirror in bathroom or bedroom, above sink or dresser",0.13578160107135773,554.4903564453125,304.973876953125,605.3229370117188,360.5148010253906
image_147_jpg.rf.6d15cedec199572c4b7d7fd9139dd058.jpg,"framed mirror in bathroom or bedroom, above sink or dresser",0.2600579857826233,87.17239379882812,117.7528305053711,525.8167724609375,379.59124755859375
image_172_jpg.rf.45093c8dadc7b2362b33f3f56c938c59.jpg,"framed mirror in bathroom or bedroom, above sink or dresser",0.12118171155452728,67.97038269042969,-1.6522216796875,344.30126953125,277.42431640625
image_172_jpg.rf.45093c8dadc7b2362b33f3f56c938c59.jpg,"framed mirror in bathroom or bedroom, above sink or dresser",0.11437474191188812,-0.7254219055175781,1.4609336853027344,632.6837768554688,638.848876953125
image_172_jpg.rf.45093c8dadc7b2362b33f3f56c938c59.jpg,"framed mirror in bathroom or bedroom, above sink or dresser",0.13478249311447144,333.81134033203125,3.4277725219726562,451.63885498046875,288.5564880371094
image_172_jpg.rf.45093c8dadc7b2362b33f3f56c938c59.jpg,"framed mirror in bathroom or bedroom, above sink or dresser",0.12931925058364868,60.78224182128906,2.227621078491211,335.8917236328125,279.31170654296875
image_249_jpg.rf.597920c48f47e6facc45df5752f5e077.jpg,"framed mirror in bathroom or bedroom, above sink or dresser",0.218549907207489,227.79302978515625,64.35928344726562,341.6405944824219,337.21002197265625
image_234_jpg.rf.cd5a047a35ea3c8fd4a848597e95c206.jpg,"framed mirror in bathroom or bedroom, above sink or dresser",0.28163033723831177,-1.0016250610351562,-0.5733871459960938,285.38262939453125,331.5177917480469
image_234_jpg.rf.cd5a047a35ea3c8fd4a848597e95c206.jpg,"framed mirror in bathroom or bedroom, above sink or dresser",0.17788197100162506,-0.23448944091796875,-2.5060653686523438,282.17413330078125,321.31439208984375
image_268_jpg.rf.3a9116d91e07426721365916e83385c1.jpg,"framed mirror in bathroom or bedroom, above sink or dresser",0.14616748690605164,263.72552490234375,36.070777893066406,370.794677734375,273.9097595214844
image_268_jpg.rf.3a9116d91e07426721365916e83385c1.jpg,"framed mirror in bathroom or bedroom, above sink or dresser",0.33483654260635376,263.3724365234375,34.82124328613281,371.0441589355469,274.6194152832031
image_71_jpg.rf.fa95e52cc23d97e061858a9f73bd79a2.jpg,"framed mirror in bathroom or bedroom, above sink or dresser",0.12070103734731674,-2.1131134033203125,2.8029251098632812,635.2457885742188,640.467529296875
image_71_jpg.rf.fa95e52cc23d97e061858a9f73bd79a2.jpg,"framed mirror in bathroom or bedroom, above sink or dresser",0.11078053712844849,1.3317489624023438,3.049793243408203,297.6628723144531,637.9324951171875
image_71_jpg.rf.fa95e52cc23d97e061858a9f73bd79a2.jpg,"framed mirror in bathroom or bedroom, above sink or dresser",0.166178360581398,291.5200500488281,-0.29819488525390625,643.1655883789062,636.3072509765625
image_71_jpg.rf.fa95e52cc23d97e061858a9f73bd79a2.jpg,"framed mirror in bathroom or bedroom, above sink or dresser",0.14706455171108246,455.6021728515625,-2.369861602783203,486.6934814453125,367.36572265625
image_71_jpg.rf.fa95e52cc23d97e061858a9f73bd79a2.jpg,"framed mirror in bathroom or bedroom, above sink or dresser",0.13411688804626465,490.50421142578125,66.936767578125,581.703857421875,369.28497314453125
image_71_jpg.rf.fa95e52cc23d97e061858a9f73bd79a2.jpg,"framed mirror in bathroom or bedroom, above sink or dresser",0.14190581440925598,442.380126953125,-7.632961273193359,624.8259887695312,386.1589050292969
image_191_jpg.rf.09a351456db1f28b09837b76c2931c0c.jpg,"framed mirror in bathroom or bedroom, above sink or dresser",0.18580251932144165,265.80780029296875,227.6854248046875,305.17840576171875,299.64630126953125
image_191_jpg.rf.09a351456db1f28b09837b76c2931c0c.jpg,"framed mirror in bathroom or bedroom, above sink or dresser",0.14774979650974274,361.78729248046875,239.28134155273438,395.8962707519531,302.28253173828125
image_191_jpg.rf.09a351456db1f28b09837b76c2931c0c.jpg,"framed mirror in bathroom or bedroom, above sink or dresser",0.12551140785217285,337.2162170410156,103.90312194824219,486.24005126953125,455.34625244140625
image_34_jpg.rf.65d252fecec9124251923fef53b8a39c.jpg,"framed mirror in bathroom or bedroom, above sink or dresser",0.10631950199604034,2.554645538330078,1.9942855834960938,640.3857421875,638.4488525390625
image_34_jpg.rf.65d252fecec9124251923fef53b8a39c.jpg,"framed mirror in bathroom or bedroom, above sink or dresser",0.1276116967201233,235.9810791015625,-8.671989440917969,629.862548828125,629.090087890625
image_34_jpg.rf.65d252fecec9124251923fef53b8a39c.jpg,"framed mirror in bathroom or bedroom, above sink or dresser",0.15888388454914093,-1.6593074798583984,1.3712120056152344,203.09295654296875,423.0782470703125
image_34_jpg.rf.65d252fecec9124251923fef53b8a39c.jpg,"framed mirror in bathroom or bedroom, above sink or dresser",0.1090194582939148,-0.4169750213623047,-3.1531333923339844,169.13040161132812,347.7120361328125
image_34_jpg.rf.65d252fecec9124251923fef53b8a39c.jpg,"framed mirror in bathroom or bedroom, above sink or dresser",0.12271811813116074,-1.0556697845458984,75.86404418945312,133.5914306640625,412.58148193359375
image_34_jpg.rf.65d252fecec9124251923fef53b8a39c.jpg,"framed mirror in bathroom or bedroom, above sink or dresser",0.12870243191719055,-1.2113714218139648,88.76190185546875,107.15841674804688,412.4910888671875
image_131_jpg.rf.53b524af7da93057f32562b270aac36c.jpg,"framed mirror in bathroom or bedroom, above sink or dresser",0.2904570996761322,7.692661285400391,-2.4021053314208984,372.7047119140625,257.6702880859375
image_211_jpg.rf.784beb2ed29fd99bfa5410c0fe834b3f.jpg,"framed mirror in bathroom or bedroom, above sink or dresser",0.19452741742134094,377.20855712890625,-5.167102813720703,565.775390625,372.89373779296875
image_211_jpg.rf.784beb2ed29fd99bfa5410c0fe834b3f.jpg,"framed mirror in bathroom or bedroom, above sink or dresser",0.3602559566497803,377.54205322265625,3.954925537109375,567.7273559570312,373.9007873535156
image_7_jpg.rf.f6ae364555ce901141a258c83941e4cc.jpg,"framed mirror in bathroom or bedroom, above sink or dresser",0.2297225445508957,130.6645050048828,-3.056459426879883,301.62591552734375,300.42718505859375
image_7_jpg.rf.f6ae364555ce901141a258c83941e4cc.jpg,"framed mirror in bathroom or bedroom, above sink or dresser",0.14471730589866638,213.69659423828125,159.2375030517578,284.29779052734375,307.15625
image_7_jpg.rf.f6ae364555ce901141a258c83941e4cc.jpg,"framed mirror in bathroom or bedroom, above sink or dresser",0.19475799798965454,132.90719604492188,-2.3897457122802734,344.380126953125,305.35760498046875
image_161_jpg.rf.989d55a1008c083de636b00ac9c12f35.jpg,"framed mirror in bathroom or bedroom, above sink or dresser",0.14620591700077057,39.59320068359375,1.7892646789550781,328.2555847167969,391.78717041015625
image_161_jpg.rf.989d55a1008c083de636b00ac9c12f35.jpg,"framed mirror in bathroom or bedroom, above sink or dresser",0.10346962511539459,39.542266845703125,2.3800086975097656,327.570556640625,403.05108642578125
image_161_jpg.rf.989d55a1008c083de636b00ac9c12f35.jpg,"framed mirror in bathroom or bedroom, above sink or dresser",0.3551432192325592,20.883769989013672,1.8502426147460938,339.3402099609375,426.6558532714844
image_161_jpg.rf.989d55a1008c083de636b00ac9c12f35.jpg,"framed mirror in bathroom or bedroom, above sink or dresser",0.1265028864145279,17.76174545288086,2.1100807189941406,338.3168029785156,426.41937255859375
image_247_jpg.rf.a5adc62dff83365798bbf415d0f42c53.jpg,"framed mirror in bathroom or bedroom, above sink or dresser",0.16879309713840485,66.65675354003906,1.1812782287597656,292.16558837890625,322.74591064453125
image_247_jpg.rf.a5adc62dff83365798bbf415d0f42c53.jpg,"framed mirror in bathroom or bedroom, above sink or dresser",0.23147065937519073,60.56257247924805,3.623180389404297,298.3526916503906,339.73486328125
image_162_jpg.rf.88d8e95e456cd877cc348d50876a85cd.jpg,"framed mirror in bathroom or bedroom, above sink or dresser",0.14896361529827118,78.39321899414062,0.43868064880371094,314.3925476074219,297.1939392089844
image_162_jpg.rf.88d8e95e456cd877cc348d50876a85cd.jpg,"framed mirror in bathroom or bedroom, above sink or dresser",0.29050591588020325,152.26414489746094,-2.097043991088867,308.74005126953125,284.7506408691406
image_162_jpg.rf.88d8e95e456cd877cc348d50876a85cd.jpg,"framed mirror in bathroom or bedroom, above sink or dresser",0.20808927714824677,154.4454803466797,-1.4420032501220703,304.8701171875,283.7342834472656
image_120_jpg.rf.2054f3d3f139771267056a0692c42498.jpg,"framed mirror in bathroom or bedroom, above sink or dresser",0.18766328692436218,442.7451171875,-4.062652587890625,642.61474609375,360.5433654785156
image_120_jpg.rf.2054f3d3f139771267056a0692c42498.jpg,"framed mirror in bathroom or bedroom, above sink or dresser",0.292129248380661,436.9367980957031,-1.9362449645996094,638.4066772460938,375.7826232910156
image_120_jpg.rf.2054f3d3f139771267056a0692c42498.jpg,"framed mirror in bathroom or bedroom, above sink or dresser",0.14951607584953308,523.3411254882812,113.28545379638672,638.7781982421875,320.6698913574219
image_178_jpg.rf.a49f9fd168a27ccf27972de363222e21.jpg,"framed mirror in bathroom or bedroom, above sink or dresser",0.12398310750722885,449.599609375,2.076263427734375,636.474609375,372.6921081542969
image_241_jpg.rf.d107b0413c9b14825aaf6c1437cc88d5.jpg,"framed mirror in bathroom or bedroom, above sink or dresser",0.11205630004405975,20.331478118896484,11.808815002441406,347.7191162109375,347.7884521484375
image_230_jpg.rf.eabd64b668746be0899c900330eba20d.jpg,"framed mirror in bathroom or bedroom, above sink or dresser",0.1174735277891159,282.16326904296875,-5.985126495361328,550.1104736328125,630.2282104492188
image_230_jpg.rf.eabd64b668746be0899c900330eba20d.jpg,"framed mirror in bathroom or bedroom, above sink or dresser",0.1265486776828766,284.8885803222656,-4.062633514404297,618.8232421875,633.3505249023438
image_230_jpg.rf.eabd64b668746be0899c900330eba20d.jpg,"framed mirror in bathroom or bedroom, above sink or dresser",0.12699191272258759,304.27532958984375,72.27779388427734,344.6617431640625,442.8075866699219
image_230_jpg.rf.eabd64b668746be0899c900330eba20d.jpg,"framed mirror in bathroom or bedroom, above sink or dresser",0.19452710449695587,307.42572021484375,1.5681266784667969,513.7799682617188,440.3961181640625
image_170_jpg.rf.0c5750a5958f60c58942568771cea460.jpg,"framed mirror in bathroom or bedroom, above sink or dresser",0.11113513261079788,99.34605407714844,136.57647705078125,254.61769104003906,259.1683044433594
image_170_jpg.rf.0c5750a5958f60c58942568771cea460.jpg,"framed mirror in bathroom or bedroom, above sink or dresser",0.1292867809534073,101.19628143310547,128.1391143798828,254.38397216796875,257.2216796875
image_170_jpg.rf.0c5750a5958f60c58942568771cea460.jpg,"framed mirror in bathroom or bedroom, above sink or dresser",0.3048921227455139,31.392364501953125,4.357805252075195,318.41046142578125,269.1240234375
image_170_jpg.rf.0c5750a5958f60c58942568771cea460.jpg,"framed mirror in bathroom or bedroom, above sink or dresser",0.13275004923343658,32.32855987548828,2.11090087890625,317.77728271484375,265.3193359375
image_170_jpg.rf.0c5750a5958f60c58942568771cea460.jpg,"framed mirror in bathroom or bedroom, above sink or dresser",0.10881242901086807,553.9835815429688,155.65927124023438,640.4528198242188,354.62957763671875
image_207_jpg.rf.b9bae10280c26ab405acb73717a19bd4.jpg,"framed mirror in bathroom or bedroom, above sink or dresser",0.12018575519323349,403.75732421875,14.458637237548828,636.4295654296875,450.77734375
image_207_jpg.rf.b9bae10280c26ab405acb73717a19bd4.jpg,"framed mirror in bathroom or bedroom, above sink or dresser",0.16576722264289856,-0.8917522430419922,3.640155792236328,252.35287475585938,637.989990234375
image_207_jpg.rf.b9bae10280c26ab405acb73717a19bd4.jpg,"framed mirror in bathroom or bedroom, above sink or dresser",0.1994697004556656,418.8191223144531,23.11624526977539,573.8070678710938,422.8099060058594
image_207_jpg.rf.b9bae10280c26ab405acb73717a19bd4.jpg,"framed mirror in bathroom or bedroom, above sink or dresser",0.17528557777404785,611.4363403320312,214.4597625732422,640.1036987304688,296.2455749511719
image_207_jpg.rf.b9bae10280c26ab405acb73717a19bd4.jpg,"framed mirror in bathroom or bedroom, above sink or dresser",0.12462377548217773,566.986083984375,12.933807373046875,638.1369018554688,448.3209533691406
image_257_jpg.rf.8bbaaff795a6e57563971a22d3ce6205.jpg,"framed mirror in bathroom or bedroom, above sink or dresser",0.13745710253715515,1.5786170959472656,3.7871360778808594,639.2300415039062,641.240234375
image_257_jpg.rf.8bbaaff795a6e57563971a22d3ce6205.jpg,"framed mirror in bathroom or bedroom, above sink or dresser",0.1724482625722885,173.8433074951172,153.92349243164062,246.44076538085938,306.7590026855469
image_257_jpg.rf.8bbaaff795a6e57563971a22d3ce6205.jpg,"framed mirror in bathroom or bedroom, above sink or dresser",0.11714129149913788,119.40918731689453,166.9951629638672,177.8367462158203,315.42108154296875
image_257_jpg.rf.8bbaaff795a6e57563971a22d3ce6205.jpg,"framed mirror in bathroom or bedroom, above sink or dresser",0.19598056375980377,111.955322265625,124.79004669189453,252.3924102783203,313.21990966796875
image_257_jpg.rf.8bbaaff795a6e57563971a22d3ce6205.jpg,"framed mirror in bathroom or bedroom, above sink or dresser",0.3838246762752533,110.9506607055664,108.83226013183594,266.0455322265625,323.2489013671875
image_257_jpg.rf.8bbaaff795a6e57563971a22d3ce6205.jpg,"framed mirror in bathroom or bedroom, above sink or dresser",0.16726647317409515,111.35486602783203,109.55401611328125,266.84320068359375,325.03814697265625
image_257_jpg.rf.8bbaaff795a6e57563971a22d3ce6205.jpg,"framed mirror in bathroom or bedroom, above sink or dresser",0.17689356207847595,0.10077476501464844,1.3662338256835938,307.5979309082031,387.1453552246094
image_185_jpg.rf.b2f3d0e5f84048bddb572eaa873a2ca0.jpg,"framed mirror in bathroom or bedroom, above sink or dresser",0.14466197788715363,4.934558868408203,97.21558380126953,257.85833740234375,278.2713317871094
image_185_jpg.rf.b2f3d0e5f84048bddb572eaa873a2ca0.jpg,"framed mirror in bathroom or bedroom, above sink or dresser",0.25182202458381653,4.966611862182617,86.51834106445312,264.9482421875,282.26873779296875
image_185_jpg.rf.b2f3d0e5f84048bddb572eaa873a2ca0.jpg,"framed mirror in bathroom or bedroom, above sink or dresser",0.15578049421310425,192.81423950195312,106.3058090209961,258.6571350097656,265.8761291503906
image_185_jpg.rf.b2f3d0e5f84048bddb572eaa873a2ca0.jpg,"framed mirror in bathroom or bedroom, above sink or dresser",0.13488182425498962,8.665924072265625,94.43299102783203,148.47817993164062,281.4208679199219
image_185_jpg.rf.b2f3d0e5f84048bddb572eaa873a2ca0.jpg,"framed mirror in bathroom or bedroom, above sink or dresser",0.1326836198568344,10.722341537475586,96.94461822509766,148.9903564453125,281.3839111328125
image_51_jpg.rf.5e9240dc696bfef934ae34a5e50a37d4.jpg,"framed mirror in bathroom or bedroom, above sink or dresser",0.110636405646801,0.41347503662109375,0.7572364807128906,635.0759887695312,638.791748046875
image_51_jpg.rf.5e9240dc696bfef934ae34a5e50a37d4.jpg,"framed mirror in bathroom or bedroom, above sink or dresser",0.28409919142723083,393.70184326171875,59.25682830810547,583.4850463867188,286.29656982421875
image_51_jpg.rf.5e9240dc696bfef934ae34a5e50a37d4.jpg,"framed mirror in bathroom or bedroom, above sink or dresser",0.18983422219753265,395.6056213378906,59.32966232299805,585.5712890625,286.514404296875
image_264_jpg.rf.59adc6393ed32fb019716018293cfc52.jpg,"framed mirror in bathroom or bedroom, above sink or dresser",0.3537483215332031,308.17022705078125,-0.6714820861816406,450.50506591796875,415.10430908203125
image_264_jpg.rf.59adc6393ed32fb019716018293cfc52.jpg,"framed mirror in bathroom or bedroom, above sink or dresser",0.13298861682415009,327.25439453125,109.75701141357422,440.66253662109375,411.7572021484375
image_264_jpg.rf.59adc6393ed32fb019716018293cfc52.jpg,"framed mirror in bathroom or bedroom, above sink or dresser",0.13432539999485016,318.8133544921875,82.21182250976562,441.02789306640625,411.2557373046875
image_264_jpg.rf.59adc6393ed32fb019716018293cfc52.jpg,"framed mirror in bathroom or bedroom, above sink or dresser",0.17226845026016235,503.330322265625,417.7261962890625,564.2152099609375,510.79962158203125
image_244_jpg.rf.c503d3809462f4af78491b37b935659f.jpg,"framed mirror in bathroom or bedroom, above sink or dresser",0.11372371762990952,582.3281860351562,-4.274730682373047,639.6751708984375,197.39385986328125
image_58_jpg.rf.f46de6ee021a52fd5e2003eeb01456b8.jpg,"framed mirror in bathroom or bedroom, above sink or dresser",0.11392059922218323,4.056291580200195,1.4059829711914062,278.8348083496094,333.5638732910156
image_58_jpg.rf.f46de6ee021a52fd5e2003eeb01456b8.jpg,"framed mirror in bathroom or bedroom, above sink or dresser",0.15172789990901947,61.35547637939453,60.18697738647461,122.46231079101562,289.43658447265625
image_58_jpg.rf.f46de6ee021a52fd5e2003eeb01456b8.jpg,"framed mirror in bathroom or bedroom, above sink or dresser",0.13324211537837982,62.90898132324219,7.296123504638672,192.13168334960938,295.5228576660156
image_58_jpg.rf.f46de6ee021a52fd5e2003eeb01456b8.jpg,"framed mirror in bathroom or bedroom, above sink or dresser",0.12327079474925995,272.228515625,122.1377944946289,295.6031494140625,337.16009521484375
image_58_jpg.rf.f46de6ee021a52fd5e2003eeb01456b8.jpg,"framed mirror in bathroom or bedroom, above sink or dresser",0.37682509422302246,42.41962432861328,-5.291032791137695,208.70733642578125,309.39117431640625
image_148_jpg.rf.b811cdc5e00a529ac51cce4f8cdd2372.jpg,"framed mirror in bathroom or bedroom, above sink or dresser",0.10449720174074173,-4.851665496826172,0.9066581726074219,633.3798217773438,638.235595703125
image_148_jpg.rf.b811cdc5e00a529ac51cce4f8cdd2372.jpg,"framed mirror in bathroom or bedroom, above sink or dresser",0.12201102077960968,438.82220458984375,-1.2397575378417969,611.9766845703125,632.2606201171875
image_148_jpg.rf.b811cdc5e00a529ac51cce4f8cdd2372.jpg,"framed mirror in bathroom or bedroom, above sink or dresser",0.12526045739650726,110.90940856933594,39.57402038574219,166.10806274414062,339.60015869140625
image_148_jpg.rf.b811cdc5e00a529ac51cce4f8cdd2372.jpg,"framed mirror in bathroom or bedroom, above sink or dresser",0.16970323026180267,-2.044095993041992,3.647594451904297,246.90814208984375,362.3367919921875
image_148_jpg.rf.b811cdc5e00a529ac51cce4f8cdd2372.jpg,"framed mirror in bathroom or bedroom, above sink or dresser",0.2478097528219223,-4.314260482788086,0.6170082092285156,248.3153533935547,371.01995849609375
image_121_jpg.rf.6331764c4af9b96b32bcbb75dfa87e61.jpg,"framed mirror in bathroom or bedroom, above sink or dresser",0.14133480191230774,396.8374328613281,-0.47280311584472656,636.97900390625,243.9972686767578
image_121_jpg.rf.6331764c4af9b96b32bcbb75dfa87e61.jpg,"framed mirror in bathroom or bedroom, above sink or dresser",0.11503997445106506,-0.4953765869140625,-2.0941734313964844,47.329689025878906,364.2410888671875
image_256_jpg.rf.639e891d9b105cede24f27eec4046af0.jpg,"framed mirror in bathroom or bedroom, above sink or dresser",0.22361807525157928,34.259891510009766,-4.636449813842773,297.392333984375,307.5228576660156
image_256_jpg.rf.639e891d9b105cede24f27eec4046af0.jpg,"framed mirror in bathroom or bedroom, above sink or dresser",0.12803761661052704,33.329246520996094,-3.686494827270508,298.0216979980469,308.49371337890625
image_256_jpg.rf.639e891d9b105cede24f27eec4046af0.jpg,"framed mirror in bathroom or bedroom, above sink or dresser",0.34854668378829956,22.02488899230957,1.0387706756591797,298.55029296875,313.876708984375
image_216_jpg.rf.c34e27001795c9269b88053cce58230a.jpg,"framed mirror in bathroom or bedroom, above sink or dresser",0.32787320017814636,397.937744140625,-1.7488288879394531,643.06591796875,356.86669921875
image_216_jpg.rf.c34e27001795c9269b88053cce58230a.jpg,"framed mirror in bathroom or bedroom, above sink or dresser",0.1499769687652588,404.8404235839844,-2.4275970458984375,644.431884765625,339.9881591796875
image_260_jpg.rf.b52ba442570ae066c30676aff305b904.jpg,"framed mirror in bathroom or bedroom, above sink or dresser",0.30231592059135437,258.1055908203125,162.7526092529297,377.6156005859375,347.49462890625
image_9_jpg.rf.ef0feb027cdd49fb852fc537d8c1b5a7.jpg,"framed mirror in bathroom or bedroom, above sink or dresser",0.18366926908493042,305.7699279785156,0.23962974548339844,560.0455932617188,247.51156616210938
image_54_jpg.rf.94cc133a81c888329dcfbf9286f3cc83.jpg,"framed mirror in bathroom or bedroom, above sink or dresser",0.15840721130371094,125.901123046875,3.1877994537353516,224.75946044921875,218.4735870361328
image_54_jpg.rf.94cc133a81c888329dcfbf9286f3cc83.jpg,"framed mirror in bathroom or bedroom, above sink or dresser",0.19168810546398163,0.31575441360473633,2.5456762313842773,73.51683807373047,69.22109985351562
image_54_jpg.rf.94cc133a81c888329dcfbf9286f3cc83.jpg,"framed mirror in bathroom or bedroom, above sink or dresser",0.24981872737407684,126.57540893554688,11.08464241027832,224.3226776123047,217.65078735351562
image_104_jpg.rf.d7edf0b4f270b5fcfb8431d3b59033fd.jpg,"framed mirror in bathroom or bedroom, above sink or dresser",0.2134747952222824,531.1581420898438,3.189220428466797,612.957763671875,387.32354736328125
image_104_jpg.rf.d7edf0b4f270b5fcfb8431d3b59033fd.jpg,"framed mirror in bathroom or bedroom, above sink or dresser",0.10610800981521606,568.1194458007812,310.6308288574219,613.0889892578125,388.3331604003906
image_119_jpg.rf.49ab2b6f0c33e791bff3afe1cd637357.jpg,"framed mirror in bathroom or bedroom, above sink or dresser",0.23664294183254242,440.3603515625,-7.472858428955078,637.164794921875,361.955322265625
image_28_jpg.rf.18aa2d8f29de7d4fe6f81dd84574f779.jpg,"framed mirror in bathroom or bedroom, above sink or dresser",0.1322825402021408,478.68853759765625,1.9577980041503906,633.9375610351562,427.0548095703125
image_28_jpg.rf.18aa2d8f29de7d4fe6f81dd84574f779.jpg,"framed mirror in bathroom or bedroom, above sink or dresser",0.18503102660179138,-4.498047828674316,14.034595489501953,158.09347534179688,392.34466552734375
image_98_jpg.rf.31dd503190d0381023c6fef0db431228.jpg,"framed mirror in bathroom or bedroom, above sink or dresser",0.33750101923942566,337.17840576171875,10.463848114013672,593.9380493164062,294.7106628417969
image_98_jpg.rf.31dd503190d0381023c6fef0db431228.jpg,"framed mirror in bathroom or bedroom, above sink or dresser",0.12334875017404556,340.63470458984375,27.66317367553711,590.89990234375,287.9721984863281
image_235_jpg.rf.13a5e432552cc2e89133aac975176818.jpg,"framed mirror in bathroom or bedroom, above sink or dresser",0.10453113913536072,95.71669006347656,-0.64231276512146,131.1644744873047,27.513500213623047
image_235_jpg.rf.13a5e432552cc2e89133aac975176818.jpg,"framed mirror in bathroom or bedroom, above sink or dresser",0.2671826183795929,68.90577697753906,5.637397766113281,159.0155029296875,333.6130065917969
image_155_jpg.rf.e2860144c4bd60e2ccf934f8841ba782.jpg,"framed mirror in bathroom or bedroom, above sink or dresser",0.15501528978347778,5.327396392822266,-3.162822723388672,341.93878173828125,411.55206298828125
image_155_jpg.rf.e2860144c4bd60e2ccf934f8841ba782.jpg,"framed mirror in bathroom or bedroom, above sink or dresser",0.14421318471431732,364.44122314453125,116.97635650634766,412.88916015625,209.66143798828125
image_155_jpg.rf.e2860144c4bd60e2ccf934f8841ba782.jpg,"framed mirror in bathroom or bedroom, above sink or dresser",0.11420858651399612,3.2091903686523438,-0.19987106323242188,343.955810546875,632.796142578125
image_138_jpg.rf.6df9b0dd098c1ab57860432b02ba9de2.jpg,"framed mirror in bathroom or bedroom, above sink or dresser",0.3029896318912506,60.207462310791016,79.22132873535156,239.0115203857422,338.36248779296875
image_138_jpg.rf.6df9b0dd098c1ab57860432b02ba9de2.jpg,"framed mirror in bathroom or bedroom, above sink or dresser",0.10302689671516418,329.0000915527344,93.96408081054688,365.95880126953125,218.1517333984375
image_138_jpg.rf.6df9b0dd098c1ab57860432b02ba9de2.jpg,"framed mirror in bathroom or bedroom, above sink or dresser",0.1074998751282692,353.85888671875,142.7733612060547,543.3477783203125,529.4229736328125
image_138_jpg.rf.6df9b0dd098c1ab57860432b02ba9de2.jpg,"framed mirror in bathroom or bedroom, above sink or dresser",0.13618037104606628,509.92138671875,149.26107788085938,542.1350708007812,314.0177001953125
image_138_jpg.rf.6df9b0dd098c1ab57860432b02ba9de2.jpg,"framed mirror in bathroom or bedroom, above sink or dresser",0.11208516359329224,547.1821899414062,142.31915283203125,563.523681640625,270.77362060546875
image_138_jpg.rf.6df9b0dd098c1ab57860432b02ba9de2.jpg,"framed mirror in bathroom or bedroom, above sink or dresser",0.27174946665763855,279.39813232421875,225.43280029296875,315.1842956542969,276.8688049316406
image_138_jpg.rf.6df9b0dd098c1ab57860432b02ba9de2.jpg,"framed mirror in bathroom or bedroom, above sink or dresser",0.11374714225530624,209.09115600585938,243.505126953125,228.83084106445312,285.2414245605469
image_138_jpg.rf.6df9b0dd098c1ab57860432b02ba9de2.jpg,"framed mirror in bathroom or bedroom, above sink or dresser",0.1305145025253296,55.83393096923828,78.325927734375,238.97018432617188,335.1763610839844
image_166_jpg.rf.5dcc00a73975991b19d7b1b4dbe15ded.jpg,"framed mirror in bathroom or bedroom, above sink or dresser",0.2295909821987152,504.099365234375,-3.116278648376465,571.66162109375,109.96481323242188
image_166_jpg.rf.5dcc00a73975991b19d7b1b4dbe15ded.jpg,"framed mirror in bathroom or bedroom, above sink or dresser",0.12946373224258423,107.07914733886719,-11.375102996826172,520.208740234375,424.7601318359375
image_23_jpg.rf.0ba4a3e8341cf440462b6b34818447cd.jpg,"framed mirror in bathroom or bedroom, above sink or dresser",0.11577131599187851,2.809619903564453,2.619476318359375,639.4652099609375,640.539306640625
image_23_jpg.rf.0ba4a3e8341cf440462b6b34818447cd.jpg,"framed mirror in bathroom or bedroom, above sink or dresser",0.1251099854707718,405.13177490234375,53.59777069091797,443.3267822265625,206.9449005126953
image_194_jpg.rf.11afeda5a15a8febd3d54d78016a3ec8.jpg,"framed mirror in bathroom or bedroom, above sink or dresser",0.12550073862075806,265.6307373046875,107.9744873046875,555.8311767578125,433.30865478515625
image_194_jpg.rf.11afeda5a15a8febd3d54d78016a3ec8.jpg,"framed mirror in bathroom or bedroom, above sink or dresser",0.20257319509983063,267.9407043457031,118.85501098632812,550.6898193359375,434.51220703125
image_194_jpg.rf.11afeda5a15a8febd3d54d78016a3ec8.jpg,"framed mirror in bathroom or bedroom, above sink or dresser",0.39435169100761414,257.62890625,96.46673583984375,562.8788452148438,441.3496398925781
image_215_jpg.rf.d3aefc3592d48845a3ea7f1c06d0c8a0.jpg,"framed mirror in bathroom or bedroom, above sink or dresser",0.144881933927536,206.29769897460938,19.62818145751953,390.41754150390625,306.5399169921875
image_215_jpg.rf.d3aefc3592d48845a3ea7f1c06d0c8a0.jpg,"framed mirror in bathroom or bedroom, above sink or dresser",0.1574012041091919,403.2356262207031,0.28275489807128906,637.9140625,303.7062072753906
image_69_jpg.rf.a9899cee778948f298426fa771070cd9.jpg,"framed mirror in bathroom or bedroom, above sink or dresser",0.18622657656669617,199.124755859375,111.4208984375,313.8743896484375,354.271484375
image_164_jpg.rf.9c8903e320e63554969cec7544839d6b.jpg,"framed mirror in bathroom or bedroom, above sink or dresser",0.1065436452627182,85.39573669433594,22.811222076416016,237.29217529296875,634.48583984375
image_164_jpg.rf.9c8903e320e63554969cec7544839d6b.jpg,"framed mirror in bathroom or bedroom, above sink or dresser",0.2182990461587906,412.4514465332031,52.60059356689453,626.3382568359375,486.8260192871094
image_164_jpg.rf.9c8903e320e63554969cec7544839d6b.jpg,"framed mirror in bathroom or bedroom, above sink or dresser",0.1157643124461174,528.9673461914062,114.76856994628906,567.984375,424.8074645996094
image_164_jpg.rf.9c8903e320e63554969cec7544839d6b.jpg,"framed mirror in bathroom or bedroom, above sink or dresser",0.1011667549610138,410.3359680175781,46.16931915283203,637.77490234375,522.435302734375
image_168_jpg.rf.e34b84e656dd95078e47da9b31583752.jpg,"framed mirror in bathroom or bedroom, above sink or dresser",0.20152461528778076,49.47577667236328,3.751544952392578,250.42999267578125,375.9185791015625
image_184_jpg.rf.6621679f4734724109e73d37518d3d5d.jpg,"framed mirror in bathroom or bedroom, above sink or dresser",0.18840692937374115,-1.4432907104492188,0.9467506408691406,634.6886596679688,637.440673828125
image_184_jpg.rf.6621679f4734724109e73d37518d3d5d.jpg,"framed mirror in bathroom or bedroom, above sink or dresser",0.1216413602232933,320.678466796875,-0.7068943977355957,366.9512939453125,48.56831359863281
image_184_jpg.rf.6621679f4734724109e73d37518d3d5d.jpg,"framed mirror in bathroom or bedroom, above sink or dresser",0.10550589114427567,296.7144470214844,26.31692886352539,337.56268310546875,304.73828125
image_184_jpg.rf.6621679f4734724109e73d37518d3d5d.jpg,"framed mirror in bathroom or bedroom, above sink or dresser",0.10104307532310486,318.392333984375,15.016164779663086,461.9039306640625,315.2785949707031
image_184_jpg.rf.6621679f4734724109e73d37518d3d5d.jpg,"framed mirror in bathroom or bedroom, above sink or dresser",0.12644392251968384,335.1102294921875,3.2277870178222656,591.3232421875,341.8746337890625
image_184_jpg.rf.6621679f4734724109e73d37518d3d5d.jpg,"framed mirror in bathroom or bedroom, above sink or dresser",0.12092604488134384,451.14825439453125,96.37260437011719,545.6484375,328.21600341796875
image_184_jpg.rf.6621679f4734724109e73d37518d3d5d.jpg,"framed mirror in bathroom or bedroom, above sink or dresser",0.20542719960212708,455.940185546875,99.92129516601562,542.2681884765625,334.30047607421875
image_184_jpg.rf.6621679f4734724109e73d37518d3d5d.jpg,"framed mirror in bathroom or bedroom, above sink or dresser",0.16265325248241425,392.1075439453125,55.73002624511719,568.5388793945312,332.49798583984375
image_184_jpg.rf.6621679f4734724109e73d37518d3d5d.jpg,"framed mirror in bathroom or bedroom, above sink or dresser",0.10600367188453674,239.6685028076172,18.400802612304688,349.2503356933594,308.11370849609375
image_184_jpg.rf.6621679f4734724109e73d37518d3d5d.jpg,"framed mirror in bathroom or bedroom, above sink or dresser",0.195783793926239,334.91473388671875,109.33574676513672,390.6384582519531,241.9316864013672
image_184_jpg.rf.6621679f4734724109e73d37518d3d5d.jpg,"framed mirror in bathroom or bedroom, above sink or dresser",0.10122990608215332,406.3229675292969,122.62960815429688,449.9209289550781,301.7911682128906
image_184_jpg.rf.6621679f4734724109e73d37518d3d5d.jpg,"framed mirror in bathroom or bedroom, above sink or dresser",0.18454766273498535,543.06005859375,60.17210006713867,639.6669921875,381.14813232421875
image_184_jpg.rf.6621679f4734724109e73d37518d3d5d.jpg,"framed mirror in bathroom or bedroom, above sink or dresser",0.15645436942577362,307.52667236328125,3.8758468627929688,641.7158203125,459.3054504394531
image_72_jpg.rf.b88d037194a949d4789294e8ec456116.jpg,"framed mirror in bathroom or bedroom, above sink or dresser",0.14751717448234558,356.2963562011719,128.44998168945312,433.25091552734375,319.8525390625
image_72_jpg.rf.b88d037194a949d4789294e8ec456116.jpg,"framed mirror in bathroom or bedroom, above sink or dresser",0.1312370002269745,359.697509765625,57.88740158081055,549.8759765625,324.15863037109375
image_72_jpg.rf.b88d037194a949d4789294e8ec456116.jpg,"framed mirror in bathroom or bedroom, above sink or dresser",0.10394895821809769,413.5069580078125,163.60818481445312,432.93170166015625,222.92283630371094
image_72_jpg.rf.b88d037194a949d4789294e8ec456116.jpg,"framed mirror in bathroom or bedroom, above sink or dresser",0.19984154403209686,357.81146240234375,134.070556640625,412.0347900390625,316.83587646484375
image_72_jpg.rf.b88d037194a949d4789294e8ec456116.jpg,"framed mirror in bathroom or bedroom, above sink or dresser",0.11070290952920914,358.5498046875,135.97555541992188,411.23199462890625,315.72149658203125
image_72_jpg.rf.b88d037194a949d4789294e8ec456116.jpg,"framed mirror in bathroom or bedroom, above sink or dresser",0.25405654311180115,442.1990966796875,60.12493133544922,538.9380493164062,321.4148254394531
image_254_jpg.rf.93395e57ad241ebf3c5e8702fadbfa36.jpg,"framed mirror in bathroom or bedroom, above sink or dresser",0.10628195106983185,5.37811279296875,2.9366111755371094,640.7535400390625,640.8609619140625
image_254_jpg.rf.93395e57ad241ebf3c5e8702fadbfa36.jpg,"framed mirror in bathroom or bedroom, above sink or dresser",0.29615142941474915,467.75750732421875,-2.3674964904785156,637.02392578125,346.5535888671875
image_254_jpg.rf.93395e57ad241ebf3c5e8702fadbfa36.jpg,"framed mirror in bathroom or bedroom, above sink or dresser",0.39342671632766724,465.47998046875,-5.237941741943359,636.1075439453125,337.1034240722656
image_254_jpg.rf.93395e57ad241ebf3c5e8702fadbfa36.jpg,"framed mirror in bathroom or bedroom, above sink or dresser",0.1297936886548996,28.13177490234375,41.15806579589844,159.32594299316406,352.24249267578125
image_226_jpg.rf.67057b048dcfd67a5220c7aa7a87495d.jpg,"framed mirror in bathroom or bedroom, above sink or dresser",0.16632302105426788,118.03681945800781,90.916015625,218.51144409179688,282.00653076171875
image_157_jpg.rf.84e8972f3412fed17057f9e797232caf.jpg,"framed mirror in bathroom or bedroom, above sink or dresser",0.10420557856559753,1.7032241821289062,0.413818359375,638.3030395507812,638.911376953125
image_157_jpg.rf.84e8972f3412fed17057f9e797232caf.jpg,"framed mirror in bathroom or bedroom, above sink or dresser",0.2542584240436554,305.05633544921875,0.26180267333984375,615.4393310546875,496.62347412109375
image_157_jpg.rf.84e8972f3412fed17057f9e797232caf.jpg,"framed mirror in bathroom or bedroom, above sink or dresser",0.15268507599830627,374.52276611328125,127.70957946777344,553.1549072265625,462.27960205078125
image_157_jpg.rf.84e8972f3412fed17057f9e797232caf.jpg,"framed mirror in bathroom or bedroom, above sink or dresser",0.13849635422229767,241.18637084960938,198.17556762695312,283.09210205078125,267.27532958984375
image_157_jpg.rf.84e8972f3412fed17057f9e797232caf.jpg,"framed mirror in bathroom or bedroom, above sink or dresser",0.18277649581432343,238.6128387451172,195.2239227294922,292.1413269042969,302.60308837890625
image_157_jpg.rf.84e8972f3412fed17057f9e797232caf.jpg,"framed mirror in bathroom or bedroom, above sink or dresser",0.12911364436149597,540.5863037109375,34.281578063964844,632.9584350585938,495.30450439453125
image_142_jpg.rf.fc510b1a52c673da04741bce7dc87b84.jpg,"framed mirror in bathroom or bedroom, above sink or dresser",0.11732815206050873,8.800106048583984,-1.4312553405761719,642.6574096679688,636.326904296875
image_142_jpg.rf.fc510b1a52c673da04741bce7dc87b84.jpg,"framed mirror in bathroom or bedroom, above sink or dresser",0.11116532236337662,269.2615966796875,-4.623165130615234,642.11474609375,503.90692138671875
image_142_jpg.rf.fc510b1a52c673da04741bce7dc87b84.jpg,"framed mirror in bathroom or bedroom, above sink or dresser",0.1130734458565712,327.107421875,36.960609436035156,455.6177062988281,253.47430419921875
image_142_jpg.rf.fc510b1a52c673da04741bce7dc87b84.jpg,"framed mirror in bathroom or bedroom, above sink or dresser",0.32485896348953247,279.9441833496094,-2.9479026794433594,632.5000610351562,496.76605224609375
image_142_jpg.rf.fc510b1a52c673da04741bce7dc87b84.jpg,"framed mirror in bathroom or bedroom, above sink or dresser",0.17089061439037323,257.40374755859375,3.5009384155273438,634.1124877929688,486.7517395019531
image_142_jpg.rf.fc510b1a52c673da04741bce7dc87b84.jpg,"framed mirror in bathroom or bedroom, above sink or dresser",0.10224882513284683,250.26022338867188,2.6322555541992188,641.8527221679688,640.6735229492188
image_263_jpg.rf.8f08de700fc7fb267eb2d0d9fa08d0ec.jpg,"framed mirror in bathroom or bedroom, above sink or dresser",0.1266212910413742,108.32173156738281,102.05936431884766,290.6451110839844,557.0845336914062
image_189_jpg.rf.930dee9032e9f160addb8451e79f0c69.jpg,"framed mirror in bathroom or bedroom, above sink or dresser",0.2964203953742981,30.50919532775879,-4.018039703369141,304.57159423828125,406.64117431640625
image_189_jpg.rf.930dee9032e9f160addb8451e79f0c69.jpg,"framed mirror in bathroom or bedroom, above sink or dresser",0.1439962238073349,28.65828514099121,-6.198921203613281,300.3062438964844,408.5365295410156
image_67_jpg.rf.45041f17656a9e41ed83fabcd7f5efce.jpg,"framed mirror in bathroom or bedroom, above sink or dresser",0.11446735262870789,416.1087646484375,7.270717620849609,641.60009765625,440.0015869140625
image_67_jpg.rf.45041f17656a9e41ed83fabcd7f5efce.jpg,"framed mirror in bathroom or bedroom, above sink or dresser",0.22962680459022522,416.7563171386719,29.373798370361328,640.6747436523438,426.0762939453125
image_67_jpg.rf.45041f17656a9e41ed83fabcd7f5efce.jpg,"framed mirror in bathroom or bedroom, above sink or dresser",0.2820267677307129,90.00776672363281,210.03085327148438,202.46548461914062,376.3681335449219
image_67_jpg.rf.45041f17656a9e41ed83fabcd7f5efce.jpg,"framed mirror in bathroom or bedroom, above sink or dresser",0.20285990834236145,429.83819580078125,83.41635131835938,642.8223876953125,430.21356201171875
image_261_jpg.rf.20af9b42ff797224e1012f8a5ae32a57.jpg,"framed mirror in bathroom or bedroom, above sink or dresser",0.18535363674163818,25.300188064575195,63.91115188598633,250.599853515625,315.3893737792969
image_261_jpg.rf.20af9b42ff797224e1012f8a5ae32a57.jpg,"framed mirror in bathroom or bedroom, above sink or dresser",0.1129327192902565,23.592538833618164,56.610164642333984,283.6866455078125,322.05938720703125
image_261_jpg.rf.20af9b42ff797224e1012f8a5ae32a57.jpg,"framed mirror in bathroom or bedroom, above sink or dresser",0.24537695944309235,201.51498413085938,187.86424255371094,273.9250793457031,273.141357421875
image_261_jpg.rf.20af9b42ff797224e1012f8a5ae32a57.jpg,"framed mirror in bathroom or bedroom, above sink or dresser",0.14883442223072052,151.47959899902344,214.32313537597656,196.03762817382812,283.85015869140625
image_261_jpg.rf.20af9b42ff797224e1012f8a5ae32a57.jpg,"framed mirror in bathroom or bedroom, above sink or dresser",0.10954678058624268,31.126317977905273,66.95503234863281,227.38311767578125,318.7137451171875
image_261_jpg.rf.20af9b42ff797224e1012f8a5ae32a57.jpg,"framed mirror in bathroom or bedroom, above sink or dresser",0.2153906524181366,1.8364334106445312,7.910137176513672,245.2713165283203,364.49310302734375
image_250_jpg.rf.21bed48c0bec3a451c4fa786841e5500.jpg,"framed mirror in bathroom or bedroom, above sink or dresser",0.12774059176445007,2.2127151489257812,4.5981597900390625,639.5765991210938,641.1926879882812
image_250_jpg.rf.21bed48c0bec3a451c4fa786841e5500.jpg,"framed mirror in bathroom or bedroom, above sink or dresser",0.10234548896551132,481.4658203125,25.752620697021484,542.056396484375,147.60133361816406
image_250_jpg.rf.21bed48c0bec3a451c4fa786841e5500.jpg,"framed mirror in bathroom or bedroom, above sink or dresser",0.1287393718957901,237.6864013671875,175.55645751953125,271.569580078125,331.54864501953125
image_250_jpg.rf.21bed48c0bec3a451c4fa786841e5500.jpg,"framed mirror in bathroom or bedroom, above sink or dresser",0.3977186679840088,-4.479770660400391,2.0062637329101562,193.56341552734375,383.7060241699219
image_250_jpg.rf.21bed48c0bec3a451c4fa786841e5500.jpg,"framed mirror in bathroom or bedroom, above sink or dresser",0.23988303542137146,236.6121826171875,138.8565673828125,311.8175354003906,341.1088562011719
image_250_jpg.rf.21bed48c0bec3a451c4fa786841e5500.jpg,"framed mirror in bathroom or bedroom, above sink or dresser",0.11266063153743744,-1.8748950958251953,7.0784759521484375,211.416015625,396.0914611816406
image_250_jpg.rf.21bed48c0bec3a451c4fa786841e5500.jpg,"framed mirror in bathroom or bedroom, above sink or dresser",0.11034993827342987,0.023832321166992188,5.050544738769531,196.77655029296875,378.1148986816406
image_150_jpg.rf.73184018c75d61807efaf780b5af9c61.jpg,"framed mirror in bathroom or bedroom, above sink or dresser",0.20397965610027313,435.80560302734375,1.246185302734375,640.9959716796875,473.3311767578125
image_150_jpg.rf.73184018c75d61807efaf780b5af9c61.jpg,"framed mirror in bathroom or bedroom, above sink or dresser",0.11334384977817535,448.66387939453125,111.35578155517578,641.2637329101562,477.35931396484375
image_90_jpg.rf.ed2e2c7a436d8ad26c51cf383889958c.jpg,"framed mirror in bathroom or bedroom, above sink or dresser",0.12899628281593323,376.6375427246094,4.994850158691406,634.7614135742188,444.12603759765625
image_90_jpg.rf.ed2e2c7a436d8ad26c51cf383889958c.jpg,"framed mirror in bathroom or bedroom, above sink or dresser",0.13934484124183655,471.4959411621094,104.35374450683594,551.9225463867188,396.2807922363281
image_90_jpg.rf.ed2e2c7a436d8ad26c51cf383889958c.jpg,"framed mirror in bathroom or bedroom, above sink or dresser",0.13579541444778442,532.017822265625,63.4119987487793,641.335205078125,432.0021057128906
image_90_jpg.rf.ed2e2c7a436d8ad26c51cf383889958c.jpg,"framed mirror in bathroom or bedroom, above sink or dresser",0.15232770144939423,373.5133361816406,4.117450714111328,640.5849609375,435.12884521484375
image_90_jpg.rf.ed2e2c7a436d8ad26c51cf383889958c.jpg,"framed mirror in bathroom or bedroom, above sink or dresser",0.1501622051000595,340.6229248046875,0.5084419250488281,647.9715576171875,634.7967529296875
image_151_jpg.rf.f9409809e5aa88434a610b22d2e250d8.jpg,"framed mirror in bathroom or bedroom, above sink or dresser",0.16893155872821808,-0.1269388198852539,127.93984985351562,147.0865020751953,496.2286376953125
image_26_jpg.rf.c209bb140bd10fef811cbe606a0ff671.jpg,"framed mirror in bathroom or bedroom, above sink or dresser",0.16327089071273804,338.3665466308594,86.86125183105469,425.33544921875,279.66851806640625
image_26_jpg.rf.c209bb140bd10fef811cbe606a0ff671.jpg,"framed mirror in bathroom or bedroom, above sink or dresser",0.1189679205417633,343.37139892578125,10.964736938476562,637.2565307617188,308.392333984375
image_227_jpg.rf.1f2a5c502643820e6f28f9b1fccd2af5.jpg,"framed mirror in bathroom or bedroom, above sink or dresser",0.1018819734454155,101.82115173339844,168.7974853515625,288.0453186035156,467.93145751953125
image_227_jpg.rf.1f2a5c502643820e6f28f9b1fccd2af5.jpg,"framed mirror in bathroom or bedroom, above sink or dresser",0.19192947447299957,580.9939575195312,140.28811645507812,638.36376953125,238.95571899414062
image_227_jpg.rf.1f2a5c502643820e6f28f9b1fccd2af5.jpg,"framed mirror in bathroom or bedroom, above sink or dresser",0.326743483543396,100.7451171875,166.12144470214844,284.4532470703125,473.94134521484375
image_227_jpg.rf.1f2a5c502643820e6f28f9b1fccd2af5.jpg,"framed mirror in bathroom or bedroom, above sink or dresser",0.1460302770137787,496.0697937011719,180.59579467773438,553.0770874023438,258.662353515625
image_227_jpg.rf.1f2a5c502643820e6f28f9b1fccd2af5.jpg,"framed mirror in bathroom or bedroom, above sink or dresser",0.1193666085600853,347.40057373046875,265.5335693359375,440.820068359375,407.6788024902344
image_227_jpg.rf.1f2a5c502643820e6f28f9b1fccd2af5.jpg,"framed mirror in bathroom or bedroom, above sink or dresser",0.10841980576515198,130.02261352539062,185.0325927734375,244.1370849609375,453.4053955078125
image_220_jpg.rf.af10c28be3a8f080fbdbd2040cccba21.jpg,"framed mirror in bathroom or bedroom, above sink or dresser",0.10276486724615097,4.178476333618164,1.0909461975097656,200.40463256835938,350.00860595703125
image_220_jpg.rf.af10c28be3a8f080fbdbd2040cccba21.jpg,"framed mirror in bathroom or bedroom, above sink or dresser",0.22370260953903198,15.638031959533691,62.926673889160156,112.97361755371094,346.08935546875
image_220_jpg.rf.af10c28be3a8f080fbdbd2040cccba21.jpg,"framed mirror in bathroom or bedroom, above sink or dresser",0.11185332387685776,80.92103576660156,181.67022705078125,102.00521850585938,336.62139892578125
image_220_jpg.rf.af10c28be3a8f080fbdbd2040cccba21.jpg,"framed mirror in bathroom or bedroom, above sink or dresser",0.11159050464630127,0.325930118560791,66.08954620361328,25.47122573852539,349.6634521484375
image_220_jpg.rf.af10c28be3a8f080fbdbd2040cccba21.jpg,"framed mirror in bathroom or bedroom, above sink or dresser",0.14628759026527405,83.83666229248047,136.0216064453125,127.65204620361328,343.27227783203125
image_220_jpg.rf.af10c28be3a8f080fbdbd2040cccba21.jpg,"framed mirror in bathroom or bedroom, above sink or dresser",0.12160494923591614,433.53009033203125,190.11155700683594,466.2157897949219,342.7212219238281
image_220_jpg.rf.af10c28be3a8f080fbdbd2040cccba21.jpg,"framed mirror in bathroom or bedroom, above sink or dresser",0.1445995420217514,120.79154968261719,175.96092224121094,165.50778198242188,348.0744934082031
image_169_jpg.rf.649d3c07dd7a6be3c6c7d23f9244465f.jpg,"framed mirror in bathroom or bedroom, above sink or dresser",0.10062555223703384,-4.8787689208984375,1.1170768737792969,633.6688842773438,638.4939575195312
image_169_jpg.rf.649d3c07dd7a6be3c6c7d23f9244465f.jpg,"framed mirror in bathroom or bedroom, above sink or dresser",0.11348996311426163,122.17059326171875,28.249263763427734,301.39666748046875,476.994873046875
image_258_jpg.rf.f72456b440afd544a6331e8e9e380e54.jpg,"framed mirror in bathroom or bedroom, above sink or dresser",0.16023792326450348,29.721012115478516,9.019641876220703,341.4350891113281,327.1240234375
image_258_jpg.rf.f72456b440afd544a6331e8e9e380e54.jpg,"framed mirror in bathroom or bedroom, above sink or dresser",0.1398780345916748,34.16267776489258,76.3380355834961,97.57196044921875,313.11572265625
image_258_jpg.rf.f72456b440afd544a6331e8e9e380e54.jpg,"framed mirror in bathroom or bedroom, above sink or dresser",0.3961406648159027,26.492176055908203,4.942665100097656,342.82110595703125,333.20751953125
image_258_jpg.rf.f72456b440afd544a6331e8e9e380e54.jpg,"framed mirror in bathroom or bedroom, above sink or dresser",0.1486356109380722,36.84282302856445,135.8094940185547,127.26325988769531,317.65020751953125
image_258_jpg.rf.f72456b440afd544a6331e8e9e380e54.jpg,"framed mirror in bathroom or bedroom, above sink or dresser",0.15031008422374725,13.883476257324219,7.690830230712891,354.35882568359375,542.3111572265625
image_159_jpg.rf.c97cafdd155d340bccf5d2ad6d00f226.jpg,"framed mirror in bathroom or bedroom, above sink or dresser",0.2195953130722046,1.0663604736328125,3.9890480041503906,632.076904296875,641.6305541992188
image_159_jpg.rf.c97cafdd155d340bccf5d2ad6d00f226.jpg,"framed mirror in bathroom or bedroom, above sink or dresser",0.1670028418302536,308.3446044921875,0.027942657470703125,409.068359375,346.7291259765625
image_159_jpg.rf.c97cafdd155d340bccf5d2ad6d00f226.jpg,"framed mirror in bathroom or bedroom, above sink or dresser",0.2500889301300049,305.2603759765625,0.5397224426269531,404.8095703125,344.7657775878906
image_159_jpg.rf.c97cafdd155d340bccf5d2ad6d00f226.jpg,"framed mirror in bathroom or bedroom, above sink or dresser",0.196767657995224,334.6876525878906,66.91092681884766,400.12689208984375,144.45994567871094
image_159_jpg.rf.c97cafdd155d340bccf5d2ad6d00f226.jpg,"framed mirror in bathroom or bedroom, above sink or dresser",0.13538235425949097,26.026582717895508,1.2455368041992188,315.1626281738281,349.3875427246094
image_159_jpg.rf.c97cafdd155d340bccf5d2ad6d00f226.jpg,"framed mirror in bathroom or bedroom, above sink or dresser",0.1018628403544426,202.00839233398438,5.172901153564453,313.383544921875,332.4371337890625
image_159_jpg.rf.c97cafdd155d340bccf5d2ad6d00f226.jpg,"framed mirror in bathroom or bedroom, above sink or dresser",0.18723681569099426,413.3472900390625,8.369197845458984,599.3240966796875,390.99029541015625
image_149_jpg.rf.f46cbc33b2e08a9a66f3517509d6202b.jpg,"framed mirror in bathroom or bedroom, above sink or dresser",0.111353799700737,2.7838516235351562,3.0260467529296875,640.6802368164062,639.1149291992188
image_149_jpg.rf.f46cbc33b2e08a9a66f3517509d6202b.jpg,"framed mirror in bathroom or bedroom, above sink or dresser",0.11806607991456985,168.72711181640625,30.795564651489258,249.6019287109375,186.14120483398438
image_149_jpg.rf.f46cbc33b2e08a9a66f3517509d6202b.jpg,"framed mirror in bathroom or bedroom, above sink or dresser",0.20853231847286224,274.9219970703125,-0.2838706970214844,415.65069580078125,225.70721435546875
image_149_jpg.rf.f46cbc33b2e08a9a66f3517509d6202b.jpg,"framed mirror in bathroom or bedroom, above sink or dresser",0.1473676562309265,86.17463684082031,-5.968132019042969,436.81427001953125,283.6124267578125
image_149_jpg.rf.f46cbc33b2e08a9a66f3517509d6202b.jpg,"framed mirror in bathroom or bedroom, above sink or dresser",0.2629396617412567,96.3570556640625,7.591762542724609,426.750244140625,275.99163818359375
image_149_jpg.rf.f46cbc33b2e08a9a66f3517509d6202b.jpg,"framed mirror in bathroom or bedroom, above sink or dresser",0.13545751571655273,112.84117126464844,4.081592559814453,413.34869384765625,273.36102294921875
image_149_jpg.rf.f46cbc33b2e08a9a66f3517509d6202b.jpg,"framed mirror in bathroom or bedroom, above sink or dresser",0.18383735418319702,109.37308502197266,6.895542144775391,415.4435729980469,274.3411865234375
image_190_jpg.rf.0655c657076ce885ce2be88080bb7c09.jpg,"framed mirror in bathroom or bedroom, above sink or dresser",0.12003378570079803,123.74946594238281,-2.550678253173828,284.69415283203125,632.536376953125
image_190_jpg.rf.0655c657076ce885ce2be88080bb7c09.jpg,"framed mirror in bathroom or bedroom, above sink or dresser",0.10221131891012192,118.63290405273438,10.554351806640625,279.71966552734375,639.6287841796875
image_190_jpg.rf.0655c657076ce885ce2be88080bb7c09.jpg,"framed mirror in bathroom or bedroom, above sink or dresser",0.16828061640262604,382.4917297363281,144.64796447753906,413.0411071777344,399.7647705078125
image_190_jpg.rf.0655c657076ce885ce2be88080bb7c09.jpg,"framed mirror in bathroom or bedroom, above sink or dresser",0.18629448115825653,321.1085510253906,9.575843811035156,553.74365234375,632.6937255859375
image_190_jpg.rf.0655c657076ce885ce2be88080bb7c09.jpg,"framed mirror in bathroom or bedroom, above sink or dresser",0.114423468708992,340.720703125,72.091064453125,393.2635192871094,394.76092529296875
image_190_jpg.rf.0655c657076ce885ce2be88080bb7c09.jpg,"framed mirror in bathroom or bedroom, above sink or dresser",0.11678093671798706,413.01312255859375,139.87185668945312,448.4967346191406,393.930419921875
image_190_jpg.rf.0655c657076ce885ce2be88080bb7c09.jpg,"framed mirror in bathroom or bedroom, above sink or dresser",0.13926087319850922,407.97784423828125,79.85856628417969,524.984619140625,410.9677734375
image_190_jpg.rf.0655c657076ce885ce2be88080bb7c09.jpg,"framed mirror in bathroom or bedroom, above sink or dresser",0.20599283277988434,354.6986389160156,47.7644157409668,522.0908203125,413.72222900390625
image_259_jpg.rf.7cfa541dcfb0cc701bbe3bd790b8b070.jpg,"framed mirror in bathroom or bedroom, above sink or dresser",0.22510118782520294,209.29629516601562,81.51336669921875,354.5740966796875,289.2254943847656
image_259_jpg.rf.7cfa541dcfb0cc701bbe3bd790b8b070.jpg,"framed mirror in bathroom or bedroom, above sink or dresser",0.12077641487121582,109.53616333007812,202.84426879882812,170.25962829589844,277.27178955078125
image_17_jpg.rf.de4440c01cc7474fde357f1781245cfc.jpg,"framed mirror in bathroom or bedroom, above sink or dresser",0.11270017921924591,6.877288818359375,1.6985511779785156,639.21240234375,640.3509521484375
image_17_jpg.rf.de4440c01cc7474fde357f1781245cfc.jpg,"framed mirror in bathroom or bedroom, above sink or dresser",0.14734677970409393,454.37591552734375,24.919567108154297,583.8372802734375,213.23509216308594
image_17_jpg.rf.de4440c01cc7474fde357f1781245cfc.jpg,"framed mirror in bathroom or bedroom, above sink or dresser",0.32072359323501587,448.9639587402344,33.4156608581543,579.2033081054688,377.20037841796875
image_17_jpg.rf.de4440c01cc7474fde357f1781245cfc.jpg,"framed mirror in bathroom or bedroom, above sink or dresser",0.162631556391716,555.369140625,33.915767669677734,573.5684814453125,303.3755798339844
image_17_jpg.rf.de4440c01cc7474fde357f1781245cfc.jpg,"framed mirror in bathroom or bedroom, above sink or dresser",0.1298767328262329,459.7177734375,36.65270233154297,573.4070434570312,161.58236694335938
image_17_jpg.rf.de4440c01cc7474fde357f1781245cfc.jpg,"framed mirror in bathroom or bedroom, above sink or dresser",0.21473366022109985,566.1484375,9.812479019165039,594.8765869140625,203.0064697265625
image_17_jpg.rf.de4440c01cc7474fde357f1781245cfc.jpg,"framed mirror in bathroom or bedroom, above sink or dresser",0.13631141185760498,481.07379150390625,-8.453731536865234,631.1019287109375,265.55853271484375
image_17_jpg.rf.de4440c01cc7474fde357f1781245cfc.jpg,"framed mirror in bathroom or bedroom, above sink or dresser",0.23155845701694489,598.2880249023438,160.1832733154297,637.0218505859375,218.40989685058594
image_17_jpg.rf.de4440c01cc7474fde357f1781245cfc.jpg,"framed mirror in bathroom or bedroom, above sink or dresser",0.11552921682596207,442.1924133300781,152.89572143554688,456.6714172363281,220.0926971435547
image_17_jpg.rf.de4440c01cc7474fde357f1781245cfc.jpg,"framed mirror in bathroom or bedroom, above sink or dresser",0.23097898066043854,441.8171691894531,165.8595428466797,458.6515808105469,309.60565185546875
image_17_jpg.rf.de4440c01cc7474fde357f1781245cfc.jpg,"framed mirror in bathroom or bedroom, above sink or dresser",0.1889711618423462,578.7454833984375,162.3063507080078,632.4315185546875,218.06639099121094
image_17_jpg.rf.de4440c01cc7474fde357f1781245cfc.jpg,"framed mirror in bathroom or bedroom, above sink or dresser",0.10008791834115982,600.207275390625,161.40013122558594,635.5512084960938,218.95204162597656
image_17_jpg.rf.de4440c01cc7474fde357f1781245cfc.jpg,"framed mirror in bathroom or bedroom, above sink or dresser",0.17133507132530212,415.2166442871094,172.2039031982422,451.6259460449219,337.93609619140625
image_17_jpg.rf.de4440c01cc7474fde357f1781245cfc.jpg,"framed mirror in bathroom or bedroom, above sink or dresser",0.47494861483573914,537.1243896484375,175.29873657226562,572.4754638671875,259.5930480957031
image_17_jpg.rf.de4440c01cc7474fde357f1781245cfc.jpg,"framed mirror in bathroom or bedroom, above sink or dresser",0.10116508603096008,410.78955078125,181.60537719726562,438.38287353515625,350.23919677734375
image_17_jpg.rf.de4440c01cc7474fde357f1781245cfc.jpg,"framed mirror in bathroom or bedroom, above sink or dresser",0.11622992157936096,424.177490234375,195.64710998535156,443.1158447265625,329.7158508300781
image_17_jpg.rf.de4440c01cc7474fde357f1781245cfc.jpg,"framed mirror in bathroom or bedroom, above sink or dresser",0.20960532128810883,446.1693115234375,127.22451782226562,571.5088500976562,313.67681884765625
image_17_jpg.rf.de4440c01cc7474fde357f1781245cfc.jpg,"framed mirror in bathroom or bedroom, above sink or dresser",0.10135518014431,554.6998291015625,18.529224395751953,597.2984008789062,389.3441162109375
image_17_jpg.rf.de4440c01cc7474fde357f1781245cfc.jpg,"framed mirror in bathroom or bedroom, above sink or dresser",0.19677117466926575,408.4774169921875,189.55003356933594,431.0832214355469,323.05169677734375
image_17_jpg.rf.de4440c01cc7474fde357f1781245cfc.jpg,"framed mirror in bathroom or bedroom, above sink or dresser",0.12431371957063675,424.1343994140625,203.71044921875,441.5398864746094,356.22552490234375
image_17_jpg.rf.de4440c01cc7474fde357f1781245cfc.jpg,"framed mirror in bathroom or bedroom, above sink or dresser",0.19158373773097992,442.3225402832031,206.85426330566406,455.72576904296875,332.3437805175781
image_17_jpg.rf.de4440c01cc7474fde357f1781245cfc.jpg,"framed mirror in bathroom or bedroom, above sink or dresser",0.10445539653301239,451.9859619140625,152.91513061523438,524.8858032226562,311.3822326660156
image_17_jpg.rf.de4440c01cc7474fde357f1781245cfc.jpg,"framed mirror in bathroom or bedroom, above sink or dresser",0.11722499132156372,47.852970123291016,89.86471557617188,80.06365966796875,513.2252197265625
image_17_jpg.rf.de4440c01cc7474fde357f1781245cfc.jpg,"framed mirror in bathroom or bedroom, above sink or dresser",0.11903715133666992,349.0137023925781,199.00892639160156,387.03143310546875,315.5172119140625
image_17_jpg.rf.de4440c01cc7474fde357f1781245cfc.jpg,"framed mirror in bathroom or bedroom, above sink or dresser",0.1356562376022339,443.9419860839844,23.633193969726562,583.176513671875,439.68597412109375
image_152_jpg.rf.c48b1ea62c9071d91d693d8c5ab19c50.jpg,"framed mirror in bathroom or bedroom, above sink or dresser",0.1002591997385025,-2.305450439453125,-0.5130386352539062,634.5576782226562,635.3811645507812
image_152_jpg.rf.c48b1ea62c9071d91d693d8c5ab19c50.jpg,"framed mirror in bathroom or bedroom, above sink or dresser",0.1556631475687027,10.523881912231445,23.52102279663086,224.612548828125,365.414794921875
image_152_jpg.rf.c48b1ea62c9071d91d693d8c5ab19c50.jpg,"framed mirror in bathroom or bedroom, above sink or dresser",0.3530530333518982,8.217439651489258,10.057659149169922,227.88592529296875,385.33203125
image_152_jpg.rf.c48b1ea62c9071d91d693d8c5ab19c50.jpg,"framed mirror in bathroom or bedroom, above sink or dresser",0.1432129144668579,126.65925598144531,228.76145935058594,218.51614379882812,366.06146240234375
image_152_jpg.rf.c48b1ea62c9071d91d693d8c5ab19c50.jpg,"framed mirror in bathroom or bedroom, above sink or dresser",0.10050296783447266,10.317010879516602,190.16363525390625,132.3616180419922,373.818115234375
image_175_jpg.rf.41d442a1b7082b997b497c1e9d6ed243.jpg,"framed mirror in bathroom or bedroom, above sink or dresser",0.103700190782547,3.565387725830078,0.5893707275390625,641.2999267578125,638.7044677734375
image_175_jpg.rf.41d442a1b7082b997b497c1e9d6ed243.jpg,"framed mirror in bathroom or bedroom, above sink or dresser",0.15217746794223785,173.35195922851562,53.42045593261719,339.03509521484375,310.07562255859375
image_175_jpg.rf.41d442a1b7082b997b497c1e9d6ed243.jpg,"framed mirror in bathroom or bedroom, above sink or dresser",0.4790828227996826,172.93678283691406,52.06794738769531,344.0670166015625,313.25177001953125
image_213_jpg.rf.fac6dfc17a038f782caf87dda8e78927.jpg,"framed mirror in bathroom or bedroom, above sink or dresser",0.14166536927223206,2.9100799560546875,1.0149574279785156,637.6702880859375,638.7734375
image_213_jpg.rf.fac6dfc17a038f782caf87dda8e78927.jpg,"framed mirror in bathroom or bedroom, above sink or dresser",0.11276041716337204,94.06234741210938,-0.573272705078125,232.55470275878906,635.3574829101562
image_213_jpg.rf.fac6dfc17a038f782caf87dda8e78927.jpg,"framed mirror in bathroom or bedroom, above sink or dresser",0.13588815927505493,334.26605224609375,65.00410461425781,398.78851318359375,367.7082824707031
image_213_jpg.rf.fac6dfc17a038f782caf87dda8e78927.jpg,"framed mirror in bathroom or bedroom, above sink or dresser",0.1303410828113556,263.86212158203125,-2.373180389404297,628.2710571289062,631.0977783203125
image_213_jpg.rf.fac6dfc17a038f782caf87dda8e78927.jpg,"framed mirror in bathroom or bedroom, above sink or dresser",0.12767595052719116,292.67254638671875,18.498382568359375,630.5975952148438,471.6647033691406
image_2_jpg.rf.3d472990ce4597d3466db2d80b13d323.jpg,"framed mirror in bathroom or bedroom, above sink or dresser",0.15772071480751038,-0.8539009094238281,108.35274505615234,92.7957992553711,366.8959045410156
image_128_jpg.rf.1d9a19472451e8ec0c5a3263a1d9b77a.jpg,"framed mirror in bathroom or bedroom, above sink or dresser",0.1262666881084442,573.1009521484375,40.715885162353516,630.1005859375,295.9078063964844
image_128_jpg.rf.1d9a19472451e8ec0c5a3263a1d9b77a.jpg,"framed mirror in bathroom or bedroom, above sink or dresser",0.20028212666511536,346.830078125,1.5477943420410156,621.8295288085938,297.29815673828125
image_128_jpg.rf.1d9a19472451e8ec0c5a3263a1d9b77a.jpg,"framed mirror in bathroom or bedroom, above sink or dresser",0.12254481017589569,448.38018798828125,104.53677368164062,561.1551513671875,295.580078125
image_248_jpg.rf.d3d10cadb5e6a560a87954201da0e5c0.jpg,"framed mirror in bathroom or bedroom, above sink or dresser",0.32300513982772827,225.45579528808594,82.15389251708984,416.8646240234375,327.01080322265625
image_248_jpg.rf.d3d10cadb5e6a560a87954201da0e5c0.jpg,"framed mirror in bathroom or bedroom, above sink or dresser",0.22014036774635315,226.65603637695312,93.21867370605469,410.04107666015625,327.86346435546875
image_248_jpg.rf.d3d10cadb5e6a560a87954201da0e5c0.jpg,"framed mirror in bathroom or bedroom, above sink or dresser",0.12545381486415863,0.09891748428344727,-2.1157455444335938,34.03539276123047,238.2913055419922
image_202_jpg.rf.09662e917837750c336c46fcd32720e4.jpg,"framed mirror in bathroom or bedroom, above sink or dresser",0.4147056043148041,152.39620971679688,0.22737503051757812,256.6955261230469,330.4957580566406
image_145_jpg.rf.af56452ebd078bf27b77e9c5d6de3eb8.jpg,"framed mirror in bathroom or bedroom, above sink or dresser",0.14974187314510345,189.48800659179688,92.00051879882812,276.0693054199219,344.6553955078125
image_145_jpg.rf.af56452ebd078bf27b77e9c5d6de3eb8.jpg,"framed mirror in bathroom or bedroom, above sink or dresser",0.1191539391875267,192.2335968017578,101.70655059814453,274.2310485839844,342.0972900390625
image_145_jpg.rf.af56452ebd078bf27b77e9c5d6de3eb8.jpg,"framed mirror in bathroom or bedroom, above sink or dresser",0.3353999853134155,482.90240478515625,-1.9199943542480469,574.4264526367188,296.8129577636719
image_145_jpg.rf.af56452ebd078bf27b77e9c5d6de3eb8.jpg,"framed mirror in bathroom or bedroom, above sink or dresser",0.12612798810005188,375.7609558105469,0.15167236328125,473.60418701171875,354.44598388671875
image_238_jpg.rf.94e336768b81acc5fab342d705cd27d3.jpg,"framed mirror in bathroom or bedroom, above sink or dresser",0.11089356988668442,345.84716796875,7.061862945556641,539.159912109375,555.115478515625
image_238_jpg.rf.94e336768b81acc5fab342d705cd27d3.jpg,"framed mirror in bathroom or bedroom, above sink or dresser",0.12993435561656952,115.82237243652344,96.26708221435547,220.4206085205078,287.88836669921875
image_242_jpg.rf.99fd9813ce940951e730742a9ab7c4b8.jpg,"framed mirror in bathroom or bedroom, above sink or dresser",0.12819994986057281,401.7456359863281,129.7338409423828,450.1659851074219,320.6839599609375
image_242_jpg.rf.99fd9813ce940951e730742a9ab7c4b8.jpg,"framed mirror in bathroom or bedroom, above sink or dresser",0.15187901258468628,163.5218048095703,82.24921417236328,232.08712768554688,401.6299133300781
image_153_jpg.rf.b3abaf6db151f46a1a8cf62887427827.jpg,"framed mirror in bathroom or bedroom, above sink or dresser",0.1367902010679245,-0.5138731002807617,144.4629669189453,95.2469253540039,410.5874938964844
image_153_jpg.rf.b3abaf6db151f46a1a8cf62887427827.jpg,"framed mirror in bathroom or bedroom, above sink or dresser",0.2019430249929428,-0.2974128723144531,6.818904876708984,232.98184204101562,435.67315673828125
image_144_jpg.rf.5d0e48b7e1de7889e0d7667bafcdf333.jpg,"framed mirror in bathroom or bedroom, above sink or dresser",0.10025528818368912,0.47625064849853516,2.6717758178710938,92.68461608886719,424.06280517578125
image_144_jpg.rf.5d0e48b7e1de7889e0d7667bafcdf333.jpg,"framed mirror in bathroom or bedroom, above sink or dresser",0.35571688413619995,5.864086151123047,1.7623329162597656,435.7431640625,440.1548767089844
image_84_jpg.rf.75a7b46bd18f72cb4352ca3d40635dfd.jpg,"framed mirror in bathroom or bedroom, above sink or dresser",0.14315195381641388,-0.7657432556152344,4.265537261962891,631.5867919921875,639.4713745117188
image_84_jpg.rf.75a7b46bd18f72cb4352ca3d40635dfd.jpg,"framed mirror in bathroom or bedroom, above sink or dresser",0.1751924604177475,410.0308837890625,1.0046195983886719,640.210205078125,367.3907470703125
image_84_jpg.rf.75a7b46bd18f72cb4352ca3d40635dfd.jpg,"framed mirror in bathroom or bedroom, above sink or dresser",0.1645674854516983,408.1813049316406,-2.4935531616210938,646.1815795898438,459.39556884765625
image_84_jpg.rf.75a7b46bd18f72cb4352ca3d40635dfd.jpg,"framed mirror in bathroom or bedroom, above sink or dresser",0.5466027855873108,356.103271484375,94.41142272949219,400.61126708984375,155.52687072753906
image_84_jpg.rf.75a7b46bd18f72cb4352ca3d40635dfd.jpg,"framed mirror in bathroom or bedroom, above sink or dresser",0.1245960146188736,434.84381103515625,45.60823440551758,477.47412109375,357.21258544921875
image_84_jpg.rf.75a7b46bd18f72cb4352ca3d40635dfd.jpg,"framed mirror in bathroom or bedroom, above sink or dresser",0.1249576210975647,352.9444580078125,92.27415466308594,402.13580322265625,194.49159240722656
image_84_jpg.rf.75a7b46bd18f72cb4352ca3d40635dfd.jpg,"framed mirror in bathroom or bedroom, above sink or dresser",0.14027969539165497,448.405517578125,86.11488342285156,540.532470703125,358.84722900390625
image_84_jpg.rf.75a7b46bd18f72cb4352ca3d40635dfd.jpg,"framed mirror in bathroom or bedroom, above sink or dresser",0.17729021608829498,408.48455810546875,36.42799377441406,643.0732421875,382.9355163574219
image_84_jpg.rf.75a7b46bd18f72cb4352ca3d40635dfd.jpg,"framed mirror in bathroom or bedroom, above sink or dresser",0.11143817752599716,285.58477783203125,2.3218536376953125,646.5941162109375,636.1422119140625
image_82_jpg.rf.44ba1dc226e21753e2dd1acc68253677.jpg,"framed mirror in bathroom or bedroom, above sink or dresser",0.1508653312921524,4.930362701416016,2.944507598876953,641.6425170898438,640.081787109375
image_82_jpg.rf.44ba1dc226e21753e2dd1acc68253677.jpg,"framed mirror in bathroom or bedroom, above sink or dresser",0.25165003538131714,440.3591613769531,17.95821762084961,512.6717529296875,147.95306396484375
image_82_jpg.rf.44ba1dc226e21753e2dd1acc68253677.jpg,"framed mirror in bathroom or bedroom, above sink or dresser",0.11411777883768082,468.6816711425781,137.7989959716797,531.576416015625,171.27621459960938
image_82_jpg.rf.44ba1dc226e21753e2dd1acc68253677.jpg,"framed mirror in bathroom or bedroom, above sink or dresser",0.10422990471124649,376.2801818847656,120.92349243164062,453.38116455078125,268.75067138671875
image_82_jpg.rf.44ba1dc226e21753e2dd1acc68253677.jpg,"framed mirror in bathroom or bedroom, above sink or dresser",0.15243254601955414,571.818603515625,76.23084259033203,626.1629028320312,278.3499450683594
image_82_jpg.rf.44ba1dc226e21753e2dd1acc68253677.jpg,"framed mirror in bathroom or bedroom, above sink or dresser",0.376390665769577,361.9230651855469,-3.2806777954101562,639.0703735351562,302.6786804199219
image_82_jpg.rf.44ba1dc226e21753e2dd1acc68253677.jpg,"framed mirror in bathroom or bedroom, above sink or dresser",0.21652844548225403,367.4541015625,5.986843109130859,628.0016479492188,293.2340087890625
image_245_jpg.rf.7ecbdbd14d610b7e055d6a75557d6564.jpg,"framed mirror in bathroom or bedroom, above sink or dresser",0.16843850910663605,82.77896881103516,5.063304901123047,312.4000549316406,391.0634765625
image_245_jpg.rf.7ecbdbd14d610b7e055d6a75557d6564.jpg,"framed mirror in bathroom or bedroom, above sink or dresser",0.3373015224933624,75.94578552246094,3.3884620666503906,305.29217529296875,392.55621337890625
image_221_jpg.rf.1d8fd5bbbe96bde46c60970e234415d5.jpg,"framed mirror in bathroom or bedroom, above sink or dresser",0.1563427597284317,40.1612663269043,-2.42462158203125,272.03265380859375,261.9560852050781
image_221_jpg.rf.1d8fd5bbbe96bde46c60970e234415d5.jpg,"framed mirror in bathroom or bedroom, above sink or dresser",0.10120590776205063,394.39947509765625,5.662384033203125,638.5140380859375,642.8207397460938
image_85_jpg.rf.2de7198dec9d943e22d0f170e44f27f7.jpg,"framed mirror in bathroom or bedroom, above sink or dresser",0.18659520149230957,141.08827209472656,64.0032958984375,302.27655029296875,354.51910400390625
image_85_jpg.rf.2de7198dec9d943e22d0f170e44f27f7.jpg,"framed mirror in bathroom or bedroom, above sink or dresser",0.3167625963687897,85.33102416992188,154.69741821289062,131.08055114746094,212.04124450683594
image_85_jpg.rf.2de7198dec9d943e22d0f170e44f27f7.jpg,"framed mirror in bathroom or bedroom, above sink or dresser",0.11049804836511612,-3.7789535522460938,6.196861267089844,332.35198974609375,642.063720703125
image_198_jpg.rf.771bcf51120446aab08414f255d1cf55.jpg,"framed mirror in bathroom or bedroom, above sink or dresser",0.10724080353975296,252.44265747070312,-1.4057159423828125,605.2595825195312,636.17138671875
image_198_jpg.rf.771bcf51120446aab08414f255d1cf55.jpg,"framed mirror in bathroom or bedroom, above sink or dresser",0.13692116737365723,396.9093322753906,158.3531494140625,532.50244140625,348.1163024902344
image_198_jpg.rf.771bcf51120446aab08414f255d1cf55.jpg,"framed mirror in bathroom or bedroom, above sink or dresser",0.15039107203483582,525.1032104492188,35.39451599121094,562.66455078125,399.974609375
image_198_jpg.rf.771bcf51120446aab08414f255d1cf55.jpg,"framed mirror in bathroom or bedroom, above sink or dresser",0.12820887565612793,410.95538330078125,164.26324462890625,524.5218505859375,341.84442138671875
image_198_jpg.rf.771bcf51120446aab08414f255d1cf55.jpg,"framed mirror in bathroom or bedroom, above sink or dresser",0.20951461791992188,294.90423583984375,67.03361511230469,543.5408935546875,356.8859558105469
image_209_jpg.rf.6d880fb6ae14ca6ee609c28998624e08.jpg,"framed mirror in bathroom or bedroom, above sink or dresser",0.11168622970581055,0.22731781005859375,-0.9325027465820312,636.851806640625,636.7433471679688
image_209_jpg.rf.6d880fb6ae14ca6ee609c28998624e08.jpg,"framed mirror in bathroom or bedroom, above sink or dresser",0.4051157236099243,87.67638397216797,29.988784790039062,369.47796630859375,375.40557861328125
image_209_jpg.rf.6d880fb6ae14ca6ee609c28998624e08.jpg,"framed mirror in bathroom or bedroom, above sink or dresser",0.14663751423358917,106.62303924560547,55.745018005371094,246.4854736328125,352.24346923828125
image_132_jpg.rf.996072d85417f2f38443df1a1389ca4f.jpg,"framed mirror in bathroom or bedroom, above sink or dresser",0.1718185991048813,380.39111328125,10.425405502319336,540.9205932617188,303.23797607421875
image_132_jpg.rf.996072d85417f2f38443df1a1389ca4f.jpg,"framed mirror in bathroom or bedroom, above sink or dresser",0.34299591183662415,372.9759216308594,-0.1947498321533203,543.9020385742188,311.1972351074219
image_132_jpg.rf.996072d85417f2f38443df1a1389ca4f.jpg,"framed mirror in bathroom or bedroom, above sink or dresser",0.16286832094192505,380.84100341796875,158.54986572265625,434.0152587890625,305.9734802246094
image_233_jpg.rf.18618509e0d72ef5867c22b8fa39cf18.jpg,"framed mirror in bathroom or bedroom, above sink or dresser",0.199855774641037,48.89091491699219,3.2279396057128906,216.65103149414062,373.2069396972656
image_165_jpg.rf.4d5d45b75786902f0fd6a13bb0a7a89e.jpg,"framed mirror in bathroom or bedroom, above sink or dresser",0.16568179428577423,7.140541076660156,0.8569526672363281,644.732177734375,639.1236572265625
image_165_jpg.rf.4d5d45b75786902f0fd6a13bb0a7a89e.jpg,"framed mirror in bathroom or bedroom, above sink or dresser",0.12861104309558868,612.2800903320312,-4.074268341064453,638.0556640625,160.60472106933594
image_165_jpg.rf.4d5d45b75786902f0fd6a13bb0a7a89e.jpg,"framed mirror in bathroom or bedroom, above sink or dresser",0.12855394184589386,538.6943969726562,149.73529052734375,636.3825073242188,302.40313720703125
image_165_jpg.rf.4d5d45b75786902f0fd6a13bb0a7a89e.jpg,"framed mirror in bathroom or bedroom, above sink or dresser",0.1321054995059967,340.99200439453125,165.2703094482422,382.1383972167969,351.14208984375
image_165_jpg.rf.4d5d45b75786902f0fd6a13bb0a7a89e.jpg,"framed mirror in bathroom or bedroom, above sink or dresser",0.17356787621974945,343.287353515625,155.09585571289062,431.9891357421875,359.847412109375
image_165_jpg.rf.4d5d45b75786902f0fd6a13bb0a7a89e.jpg,"framed mirror in bathroom or bedroom, above sink or dresser",0.11708800494670868,413.0981750488281,85.153564453125,622.9468383789062,387.121337890625
image_165_jpg.rf.4d5d45b75786902f0fd6a13bb0a7a89e.jpg,"framed mirror in bathroom or bedroom, above sink or dresser",0.11419931054115295,418.2421875,179.45010375976562,479.09881591796875,367.399169921875
image_165_jpg.rf.4d5d45b75786902f0fd6a13bb0a7a89e.jpg,"framed mirror in bathroom or bedroom, above sink or dresser",0.19919992983341217,308.9059143066406,10.448417663574219,641.2384033203125,640.1974487304688
image_165_jpg.rf.4d5d45b75786902f0fd6a13bb0a7a89e.jpg,"framed mirror in bathroom or bedroom, above sink or dresser",0.16486260294914246,508.0816650390625,100.94001007080078,628.2000122070312,387.5273132324219
image_187_jpg.rf.a5ab513cb625ae83775b80642a46ab55.jpg,"framed mirror in bathroom or bedroom, above sink or dresser",0.10430427640676498,67.50481414794922,-0.06745338439941406,337.9534606933594,177.39849853515625
image_187_jpg.rf.a5ab513cb625ae83775b80642a46ab55.jpg,"framed mirror in bathroom or bedroom, above sink or dresser",0.24402514100074768,257.81451416015625,0.006902217864990234,332.28118896484375,56.762001037597656
image_187_jpg.rf.a5ab513cb625ae83775b80642a46ab55.jpg,"framed mirror in bathroom or bedroom, above sink or dresser",0.1433287262916565,99.45053100585938,-1.5163707733154297,217.21475219726562,162.0342254638672
image_187_jpg.rf.a5ab513cb625ae83775b80642a46ab55.jpg,"framed mirror in bathroom or bedroom, above sink or dresser",0.18460127711296082,49.03779983520508,-0.7620525360107422,120.84716796875,166.2724609375
image_187_jpg.rf.a5ab513cb625ae83775b80642a46ab55.jpg,"framed mirror in bathroom or bedroom, above sink or dresser",0.10875494033098221,418.0593566894531,30.29254913330078,500.3616027832031,361.643310546875
image_135_jpg.rf.6d3fcad55c0e60b66c7e0bfc3bdcbfb8.jpg,"framed mirror in bathroom or bedroom, above sink or dresser",0.1046755239367485,3.003063201904297,4.388332366943359,639.578857421875,641.8402709960938
image_135_jpg.rf.6d3fcad55c0e60b66c7e0bfc3bdcbfb8.jpg,"framed mirror in bathroom or bedroom, above sink or dresser",0.10693028569221497,0.8568477630615234,5.850295066833496,172.00924682617188,45.48442077636719
image_135_jpg.rf.6d3fcad55c0e60b66c7e0bfc3bdcbfb8.jpg,"framed mirror in bathroom or bedroom, above sink or dresser",0.35654541850090027,-0.3734588623046875,10.285301208496094,193.1435546875,269.53863525390625
image_135_jpg.rf.6d3fcad55c0e60b66c7e0bfc3bdcbfb8.jpg,"framed mirror in bathroom or bedroom, above sink or dresser",0.19899363815784454,1.2923908233642578,25.534639358520508,182.5188446044922,257.82257080078125
image_135_jpg.rf.6d3fcad55c0e60b66c7e0bfc3bdcbfb8.jpg,"framed mirror in bathroom or bedroom, above sink or dresser",0.11346648633480072,283.28741455078125,173.9027099609375,322.1879577636719,220.80276489257812
image_135_jpg.rf.6d3fcad55c0e60b66c7e0bfc3bdcbfb8.jpg,"framed mirror in bathroom or bedroom, above sink or dresser",0.1662045121192932,-2.5932908058166504,42.65419006347656,49.999229431152344,258.0071716308594
image_135_jpg.rf.6d3fcad55c0e60b66c7e0bfc3bdcbfb8.jpg,"framed mirror in bathroom or bedroom, above sink or dresser",0.23873691260814667,25.779251098632812,136.06182861328125,123.32566833496094,257.0808410644531
image_135_jpg.rf.6d3fcad55c0e60b66c7e0bfc3bdcbfb8.jpg,"framed mirror in bathroom or bedroom, above sink or dresser",0.20936089754104614,141.09312438964844,51.65863037109375,186.57037353515625,253.96470642089844
image_135_jpg.rf.6d3fcad55c0e60b66c7e0bfc3bdcbfb8.jpg,"framed mirror in bathroom or bedroom, above sink or dresser",0.11481698602437973,31.41230583190918,142.06356811523438,122.4954605102539,255.31375122070312
image_135_jpg.rf.6d3fcad55c0e60b66c7e0bfc3bdcbfb8.jpg,"framed mirror in bathroom or bedroom, above sink or dresser",0.10997210443019867,250.05386352539062,214.83074951171875,288.17584228515625,259.32476806640625
image_135_jpg.rf.6d3fcad55c0e60b66c7e0bfc3bdcbfb8.jpg,"framed mirror in bathroom or bedroom, above sink or dresser",0.16483154892921448,1.2323188781738281,12.594213485717773,196.31130981445312,283.6859436035156
image_127_jpg.rf.60a14529c88219af4b817b4f20440ee4.jpg,"framed mirror in bathroom or bedroom, above sink or dresser",0.1315203756093979,350.7005615234375,0.26569366455078125,633.8935546875,635.8697509765625
image_141_jpg.rf.65c8981f76e0374c2acd76fbb3435e03.jpg,"framed mirror in bathroom or bedroom, above sink or dresser",0.14314861595630646,522.4930419921875,73.56190490722656,599.2962646484375,173.29063415527344
image_141_jpg.rf.65c8981f76e0374c2acd76fbb3435e03.jpg,"framed mirror in bathroom or bedroom, above sink or dresser",0.12341589480638504,524.0099487304688,75.13539123535156,602.5931396484375,173.31594848632812
image_141_jpg.rf.65c8981f76e0374c2acd76fbb3435e03.jpg,"framed mirror in bathroom or bedroom, above sink or dresser",0.11369022727012634,433.0639343261719,115.45500183105469,481.6833801269531,198.36959838867188
image_223_jpg.rf.3b17afe83164c2c92f83ef8ec80289c0.jpg,"framed mirror in bathroom or bedroom, above sink or dresser",0.15132568776607513,2.6090049743652344,0.5377578735351562,640.6693115234375,638.8726196289062
image_223_jpg.rf.3b17afe83164c2c92f83ef8ec80289c0.jpg,"framed mirror in bathroom or bedroom, above sink or dresser",0.10520990937948227,437.7648620605469,68.00825500488281,551.8399658203125,303.50091552734375
image_223_jpg.rf.3b17afe83164c2c92f83ef8ec80289c0.jpg,"framed mirror in bathroom or bedroom, above sink or dresser",0.10932004451751709,294.8069763183594,13.424196243286133,351.0250244140625,328.45269775390625
image_223_jpg.rf.3b17afe83164c2c92f83ef8ec80289c0.jpg,"framed mirror in bathroom or bedroom, above sink or dresser",0.13460300862789154,361.5477294921875,87.1445083618164,392.0190124511719,275.2168273925781
image_223_jpg.rf.3b17afe83164c2c92f83ef8ec80289c0.jpg,"framed mirror in bathroom or bedroom, above sink or dresser",0.14284227788448334,385.1077880859375,88.35748291015625,435.24072265625,310.4387512207031
image_223_jpg.rf.3b17afe83164c2c92f83ef8ec80289c0.jpg,"framed mirror in bathroom or bedroom, above sink or dresser",0.10486102104187012,389.6091003417969,97.24324035644531,432.1300048828125,306.11895751953125
image_223_jpg.rf.3b17afe83164c2c92f83ef8ec80289c0.jpg,"framed mirror in bathroom or bedroom, above sink or dresser",0.14184100925922394,352.8746337890625,10.503597259521484,564.0751953125,320.82281494140625
image_223_jpg.rf.3b17afe83164c2c92f83ef8ec80289c0.jpg,"framed mirror in bathroom or bedroom, above sink or dresser",0.18216678500175476,343.3948974609375,5.153560638427734,572.966552734375,337.33489990234375
image_223_jpg.rf.3b17afe83164c2c92f83ef8ec80289c0.jpg,"framed mirror in bathroom or bedroom, above sink or dresser",0.3743436336517334,345.57769775390625,5.839214324951172,580.02392578125,352.552734375
image_223_jpg.rf.3b17afe83164c2c92f83ef8ec80289c0.jpg,"framed mirror in bathroom or bedroom, above sink or dresser",0.1163843646645546,-2.388753890991211,14.761505126953125,290.78997802734375,640.6148681640625
image_223_jpg.rf.3b17afe83164c2c92f83ef8ec80289c0.jpg,"framed mirror in bathroom or bedroom, above sink or dresser",0.1334879994392395,546.5665283203125,23.06222915649414,581.6808471679688,338.18353271484375
image_223_jpg.rf.3b17afe83164c2c92f83ef8ec80289c0.jpg,"framed mirror in bathroom or bedroom, above sink or dresser",0.32182106375694275,332.69281005859375,268.4969482421875,373.5926818847656,325.7965393066406
image_223_jpg.rf.3b17afe83164c2c92f83ef8ec80289c0.jpg,"framed mirror in bathroom or bedroom, above sink or dresser",0.24659329652786255,329.806884765625,265.7870178222656,374.263916015625,365.05303955078125
image_217_jpg.rf.bc6f05d7d215c939eeef29df2a2b8434.jpg,"framed mirror in bathroom or bedroom, above sink or dresser",0.10204656422138214,169.97610473632812,157.7992401123047,343.75177001953125,370.0594482421875
image_217_jpg.rf.bc6f05d7d215c939eeef29df2a2b8434.jpg,"framed mirror in bathroom or bedroom, above sink or dresser",0.24495375156402588,357.23321533203125,245.62716674804688,393.9923095703125,292.937255859375
image_217_jpg.rf.bc6f05d7d215c939eeef29df2a2b8434.jpg,"framed mirror in bathroom or bedroom, above sink or dresser",0.1006365492939949,426.053466796875,186.5576171875,450.257568359375,462.3234558105469
image_217_jpg.rf.bc6f05d7d215c939eeef29df2a2b8434.jpg,"framed mirror in bathroom or bedroom, above sink or dresser",0.20771671831607819,355.0798034667969,247.4110565185547,399.36700439453125,316.7262878417969
image_217_jpg.rf.bc6f05d7d215c939eeef29df2a2b8434.jpg,"framed mirror in bathroom or bedroom, above sink or dresser",0.14937376976013184,1.5911483764648438,7.767925262451172,362.553466796875,400.0802001953125
image_217_jpg.rf.bc6f05d7d215c939eeef29df2a2b8434.jpg,"framed mirror in bathroom or bedroom, above sink or dresser",0.17822128534317017,204.34310913085938,193.06939697265625,306.0639953613281,363.9534912109375
image_217_jpg.rf.bc6f05d7d215c939eeef29df2a2b8434.jpg,"framed mirror in bathroom or bedroom, above sink or dresser",0.18111945688724518,7.1791839599609375,172.91949462890625,185.28367614746094,382.4083251953125
image_217_jpg.rf.bc6f05d7d215c939eeef29df2a2b8434.jpg,"framed mirror in bathroom or bedroom, above sink or dresser",0.1297680288553238,206.6634979248047,197.92153930664062,305.10479736328125,364.0079345703125
image_206_jpg.rf.54909b0ff791f44a27be7ef0c041a82f.jpg,"framed mirror in bathroom or bedroom, above sink or dresser",0.1318170577287674,2.092266082763672,-0.8874320983886719,639.5175170898438,636.865478515625
image_206_jpg.rf.54909b0ff791f44a27be7ef0c041a82f.jpg,"framed mirror in bathroom or bedroom, above sink or dresser",0.1402585655450821,379.41925048828125,38.60985565185547,587.3138427734375,273.7691955566406
image_206_jpg.rf.54909b0ff791f44a27be7ef0c041a82f.jpg,"framed mirror in bathroom or bedroom, above sink or dresser",0.11670225858688354,529.97509765625,56.30085754394531,592.5848999023438,286.74896240234375
image_206_jpg.rf.54909b0ff791f44a27be7ef0c041a82f.jpg,"framed mirror in bathroom or bedroom, above sink or dresser",0.4938095211982727,371.7923278808594,13.310461044311523,615.0560302734375,321.1378479003906
image_206_jpg.rf.54909b0ff791f44a27be7ef0c041a82f.jpg,"framed mirror in bathroom or bedroom, above sink or dresser",0.2595061957836151,377.36724853515625,33.14228820800781,604.1390991210938,297.8021545410156
image_206_jpg.rf.54909b0ff791f44a27be7ef0c041a82f.jpg,"framed mirror in bathroom or bedroom, above sink or dresser",0.19135327637195587,389.910400390625,164.33392333984375,544.6024780273438,294.11199951171875
image_206_jpg.rf.54909b0ff791f44a27be7ef0c041a82f.jpg,"framed mirror in bathroom or bedroom, above sink or dresser",0.11374756693840027,346.06195068359375,9.578723907470703,626.3572998046875,381.12518310546875
image_206_jpg.rf.54909b0ff791f44a27be7ef0c041a82f.jpg,"framed mirror in bathroom or bedroom, above sink or dresser",0.10467570275068283,243.51235961914062,-5.4943084716796875,644.4608154296875,632.7129516601562
image_201_jpg.rf.d1ce8605caec8393d3e08a43f17970c6.jpg,"framed mirror in bathroom or bedroom, above sink or dresser",0.10429848730564117,1.6047096252441406,-0.7825279235839844,638.749267578125,637.6502075195312
image_201_jpg.rf.d1ce8605caec8393d3e08a43f17970c6.jpg,"framed mirror in bathroom or bedroom, above sink or dresser",0.10913421213626862,129.0162811279297,93.27803039550781,336.57745361328125,602.6946411132812
image_201_jpg.rf.d1ce8605caec8393d3e08a43f17970c6.jpg,"framed mirror in bathroom or bedroom, above sink or dresser",0.13563819229602814,320.23370361328125,26.984214782714844,639.654052734375,367.4593811035156
image_201_jpg.rf.d1ce8605caec8393d3e08a43f17970c6.jpg,"framed mirror in bathroom or bedroom, above sink or dresser",0.1677340418100357,323.1756896972656,160.98178100585938,362.96527099609375,333.458251953125
image_201_jpg.rf.d1ce8605caec8393d3e08a43f17970c6.jpg,"framed mirror in bathroom or bedroom, above sink or dresser",0.6796684265136719,309.3206787109375,231.7347412109375,338.3799743652344,273.10968017578125
image_201_jpg.rf.d1ce8605caec8393d3e08a43f17970c6.jpg,"framed mirror in bathroom or bedroom, above sink or dresser",0.14076894521713257,209.42037963867188,235.9794464111328,233.82943725585938,280.45611572265625
image_201_jpg.rf.d1ce8605caec8393d3e08a43f17970c6.jpg,"framed mirror in bathroom or bedroom, above sink or dresser",0.10439187288284302,310.5710144042969,230.56198120117188,337.1053771972656,272.10003662109375
image_201_jpg.rf.d1ce8605caec8393d3e08a43f17970c6.jpg,"framed mirror in bathroom or bedroom, above sink or dresser",0.1608184278011322,340.7145690917969,168.12362670898438,455.93359375,333.5697937011719
image_201_jpg.rf.d1ce8605caec8393d3e08a43f17970c6.jpg,"framed mirror in bathroom or bedroom, above sink or dresser",0.3447982370853424,329.03082275390625,31.73574447631836,641.8563842773438,367.19696044921875
image_201_jpg.rf.d1ce8605caec8393d3e08a43f17970c6.jpg,"framed mirror in bathroom or bedroom, above sink or dresser",0.10179774463176727,167.93203735351562,134.93087768554688,272.0417175292969,585.4650268554688
image_201_jpg.rf.d1ce8605caec8393d3e08a43f17970c6.jpg,"framed mirror in bathroom or bedroom, above sink or dresser",0.10199016332626343,327.578125,192.1839141845703,353.976806640625,336.0578918457031
image_201_jpg.rf.d1ce8605caec8393d3e08a43f17970c6.jpg,"framed mirror in bathroom or bedroom, above sink or dresser",0.1323164701461792,303.7503967285156,8.49954605102539,642.4317016601562,641.4757080078125
image_125_jpg.rf.eb81a74b2db33c40f967b5b764871f42.jpg,"framed mirror in bathroom or bedroom, above sink or dresser",0.14895492792129517,274.31646728515625,161.2598419189453,314.69891357421875,217.09292602539062
image_125_jpg.rf.eb81a74b2db33c40f967b5b764871f42.jpg,"framed mirror in bathroom or bedroom, above sink or dresser",0.33820968866348267,373.49517822265625,5.710697174072266,601.7963256835938,358.77752685546875
image_240_jpg.rf.a1085f984d5fa4640dcb6e0a76b55a36.jpg,"framed mirror in bathroom or bedroom, above sink or dresser",0.21475832164287567,128.43177795410156,2.4390602111816406,354.0204162597656,374.9647521972656
image_240_jpg.rf.a1085f984d5fa4640dcb6e0a76b55a36.jpg,"framed mirror in bathroom or bedroom, above sink or dresser",0.2084253430366516,43.24919128417969,157.5443878173828,130.14501953125,285.4091491699219
image_240_jpg.rf.a1085f984d5fa4640dcb6e0a76b55a36.jpg,"framed mirror in bathroom or bedroom, above sink or dresser",0.11867205798625946,205.88922119140625,41.744468688964844,293.51434326171875,352.0068664550781
image_240_jpg.rf.a1085f984d5fa4640dcb6e0a76b55a36.jpg,"framed mirror in bathroom or bedroom, above sink or dresser",0.4699316918849945,127.04302978515625,1.5064048767089844,301.1963195800781,369.42193603515625
image_240_jpg.rf.a1085f984d5fa4640dcb6e0a76b55a36.jpg,"framed mirror in bathroom or bedroom, above sink or dresser",0.14477023482322693,127.90038299560547,-0.1068878173828125,298.66558837890625,368.91290283203125
image_193_jpg.rf.f5d1cfc602914f2b2c852ce7096b00a5.jpg,"framed mirror in bathroom or bedroom, above sink or dresser",0.10850760340690613,20.828399658203125,-0.4145622253417969,310.96990966796875,74.50508880615234
image_193_jpg.rf.f5d1cfc602914f2b2c852ce7096b00a5.jpg,"framed mirror in bathroom or bedroom, above sink or dresser",0.21468490362167358,3.0760955810546875,-4.142818450927734,225.55917358398438,203.3798828125
image_193_jpg.rf.f5d1cfc602914f2b2c852ce7096b00a5.jpg,"framed mirror in bathroom or bedroom, above sink or dresser",0.1099376231431961,212.4119873046875,6.857719421386719,321.8660888671875,342.89154052734375
image_193_jpg.rf.f5d1cfc602914f2b2c852ce7096b00a5.jpg,"framed mirror in bathroom or bedroom, above sink or dresser",0.24043600261211395,268.8975830078125,177.69967651367188,295.8221740722656,217.31390380859375
image_193_jpg.rf.f5d1cfc602914f2b2c852ce7096b00a5.jpg,"framed mirror in bathroom or bedroom, above sink or dresser",0.2697925865650177,182.64639282226562,108.4007339477539,239.4552764892578,333.32733154296875
image_193_jpg.rf.f5d1cfc602914f2b2c852ce7096b00a5.jpg,"framed mirror in bathroom or bedroom, above sink or dresser",0.12405791878700256,0.051670074462890625,109.6781005859375,88.17245483398438,372.47650146484375
image_193_jpg.rf.f5d1cfc602914f2b2c852ce7096b00a5.jpg,"framed mirror in bathroom or bedroom, above sink or dresser",0.25891968607902527,2.369384765625,82.71941375732422,193.67861938476562,376.6519470214844
image_77_jpg.rf.33cd00a56e7b79a404be50e516bc7349.jpg,"framed mirror in bathroom or bedroom, above sink or dresser",0.1843165010213852,1.8229103088378906,-0.903472900390625,639.219482421875,635.9978637695312
image_77_jpg.rf.33cd00a56e7b79a404be50e516bc7349.jpg,"framed mirror in bathroom or bedroom, above sink or dresser",0.13505826890468597,-0.22584199905395508,-2.366199493408203,71.0499496459961,230.263427734375
image_77_jpg.rf.33cd00a56e7b79a404be50e516bc7349.jpg,"framed mirror in bathroom or bedroom, above sink or dresser",0.1103530004620552,429.84234619140625,123.656982421875,473.8788146972656,157.4366912841797
image_77_jpg.rf.33cd00a56e7b79a404be50e516bc7349.jpg,"framed mirror in bathroom or bedroom, above sink or dresser",0.1001390889286995,430.81536865234375,127.21416473388672,477.53961181640625,186.8968048095703
image_77_jpg.rf.33cd00a56e7b79a404be50e516bc7349.jpg,"framed mirror in bathroom or bedroom, above sink or dresser",0.17712940275669098,473.78656005859375,9.63714599609375,638.532470703125,171.3695068359375
image_77_jpg.rf.33cd00a56e7b79a404be50e516bc7349.jpg,"framed mirror in bathroom or bedroom, above sink or dresser",0.27612853050231934,429.20843505859375,128.77413940429688,492.7992248535156,348.1871032714844
image_77_jpg.rf.33cd00a56e7b79a404be50e516bc7349.jpg,"framed mirror in bathroom or bedroom, above sink or dresser",0.12249154597520828,392.6258850097656,75.57035827636719,627.6721801757812,401.82159423828125
image_77_jpg.rf.33cd00a56e7b79a404be50e516bc7349.jpg,"framed mirror in bathroom or bedroom, above sink or dresser",0.2168196439743042,605.8558349609375,171.1309814453125,639.2547607421875,369.8733215332031
image_77_jpg.rf.33cd00a56e7b79a404be50e516bc7349.jpg,"framed mirror in bathroom or bedroom, above sink or dresser",0.2093750536441803,612.2626953125,175.70497131347656,639.2498168945312,211.73681640625
image_77_jpg.rf.33cd00a56e7b79a404be50e516bc7349.jpg,"framed mirror in bathroom or bedroom, above sink or dresser",0.16597798466682434,506.615966796875,171.31686401367188,622.5419921875,256.1156921386719
image_77_jpg.rf.33cd00a56e7b79a404be50e516bc7349.jpg,"framed mirror in bathroom or bedroom, above sink or dresser",0.12300588935613632,608.8897705078125,178.6309814453125,639.2447509765625,370.89013671875
image_77_jpg.rf.33cd00a56e7b79a404be50e516bc7349.jpg,"framed mirror in bathroom or bedroom, above sink or dresser",0.5983866453170776,411.8104248046875,206.21339416503906,446.8642883300781,252.1671905517578
image_77_jpg.rf.33cd00a56e7b79a404be50e516bc7349.jpg,"framed mirror in bathroom or bedroom, above sink or dresser",0.25752946734428406,467.8697509765625,129.84017944335938,510.5652160644531,353.9154052734375
image_77_jpg.rf.33cd00a56e7b79a404be50e516bc7349.jpg,"framed mirror in bathroom or bedroom, above sink or dresser",0.2538856863975525,500.88409423828125,169.46311950683594,626.31298828125,378.1207580566406
image_77_jpg.rf.33cd00a56e7b79a404be50e516bc7349.jpg,"framed mirror in bathroom or bedroom, above sink or dresser",0.13488253951072693,-0.823516845703125,236.1504364013672,66.23979187011719,370.9420166015625
image_77_jpg.rf.33cd00a56e7b79a404be50e516bc7349.jpg,"framed mirror in bathroom or bedroom, above sink or dresser",0.10922081768512726,484.540283203125,156.37750244140625,510.33740234375,353.102783203125
image_77_jpg.rf.33cd00a56e7b79a404be50e516bc7349.jpg,"framed mirror in bathroom or bedroom, above sink or dresser",0.1378641128540039,430.64678955078125,138.39051818847656,494.6206970214844,349.779052734375
image_77_jpg.rf.33cd00a56e7b79a404be50e516bc7349.jpg,"framed mirror in bathroom or bedroom, above sink or dresser",0.14254623651504517,502.9531555175781,171.35638427734375,620.1311645507812,359.6348571777344
image_186_jpg.rf.63fae8f5db1d231c25616bd19a2e829e.jpg,"framed mirror in bathroom or bedroom, above sink or dresser",0.18630199134349823,3.6285877227783203,39.33099365234375,274.9769592285156,182.50343322753906
image_186_jpg.rf.63fae8f5db1d231c25616bd19a2e829e.jpg,"framed mirror in bathroom or bedroom, above sink or dresser",0.19297899305820465,-2.133150100708008,48.87653350830078,226.7115020751953,238.38796997070312
image_186_jpg.rf.63fae8f5db1d231c25616bd19a2e829e.jpg,"framed mirror in bathroom or bedroom, above sink or dresser",0.2890795171260834,2.590179443359375,39.67682647705078,265.7032775878906,354.3360595703125
image_186_jpg.rf.63fae8f5db1d231c25616bd19a2e829e.jpg,"framed mirror in bathroom or bedroom, above sink or dresser",0.1473698914051056,469.3740234375,81.76910400390625,630.8731689453125,251.94137573242188
image_186_jpg.rf.63fae8f5db1d231c25616bd19a2e829e.jpg,"framed mirror in bathroom or bedroom, above sink or dresser",0.2011878937482834,464.94390869140625,78.16421508789062,632.919921875,258.8501281738281
image_186_jpg.rf.63fae8f5db1d231c25616bd19a2e829e.jpg,"framed mirror in bathroom or bedroom, above sink or dresser",0.16516871750354767,-2.4935340881347656,114.12395477294922,337.8125,353.70947265625
image_186_jpg.rf.63fae8f5db1d231c25616bd19a2e829e.jpg,"framed mirror in bathroom or bedroom, above sink or dresser",0.14645500481128693,-4.097557067871094,-9.702491760253906,633.8369750976562,626.888427734375
image_186_jpg.rf.63fae8f5db1d231c25616bd19a2e829e.jpg,"framed mirror in bathroom or bedroom, above sink or dresser",0.11645081639289856,0.4461860656738281,-1.0661125183105469,375.96771240234375,454.66912841796875
image_186_jpg.rf.63fae8f5db1d231c25616bd19a2e829e.jpg,"framed mirror in bathroom or bedroom, above sink or dresser",0.11079824715852737,62.20512390136719,59.643394470214844,340.5013732910156,350.74566650390625
image_186_jpg.rf.63fae8f5db1d231c25616bd19a2e829e.jpg,"framed mirror in bathroom or bedroom, above sink or dresser",0.10082587599754333,17.854127883911133,172.0275115966797,143.87020874023438,348.1266784667969
image_186_jpg.rf.63fae8f5db1d231c25616bd19a2e829e.jpg,"framed mirror in bathroom or bedroom, above sink or dresser",0.2748525142669678,10.831246376037598,165.63941955566406,147.42941284179688,351.22137451171875
image_186_jpg.rf.63fae8f5db1d231c25616bd19a2e829e.jpg,"framed mirror in bathroom or bedroom, above sink or dresser",0.23244136571884155,22.521015167236328,176.13140869140625,144.43707275390625,344.3064880371094
image_186_jpg.rf.63fae8f5db1d231c25616bd19a2e829e.jpg,"framed mirror in bathroom or bedroom, above sink or dresser",0.14081744849681854,-1.2130165100097656,48.35395812988281,418.8541259765625,621.205810546875
image_134_jpg.rf.0912fd9c728e11eea3a5907a1ac77f43.jpg,"framed mirror in bathroom or bedroom, above sink or dresser",0.10762624442577362,-5.760736465454102,-4.390220642089844,324.0632629394531,208.3561553955078
image_134_jpg.rf.0912fd9c728e11eea3a5907a1ac77f43.jpg,"framed mirror in bathroom or bedroom, above sink or dresser",0.20564322173595428,-1.177988052368164,6.069927215576172,313.4362487792969,379.2619323730469
image_134_jpg.rf.0912fd9c728e11eea3a5907a1ac77f43.jpg,"framed mirror in bathroom or bedroom, above sink or dresser",0.1585330218076706,0.1601886749267578,121.72309112548828,274.8576354980469,375.7626647949219
image_134_jpg.rf.0912fd9c728e11eea3a5907a1ac77f43.jpg,"framed mirror in bathroom or bedroom, above sink or dresser",0.11892339587211609,269.44818115234375,130.67323303222656,329.6871337890625,339.9580383300781
image_134_jpg.rf.0912fd9c728e11eea3a5907a1ac77f43.jpg,"framed mirror in bathroom or bedroom, above sink or dresser",0.12991268932819366,176.09022521972656,216.24656677246094,200.4414520263672,343.4846496582031
image_134_jpg.rf.0912fd9c728e11eea3a5907a1ac77f43.jpg,"framed mirror in bathroom or bedroom, above sink or dresser",0.14981095492839813,-0.02201080322265625,164.03622436523438,107.1407241821289,377.1688537597656
image_134_jpg.rf.0912fd9c728e11eea3a5907a1ac77f43.jpg,"framed mirror in bathroom or bedroom, above sink or dresser",0.10141182690858841,-1.4586257934570312,109.42076110839844,359.9702453613281,481.91900634765625
image_60_jpg.rf.f7e5c7e1af61f05099909c343c38765d.jpg,"framed mirror in bathroom or bedroom, above sink or dresser",0.18631693720817566,327.8431701660156,-15.142765045166016,626.8917236328125,621.0894775390625
image_60_jpg.rf.f7e5c7e1af61f05099909c343c38765d.jpg,"framed mirror in bathroom or bedroom, above sink or dresser",0.1559600830078125,26.741561889648438,-3.486499786376953,242.9977569580078,111.1617660522461
image_60_jpg.rf.f7e5c7e1af61f05099909c343c38765d.jpg,"framed mirror in bathroom or bedroom, above sink or dresser",0.10016155242919922,25.162200927734375,-3.408069610595703,242.5733184814453,386.19927978515625
image_60_jpg.rf.f7e5c7e1af61f05099909c343c38765d.jpg,"framed mirror in bathroom or bedroom, above sink or dresser",0.18118315935134888,180.56216430664062,68.32499694824219,241.13800048828125,386.7847900390625
image_60_jpg.rf.f7e5c7e1af61f05099909c343c38765d.jpg,"framed mirror in bathroom or bedroom, above sink or dresser",0.2311544269323349,24.24647331237793,24.941940307617188,239.06109619140625,393.41192626953125
image_60_jpg.rf.f7e5c7e1af61f05099909c343c38765d.jpg,"framed mirror in bathroom or bedroom, above sink or dresser",0.1806115210056305,22.881879806518555,53.8899040222168,134.13723754882812,394.80963134765625
image_60_jpg.rf.f7e5c7e1af61f05099909c343c38765d.jpg,"framed mirror in bathroom or bedroom, above sink or dresser",0.2801927924156189,20.105152130126953,10.239734649658203,242.2292938232422,389.9272155761719
image_60_jpg.rf.f7e5c7e1af61f05099909c343c38765d.jpg,"framed mirror in bathroom or bedroom, above sink or dresser",0.1151440292596817,209.43267822265625,118.19603729248047,241.39340209960938,373.70465087890625
image_192_jpg.rf.d1124adacdbb7b356372729fda7a3926.jpg,"framed mirror in bathroom or bedroom, above sink or dresser",0.10743676871061325,3.430614471435547,-1.501617431640625,641.2887573242188,635.2825927734375
image_192_jpg.rf.d1124adacdbb7b356372729fda7a3926.jpg,"framed mirror in bathroom or bedroom, above sink or dresser",0.17758816480636597,392.349609375,58.631980895996094,584.35546875,340.8610534667969
image_192_jpg.rf.d1124adacdbb7b356372729fda7a3926.jpg,"framed mirror in bathroom or bedroom, above sink or dresser",0.4932399094104767,404.0124816894531,136.54742431640625,549.3056640625,339.6600341796875
image_192_jpg.rf.d1124adacdbb7b356372729fda7a3926.jpg,"framed mirror in bathroom or bedroom, above sink or dresser",0.10544813424348831,415.83709716796875,203.16036987304688,536.6513061523438,337.0927429199219
image_192_jpg.rf.d1124adacdbb7b356372729fda7a3926.jpg,"framed mirror in bathroom or bedroom, above sink or dresser",0.13911084830760956,0.5212736129760742,303.530029296875,64.16384887695312,398.2864074707031
image_192_jpg.rf.d1124adacdbb7b356372729fda7a3926.jpg,"framed mirror in bathroom or bedroom, above sink or dresser",0.13565406203269958,403.8200378417969,134.76426696777344,550.5733642578125,335.67987060546875
image_192_jpg.rf.d1124adacdbb7b356372729fda7a3926.jpg,"framed mirror in bathroom or bedroom, above sink or dresser",0.1037563607096672,221.9615936279297,113.21047973632812,296.0085754394531,411.9425964355469
image_265_jpg.rf.322d27c9b41e414d2e5fb8461f89a0b6.jpg,"framed mirror in bathroom or bedroom, above sink or dresser",0.16804876923561096,212.53207397460938,32.61993408203125,388.1486511230469,352.1119384765625
image_265_jpg.rf.322d27c9b41e414d2e5fb8461f89a0b6.jpg,"framed mirror in bathroom or bedroom, above sink or dresser",0.14183129370212555,223.9156494140625,78.0726318359375,253.2027587890625,355.5664367675781
image_163_jpg.rf.8cca7c42035351dd5d463e8ff81421a4.jpg,"framed mirror in bathroom or bedroom, above sink or dresser",0.13538503646850586,4.064197540283203,-0.3186988830566406,641.83154296875,637.6138305664062
image_163_jpg.rf.8cca7c42035351dd5d463e8ff81421a4.jpg,"framed mirror in bathroom or bedroom, above sink or dresser",0.47273755073547363,235.55056762695312,113.95309448242188,393.97637939453125,356.0381774902344
image_163_jpg.rf.8cca7c42035351dd5d463e8ff81421a4.jpg,"framed mirror in bathroom or bedroom, above sink or dresser",0.11555375158786774,363.23614501953125,126.46022033691406,386.8526611328125,192.2269287109375
image_163_jpg.rf.8cca7c42035351dd5d463e8ff81421a4.jpg,"framed mirror in bathroom or bedroom, above sink or dresser",0.1137024462223053,271.38287353515625,206.5070343017578,345.78790283203125,229.6356201171875
image_163_jpg.rf.8cca7c42035351dd5d463e8ff81421a4.jpg,"framed mirror in bathroom or bedroom, above sink or dresser",0.11070933938026428,390.2986145019531,193.54129028320312,427.7152099609375,320.5699157714844
image_163_jpg.rf.8cca7c42035351dd5d463e8ff81421a4.jpg,"framed mirror in bathroom or bedroom, above sink or dresser",0.105507493019104,237.446533203125,130.1309051513672,257.6681823730469,348.96856689453125
image_117_jpg.rf.b2de23c7f82b0fdbc33d0affc4beb5fd.jpg,"framed mirror in bathroom or bedroom, above sink or dresser",0.21617212891578674,115.58997344970703,-1.3102912902832031,299.90447998046875,350.53900146484375
image_117_jpg.rf.b2de23c7f82b0fdbc33d0affc4beb5fd.jpg,"framed mirror in bathroom or bedroom, above sink or dresser",0.16561347246170044,124.79899597167969,-3.9643478393554688,299.1509704589844,343.2418212890625
image_239_jpg.rf.78a4a5ffafea76a1a4408304393c1873.jpg,"framed mirror in bathroom or bedroom, above sink or dresser",0.18510812520980835,-4.29107666015625,0.5961894989013672,324.29632568359375,311.76397705078125
image_239_jpg.rf.78a4a5ffafea76a1a4408304393c1873.jpg,"framed mirror in bathroom or bedroom, above sink or dresser",0.45249006152153015,351.56640625,114.62337493896484,405.9609375,201.30755615234375
image_239_jpg.rf.78a4a5ffafea76a1a4408304393c1873.jpg,"framed mirror in bathroom or bedroom, above sink or dresser",0.11249520629644394,1.5208053588867188,-1.5385627746582031,336.4234924316406,296.247314453125
image_239_jpg.rf.78a4a5ffafea76a1a4408304393c1873.jpg,"framed mirror in bathroom or bedroom, above sink or dresser",0.1151476576924324,1.3408231735229492,-0.8565139770507812,130.73928833007812,283.7091369628906
image_239_jpg.rf.78a4a5ffafea76a1a4408304393c1873.jpg,"framed mirror in bathroom or bedroom, above sink or dresser",0.11341521888971329,-2.9352760314941406,0.9997749328613281,338.9522705078125,377.9486083984375
image_239_jpg.rf.78a4a5ffafea76a1a4408304393c1873.jpg,"framed mirror in bathroom or bedroom, above sink or dresser",0.14239190518856049,0.4970550537109375,10.048465728759766,364.0792236328125,521.1724243164062
image_136_jpg.rf.cbb9795eebbcb79abf51ccd22d6e0509.jpg,"framed mirror in bathroom or bedroom, above sink or dresser",0.12515196204185486,318.47210693359375,18.938961029052734,487.7923278808594,387.0170593261719
image_136_jpg.rf.cbb9795eebbcb79abf51ccd22d6e0509.jpg,"framed mirror in bathroom or bedroom, above sink or dresser",0.13823899626731873,291.9882507324219,149.90353393554688,350.6981201171875,249.82913208007812
image_136_jpg.rf.cbb9795eebbcb79abf51ccd22d6e0509.jpg,"framed mirror in bathroom or bedroom, above sink or dresser",0.12142647057771683,291.24212646484375,149.51382446289062,364.69659423828125,337.6629333496094
image_136_jpg.rf.cbb9795eebbcb79abf51ccd22d6e0509.jpg,"framed mirror in bathroom or bedroom, above sink or dresser",0.13025233149528503,554.6569213867188,121.64432525634766,640.9717407226562,349.1463928222656
image_136_jpg.rf.cbb9795eebbcb79abf51ccd22d6e0509.jpg,"framed mirror in bathroom or bedroom, above sink or dresser",0.10404244810342789,305.0787048339844,15.048408508300781,513.1126708984375,478.2406921386719
image_136_jpg.rf.cbb9795eebbcb79abf51ccd22d6e0509.jpg,"framed mirror in bathroom or bedroom, above sink or dresser",0.1412384808063507,299.939208984375,8.568553924560547,514.70654296875,446.456298828125
image_266_jpg.rf.6071abcfb67da0dd25e481a85236f707.jpg,"framed mirror in bathroom or bedroom, above sink or dresser",0.19715383648872375,318.3404846191406,1.0626792907714844,495.43194580078125,396.13531494140625
image_266_jpg.rf.6071abcfb67da0dd25e481a85236f707.jpg,"framed mirror in bathroom or bedroom, above sink or dresser",0.1338094174861908,143.0845947265625,-6.110420227050781,315.2508850097656,394.5178527832031
image_212_jpg.rf.3edadda382bd563f56c2f0f2cea7a8f5.jpg,"framed mirror in bathroom or bedroom, above sink or dresser",0.2140454202890396,464.0835876464844,4.4373321533203125,639.5973510742188,402.36431884765625
image_212_jpg.rf.3edadda382bd563f56c2f0f2cea7a8f5.jpg,"framed mirror in bathroom or bedroom, above sink or dresser",0.1765417605638504,74.97732543945312,89.87539672851562,209.7498321533203,408.48016357421875
image_212_jpg.rf.3edadda382bd563f56c2f0f2cea7a8f5.jpg,"framed mirror in bathroom or bedroom, above sink or dresser",0.3570932149887085,461.4161376953125,4.245281219482422,638.3257446289062,427.1097412109375
image_212_jpg.rf.3edadda382bd563f56c2f0f2cea7a8f5.jpg,"framed mirror in bathroom or bedroom, above sink or dresser",0.12217029184103012,469.80035400390625,60.74663162231445,522.9876098632812,393.1156921386719
image_212_jpg.rf.3edadda382bd563f56c2f0f2cea7a8f5.jpg,"framed mirror in bathroom or bedroom, above sink or dresser",0.12149020284414291,579.3214111328125,145.72372436523438,638.7772216796875,326.5619201660156
image_212_jpg.rf.3edadda382bd563f56c2f0f2cea7a8f5.jpg,"framed mirror in bathroom or bedroom, above sink or dresser",0.10520269721746445,426.0627746582031,-1.1825942993164062,644.5336303710938,637.4571533203125
image_219_jpg.rf.134388f60c5ea0039523276e66a8cb8c.jpg,"framed mirror in bathroom or bedroom, above sink or dresser",0.2009330838918686,343.939453125,4.112644195556641,567.3357543945312,372.78509521484375
image_62_jpg.rf.e5a661b59a29e45f9c21c846aa924ed0.jpg,"framed mirror in bathroom or bedroom, above sink or dresser",0.13009826838970184,54.828948974609375,0.5734157562255859,257.71392822265625,303.1530456542969
image_62_jpg.rf.e5a661b59a29e45f9c21c846aa924ed0.jpg,"framed mirror in bathroom or bedroom, above sink or dresser",0.10577519237995148,54.54728698730469,87.02272033691406,142.4281463623047,307.3314208984375
image_62_jpg.rf.e5a661b59a29e45f9c21c846aa924ed0.jpg,"framed mirror in bathroom or bedroom, above sink or dresser",0.14162775874137878,54.269351959228516,84.8521499633789,142.77906799316406,305.5625915527344
image_62_jpg.rf.e5a661b59a29e45f9c21c846aa924ed0.jpg,"framed mirror in bathroom or bedroom, above sink or dresser",0.3637884557247162,46.74401092529297,9.01336669921875,249.6009063720703,306.9653015136719
image_62_jpg.rf.e5a661b59a29e45f9c21c846aa924ed0.jpg,"framed mirror in bathroom or bedroom, above sink or dresser",0.1554431915283203,47.562896728515625,11.121330261230469,249.4792938232422,307.5597839355469
image_65_jpg.rf.e3c28e94e10849e75845111c17aa0beb.jpg,"framed mirror in bathroom or bedroom, above sink or dresser",0.21925516426563263,-0.3732109069824219,0.0390625,243.9432373046875,476.8081359863281
image_204_jpg.rf.88620ed738f00488787cf48db379d653.jpg,"framed mirror in bathroom or bedroom, above sink or dresser",0.13651719689369202,403.972412109375,-0.37288665771484375,612.6102294921875,370.6512451171875
image_204_jpg.rf.88620ed738f00488787cf48db379d653.jpg,"framed mirror in bathroom or bedroom, above sink or dresser",0.28637561202049255,405.641357421875,7.230873107910156,607.1521606445312,365.6878662109375
image_197_jpg.rf.824c184ef37f14f7d8507a6dbc74a88e.jpg,"framed mirror in bathroom or bedroom, above sink or dresser",0.10940450429916382,-1.2625694274902344,2.1877479553222656,635.6073608398438,639.789306640625
image_197_jpg.rf.824c184ef37f14f7d8507a6dbc74a88e.jpg,"framed mirror in bathroom or bedroom, above sink or dresser",0.35608580708503723,533.2488403320312,-1.2497472763061523,626.9946899414062,132.0205841064453
image_197_jpg.rf.824c184ef37f14f7d8507a6dbc74a88e.jpg,"framed mirror in bathroom or bedroom, above sink or dresser",0.12689951062202454,360.7775573730469,1.7842960357666016,518.269287109375,290.05560302734375
image_197_jpg.rf.824c184ef37f14f7d8507a6dbc74a88e.jpg,"framed mirror in bathroom or bedroom, above sink or dresser",0.40459054708480835,349.4778137207031,0.9649848937988281,528.09130859375,298.9712219238281
image_180_jpg.rf.88e581fb7fc4e402e63102167f297b4e.jpg,"framed mirror in bathroom or bedroom, above sink or dresser",0.2521679699420929,453.4338073730469,0.4724597930908203,635.7930908203125,246.9879913330078
image_180_jpg.rf.88e581fb7fc4e402e63102167f297b4e.jpg,"framed mirror in bathroom or bedroom, above sink or dresser",0.11214274913072586,455.87408447265625,85.76935577392578,612.1605834960938,244.98568725585938
image_180_jpg.rf.88e581fb7fc4e402e63102167f297b4e.jpg,"framed mirror in bathroom or bedroom, above sink or dresser",0.16613516211509705,456.0934143066406,132.497314453125,600.4852905273438,246.96234130859375
image_180_jpg.rf.88e581fb7fc4e402e63102167f297b4e.jpg,"framed mirror in bathroom or bedroom, above sink or dresser",0.1164293885231018,460.5352478027344,143.57110595703125,575.4332275390625,246.05288696289062
image_171_jpg.rf.a3afe79b9f3d3fe4ee7ddcb53d80649b.jpg,"framed mirror in bathroom or bedroom, above sink or dresser",0.2536192834377289,307.1370544433594,11.559219360351562,588.4277954101562,354.7540283203125
image_154_jpg.rf.bf88b3482c8a0d5235deea36053cea80.jpg,"framed mirror in bathroom or bedroom, above sink or dresser",0.10197902470827103,4.816646575927734,2.473926544189453,643.1029663085938,638.6094970703125
image_154_jpg.rf.bf88b3482c8a0d5235deea36053cea80.jpg,"framed mirror in bathroom or bedroom, above sink or dresser",0.14491954445838928,1.148681640625,-0.19998550415039062,390.8179016113281,382.818359375
image_154_jpg.rf.bf88b3482c8a0d5235deea36053cea80.jpg,"framed mirror in bathroom or bedroom, above sink or dresser",0.19259843230247498,193.5136260986328,5.343990325927734,386.13153076171875,366.5031433105469
image_154_jpg.rf.bf88b3482c8a0d5235deea36053cea80.jpg,"framed mirror in bathroom or bedroom, above sink or dresser",0.20298117399215698,205.01953125,12.888031005859375,350.27874755859375,366.988525390625
image_154_jpg.rf.bf88b3482c8a0d5235deea36053cea80.jpg,"framed mirror in bathroom or bedroom, above sink or dresser",0.575893223285675,402.7622985839844,98.12020111083984,459.8789978027344,183.06460571289062
image_154_jpg.rf.bf88b3482c8a0d5235deea36053cea80.jpg,"framed mirror in bathroom or bedroom, above sink or dresser",0.1034831553697586,403.70538330078125,98.75507354736328,460.76318359375,183.70819091796875
image_154_jpg.rf.bf88b3482c8a0d5235deea36053cea80.jpg,"framed mirror in bathroom or bedroom, above sink or dresser",0.1563163697719574,253.10472106933594,89.99960327148438,281.0754089355469,267.02197265625
image_137_jpg.rf.3480ed0d1710eab21da1bc66bff1daf3.jpg,"framed mirror in bathroom or bedroom, above sink or dresser",0.1420900672674179,147.74423217773438,-0.4436492919921875,617.0146484375,342.6005554199219
image_137_jpg.rf.3480ed0d1710eab21da1bc66bff1daf3.jpg,"framed mirror in bathroom or bedroom, above sink or dresser",0.2110355645418167,508.3026123046875,0.1601696014404297,615.1187744140625,168.7596435546875
image_137_jpg.rf.3480ed0d1710eab21da1bc66bff1daf3.jpg,"framed mirror in bathroom or bedroom, above sink or dresser",0.18130749464035034,155.02120971679688,-4.364147186279297,518.3828735351562,336.04852294921875
image_203_jpg.rf.f71b0a1ed01d66d2ffa973e33be4a2eb.jpg,"framed mirror in bathroom or bedroom, above sink or dresser",0.12239326536655426,2.5672340393066406,-0.14255523681640625,377.28570556640625,320.1018981933594
image_203_jpg.rf.f71b0a1ed01d66d2ffa973e33be4a2eb.jpg,"framed mirror in bathroom or bedroom, above sink or dresser",0.14893750846385956,-0.06194114685058594,7.250385284423828,196.79916381835938,270.4073486328125
image_203_jpg.rf.f71b0a1ed01d66d2ffa973e33be4a2eb.jpg,"framed mirror in bathroom or bedroom, above sink or dresser",0.158872589468956,1.4492273330688477,55.47023010253906,85.42990112304688,265.74774169921875
image_203_jpg.rf.f71b0a1ed01d66d2ffa973e33be4a2eb.jpg,"framed mirror in bathroom or bedroom, above sink or dresser",0.11170424520969391,86.93246459960938,120.20447540283203,191.34072875976562,271.6580505371094
image_130_jpg.rf.476cff32d98996883f4ff292bb5853aa.jpg,"framed mirror in bathroom or bedroom, above sink or dresser",0.17533177137374878,376.7150573730469,114.08535766601562,603.9208374023438,358.47509765625
image_130_jpg.rf.476cff32d98996883f4ff292bb5853aa.jpg,"framed mirror in bathroom or bedroom, above sink or dresser",0.12670652568340302,372.97357177734375,128.44761657714844,585.534423828125,359.54241943359375
image_130_jpg.rf.476cff32d98996883f4ff292bb5853aa.jpg,"framed mirror in bathroom or bedroom, above sink or dresser",0.1389138549566269,375.8687744140625,102.74041748046875,593.012939453125,362.53326416015625
image_167_jpg.rf.984b4ef6ed6d741ce9b956c8459d21dd.jpg,"framed mirror in bathroom or bedroom, above sink or dresser",0.14642952382564545,6.414985656738281,-1.4719009399414062,643.8154296875,636.7643432617188
image_167_jpg.rf.984b4ef6ed6d741ce9b956c8459d21dd.jpg,"framed mirror in bathroom or bedroom, above sink or dresser",0.20439478754997253,1.8727397918701172,-2.0495986938476562,127.98599243164062,390.71905517578125
image_167_jpg.rf.984b4ef6ed6d741ce9b956c8459d21dd.jpg,"framed mirror in bathroom or bedroom, above sink or dresser",0.17092789709568024,461.868408203125,258.4176940917969,542.6160278320312,360.92071533203125
image_167_jpg.rf.984b4ef6ed6d741ce9b956c8459d21dd.jpg,"framed mirror in bathroom or bedroom, above sink or dresser",0.12797993421554565,355.0865173339844,182.9939422607422,401.1885986328125,348.06085205078125
image_167_jpg.rf.984b4ef6ed6d741ce9b956c8459d21dd.jpg,"framed mirror in bathroom or bedroom, above sink or dresser",0.44996175169944763,-0.4549551010131836,2.5844573974609375,136.8933868408203,400.0831298828125
image_167_jpg.rf.984b4ef6ed6d741ce9b956c8459d21dd.jpg,"framed mirror in bathroom or bedroom, above sink or dresser",0.14331653714179993,-0.18484115600585938,9.441680908203125,140.11705017089844,400.534423828125
image_267_jpg.rf.229d48eef8076db5aa091bfa8de23edb.jpg,"framed mirror in bathroom or bedroom, above sink or dresser",0.10746884346008301,62.12035369873047,-0.3211212158203125,381.0653381347656,637.7620849609375
image_267_jpg.rf.229d48eef8076db5aa091bfa8de23edb.jpg,"framed mirror in bathroom or bedroom, above sink or dresser",0.1412520408630371,7.315216064453125,1.3105964660644531,644.2623291015625,638.8495483398438
image_267_jpg.rf.229d48eef8076db5aa091bfa8de23edb.jpg,"framed mirror in bathroom or bedroom, above sink or dresser",0.20986802875995636,197.1661376953125,-5.228900909423828,330.6053161621094,432.7901611328125
image_267_jpg.rf.229d48eef8076db5aa091bfa8de23edb.jpg,"framed mirror in bathroom or bedroom, above sink or dresser",0.30046215653419495,192.05491638183594,-1.0463905334472656,329.86212158203125,430.461669921875
image_267_jpg.rf.229d48eef8076db5aa091bfa8de23edb.jpg,"framed mirror in bathroom or bedroom, above sink or dresser",0.10638691484928131,103.50968170166016,-0.9030342102050781,336.8539123535156,466.8233642578125
image_267_jpg.rf.229d48eef8076db5aa091bfa8de23edb.jpg,"framed mirror in bathroom or bedroom, above sink or dresser",0.12992949783802032,206.1029815673828,211.40440368652344,243.05801391601562,435.57830810546875
image_267_jpg.rf.229d48eef8076db5aa091bfa8de23edb.jpg,"framed mirror in bathroom or bedroom, above sink or dresser",0.17379489541053772,303.88726806640625,40.46335220336914,333.6504821777344,398.8948059082031
image_267_jpg.rf.229d48eef8076db5aa091bfa8de23edb.jpg,"framed mirror in bathroom or bedroom, above sink or dresser",0.15902717411518097,205.18521118164062,210.59014892578125,243.55247497558594,432.6676940917969
image_267_jpg.rf.229d48eef8076db5aa091bfa8de23edb.jpg,"framed mirror in bathroom or bedroom, above sink or dresser",0.15437345206737518,262.25091552734375,187.48985290527344,299.5486755371094,413.79327392578125
image_122_jpg.rf.0df75f7179e29603796b3c0ebe114cec.jpg,"framed mirror in bathroom or bedroom, above sink or dresser",0.10592710226774216,247.83901977539062,1.15814208984375,352.2270202636719,128.96470642089844
image_122_jpg.rf.0df75f7179e29603796b3c0ebe114cec.jpg,"framed mirror in bathroom or bedroom, above sink or dresser",0.17247894406318665,249.96763610839844,65.550048828125,348.9820556640625,308.447021484375
image_97_jpg.rf.63c4d7b7127328ba942d158b97c4bea1.jpg,"framed mirror in bathroom or bedroom, above sink or dresser",0.318888783454895,502.6763610839844,0.059680938720703125,638.3416137695312,442.10693359375
image_97_jpg.rf.63c4d7b7127328ba942d158b97c4bea1.jpg,"framed mirror in bathroom or bedroom, above sink or dresser",0.28130456805229187,500.26458740234375,1.6529083251953125,640.2021484375,434.2467041015625
image_97_jpg.rf.63c4d7b7127328ba942d158b97c4bea1.jpg,"framed mirror in bathroom or bedroom, above sink or dresser",0.15400473773479462,101.53995513916016,124.61143493652344,160.24366760253906,626.493896484375
image_97_jpg.rf.63c4d7b7127328ba942d158b97c4bea1.jpg,"framed mirror in bathroom or bedroom, above sink or dresser",0.29888206720352173,510.9913635253906,203.04336547851562,625.6812133789062,401.7576904296875
image_97_jpg.rf.63c4d7b7127328ba942d158b97c4bea1.jpg,"framed mirror in bathroom or bedroom, above sink or dresser",0.10140341520309448,252.32351684570312,211.89309692382812,373.27239990234375,405.87286376953125
image_97_jpg.rf.63c4d7b7127328ba942d158b97c4bea1.jpg,"framed mirror in bathroom or bedroom, above sink or dresser",0.14535358548164368,251.6256866455078,212.8839874267578,373.3671875,407.79656982421875
image_97_jpg.rf.63c4d7b7127328ba942d158b97c4bea1.jpg,"framed mirror in bathroom or bedroom, above sink or dresser",0.11104709655046463,262.0299987792969,222.7069091796875,363.2451171875,394.05633544921875
image_97_jpg.rf.63c4d7b7127328ba942d158b97c4bea1.jpg,"framed mirror in bathroom or bedroom, above sink or dresser",0.10394136607646942,512.7646484375,218.93954467773438,600.6633911132812,387.10638427734375
image_97_jpg.rf.63c4d7b7127328ba942d158b97c4bea1.jpg,"framed mirror in bathroom or bedroom, above sink or dresser",0.11584990471601486,512.2039184570312,220.3667449951172,596.0072631835938,383.5008544921875
